OBJECTID,Reported_Date,File_Type,Municipality,Approximate_Location,GlobalID,CreationDate,Creator,EditDate,Editor,ReportedDate,geometry
550,,BREAK & ENTER-BUSINESS,BURNABY,WILLINGDON AV : 3300 - 3999 Block,92c075cb-ff3c-4763-b6e4-7623ac1c59e9,1758302013451,burnaby.gis,1758302013451,burnaby.gis,1735689600000,POINT (-123.0043093237 49.2511783217)
551,,THEFT FROM AUTO,BURNABY,FELL AV /FRANCES ST,ba35d2b0-4184-4db2-8cb6-2d07c7607a1c,1758302013451,burnaby.gis,1758302013451,burnaby.gis,1735776000000,POINT (-122.9755583105 49.2791099976)
552,,BREAK & ENTER-OTHER,BURNABY,GAGLARDI WY /UNIVERSITY DR,dc88abc8-8386-4e59-af24-5c63f59f11aa,1758302013451,burnaby.gis,1758302013451,burnaby.gis,1735776000000,POINT (-122.9200489102 49.2801262728)
553,,THEFT FROM AUTO,BURNABY,MARINE WY /MARKET XG,8d5fe63b-f251-400c-b29a-e54de8368d36,1758302013451,burnaby.gis,1758302013451,burnaby.gis,1735948800000,POINT (-122.9790371746 49.1997387596)
554,,THEFT FROM AUTO,BURNABY,GAGLARDI WY /UNIVERSITY DR,0a0fa6e2-e831-465e-8eb5-1a45ea6b1305,1758302013451,burnaby.gis,1758302013451,burnaby.gis,1735948800000,POINT (-122.9200489102 49.2801262728)
555,,THEFT FROM AUTO,BURNABY,STILL CREEK AV /WESTMINSTER AV,89a3950e-79b7-4863-8797-fbb1f275e17b,1758302013451,burnaby.gis,1758302013451,burnaby.gis,1736208000000,POINT (-122.9933566655 49.260822393)
556,,THEFT OF AUTO,BURNABY,ELWELL ST /SPERLING AV,c29301e7-e157-407d-b140-7a07977026a0,1758302013451,burnaby.gis,1758302013451,burnaby.gis,1736294400000,POINT (-122.9647646898 49.2211205088)
557,,THEFT FROM AUTO,BURNABY,KINGSWAY /SUSSEX AV,1a74e683-3e36-4b4c-b29a-0878cbbc1313,1758302013451,burnaby.gis,1758302013451,burnaby.gis,1736294400000,POINT (-122.9993183432 49.2283922605)
558,,THEFT FROM AUTO,BURNABY,BURLINGTON AV : 6500 - 6599 Block,d4b5d1c5-a896-4b10-89f8-2e3f757b44ff,1758302013451,burnaby.gis,1758302013451,burnaby.gis,1736380800000,POINT (-122.9903071307 49.2244056278)
559,,THEFT FROM AUTO,BURNABY,JUBILEE AV : 6800 - 7199 Block,2169b090-de3f-45bc-ad53-18d82af184ee,1758302013451,burnaby.gis,1758302013451,burnaby.gis,1736380800000,POINT (-122.9958640042 49.2201947402)
560,,THEFT OF AUTO,BURNABY,NORTH FRASER WY : 3700 - 3819 Block,6efbed66-1a7f-4b2d-860d-e3a63db75473,1758302013451,burnaby.gis,1758302013451,burnaby.gis,1736380800000,POINT (-123.0206726025 49.2018441273)
561,,THEFT FROM AUTO,BURNABY,HASTINGS ST : 4300 - 4399 Block,35998c2a-3785-479c-a997-e1e8c54dec6c,1758302013451,burnaby.gis,1758302013451,burnaby.gis,1736467200000,POINT (-123.0072760235 49.2810297282)
562,,THEFT FROM AUTO,BURNABY,HASTINGS ST : 4500 - 4599 Block,78bf33fc-fac8-4844-8369-df9c6289c312,1758302013451,burnaby.gis,1758302013451,burnaby.gis,1736380800000,POINT (-123.0016820774 49.2810124313)
563,,THEFT FROM AUTO,BURNABY,DUTHIE AV : 2300 - 2599 Block,2ff9762f-a3e7-4d01-a9d7-341028d477f4,1758302013451,burnaby.gis,1758302013451,burnaby.gis,1736553600000,POINT (-122.9534221373 49.2622267309)
564,,THEFT FROM AUTO,BURNABY,KINGSWAY : 4800 - 4849 Block,27217fd2-8a6f-43da-821d-3158be92f45c,1758302013451,burnaby.gis,1758302013451,burnaby.gis,1736553600000,POINT (-122.995735521 49.2272131168)
565,,BREAK & ENTER-BUSINESS,BURNABY,BOOTH AV /GRANGE ST,642e7477-fb67-464d-b66a-a0fcdbbe6bbc,1758302013451,burnaby.gis,1758302013451,burnaby.gis,1736640000000,POINT (-122.9991178863 49.2303296804)
566,,BREAK & ENTER-BUSINESS,BURNABY,IMPERIAL ST /MARLBOROUGH AV,d486660c-3fda-49e8-b6b6-f1a664067c48,1758302013451,burnaby.gis,1758302013451,burnaby.gis,1736640000000,POINT (-122.9915500498 49.2219436187)
567,,THEFT OF AUTO,BURNABY,CARRIGAN CT : 3900 - 3999 Block,ec6bdd49-d1ed-4de9-98dc-289a202908f4,1758302013451,burnaby.gis,1758302013451,burnaby.gis,1736726400000,POINT (-122.9019949649 49.2486617331)
568,,THEFT FROM AUTO,BURNABY,GOVERNMENT ST : 9000 - 9099 Block,543ce95b-ed64-4610-b47e-f9c488721831,1758302013451,burnaby.gis,1758302013451,burnaby.gis,1736899200000,POINT (-122.9048862879 49.2465497313)
569,,THEFT FROM AUTO,BURNABY,GOVERNMENT ST /MANCHESTER DR,9d8cc8d1-e0f1-4267-979b-01412d38c267,1758302013451,burnaby.gis,1758302013451,burnaby.gis,1736985600000,POINT (-122.8992455908 49.2469270928)
570,,THEFT OF AUTO,BURNABY,ALBERT ST : 3700 - 3799 Block,bf3487e7-9c49-4e30-aad5-d5e30992b749,1758302013451,burnaby.gis,1758302013451,burnaby.gis,1736467200000,POINT (-123.022167902 49.2820389969)
571,,THEFT OF AUTO,BURNABY,KINGSWAY : 4800 - 4849 Block,c1b01e3d-7638-4597-8a14-f62abaa9cfc2,1758302013451,burnaby.gis,1758302013451,burnaby.gis,1737158400000,POINT (-122.995735521 49.2272131168)
572,,BREAK & ENTER-RESIDENCE,BURNABY,IMPERIAL ST : 4600 - 4699 Block,ff9a7598-27bc-401c-9458-c6e555e81ba3,1758302013451,burnaby.gis,1758302013451,burnaby.gis,1737244800000,POINT (-122.9985814769 49.2219382208)
573,,THEFT FROM AUTO,BURNABY,PANDORA ST : 4000 - 4099 Block,ea593a17-474f-41e1-ba10-d68b47bea2ec,1758302013451,burnaby.gis,1758302013451,burnaby.gis,1737244800000,POINT (-123.0151916685 49.2828935867)
574,,THEFT OF AUTO,BURNABY,FELL AV : 200 - 399 Block,d2e0b9d5-777e-471c-86cd-58918856c1c2,1758302013451,burnaby.gis,1758302013451,burnaby.gis,1737244800000,POINT (-122.9755324891 49.2814533312)
575,,THEFT FROM AUTO,BURNABY,EDMONDS ST /SALISBURY AV,c90301e3-c64b-4fcd-aa0b-412730ad0c8a,1758302013451,burnaby.gis,1758302013451,burnaby.gis,1737331200000,POINT (-122.9570515375 49.2152122957)
576,,BREAK & ENTER-BUSINESS,BURNABY,ALASKA ST /WILLINGDON AV,09e3efa6-39a9-4717-8e46-11de6a9dc0cc,1758302013451,burnaby.gis,1758302013451,burnaby.gis,1737504000000,POINT (-123.0032559948 49.2623692877)
577,,THEFT FROM AUTO,BURNABY,BRIGHTON AV : 3400 - 3599 Block,e6df3ca9-23be-4fb5-ac83-468f80b59725,1758302013451,burnaby.gis,1758302013451,burnaby.gis,1737504000000,POINT (-122.918961977 49.2520472103)
578,,THEFT FROM AUTO,BURNABY,GAGLARDI WY /UNIVERSITY DR,ba137a07-4776-4af5-a210-097ec6db3cd7,1758302013451,burnaby.gis,1758302013451,burnaby.gis,1737504000000,POINT (-122.9200489102 49.2801262728)
579,,BREAK & ENTER-BUSINESS,BURNABY,ALASKA ST /WILLINGDON AV,4ad28199-b483-4751-8b64-6ad9548578b1,1758302013451,burnaby.gis,1758302013451,burnaby.gis,1737590400000,POINT (-123.0032559948 49.2623692877)
580,,THEFT FROM AUTO,BURNABY,GAGLARDI WY /UNIVERSITY DR,498d0082-d3d5-4f4a-be88-cfdb0a1c0d83,1758302013451,burnaby.gis,1758302013451,burnaby.gis,1737676800000,POINT (-122.9200489102 49.2801262728)
581,,THEFT FROM AUTO,BURNABY,DENBIGH AV /KINGSWAY,9041b11f-6cac-498d-b67c-e4cf7fbba97c,1758302013451,burnaby.gis,1758302013451,burnaby.gis,1737676800000,POINT (-122.9842266348 49.2234676446)
582,,THEFT FROM AUTO,BURNABY,GAGLARDI WY /UNIVERSITY DR,80086b95-c25e-4088-9ec5-711ef3dcd033,1758302013451,burnaby.gis,1758302013451,burnaby.gis,1737676800000,POINT (-122.9200489102 49.2801262728)
583,,THEFT FROM AUTO,BURNABY,GAGLARDI WY /UNIVERSITY DR,759f7994-b5c7-4e85-b4ee-cb8539caab6c,1758302013451,burnaby.gis,1758302013451,burnaby.gis,1737590400000,POINT (-122.9200489102 49.2801262728)
584,,THEFT FROM AUTO,BURNABY,UNIVERSITY DR /UNIVERSITY DR,6ee82972-8dea-455c-b689-973204bc04ad,1758302013451,burnaby.gis,1758302013451,burnaby.gis,1737763200000,POINT (-122.9102936844 49.2804077837)
585,,THEFT FROM AUTO,BURNABY,KINGSWAY : 4800 - 4849 Block,40843370-e0a1-4677-bd5c-7b6645fb8d24,1758302013451,burnaby.gis,1758302013451,burnaby.gis,1737849600000,POINT (-122.995735521 49.2272131168)
586,,THEFT FROM AUTO,BURNABY,STANLEY ST : 6760 - 6809 Block,d285e898-49a1-4911-b04a-8d7e55bc448a,1758302013451,burnaby.gis,1758302013451,burnaby.gis,1737936000000,POINT (-122.9629485292 49.2270701656)
587,,THEFT OF AUTO,BURNABY,MEADOW AV /RIVERBEND DR,eb8330c9-1b96-4b05-bd3d-048e579ef218,1758302013451,burnaby.gis,1758302013451,burnaby.gis,1737936000000,POINT (-122.9619924375 49.1913763908)
588,,THEFT OF AUTO,BURNABY,MONTECITO DR : 7250 - 7339 Block,58cbe2d2-590e-4899-b8f6-ddac1b1ff130,1758302013451,burnaby.gis,1758302013451,burnaby.gis,1736294400000,POINT (-122.9507497038 49.263801493)
589,,THEFT FROM AUTO,BURNABY,KINGSWAY : 4800 - 4849 Block,16b44ec5-362e-4f58-a9f9-970f2acb0bf7,1758302013451,burnaby.gis,1758302013451,burnaby.gis,1738022400000,POINT (-122.995735521 49.2272131168)
590,,THEFT FROM AUTO,BURNABY,ELGIN AV : 6400 - 6699 Block,c261d7ac-20bf-4f78-9755-11e9d49a20df,1758302013451,burnaby.gis,1758302013451,burnaby.gis,1738108800000,POINT (-122.9824284817 49.2245158479)
591,,THEFT OF AUTO,BURNABY,BURKE ST : 4410 - 4499 Block,25f886de-e112-412f-838d-fab80d36a76f,1758302013451,burnaby.gis,1758302013451,burnaby.gis,1738281600000,POINT (-123.0045467156 49.2369264465)
592,,BREAK & ENTER-OTHER,BURNABY,EDMONDS ST : 7300 - 7321 Block,b0ca0466-eff5-4190-9631-1dd28c7bd3b9,1758302013451,burnaby.gis,1758302013451,burnaby.gis,1738195200000,POINT (-122.9512494223 49.2186188572)
593,,THEFT FROM AUTO,BURNABY,ELWELL ST : 6700 - 6899 Block,30ae4e5b-9b94-4ac9-a73c-bec31d3648a4,1758302013451,burnaby.gis,1758302013451,burnaby.gis,1738368000000,POINT (-122.9628889158 49.2211065434)
594,,BREAK & ENTER-BUSINESS,BURNABY,GREENFORD AV /KINGSWAY,c3eda483-4936-4235-9ea7-475d4f12374a,1758302013451,burnaby.gis,1758302013451,burnaby.gis,1738454400000,POINT (-122.9594020022 49.218448095)
595,,THEFT OF AUTO,BURNABY,SPRINGER AV : 2100 - 2299 Block,b2af3744-48f8-4d55-ad34-fae9add10ffa,1758302013451,burnaby.gis,1758302013451,burnaby.gis,1738627200000,POINT (-122.9875814608 49.2641270059)
596,,THEFT FROM AUTO,BURNABY,KINGSWAY /SUSSEX AV,0023bb29-6bcc-404e-b23d-73bd8911f886,1758302013451,burnaby.gis,1758302013451,burnaby.gis,1738627200000,POINT (-122.9993183432 49.2283922605)
597,,THEFT FROM AUTO,BURNABY,PRICE CR : 4254 - 4399 Block,139ab6ee-2cee-4989-b709-3083e0b24247,1758302013451,burnaby.gis,1758302013451,burnaby.gis,1738800000000,POINT (-123.0080812376 49.2382328493)
598,,THEFT FROM AUTO,BURNABY,HENNING DR : 3700 - 3999 Block,b74fb678-8409-4577-ab22-3e737b997b6e,1758302013451,burnaby.gis,1758302013451,burnaby.gis,1738800000000,POINT (-123.0187952592 49.2639336315)
599,,BREAK & ENTER-BUSINESS,BURNABY,GREENFORD AV /KINGSWAY,9ea7e9be-5cbe-4e0c-9ff8-bad038a2e473,1758302013451,burnaby.gis,1758302013451,burnaby.gis,1738886400000,POINT (-122.9594020022 49.218448095)
600,,THEFT OF AUTO,BURNABY,6TH ST : 7300 - 7359 Block,78e61c96-85c7-4cab-9bc5-872c6effb787,1758302013451,burnaby.gis,1758302013451,burnaby.gis,1738886400000,POINT (-122.9363561311 49.2259073702)
601,,BREAK & ENTER-RESIDENCE,BURNABY,BELLEVILLE AV /BRANDON ST,4cea06ae-4382-45a5-89b5-ab18b23bea04,1758302013451,burnaby.gis,1758302013451,burnaby.gis,1739059200000,POINT (-123.0210901935 49.23843146)
602,,BREAK & ENTER-RESIDENCE,BURNABY,SOUTHOAKS CR : 6500 - 6699 Block,508124b4-7587-4185-a833-96f1e616b54d,1758302013451,burnaby.gis,1758302013451,burnaby.gis,1739232000000,POINT (-122.9668029696 49.2178323437)
603,,BREAK & ENTER-RESIDENCE,BURNABY,SOUTHOAKS CR : 6500 - 6699 Block,bfd7fc87-ff59-44ed-b228-dcd33dbe2762,1758302013451,burnaby.gis,1758302013451,burnaby.gis,1739232000000,POINT (-122.9668029696 49.2178323437)
604,,THEFT FROM AUTO,BURNABY,FIR ST /HUXLEY AV,b1721483-d3f4-46d0-9a8f-ee987f2b7f9f,1758302013451,burnaby.gis,1758302013451,burnaby.gis,1739318400000,POINT (-123.0069176404 49.2447607435)
605,,BREAK & ENTER-RESIDENCE,BURNABY,DOW AV : 7200 - 7399 Block,8e82b79d-2bb4-44be-a9c1-041ee6100248,1758302013451,burnaby.gis,1758302013451,burnaby.gis,1739318400000,POINT (-123.0030833241 49.2175481845)
606,,BREAK & ENTER-RESIDENCE,BURNABY,NEVILLE ST /ROYAL OAK AV,ad84dcf5-f0af-4568-8915-4f8245022f60,1758302013451,burnaby.gis,1758302013451,burnaby.gis,1739232000000,POINT (-122.9884808652 49.213925919)
607,,THEFT FROM AUTO,BURNABY,KINGSWAY /MILLER AV,15186045-6525-44d8-b7fe-83cd6b4ed174,1758302013451,burnaby.gis,1758302013451,burnaby.gis,1739491200000,POINT (-122.9950884609 49.2270023804)
608,,BREAK & ENTER-OTHER,BURNABY,18TH AV /7TH ST,c2d8c65e-cb0b-4959-a4d0-d46d664c2206,1758302013451,burnaby.gis,1758302013451,burnaby.gis,1739577600000,POINT (-122.9373551613 49.2240494078)
609,,THEFT OF AUTO,BURNABY,17TH AV /18TH ST,a7ff915c-b1b4-4130-a0e4-672ae5e83cde,1758302013451,burnaby.gis,1758302013451,burnaby.gis,1739664000000,POINT (-122.9549667013 49.2135179456)
610,,BREAK & ENTER-BUSINESS,BURNABY,KINGSWAY : 5110 - 5199 Block,dc589c0c-260c-49a0-aba3-981275b0d39e,1758302013451,burnaby.gis,1758302013451,burnaby.gis,1739664000000,POINT (-122.9896137355 49.2251948907)
611,,THEFT OF AUTO,BURNABY,KINGSWAY : 5200 - 5459 Block,1ec702b4-9b64-417f-bbcf-04370e06b222,1758302013451,burnaby.gis,1758302013451,burnaby.gis,1739750400000,POINT (-122.986718588 49.2242648804)
612,,THEFT FROM AUTO,BURNABY,MIRA PL : 2900 - 3000 Block,c1a9dae5-5486-428e-9511-9185425f5974,1758302013451,burnaby.gis,1758302013451,burnaby.gis,1739664000000,POINT (-122.9101293494 49.2576691386)
613,,BREAK & ENTER-RESIDENCE,BURNABY,SOUTHOAKS CR : 6500 - 6699 Block,98bbfd59-8781-48c7-81ee-f81e639605aa,1758302013451,burnaby.gis,1758302013451,burnaby.gis,1739750400000,POINT (-122.9668029696 49.2178323437)
614,,THEFT OF AUTO,BURNABY,BERESFORD ST /GILLEY AV,52406ba0-7b27-4472-a4fe-de3020fbffeb,1758302013451,burnaby.gis,1758302013451,burnaby.gis,1739923200000,POINT (-122.9720607803 49.2171032464)
615,,THEFT FROM AUTO,BURNABY,BERESFORD ST : 4400 - 4429 Block,cc82cbb0-557b-43fa-a2e0-9046d414fc9e,1758302013451,burnaby.gis,1758302013451,burnaby.gis,1739836800000,POINT (-123.004269328 49.2256232167)
616,,THEFT FROM AUTO,BURNABY,IMPERIAL ST /JUBILEE AV,07bc6670-89f2-4d3f-9669-5b5e7a1ab1e0,1758302013451,burnaby.gis,1758302013451,burnaby.gis,1739836800000,POINT (-122.9958882663 49.221939196)
617,,BREAK & ENTER-OTHER,BURNABY,AUSTIN RD /GATINEAU PL,10fca63b-b1e7-4d85-8be4-70ac70cbf8eb,1758302013451,burnaby.gis,1758302013451,burnaby.gis,1739923200000,POINT (-122.8958642672 49.2489876953)
618,,THEFT FROM AUTO,BURNABY,KINGSWAY /WILSON AV,c27b6dba-3689-4b0e-a11c-00f855b99baf,1758302013451,burnaby.gis,1758302013451,burnaby.gis,1740009600000,POINT (-123.0078067228 49.2311790833)
619,,THEFT FROM AUTO,BURNABY,WIGGINS ST : 8100 - 8299 Block,fb53dd08-47f9-4cf8-83eb-ba3a2b2f262d,1758302013451,burnaby.gis,1758302013451,burnaby.gis,1740096000000,POINT (-122.9701589944 49.186626933)
620,,BREAK & ENTER-BUSINESS,BURNABY,ALASKA ST /ALPHA AV,8eed3847-e129-4fe7-9d2a-e566b5e8c70d,1758302013451,burnaby.gis,1758302013451,burnaby.gis,1740096000000,POINT (-123.0004006055 49.2623455245)
621,,BREAK & ENTER-RESIDENCE,BURNABY,LANE ST : 5200 - 5599 Block,68160fb7-d81c-48cd-a177-778d9827fc54,1758302013451,burnaby.gis,1758302013451,burnaby.gis,1740096000000,POINT (-122.9859853661 49.2224790733)
622,,THEFT FROM AUTO,BURNABY,KINGSWAY : 4800 - 4849 Block,61ea941d-6163-440a-8954-b4123a3909f0,1758302013451,burnaby.gis,1758302013451,burnaby.gis,1740182400000,POINT (-122.995735521 49.2272131168)
623,,THEFT FROM AUTO,BURNABY,GRIMMER ST : 5200 - 5399 Block,9afd16f4-f85c-4afc-bb88-6ee0f080d703,1758302013451,burnaby.gis,1758302013451,burnaby.gis,1740355200000,POINT (-122.986715328 49.223566405)
624,,BREAK & ENTER-OTHER,BURNABY,JERSEY AV /KINGSWAY,635ff914-782b-40e7-9491-c63b40bb2b66,1758302013451,burnaby.gis,1758302013451,burnaby.gis,1740355200000,POINT (-123.0170320148 49.2327580852)
625,,THEFT FROM AUTO,BURNABY,WINLAKE CR : 3500 - 3999 Block,1f2d5cc5-098a-4b2b-9df9-3ae0062aa7e2,1758302013451,burnaby.gis,1758302013451,burnaby.gis,1740355200000,POINT (-122.9335265033 49.2488675399)
626,,THEFT FROM AUTO,BURNABY,KINGSWAY : 4800 - 4849 Block,2ba665fd-9ed1-4ce3-80f6-7215aa078784,1758302013451,burnaby.gis,1758302013451,burnaby.gis,1740355200000,POINT (-122.995735521 49.2272131168)
627,,BREAK & ENTER-BUSINESS,BURNABY,ALASKA ST /ALPHA AV,15caa003-4923-4570-838f-a7daaf4a9c5d,1758302013451,burnaby.gis,1758302013451,burnaby.gis,1740441600000,POINT (-123.0004006055 49.2623455245)
628,,BREAK & ENTER-RESIDENCE,BURNABY,CHAFFEY AV /GRANGE ST,afcb9699-8531-4a99-bcd6-3538cb64cfa5,1758302013451,burnaby.gis,1758302013451,burnaby.gis,1740441600000,POINT (-123.007686539 49.2325874539)
629,,THEFT FROM AUTO,BURNABY,BERESFORD ST /PATTERSON AV,e056ee3c-b165-4a70-90c9-6ad86ca46d1f,1758302013451,burnaby.gis,1758302013451,burnaby.gis,1740614400000,POINT (-123.0126414823 49.2294588546)
630,,THEFT FROM AUTO,BURNABY,AUSTIN RD /GATINEAU PL,5c514f83-ce64-4838-839b-0ea6bad134be,1758302013451,burnaby.gis,1758302013451,burnaby.gis,1740700800000,POINT (-122.8958642672 49.2489876953)
631,,BREAK & ENTER-OTHER,BURNABY,CAMBRIDGE ST /HYTHE AV N,8b21c4ca-4f8f-4247-8624-8540a8a74dce,1758302013451,burnaby.gis,1758302013451,burnaby.gis,1740787200000,POINT (-122.9903799775 49.2864070498)
632,,THEFT FROM AUTO,BURNABY,EWART ST : 5800 - 5899 Block,dfd70c36-f442-4bed-8e9d-047d40ccc41e,1758302013451,burnaby.gis,1758302013451,burnaby.gis,1740787200000,POINT (-122.9779983488 49.21025732)
633,,THEFT OF AUTO,BURNABY,BONNEVILLE PL /GOVERNMENT ST,bc469004-902d-42c7-8a98-ef57b32af414,1758302013451,burnaby.gis,1758302013451,burnaby.gis,1740700800000,POINT (-122.9152134802 49.250721266)
634,,THEFT FROM AUTO,BURNABY,GAMMA AV /PENDER ST,69f6b02a-5119-46a1-b2a9-e5325d0367c2,1758302013451,burnaby.gis,1758302013451,burnaby.gis,1740787200000,POINT (-122.9947210708 49.2800593086)
635,,THEFT FROM AUTO,BURNABY,ALASKA ST /WILLINGDON AV,16694391-e43a-41eb-bee1-63a75e76262b,1758302013451,burnaby.gis,1758302013451,burnaby.gis,1740787200000,POINT (-123.0032559948 49.2623692877)
636,,THEFT FROM AUTO,BURNABY,KINGSWAY : 4800 - 4849 Block,a222aad4-d3f2-401a-bf37-2097ca34c120,1758302013451,burnaby.gis,1758302013451,burnaby.gis,1740873600000,POINT (-122.995735521 49.2272131168)
637,,THEFT FROM AUTO,BURNABY,KINGSWAY /WILSON AV,92b032a5-d738-403b-bf50-9e62e4c56828,1758302013451,burnaby.gis,1758302013451,burnaby.gis,1740960000000,POINT (-123.0078067228 49.2311790833)
638,,THEFT FROM AUTO,BURNABY,STILL CREEK DR : 4410 - 4499 Block,a84c2209-d1c7-4088-9016-46a0451da004,1758302013451,burnaby.gis,1758302013451,burnaby.gis,1740960000000,POINT (-123.0048715819 49.2617504436)
639,,THEFT OF AUTO,BURNABY,BRYNLOR DR : 8200 - 8299 Block,05c5b5b4-c118-4e59-a2e5-7e2b494e3056,1758302013451,burnaby.gis,1758302013451,burnaby.gis,1740960000000,POINT (-122.9720619604 49.2081838016)
640,,THEFT FROM AUTO,BURNABY,SILVER AV : 6300 - 6599 Block,bc53d504-03b3-4523-9a05-20b1a47c46cc,1758302013451,burnaby.gis,1758302013451,burnaby.gis,1740960000000,POINT (-123.0065973802 49.2246702316)
641,,BREAK & ENTER-RESIDENCE,BURNABY,HALIFAX ST /HEATHDALE DR,6df68a2f-d25b-4f2b-8e6c-bd6361805db1,1758302013451,burnaby.gis,1758302013451,burnaby.gis,1741046400000,POINT (-122.984556192 49.2680060342)
642,,THEFT FROM AUTO,BURNABY,2ND AV : 4000 - 4999 Block,335a808e-976a-4c1b-83ff-7ac966ebe868,1758302013451,burnaby.gis,1758302013451,burnaby.gis,1741046400000,POINT (-123.0153058371 49.2684629279)
643,,THEFT FROM AUTO,BURNABY,HOWARD AV : 1 - 199 Block,246134ba-1258-4672-96c4-aae8f22e2e08,1758302013451,burnaby.gis,1758302013451,burnaby.gis,1741219200000,POINT (-122.9836163818 49.2834864352)
644,,THEFT FROM AUTO,BURNABY,KINGSWAY /SUSSEX AV,3f1e069e-b9c4-46a3-bfe7-717902257649,1758302013451,burnaby.gis,1758302013451,burnaby.gis,1741132800000,POINT (-122.9993183432 49.2283922605)
645,,THEFT OF AUTO,BURNABY,KINGSWAY : 6300 - 6399 Block,b73c8665-7ecf-4b31-9f40-0ee0cd330328,1758302013451,burnaby.gis,1758302013451,burnaby.gis,1740787200000,POINT (-122.9714142622 49.2197817952)
646,,BREAK & ENTER-BUSINESS,BURNABY,BARNET RD /CARIBOO RD N,c0be44c8-d353-4bf2-bbc2-c07e83498d40,1758302013451,burnaby.gis,1758302013451,burnaby.gis,1741392000000,POINT (-122.9145571162 49.2878299596)
647,,BREAK & ENTER-BUSINESS,BURNABY,KINGSWAY : 4430 - 4499 Block,f0b09c9d-e2e7-40e8-8ac9-eb70d9aff29b,1758302013451,burnaby.gis,1758302013451,burnaby.gis,1741392000000,POINT (-123.0055697428 49.2304442398)
648,,BREAK & ENTER-BUSINESS,BURNABY,CAMERON ST /NORTH RD,c14f88d6-7868-46b9-9d38-d520319312f1,1758302013451,burnaby.gis,1758302013451,burnaby.gis,1741305600000,POINT (-122.8929934508 49.2534130119)
649,,BREAK & ENTER-OTHER,BURNABY,ESMOND AV /HASTINGS ST,31e84689-df6a-49fe-b7d5-50fce93891b2,1758302013451,burnaby.gis,1758302013451,burnaby.gis,1741478400000,POINT (-123.0209989182 49.2810985438)
650,,THEFT FROM AUTO,BURNABY,ALBERT ST : 3900 - 3999 Block,521cab2a-fdfc-41ee-a5b0-37e785c20330,1758302013451,burnaby.gis,1758302013451,burnaby.gis,1741651200000,POINT (-123.0174280744 49.2820056244)
651,,THEFT FROM AUTO,BURNABY,TRIUMPH ST /WILLINGDON AV,c9daa382-126c-4168-82fc-1f0a4e61cda3,1758302013451,burnaby.gis,1758302013451,burnaby.gis,1741737600000,POINT (-123.0030657539 49.2837083681)
652,,THEFT FROM AUTO,BURNABY,KINGSWAY /SUSSEX AV,2c5fad1d-7bd7-4258-ba4f-92bde223db11,1758302013451,burnaby.gis,1758302013451,burnaby.gis,1741737600000,POINT (-122.9993183432 49.2283922605)
653,,THEFT FROM AUTO,BURNABY,CARSON ST : 4400 - 4599 Block,ee2084b5-4515-4420-ad0b-0d532d7f895d,1758302013451,burnaby.gis,1758302013451,burnaby.gis,1741910400000,POINT (-123.0027765408 49.2099400349)
654,,THEFT FROM AUTO,BURNABY,NEVILLE ST /PLUM AV,e7966f4f-c007-4ed5-b5d7-b98fcd49365c,1758302013451,burnaby.gis,1758302013451,burnaby.gis,1741910400000,POINT (-122.9802243667 49.2138940951)
655,,THEFT FROM AUTO,BURNABY,BUCHANAN ST : 5700 - 5899 Block,53d75fcc-647b-4e65-9c85-b3a58bbca441,1758302013451,burnaby.gis,1758302013451,burnaby.gis,1742256000000,POINT (-122.9798567142 49.2671091096)
656,,THEFT FROM AUTO,BURNABY,CARNEGIE ST /DUNCAN AV,a7b50a55-2877-4daf-ac13-6824d6bb0e49,1758302013451,burnaby.gis,1758302013451,burnaby.gis,1742256000000,POINT (-122.9623016115 49.2769246401)
657,,BREAK & ENTER-BUSINESS,BURNABY,DARNLEY ST /NORLAND AV,0cc64d6e-82de-4731-83c1-19bb4d32bc35,1758302013451,burnaby.gis,1758302013451,burnaby.gis,1742342400000,POINT (-122.9755834011 49.2552453832)
658,,BREAK & ENTER-BUSINESS,BURNABY,TELFORD AV : 6400 - 6699 Block,74baac34-5664-4aea-b1df-99511eabf857,1758302013451,burnaby.gis,1758302013451,burnaby.gis,1742342400000,POINT (-123.0048211102 49.2238561222)
659,,THEFT OF AUTO,BURNABY,DUNLOP AV : 1000 - 1299 Block,3005866f-a1cd-4b45-8e4c-7c98eb7899e4,1758302013451,burnaby.gis,1758302013451,burnaby.gis,1742428800000,POINT (-122.9794765989 49.2738956835)
660,,THEFT FROM AUTO,BURNABY,BURLINGTON AV /GRIMMER ST,2718e02a-05e8-4a3d-8c3f-5dba76f5303b,1758302013451,burnaby.gis,1758302013451,burnaby.gis,1742601600000,POINT (-122.9903012564 49.2233889257)
661,,THEFT FROM AUTO,BURNABY,ROYAL OAK AV : 6370 - 6399 Block,97834d8c-5c17-4ab0-9eb8-71c3d2781564,1758302013451,burnaby.gis,1758302013451,burnaby.gis,1742601600000,POINT (-122.9889184365 49.2262847779)
662,,THEFT FROM AUTO,BURNABY,KINGSWAY /SUSSEX AV,a2418c43-9963-4860-9d01-08a00e1ee8fc,1758302013451,burnaby.gis,1758302013451,burnaby.gis,1742515200000,POINT (-122.9993183432 49.2283922605)
663,,THEFT OF AUTO,BURNABY,MARLBOROUGH AV /SANDERS ST,ce74fb20-38ce-46f2-88f7-297963e025bd,1758302013451,burnaby.gis,1758302013451,burnaby.gis,1742688000000,POINT (-122.9915708262 49.2279238745)
664,,BREAK & ENTER-BUSINESS,BURNABY,EVERGREEN PL :  -  Block,8f18967c-4d66-447a-addc-1ace3040a695,1758302013451,burnaby.gis,1758302013451,burnaby.gis,1742688000000,POINT (-122.8934055902 49.2498620332)
665,,THEFT FROM AUTO,BURNABY,HALIFAX ST /ROSSER AV,ff624802-7a0b-4838-ac47-37c2f6048dac,1758302013451,burnaby.gis,1758302013451,burnaby.gis,1742774400000,POINT (-123.0059871245 49.2680497358)
666,,BREAK & ENTER-BUSINESS,BURNABY,EDMONDS ST /FULTON AV,5fb5008f-2e5d-40fd-b4b8-f693d70a4004,1758302013451,burnaby.gis,1758302013451,burnaby.gis,1742169600000,POINT (-122.9488878125 49.219876427)
667,,THEFT FROM AUTO,BURNABY,KINGSWAY /SUSSEX AV,8b5c6f48-7e34-4ea8-8811-4336e2b32920,1758302013451,burnaby.gis,1758302013451,burnaby.gis,1742774400000,POINT (-122.9993183432 49.2283922605)
668,,THEFT FROM AUTO,BURNABY,RUMBLE ST : 5610 - 5729 Block,ed337c4b-ab1c-4be7-96a1-63ca5dfd6958,1758302013451,burnaby.gis,1758302013451,burnaby.gis,1742947200000,POINT (-122.9814750942 49.2148122368)
669,,THEFT FROM AUTO,BURNABY,PATTERSON AV : 6100 - 6299 Block,3156ee54-4987-4d38-90e9-ecfdabbb0c2d,1758302013451,burnaby.gis,1758302013451,burnaby.gis,1742947200000,POINT (-123.0126352028 49.2281506425)
670,,THEFT FROM AUTO,BURNABY,CENTRAL BV /PATTERSON AV,1602668b-0ed3-40dd-9cdd-ccb436718f1e,1758302013451,burnaby.gis,1758302013451,burnaby.gis,1743120000000,POINT (-123.0126447256 49.2299050766)
671,,THEFT OF AUTO,BURNABY,ELLERSLIE AV : 2800 - 3049 Block,96683b6d-59f9-490c-b3c2-6de011b76b56,1758302013451,burnaby.gis,1758302013451,burnaby.gis,1743120000000,POINT (-122.9578153769 49.2600279841)
672,,THEFT FROM AUTO,BURNABY,BETA AV /PENDER ST,90bcf14d-2ee9-44b4-ba76-1b98646247da,1758302013451,burnaby.gis,1758302013451,burnaby.gis,1743120000000,POINT (-122.9974879511 49.2800703124)
673,,THEFT FROM AUTO,BURNABY,DOMINION ST /SUMNER AV,0db449fd-d994-4b9f-9e24-287ab37c298d,1758302013451,burnaby.gis,1758302013451,burnaby.gis,1743206400000,POINT (-123.0082886172 49.2562942612)
674,,THEFT FROM AUTO,BURNABY,CLINTON ST /JOFFRE AV,37dd43a0-865f-4d44-9039-146ed0c21b75,1758302013451,burnaby.gis,1758302013451,burnaby.gis,1743292800000,POINT (-123.02086896 49.2128094211)
675,,BREAK & ENTER-BUSINESS,BURNABY,6TH ST /EDMONDS ST,9f070da5-fd4c-4421-a23d-e820e900658a,1758302013451,burnaby.gis,1758302013451,burnaby.gis,1743292800000,POINT (-122.9369529712 49.226239778)
676,,THEFT FROM AUTO,BURNABY,KINGSWAY : 4800 - 4849 Block,37a1efb6-0800-403e-b785-589d0e67161a,1758302013451,burnaby.gis,1758302013451,burnaby.gis,1743292800000,POINT (-122.995735521 49.2272131168)
677,,THEFT FROM AUTO,BURNABY,MCKEE ST : 5800 - 5899 Block,b371888d-9017-484d-b586-4d09840dfcba,1758302013451,burnaby.gis,1758302013451,burnaby.gis,1743379200000,POINT (-122.9781881578 49.2111620231)
678,,THEFT FROM AUTO,BURNABY,GAGLARDI WY /UNIVERSITY DR,c31b25de-eaae-4ae2-a30b-26fe5addbb18,1758302013451,burnaby.gis,1758302013451,burnaby.gis,1743379200000,POINT (-122.9200489102 49.2801262728)
679,,THEFT FROM AUTO,BURNABY,UNIVERSITY DR /UNIVERSITY DR,3e545d88-0383-4497-92fd-b259a0347113,1758302013451,burnaby.gis,1758302013451,burnaby.gis,1743379200000,POINT (-122.9102936844 49.2804077837)
680,,THEFT FROM AUTO,BURNABY,EVERGREEN PL :  -  Block,ac64e4a8-3641-4b66-a270-34d2647b0858,1758302013451,burnaby.gis,1758302013451,burnaby.gis,1743379200000,POINT (-122.8934055902 49.2498620332)
681,,THEFT FROM AUTO,BURNABY,MARINE DR : 6200 - 6249 Block,536c2e30-5e7a-4b6f-882f-10dac7c8bc27,1758302013451,burnaby.gis,1758302013451,burnaby.gis,1743552000000,POINT (-122.9655565476 49.2035218132)
682,,BREAK & ENTER-OTHER,BURNABY,KENSINGTON AV : 2140 - 2199 Block,187bdf23-3a6b-44d2-9d7e-7ba6d29a4a1f,1758302013451,burnaby.gis,1758302013451,burnaby.gis,1743638400000,POINT (-122.9700912453 49.2646658801)
683,,THEFT FROM AUTO,BURNABY,LOUGHEED HY : 4100 - 4299 Block,e1f95313-e626-43a3-875c-6f292d485233,1758302013451,burnaby.gis,1758302013451,burnaby.gis,1743724800000,POINT (-123.0115123977 49.2662867556)
684,,THEFT FROM AUTO,BURNABY,UNIVERSITY DR /UNIVERSITY DR,bfb01108-0953-474a-ab79-8e7d65e2e00a,1758302013451,burnaby.gis,1758302013451,burnaby.gis,1743724800000,POINT (-122.9102936844 49.2804077837)
685,,THEFT FROM AUTO,BURNABY,BOUNDARY RD /HENNING DR,698ec81e-b017-4f6a-9456-22ab19228735,1758302013451,burnaby.gis,1758302013451,burnaby.gis,1743811200000,POINT (-123.0234700892 49.2636722694)
686,,THEFT FROM AUTO,BURNABY,NELSON AV /SANDERS ST,27e3a94f-577f-479e-a79a-e2683dc67cb2,1758302013451,burnaby.gis,1758302013451,burnaby.gis,1743811200000,POINT (-122.9942045487 49.2279195992)
687,,THEFT FROM AUTO,BURNABY,LANGLEY ST : 7770 - 7809 Block,b3ccc490-e0f7-4f37-83a7-707a476a0c86,1758302013451,burnaby.gis,1758302013451,burnaby.gis,1743897600000,POINT (-122.9068746837 49.2324030849)
688,,THEFT OF AUTO,BURNABY,MAYWOOD ST /TELFORD AV,33072ceb-4a84-4d01-b5b8-44394a3d3b74,1758302013451,burnaby.gis,1758302013451,burnaby.gis,1743984000000,POINT (-123.0062592576 49.2224939704)
689,,THEFT FROM AUTO,BURNABY,GRIMMER ST /ROYAL OAK AV,0615b2f3-c086-4e18-9b65-bd8425ecdd08,1758302013451,burnaby.gis,1758302013451,burnaby.gis,1743984000000,POINT (-122.9889078896 49.2235704949)
690,,THEFT FROM AUTO,BURNABY,NELSON AV : 6830 - 7199 Block,54040008-4c9e-4a86-ac4f-1d2b5e5a7807,1758302013451,burnaby.gis,1758302013451,burnaby.gis,1743984000000,POINT (-122.9941012545 49.2199877569)
691,,THEFT FROM AUTO,BURNABY,GAGLARDI WY /UNIVERSITY DR,ecdab308-cf0d-47e5-b1a8-97ac8cb7f040,1758302013451,burnaby.gis,1758302013451,burnaby.gis,1744156800000,POINT (-122.9200489102 49.2801262728)
692,,THEFT FROM AUTO,BURNABY,BYRNE RD : 5300 - 5499 Block,4b95dc57-9eb6-4676-bd2d-19d6f6813de1,1758302013451,burnaby.gis,1758302013451,burnaby.gis,1744156800000,POINT (-122.9852189456 49.2002118737)
693,,THEFT OF AUTO,BURNABY,CONWAY AV /PRENTER ST,14d31f10-db18-4434-b78a-252e29d9b6ab,1758302013451,burnaby.gis,1758302013451,burnaby.gis,1744156800000,POINT (-122.9686278447 49.2150322962)
694,,BREAK & ENTER-RESIDENCE,BURNABY,17TH AV /CANADA WY,7f521318-7515-4da8-822c-2359c8385eb6,1758302013451,burnaby.gis,1758302013451,burnaby.gis,1744243200000,POINT (-122.9386285093 49.2222483527)
695,,BREAK & ENTER-BUSINESS,BURNABY,IMPERIAL ST : 3900 - 4099 Block,93fd269b-ae64-44e3-88ea-a948aeeaf440,1758302013451,burnaby.gis,1758302013451,burnaby.gis,1744243200000,POINT (-123.0153158431 49.2219443873)
696,,THEFT FROM AUTO,BURNABY,LOUGHEED HY /SPRINGER AV,b91d2417-1fa4-448d-980e-16a8894ca74e,1758302013451,burnaby.gis,1758302013451,burnaby.gis,1744329600000,POINT (-122.987003295 49.2650440323)
697,,THEFT FROM AUTO,BURNABY,PRODUCTION WY : 3000 - 3129 Block,a1f62b9d-4c93-4697-8e7d-abc8c6744270,1758302013451,burnaby.gis,1758302013451,burnaby.gis,1743897600000,POINT (-122.9168676424 49.2565007653)
698,,THEFT FROM AUTO,BURNABY,HASTINGS ST /MACDONALD AV,3ed600b1-ac89-4093-afd9-f6cf9ed61d5f,1758302013451,burnaby.gis,1758302013451,burnaby.gis,1744329600000,POINT (-123.0162542962 49.2810659162)
699,,THEFT FROM AUTO,BURNABY,GAGLARDI WY /UNIVERSITY DR,81443973-5010-4859-9be1-f1dd01684075,1758302013451,burnaby.gis,1758302013451,burnaby.gis,1744416000000,POINT (-122.9200489102 49.2801262728)
700,,THEFT FROM AUTO,BURNABY,BARKER AV /BOND ST,b6873b91-08c8-4a51-813c-ab749b33f32c,1758302013451,burnaby.gis,1758302013451,burnaby.gis,1744416000000,POINT (-123.01109156 49.2354884202)
701,,THEFT FROM AUTO,BURNABY,BONSOR AV : 6500 - 6599 Block,8e537fc8-aa1b-4eb8-8721-0b39b18b53d1,1758302013451,burnaby.gis,1758302013451,burnaby.gis,1744502400000,POINT (-122.9977513508 49.2242542572)
702,,BREAK & ENTER-BUSINESS,BURNABY,EVERGREEN PL :  -  Block,d3cec89f-ad31-4911-bc68-17d0c8f05c01,1758302013451,burnaby.gis,1758302013451,burnaby.gis,1744416000000,POINT (-122.8934055902 49.2498620332)
703,,THEFT FROM AUTO,BURNABY,KINGSWAY /MCKAY AV,fa928c88-62ec-44ce-a1fb-2e42b612fbb1,1758302013451,burnaby.gis,1758302013451,burnaby.gis,1744588800000,POINT (-123.0027710686 49.2295266554)
704,,THEFT FROM AUTO,BURNABY,DORSET ST /MERRITT AV,bdccbff9-175e-4487-bef0-1659bb957a9d,1758302013451,burnaby.gis,1758302013451,burnaby.gis,1744761600000,POINT (-122.9802372924 49.2208314017)
705,,BREAK & ENTER-BUSINESS,BURNABY,LOUGHEED HY /ROSSER AV,bb18f571-b36f-4b54-9f2d-d09e487db23d,1758302013451,burnaby.gis,1758302013451,burnaby.gis,1744761600000,POINT (-123.0059963246 49.2664946535)
706,,THEFT FROM AUTO,BURNABY,MILLBROOK LN /EOR - END OF ROAD,d02f6fe4-4780-477b-8558-736ac49e1123,1758302013451,burnaby.gis,1758302013451,burnaby.gis,1744934400000,POINT (-122.8954627953 49.2450821206)
707,,THEFT OF AUTO,BURNABY,BALMORAL ST /SALISBURY AV,327ef75c-407a-40b8-bc3e-c7749b2b3bc1,1758302013451,burnaby.gis,1758302013451,burnaby.gis,1745020800000,POINT (-122.9575535684 49.2202093159)
708,,BREAK & ENTER-OTHER,BURNABY,LOUGHEED HY /SPRINGER AV,6f00a562-02ec-44e8-91f4-62d925608b8d,1758302013451,burnaby.gis,1758302013451,burnaby.gis,1745020800000,POINT (-122.987003295 49.2650440323)
709,,THEFT FROM AUTO,BURNABY,FRANCES ST /HOWARD AV,e0a6b640-8abb-4af4-8a76-eacdbc7295c7,1758302013451,burnaby.gis,1758302013451,burnaby.gis,1745193600000,POINT (-122.983699303 49.2791142168)
710,,THEFT OF AUTO,BURNABY,SUMAS ST : 5900 - 6099 Block,2e33f88d-f73e-4b29-a778-99865a06c7c3,1758302013451,burnaby.gis,1758302013451,burnaby.gis,1745193600000,POINT (-122.9773050082 49.2662091241)
711,,THEFT FROM AUTO,BURNABY,MCMURRAY AV : 5900 - 5999 Block,5df61248-03a2-4ffd-a46f-d3c2521e6cfa,1758302013451,burnaby.gis,1758302013451,burnaby.gis,1745193600000,POINT (-122.9963916488 49.23042263)
712,,BREAK & ENTER-BUSINESS,BURNABY,BERESFORD ST /ROYAL OAK AV,d3c97a32-f1c9-4074-ac91-afff79d90a91,1758302013451,burnaby.gis,1758302013451,burnaby.gis,1745193600000,POINT (-122.9885594775 49.2199237483)
713,,THEFT FROM AUTO,BURNABY,HIGHLAND CT /UNIVERSITY CR,6be1e0cf-81e6-49ce-98db-9848000ded9b,1758302013451,burnaby.gis,1758302013451,burnaby.gis,1745193600000,POINT (-122.910417322 49.2789247808)
714,,THEFT FROM AUTO,BURNABY,KENSINGTON AV /NAPIER ST,6bd2e7e5-b934-4973-bccf-3b30a1ce9df9,1758302013451,burnaby.gis,1758302013451,burnaby.gis,1745280000000,POINT (-122.9700877918 49.2743143018)
715,,BREAK & ENTER-BUSINESS,BURNABY,EDMONDS ST /NEW VISTA PL,62247760-3506-45db-8a81-8d1947597f3b,1758302013451,burnaby.gis,1758302013451,burnaby.gis,1745280000000,POINT (-122.9431519344 49.2229315928)
716,,THEFT FROM AUTO,BURNABY,DOVER ST /MARLBOROUGH AV,460f2758-af8f-43ef-bec8-6d5410d0e1ca,1758302013451,burnaby.gis,1758302013451,burnaby.gis,1745280000000,POINT (-122.9915721854 49.229917636)
717,,BREAK & ENTER-BUSINESS,BURNABY,STILL CREEK AV : 3820 - 4099 Block,63aec51f-5e01-4683-9b9e-857589ed82d7,1758302013451,burnaby.gis,1758302013451,burnaby.gis,1745366400000,POINT (-123.0160563929 49.2608637732)
718,,THEFT OF AUTO,BURNABY,BYRNEPARK DR : 6400 - 6499 Block,a7c00bc4-289c-4679-b11a-7f1319d7cf32,1758302013451,burnaby.gis,1758302013451,burnaby.gis,1745366400000,POINT (-122.9685994568 49.20741136)
719,,THEFT OF AUTO,BURNABY,TRAPP AV /WILLARD ST,973e2298-3e27-4b20-8a07-29399c52d7ca,1758302013451,burnaby.gis,1758302013451,burnaby.gis,1745452800000,POINT (-122.9589490767 49.1949362824)
720,,THEFT OF AUTO,BURNABY,BOUNDARY RD /KITCHENER ST,23f426f4-5060-4d95-8e5f-d4ce799957e2,1758302013451,burnaby.gis,1758302013451,burnaby.gis,1745539200000,POINT (-123.0234260371 49.2721030756)
721,,THEFT FROM AUTO,BURNABY,SARDIS CR : 4920 - 5799 Block,1f72e4e1-a8cc-4f00-bdc7-c8e962add4c6,1758302013451,burnaby.gis,1758302013451,burnaby.gis,1745625600000,POINT (-122.9928183931 49.2330119319)
722,,BREAK & ENTER-BUSINESS,BURNABY,CANADA WY : 5700 - 5852 Block,5dad960d-841d-4e12-a541-42114d535bdb,1758302013451,burnaby.gis,1758302013451,burnaby.gis,1745712000000,POINT (-122.9554584038 49.236323325)
723,,THEFT FROM AUTO,BURNABY,UNIVERSITY DR /UNIVERSITY DR,44387329-408c-4cab-87a2-920eebce79b7,1758302013451,burnaby.gis,1758302013451,burnaby.gis,1745712000000,POINT (-122.9102936844 49.2804077837)
724,,THEFT FROM AUTO,BURNABY,LOUGHEED HY : 4100 - 4299 Block,436a75d5-9675-49ba-b9e7-896d8866fe96,1758302013451,burnaby.gis,1758302013451,burnaby.gis,1745884800000,POINT (-123.0115123977 49.2662867556)
725,,THEFT FROM AUTO,BURNABY,DAWSON ST : 4100 - 4169 Block,39547328-1687-4b94-9495-9573ba0e6a4e,1758302013451,burnaby.gis,1758302013451,burnaby.gis,1745884800000,POINT (-123.0133181263 49.2644790521)
726,,THEFT FROM AUTO,BURNABY,BERESFORD ST /TELFORD AV,fab18c52-8218-4777-be49-9289f8a7b4b3,1758302013451,burnaby.gis,1758302013451,burnaby.gis,1745798400000,POINT (-123.0033828853 49.2252182565)
727,,BREAK & ENTER-OTHER,BURNABY,4TH ST /ELWELL ST,6e48e477-a837-4ae9-b554-d7b0c8f8a9eb,1758302013451,burnaby.gis,1758302013451,burnaby.gis,1746144000000,POINT (-122.9361394479 49.2308136989)
728,,THEFT FROM AUTO,BURNABY,MYRTLE ST /SMITH AV,5068c7b7-b08e-45e5-8c60-08b5b6def193,1758302013451,burnaby.gis,1758302013451,burnaby.gis,1746144000000,POINT (-123.0197487889 49.2599943962)
729,,THEFT FROM AUTO,BURNABY,GROVE AV : 400 - 599 Block,de1a6c7e-ee0d-4869-8e23-c51e6a44ab5e,1758302013451,burnaby.gis,1758302013451,burnaby.gis,1746144000000,POINT (-122.965844757 49.2797240173)
730,,BREAK & ENTER-BUSINESS,BURNABY,GRIMMER ST /ROYAL OAK AV,53797aff-2cf9-4350-a50e-29c3d95aa3fd,1758302013451,burnaby.gis,1758302013451,burnaby.gis,1739577600000,POINT (-122.9889078896 49.2235704949)
731,,THEFT FROM AUTO,BURNABY,KINGSWAY /SUSSEX AV,7c8849f6-b63b-47ed-bf98-68add2d4a190,1758302013451,burnaby.gis,1758302013451,burnaby.gis,1746230400000,POINT (-122.9993183432 49.2283922605)
732,,THEFT OF AUTO,BURNABY,LORRAINE AV : 4900 - 5099 Block,7e1bfc88-884c-42c3-b39b-ff3f22179194,1758302013451,burnaby.gis,1758302013451,burnaby.gis,1746230400000,POINT (-123.0222537264 49.2391474876)
733,,THEFT FROM AUTO,BURNABY,DELTA AV : 1300 - 1499 Block,09407575-5c0c-4cd2-a86b-9e8cd0b1e502,1758302013451,burnaby.gis,1758302013451,burnaby.gis,1746316800000,POINT (-122.992175142 49.2714578658)
734,,BREAK & ENTER-RESIDENCE,BURNABY,DOVER ST /MARLBOROUGH AV,d37b8108-1f4d-45dd-8e84-a9f7c587d922,1758302013451,burnaby.gis,1758302013451,burnaby.gis,1746316800000,POINT (-122.9915721854 49.229917636)
735,,THEFT FROM AUTO,BURNABY,DUNDAS ST /MACDONALD AV N,613f254f-787a-4b91-8412-70431570cc09,1758302013451,burnaby.gis,1758302013451,burnaby.gis,1746057600000,POINT (-123.0161973125 49.2847072971)
736,,THEFT FROM AUTO,BURNABY,OXFORD ST : 3900 - 3999 Block,4ac0857f-5867-47c3-85c2-ed09765ae40d,1758302013451,burnaby.gis,1758302013451,burnaby.gis,1746403200000,POINT (-123.0173633 49.2856180124)
737,,THEFT FROM AUTO,BURNABY,OXFORD ST : 3800 - 3899 Block,d1c25395-a52e-43b5-9ac3-6611422dfc18,1758302013451,burnaby.gis,1758302013451,burnaby.gis,1746403200000,POINT (-123.019734804 49.2856372351)
738,,BREAK & ENTER-BUSINESS,BURNABY,HAZEL ST : 4700 - 4729 Block,a401fc8b-9842-4575-b984-ba8ae51c2328,1758302013451,burnaby.gis,1758302013451,burnaby.gis,1746403200000,POINT (-122.998132241 49.2290067125)
739,,THEFT FROM AUTO,BURNABY,FRANCES ST /SPERLING AV,3eb7def8-7a69-4ff9-ab87-79823d724aa4,1758302013451,burnaby.gis,1758302013451,burnaby.gis,1746403200000,POINT (-122.9646597573 49.2790838006)
740,,BREAK & ENTER-OTHER,BURNABY,KEMP ST /WILSON AV,403af680-9a7f-40b5-b652-bc678da58534,1758302013451,burnaby.gis,1758302013451,burnaby.gis,1746403200000,POINT (-123.008529326 49.2305035309)
741,,THEFT FROM AUTO,BURNABY,GAGLARDI WY /UNIVERSITY DR,332d4fae-78c6-47dd-ac9b-7d70cf1951b8,1758302013451,burnaby.gis,1758302013451,burnaby.gis,1746489600000,POINT (-122.9200489102 49.2801262728)
742,,BREAK & ENTER-BUSINESS,BURNABY,LOUGHEED HY : 4100 - 4299 Block,d821410c-9ef0-4fa1-a860-91a8e2d0297c,1758302013451,burnaby.gis,1758302013451,burnaby.gis,1746489600000,POINT (-123.0115123977 49.2662867556)
743,,BREAK & ENTER-RESIDENCE,BURNABY,LAWRENCE DR : 7580 - 7730 Block,5007f2dc-2f08-4f9f-8bb8-81e65bde0679,1758302013451,burnaby.gis,1758302013451,burnaby.gis,1746576000000,POINT (-122.9421444458 49.257969672)
744,,THEFT OF AUTO,BURNABY,PATTERSON AV /WINNIFRED ST,a60f65c4-4397-437e-8219-a1c7d528e1d9,1758302013451,burnaby.gis,1758302013451,burnaby.gis,1746662400000,POINT (-123.0124121451 49.2113067085)
745,,THEFT FROM AUTO,BURNABY,PATTERSON AV : 5700 - 5999 Block,a3458eea-480e-4cb2-83d3-9d397c465347,1758302013451,burnaby.gis,1758302013451,burnaby.gis,1746662400000,POINT (-123.0126526121 49.2312737961)
746,,THEFT FROM AUTO,BURNABY,NORTH FRASER WY : 3820 - 3939 Block,0b1759b5-d0a4-416d-b1cb-bf8aa2d39553,1758302013451,burnaby.gis,1758302013451,burnaby.gis,1746748800000,POINT (-123.0162886163 49.2008650569)
747,,THEFT FROM AUTO,BURNABY,PATTERSON AV : 6100 - 6299 Block,ebeb9231-6b19-431d-a20f-8912f14f000b,1758302013451,burnaby.gis,1758302013451,burnaby.gis,1746748800000,POINT (-123.0126352028 49.2281506425)
748,,THEFT FROM AUTO,BURNABY,DELTA AV N /DUNDAS ST,33254881-4590-4b5f-889b-70e495f79eba,1758302013451,burnaby.gis,1758302013451,burnaby.gis,1746662400000,POINT (-122.9919021632 49.2845352663)
749,,BREAK & ENTER-OTHER,BURNABY,PENDER ST : 4800 - 4899 Block,d6553851-8e4c-432b-baf2-cf51e134d2d4,1758302013451,burnaby.gis,1758302013451,burnaby.gis,1746748800000,POINT (-122.9934058875 49.280062944)
750,,THEFT FROM AUTO,BURNABY,DAWSON ST : 4700 - 4819 Block,4d57e2a1-1b4d-43b3-81fd-98052712f79e,1758302013451,burnaby.gis,1758302013451,burnaby.gis,1746835200000,POINT (-122.9962995144 49.2642840901)
751,,BREAK & ENTER-BUSINESS,BURNABY,GRAND PROMENADE : 9855 - 9861 Block,21c23bdc-49e9-465b-9e96-626f69ddb78a,1758302013451,burnaby.gis,1758302013451,burnaby.gis,1747094400000,POINT (-122.8948972091 49.2499134117)
752,,THEFT FROM AUTO,BURNABY,GILLEY AV : 6500 - 6799 Block,8752de5c-00dc-481f-b61b-cbe23e10aaff,1758302013451,burnaby.gis,1758302013451,burnaby.gis,1747094400000,POINT (-122.9719558429 49.223483446)
753,,THEFT OF AUTO,BURNABY,BOUNDARY RD /BURKE ST,08c47e86-b9c3-4e61-b09a-0f39cd0c5d6d,1758302013451,burnaby.gis,1758302013451,burnaby.gis,1747094400000,POINT (-123.0235759369 49.2369901354)
754,,THEFT OF AUTO,BURNABY,BRYANT ST /GILLEY AV,f9e702bc-f33e-4af1-9bda-b419a5384f1f,1758302013451,burnaby.gis,1758302013451,burnaby.gis,1747267200000,POINT (-122.9719664951 49.2249484973)
755,,THEFT FROM AUTO,BURNABY,SATURNA DR : 9100 - 9199 Block,5088be25-947b-405a-b9c2-15c96c53753c,1758302013451,burnaby.gis,1758302013451,burnaby.gis,1747267200000,POINT (-122.9057506031 49.2591371314)
756,,THEFT OF AUTO,BURNABY,BOUNDARY RD /MOSCROP ST,51b58aad-31d0-468e-bffd-ca6737ad1188,1758302013451,burnaby.gis,1758302013451,burnaby.gis,1747180800000,POINT (-123.0235745024 49.2429979686)
757,,THEFT OF AUTO,BURNABY,BARTLETT CT /EOR - END OF ROAD,b47dcde0-5d10-4127-a1f3-4e9e5351803e,1758302013451,burnaby.gis,1758302013451,burnaby.gis,1747267200000,POINT (-122.8986089361 49.2506435682)
758,,BREAK & ENTER-BUSINESS,BURNABY,HASTINGS ST /KENSINGTON AV,6aa40e3f-b8d4-446b-8608-5d8a78d4daad,1758302013451,burnaby.gis,1758302013451,burnaby.gis,1747353600000,POINT (-122.9700195753 49.2803479289)
759,,BREAK & ENTER-RESIDENCE,BURNABY,OAKMOUNT CR : 5250 - 5299 Block,599a273e-9ab6-4c97-b86e-bf4d366441ec,1758302013451,burnaby.gis,1758302013451,burnaby.gis,1747353600000,POINT (-122.9870428456 49.231271604)
760,,THEFT FROM AUTO,BURNABY,CARSON ST /MCGREGOR AV,189eb93d-5514-4e37-814a-42889ec328d0,1758302013451,burnaby.gis,1758302013451,burnaby.gis,1747440000000,POINT (-122.9903663113 49.2094297295)
761,,THEFT FROM AUTO,BURNABY,NORLAND AV /SPROTT ST,4605cbd8-9d62-4c37-9976-6e8b1819414e,1758302013451,burnaby.gis,1758302013451,burnaby.gis,1747526400000,POINT (-122.9747034728 49.2499563217)
762,,THEFT FROM AUTO,BURNABY,FELL AV /KITCHENER ST,3e5b5893-c053-474f-9366-a6e78d0d3ed2,1758302013451,burnaby.gis,1758302013451,burnaby.gis,1747699200000,POINT (-122.9755909013 49.2716104181)
763,,THEFT FROM AUTO,BURNABY,BARTLETT CT /ERICKSON DR,7be6b448-35d3-4728-b68b-5b2ae4f317e1,1758302013451,burnaby.gis,1758302013451,burnaby.gis,1747699200000,POINT (-122.8986300766 49.2525871379)
764,,BREAK & ENTER-OTHER,BURNABY,NORTH FRASER WY : 4300 - 5159 Block,1efa7cdc-fb65-497a-aae7-cddeafd2aada,1758302013451,burnaby.gis,1758302013451,burnaby.gis,1747699200000,POINT (-123.0028739584 49.1998095771)
765,,THEFT FROM AUTO,BURNABY,GROSVENOR AV : 1 - 9999 Block,6a3a2645-caba-4cbc-8aa1-4b4e868bd88a,1758302013451,burnaby.gis,1758302013451,burnaby.gis,1747785600000,POINT (-122.9849980935 49.2835020479)
766,,THEFT FROM AUTO,BURNABY,HIGHFIELD DR /SEA AV N,b384c4e6-b614-4c49-a4bf-fdb53635bb1f,1758302013451,burnaby.gis,1758302013451,burnaby.gis,1747785600000,POINT (-122.9796061598 49.2873554183)
767,,THEFT FROM AUTO,BURNABY,GRAY AV /IMPERIAL ST,d86165fd-1ad0-45f8-8c0f-276a95c671d6,1758302013451,burnaby.gis,1758302013451,burnaby.gis,1747872000000,POINT (-122.999525958 49.2219408548)
768,,BREAK & ENTER-BUSINESS,BURNABY,EVERGREEN PL :  -  Block,19e849c3-ab0a-4af1-94d4-338bedeca938,1758302013451,burnaby.gis,1758302013451,burnaby.gis,1746230400000,POINT (-122.8934055902 49.2498620332)
769,,THEFT FROM AUTO,BURNABY,KINGSWAY : 4800 - 4849 Block,3e76e84e-0847-4184-ac5c-29ed2c5560af,1758302013451,burnaby.gis,1758302013451,burnaby.gis,1747958400000,POINT (-122.995735521 49.2272131168)
770,,THEFT FROM AUTO,BURNABY,MYRTLE ST : 3750 - 3799 Block,e170d523-f1ca-4849-9929-33526a3db08a,1758302013451,burnaby.gis,1758302013451,burnaby.gis,1747872000000,POINT (-123.0206563318 49.2600019117)
771,,THEFT FROM AUTO,BURNABY,KINGSWAY /SUSSEX AV,b887bd34-7f11-485a-b769-b6ca63c5df30,1758302013451,burnaby.gis,1758302013451,burnaby.gis,1747958400000,POINT (-122.9993183432 49.2283922605)
772,,THEFT FROM AUTO,BURNABY,PENDER ST : 4100 - 4199 Block,16514e4b-a098-41e9-abf4-89f6d3c7006a,1758302013451,burnaby.gis,1758302013451,burnaby.gis,1747872000000,POINT (-123.0128132261 49.2801634969)
773,,THEFT FROM AUTO,BURNABY,ROSSER AV /TRIUMPH ST,91266f7c-a962-4484-8f44-4bb3224bf6aa,1758302013451,burnaby.gis,1758302013451,burnaby.gis,1748044800000,POINT (-123.0058325243 49.283727584)
774,,THEFT FROM AUTO,BURNABY,AQUARIUS DR : 9050 - 9099 Block,247215e3-1d58-4d18-b246-0d8b2ac14ea4,1758302013451,burnaby.gis,1758302013451,burnaby.gis,1748044800000,POINT (-122.9047726505 49.259176995)
775,,THEFT FROM AUTO,BURNABY,GRAVELEY ST : 4100 - 4290 Block,d61572d0-b90d-467b-8e9e-9d5a61e0564b,1758302013451,burnaby.gis,1758302013451,burnaby.gis,1735776000000,POINT (-123.0107884475 49.2702249522)
776,,THEFT OF AUTO,BURNABY,GILPIN ST /SPERLING AV,e30f5ba6-cb71-4727-90a2-28058800e3b4,1758302013451,burnaby.gis,1758302013451,burnaby.gis,1735862400000,POINT (-122.9646669631 49.2415083139)
777,,THEFT FROM AUTO,BURNABY,KINGSWAY /SUSSEX AV,9e9ac4e0-b37c-47e4-9359-ee99dfa36785,1758302013451,burnaby.gis,1758302013451,burnaby.gis,1735862400000,POINT (-122.9993183432 49.2283922605)
778,,THEFT FROM AUTO,BURNABY,BULLER AV : 7700 - 7799 Block,d52c384b-6d09-410f-997c-0b541f0e0920,1758302013451,burnaby.gis,1758302013451,burnaby.gis,1735862400000,POINT (-122.9774973724 49.2134129653)
779,,THEFT FROM AUTO,BURNABY,GAGLARDI WY /UNIVERSITY DR,0f87d1c4-116c-4f21-b893-21988dfcb76c,1758302013451,burnaby.gis,1758302013451,burnaby.gis,1735948800000,POINT (-122.9200489102 49.2801262728)
780,,THEFT FROM AUTO,BURNABY,GLENLYON PY /NORTH FRASER WY,6b671e0d-8297-4092-8d34-f735b2ff5576,1758302013451,burnaby.gis,1758302013451,burnaby.gis,1736035200000,POINT (-123.0100451834 49.2001464432)
781,,THEFT FROM AUTO,BURNABY,HAZEL ST : 4700 - 4729 Block,67ce4892-53ff-4f69-8365-613f868f685a,1758302013451,burnaby.gis,1758302013451,burnaby.gis,1736294400000,POINT (-122.998132241 49.2290067125)
782,,THEFT FROM AUTO,BURNABY,DORMAN DR /MONTECITO DR,449c502d-d34a-407d-b96e-d6190c9bb915,1758302013451,burnaby.gis,1758302013451,burnaby.gis,1736294400000,POINT (-122.9519528672 49.2638742614)
783,,THEFT FROM AUTO,BURNABY,11TH AV : 8100 - 8199 Block,6986a6d9-f95f-41b7-a1f5-5324ab75adec,1758302013451,burnaby.gis,1758302013451,burnaby.gis,1736294400000,POINT (-122.9213939617 49.2236039882)
784,,THEFT FROM AUTO,BURNABY,KINGSWAY /SUSSEX AV,0d568688-7dda-4704-ae73-288bd563ef4e,1758302013451,burnaby.gis,1758302013451,burnaby.gis,1736294400000,POINT (-122.9993183432 49.2283922605)
785,,THEFT FROM AUTO,BURNABY,BOUNDARY RD : 4300 - 4399 Block,1ed0ae87-14be-43ee-83f5-1d84f9e3d544,1758302013451,burnaby.gis,1758302013451,burnaby.gis,1736467200000,POINT (-123.023569352 49.245733374)
786,,BREAK & ENTER-BUSINESS,BURNABY,RIVERBEND DR /WIGGINS ST,3c5b3021-0e92-4756-973b-42a94669104a,1758302013451,burnaby.gis,1758302013451,burnaby.gis,1736467200000,POINT (-122.9719837879 49.1882065775)
787,,THEFT FROM AUTO,BURNABY,BARNET RD /PANDORA ST,e051b90f-6ae9-4359-a2be-b97580db646a,1758302013451,burnaby.gis,1758302013451,burnaby.gis,1736380800000,POINT (-122.9544474656 49.2824210619)
788,,THEFT FROM AUTO,BURNABY,GEORGIA ST : 4400 - 4499 Block,fbb8c213-847b-4b69-94ec-af8a9bf55b59,1758302013451,burnaby.gis,1758302013451,burnaby.gis,1736380800000,POINT (-123.0045521185 49.2782933322)
789,,THEFT FROM AUTO,BURNABY,PANDORA ST /EOR - END OF ROAD,079f6077-b5e2-4252-a43f-c2165cc35b15,1758302013451,burnaby.gis,1758302013451,burnaby.gis,1736553600000,POINT (-122.9967973521 49.2827552663)
790,,BREAK & ENTER-RESIDENCE,BURNABY,BUCKINGHAM AV /BURRIS ST,bcad8208-997b-4529-9494-044f43da60d7,1758302013451,burnaby.gis,1758302013451,burnaby.gis,1736553600000,POINT (-122.9572133522 49.2339477366)
791,,THEFT FROM AUTO,BURNABY,KINGSWAY /SUSSEX AV,dc809972-7139-4244-ada2-2ea8a991e4b8,1758302013451,burnaby.gis,1758302013451,burnaby.gis,1736553600000,POINT (-122.9993183432 49.2283922605)
792,,THEFT FROM AUTO,BURNABY,LOUGHEED HY : 4100 - 4299 Block,f851564c-4b72-494a-8065-8813f72626a4,1758302013451,burnaby.gis,1758302013451,burnaby.gis,1736640000000,POINT (-123.0115123977 49.2662867556)
793,,THEFT FROM AUTO,BURNABY,KINGSWAY : 4700 - 4749 Block,e4a69235-610d-4010-80a4-b85ea3d9cd00,1758302013451,burnaby.gis,1758302013451,burnaby.gis,1736726400000,POINT (-122.9985077324 49.2281264308)
794,,BREAK & ENTER-BUSINESS,BURNABY,KINGSWAY : 5600 - 5649 Block,331b77c8-85a0-453f-b129-bc53d7705199,1758302013451,burnaby.gis,1758302013451,burnaby.gis,1736726400000,POINT (-122.98172998 49.2226807063)
795,,THEFT FROM AUTO,BURNABY,KINGSWAY : 4800 - 4849 Block,00c10ffd-8907-46ae-945b-5599c3002255,1758302013451,burnaby.gis,1758302013451,burnaby.gis,1736726400000,POINT (-122.995735521 49.2272131168)
796,,THEFT FROM AUTO,BURNABY,MANCHESTER DR : 9600 - 9899 Block,048e1bb3-28cf-4ea5-903d-c5d227e581c2,1758302013451,burnaby.gis,1758302013451,burnaby.gis,1736899200000,POINT (-122.8976381242 49.2467453127)
797,,THEFT FROM AUTO,BURNABY,MAYBERRY ST /WILLINGDON AV,88064ecd-be32-4b2e-9429-7d46f3b94a94,1758302013451,burnaby.gis,1758302013451,burnaby.gis,1737072000000,POINT (-123.0098121729 49.2255434274)
798,,THEFT FROM AUTO,BURNABY,HEDLEY AV : 7400 - 7599 Block,cfc04de0-5557-4918-b3d9-b05ec7b71677,1758302013451,burnaby.gis,1758302013451,burnaby.gis,1737158400000,POINT (-122.9673306506 49.2160107485)
799,,BREAK & ENTER-RESIDENCE,BURNABY,OXFORD ST /ROSSER AV N,2f9bd908-1d30-415d-aae6-515f7a468e35,1758302013451,burnaby.gis,1758302013451,burnaby.gis,1737158400000,POINT (-123.0057887663 49.2855303163)
800,,THEFT FROM AUTO,BURNABY,BERWICK ST : 6000 - 6999 Block,e5dc60c0-8176-4aac-bae0-24e02737d436,1758302013451,burnaby.gis,1758302013451,burnaby.gis,1737244800000,POINT (-122.9741703571 49.2277010169)
801,,THEFT FROM AUTO,BURNABY,EDMONDS ST /SALISBURY AV,5fcdea4f-1641-40c4-9f8f-e0b1b8b1803f,1758302013451,burnaby.gis,1758302013451,burnaby.gis,1737504000000,POINT (-122.9570515375 49.2152122957)
802,,BREAK & ENTER-BUSINESS,BURNABY,BRANDON ST /SMITH AV,1af35890-aa26-4eb9-b18e-c853654fc74f,1758302013451,burnaby.gis,1758302013451,burnaby.gis,1737590400000,POINT (-123.0198550623 49.2387871088)
803,,THEFT FROM AUTO,BURNABY,HASTINGS ST /INGLETON AV,7e0a988a-bd53-4a44-be50-34d17c80a5ad,1758302013451,burnaby.gis,1758302013451,burnaby.gis,1736899200000,POINT (-123.0186221607 49.2810819753)
804,,THEFT FROM AUTO,BURNABY,JAMES ST /OLIVE AV,1d293daa-541a-4282-b2f6-0c625f5b632d,1758302013451,burnaby.gis,1758302013451,burnaby.gis,1737504000000,POINT (-123.0110275565 49.2306819142)
805,,THEFT FROM AUTO,BURNABY,BYRNEPARK DR : 6400 - 6499 Block,dd935f4a-354d-48be-a1f7-f2ec9ee139d5,1758302013451,burnaby.gis,1758302013451,burnaby.gis,1737590400000,POINT (-122.9685994568 49.20741136)
806,,BREAK & ENTER-BUSINESS,BURNABY,ARBROATH ST /EOR - END OF ROAD,989daee8-6d93-4573-aaca-7840c731f6cf,1758302013451,burnaby.gis,1758302013451,burnaby.gis,1737676800000,POINT (-122.969455182 49.2182911054)
807,,BREAK & ENTER-BUSINESS,BURNABY,BETA AV : 2200 - 2299 Block,11926a91-aa6b-40a5-a91f-206f67534e77,1758302013451,burnaby.gis,1758302013451,burnaby.gis,1737763200000,POINT (-122.9976309449 49.2640033139)
808,,THEFT FROM AUTO,BURNABY,SUSSEX AV : 5170 - 5199 Block,ac233111-e22c-4c14-8260-83ee52ddae02,1758302013451,burnaby.gis,1758302013451,burnaby.gis,1737763200000,POINT (-122.9978464416 49.2373055106)
809,,THEFT FROM AUTO,BURNABY,CHARLOTTE CT : 4500 - 4599 Block,e3e8270a-9a80-4e0f-ab86-17cb32ce81b1,1758302013451,burnaby.gis,1758302013451,burnaby.gis,1737763200000,POINT (-123.0016389612 49.2378303888)
810,,THEFT FROM AUTO,BURNABY,FIR ST /HALLEY AV,613811b5-57b3-4d1d-92af-fe6b08576a05,1758302013451,burnaby.gis,1758302013451,burnaby.gis,1737849600000,POINT (-123.0097475688 49.2447599314)
811,,THEFT FROM AUTO,BURNABY,IMPERIAL ST /WAVERLEY AV,a4ff0c55-2b17-46bf-bbc2-1e429b0e3359,1758302013451,burnaby.gis,1758302013451,burnaby.gis,1737936000000,POINT (-122.9976369959 49.221935579)
812,,BREAK & ENTER-BUSINESS,BURNABY,HALIFAX ST /ROSSER AV,417f90fc-0e02-4632-aba5-d724d62f76ea,1758302013451,burnaby.gis,1758302013451,burnaby.gis,1737936000000,POINT (-123.0059871245 49.2680497358)
813,,BREAK & ENTER-BUSINESS,BURNABY,ROYAL OAK AV : 6300 - 6369 Block,e9182907-6545-4742-ae06-3f391ba04c2f,1758302013451,burnaby.gis,1758302013451,burnaby.gis,1737936000000,POINT (-122.9889178498 49.2266521967)
814,,BREAK & ENTER-OTHER,BURNABY,KINCAID ST : 5550 - 5699 Block,fc84b6c4-ddd9-4abe-bf94-817743f3d7c0,1758302013451,burnaby.gis,1758302013451,burnaby.gis,1737936000000,POINT (-122.9810667526 49.2483968389)
815,,THEFT FROM AUTO,BURNABY,GODWIN AV : 3000 - 3199 Block,026b680f-0ddf-4870-9188-41d099e26646,1758302013451,burnaby.gis,1758302013451,burnaby.gis,1738108800000,POINT (-122.9805490557 49.2560757455)
816,,THEFT FROM AUTO,BURNABY,GAGLARDI WY /UNIVERSITY DR,0622db32-31ff-466a-99f5-082db0c91e5e,1758302013451,burnaby.gis,1758302013451,burnaby.gis,1738108800000,POINT (-122.9200489102 49.2801262728)
817,,THEFT FROM AUTO,BURNABY,CAMERON ST /NORTH RD,62b9e68e-e386-4615-a849-e06ed4d81112,1758302013451,burnaby.gis,1758302013451,burnaby.gis,1738108800000,POINT (-122.8929934508 49.2534130119)
818,,THEFT FROM AUTO,BURNABY,CHERRYWOOD CR : 4100 - 4199 Block,21b4d783-0405-4667-a17b-ee83b4b5e3cf,1758302013451,burnaby.gis,1758302013451,burnaby.gis,1738108800000,POINT (-123.0122121637 49.237651913)
819,,BREAK & ENTER-BUSINESS,BURNABY,HASTINGS ST /MACDONALD AV,3c622779-07a4-41bd-8212-7a008e2bd7ba,1758302013451,burnaby.gis,1758302013451,burnaby.gis,1738195200000,POINT (-123.0162542962 49.2810659162)
820,,BREAK & ENTER-BUSINESS,BURNABY,ALASKA ST /ALPHA AV,aa9eccec-f4a3-4f53-92aa-f79025ac83e7,1758302013451,burnaby.gis,1758302013451,burnaby.gis,1738022400000,POINT (-123.0004006055 49.2623455245)
821,,BREAK & ENTER-BUSINESS,BURNABY,BETA AV /HASTINGS ST,6a9060c9-fd8c-4fb4-b858-3b04423bae29,1758302013451,burnaby.gis,1758302013451,burnaby.gis,1738281600000,POINT (-122.9974758516 49.2810055803)
822,,THEFT OF AUTO,BURNABY,MOSCROP ST : 4100 - 4199 Block,ec2eab45-4f48-4c3a-a720-30f9880fb8f6,1758302013451,burnaby.gis,1758302013451,burnaby.gis,1738281600000,POINT (-123.011835862 49.2429558133)
823,,THEFT FROM AUTO,BURNABY,KINGSWAY /SUSSEX AV,a8582c0c-e454-45de-acab-5218a345e0d6,1758302013451,burnaby.gis,1758302013451,burnaby.gis,1738540800000,POINT (-122.9993183432 49.2283922605)
824,,THEFT OF AUTO,BURNABY,BERESFORD ST /GRIFFITHS DR,5c512e85-2572-414b-bd34-47c440a9ae0d,1758302013451,burnaby.gis,1758302013451,burnaby.gis,1738713600000,POINT (-122.960975222 49.2171296056)
825,,THEFT FROM AUTO,BURNABY,FREDERICK AV : 6800 - 7199 Block,1c88f264-f982-4181-b863-2682dbc45bfa,1758302013451,burnaby.gis,1758302013451,burnaby.gis,1738713600000,POINT (-123.0013798225 49.2201955947)
826,,THEFT OF AUTO,BURNABY,STRIDE AV : 7000 - 7099 Block,7a1c7217-d6c4-4d95-a6fd-d9dce7682c7b,1758302013451,burnaby.gis,1758302013451,burnaby.gis,1738713600000,POINT (-122.9545675876 49.2117735436)
827,,BREAK & ENTER-RESIDENCE,BURNABY,WILBERFORCE ST : 9100 - 9149 Block,4c7ace95-6f3c-4e58-9710-48622f7cb1cf,1758302013451,burnaby.gis,1758302013451,burnaby.gis,1738800000000,POINT (-122.9022883658 49.2362126546)
828,,BREAK & ENTER-RESIDENCE,BURNABY,DUNBLANE AV /DUNBLANE AV,7302ec77-9708-459c-b62d-df37cf432221,1758302013451,burnaby.gis,1758302013451,burnaby.gis,1738800000000,POINT (-122.9928575769 49.220851448)
829,,THEFT FROM AUTO,BURNABY,BURLINGTON AV /GRIMMER ST,35a4538e-3b1c-4498-8f3c-348bf2e8cf24,1758302013451,burnaby.gis,1758302013451,burnaby.gis,1738886400000,POINT (-122.9903012564 49.2233889257)
830,,THEFT FROM AUTO,BURNABY,KINGSWAY : 4310 - 4429 Block,a5686a73-83c3-43e8-9264-a85481380c30,1758302013451,burnaby.gis,1758302013451,burnaby.gis,1738972800000,POINT (-123.0070570437 49.2309327117)
831,,BREAK & ENTER-RESIDENCE,BURNABY,IMPERIAL ST /PALM AV,5a6bb587-111a-40a8-9ec9-fe09d139bea4,1758302013451,burnaby.gis,1758302013451,burnaby.gis,1738972800000,POINT (-122.9870632918 49.2219090369)
832,,THEFT OF AUTO,BURNABY,ALBERT ST : 3700 - 3799 Block,8396f4fd-5418-45ff-ad4a-cfb84db41166,1758302013451,burnaby.gis,1758302013451,burnaby.gis,1739232000000,POINT (-123.022167902 49.2820389969)
833,,BREAK & ENTER-RESIDENCE,BURNABY,BERESFORD ST /SALISBURY AV,8c7ea4a5-4398-4043-9a07-cb98a4e30af0,1758302013451,burnaby.gis,1758302013451,burnaby.gis,1739232000000,POINT (-122.9575225705 49.2170892517)
834,,BREAK & ENTER-BUSINESS,BURNABY,MARINE WY /MARKET XG,f52ca60b-6830-4a52-95ed-b58e6fea5adb,1758302013451,burnaby.gis,1758302013451,burnaby.gis,1739318400000,POINT (-122.9790371746 49.1997387596)
835,,THEFT FROM AUTO,BURNABY,MCKAY AV : 6000 - 6179 Block,16988874-4006-49c4-91e4-f882a46d9be0,1758302013451,burnaby.gis,1758302013451,burnaby.gis,1739491200000,POINT (-123.0036750259 49.2287548566)
836,,THEFT FROM AUTO,BURNABY,DORCHESTER DR : 7410 - 7519 Block,f7cf3ea6-1f37-4f32-91ba-1c0a326c472a,1758302013451,burnaby.gis,1758302013451,burnaby.gis,1739145600000,POINT (-122.9466416366 49.2494290352)
837,,BREAK & ENTER-RESIDENCE,BURNABY,BUCKINGHAM PL : 6100 - 6149 Block,88c2c6bb-97db-4e04-94fc-73c2c22c42ca,1758302013451,burnaby.gis,1758302013451,burnaby.gis,1739491200000,POINT (-122.9540458028 49.2331031621)
838,,THEFT OF AUTO,BURNABY,16TH ST : 7400 - 7459 Block,8ab837d6-1b8b-4d9c-a36f-62d93e170d3f,1758302013451,burnaby.gis,1758302013451,burnaby.gis,1739577600000,POINT (-122.9520823396 49.2157784905)
839,,THEFT FROM AUTO,BURNABY,COLBORNE AV /KINGSWAY,c38dab8f-ca54-4932-b5ef-4e259b51975c,1758302013451,burnaby.gis,1758302013451,burnaby.gis,1739491200000,POINT (-122.9708100335 49.2196392396)
840,,BREAK & ENTER-BUSINESS,BURNABY,EDMONDS ST : 7322 - 7339 Block,59811769-f4e8-4a46-81e3-33c0408a68c3,1758302013451,burnaby.gis,1758302013451,burnaby.gis,1739577600000,POINT (-122.9504602262 49.2190390485)
841,,THEFT FROM AUTO,BURNABY,KEMP ST /WILSON AV,a5f174df-741d-4bc7-a7cc-5e7aa18acdfa,1758302013451,burnaby.gis,1758302013451,burnaby.gis,1739750400000,POINT (-123.008529326 49.2305035309)
842,,BREAK & ENTER-RESIDENCE,BURNABY,CHRISDALE AV /KRAFT CR,c42512b6-ed16-49f2-b165-466fd0680b00,1758302013451,burnaby.gis,1758302013451,burnaby.gis,1739750400000,POINT (-122.9474695741 49.254511294)
843,,THEFT FROM AUTO,BURNABY,CLINTON ST /NELSON AV,fc5696da-60e8-44b9-abd3-71d42de5ae4b,1758302013451,burnaby.gis,1758302013451,burnaby.gis,1739750400000,POINT (-122.9938982521 49.2129536005)
844,,BREAK & ENTER-RESIDENCE,BURNABY,BOUNDARY RD /VENABLES ST,7c7ab5ef-e5ed-420a-9802-76de7520d8f0,1758302013451,burnaby.gis,1758302013451,burnaby.gis,1739664000000,POINT (-123.0234041724 49.2766634171)
845,,THEFT FROM AUTO,BURNABY,KINGSWAY : 4200 - 4219 Block,117ed077-5b63-454e-8ade-857f181a1ece,1758302013451,burnaby.gis,1758302013451,burnaby.gis,1739750400000,POINT (-123.0105810159 49.2320924932)
846,,BREAK & ENTER-BUSINESS,BURNABY,6TH ST /EDMONDS ST,55b826eb-e03a-4be4-9ccb-9dd50ceb6c0f,1758302013451,burnaby.gis,1758302013451,burnaby.gis,1739750400000,POINT (-122.9369529712 49.226239778)
847,,BREAK & ENTER-RESIDENCE,BURNABY,BERKLEY ST /WICKHAM PL,aa891c2d-aae7-4a75-99fb-8c821bca558f,1758302013451,burnaby.gis,1758302013451,burnaby.gis,1739836800000,POINT (-122.9437851503 49.2325572079)
848,,BREAK & ENTER-RESIDENCE,BURNABY,BURFORD ST /EOR - END OF ROAD,0052ee41-64c6-4161-a806-70fb9428c05b,1758302013451,burnaby.gis,1758302013451,burnaby.gis,1739836800000,POINT (-122.9577706846 49.2239393101)
849,,THEFT FROM AUTO,BURNABY,HENNING DR : 3700 - 3999 Block,923acdb5-18db-450a-a866-ae85cca7fcc2,1758302013451,burnaby.gis,1758302013451,burnaby.gis,1739836800000,POINT (-123.0187952592 49.2639336315)
850,,THEFT FROM AUTO,BURNABY,ARIES PL /CENTAURUS DR,dac8d66c-4a35-42f9-b2c0-629c422881af,1758302013451,burnaby.gis,1758302013451,burnaby.gis,1739923200000,POINT (-122.9065283983 49.2566314466)
851,,BREAK & ENTER-BUSINESS,BURNABY,KINGSWAY /SUSSEX AV,db3c5d1b-5cc9-4372-b965-fd94d0daae63,1758302013451,burnaby.gis,1758302013451,burnaby.gis,1739923200000,POINT (-122.9993183432 49.2283922605)
852,,THEFT FROM AUTO,BURNABY,BERESFORD ST : 4400 - 4429 Block,a153ac08-44c2-4d0b-8e56-4d237d33f399,1758302013451,burnaby.gis,1758302013451,burnaby.gis,1739836800000,POINT (-123.004269328 49.2256232167)
853,,BREAK & ENTER-RESIDENCE,BURNABY,BENNETT ST /NELSON AV,b2ec96d7-7c61-4bf9-87b3-f5eb3cdb3d58,1758302013451,burnaby.gis,1758302013451,burnaby.gis,1740009600000,POINT (-122.9942057068 49.2252018339)
854,,THEFT FROM AUTO,BURNABY,KINGSWAY /SUSSEX AV,f012fcbb-3993-4325-b60c-a7912bc42382,1758302013451,burnaby.gis,1758302013451,burnaby.gis,1739923200000,POINT (-122.9993183432 49.2283922605)
855,,THEFT FROM AUTO,BURNABY,RUMBLE ST : 5000 - 5099 Block,70ee399c-d24d-4079-a8de-e9126aaa5d81,1758302013451,burnaby.gis,1758302013451,burnaby.gis,1740096000000,POINT (-122.9911803426 49.2148410983)
856,,BREAK & ENTER-RESIDENCE,BURNABY,LEIBLY AV /STANLEY ST,3a3b8b62-030b-4f58-9269-fdb85eb1c0cf,1758302013451,burnaby.gis,1758302013451,burnaby.gis,1740096000000,POINT (-122.9597365069 49.2278225184)
857,,THEFT FROM AUTO,BURNABY,BERESFORD ST /EOR - END OF ROAD,e1df0c64-a43b-423b-bd45-52d8dda48a20,1758302013451,burnaby.gis,1758302013451,burnaby.gis,1740182400000,POINT (-122.9895358159 49.2200852894)
858,,THEFT OF AUTO,BURNABY,GREENWOOD ST /WINSTON ST,880e6b4d-cde2-4887-90eb-cf4f35719211,1758302013451,burnaby.gis,1758302013451,burnaby.gis,1740268800000,POINT (-122.9622044237 49.2562931294)
859,,THEFT FROM AUTO,BURNABY,KINGSWAY /SUSSEX AV,fe6d3f3d-d3fd-481b-9967-70fe8ce0ae0f,1758302013451,burnaby.gis,1758302013451,burnaby.gis,1740268800000,POINT (-122.9993183432 49.2283922605)
860,,BREAK & ENTER-OTHER,BURNABY,LAKE CITY WY : 3000 - 3299 Block,fc337de3-87e0-4654-8130-2fa9fb9c758a,1758302013451,burnaby.gis,1758302013451,burnaby.gis,1740268800000,POINT (-122.9379565539 49.2566176005)
861,,THEFT FROM AUTO,BURNABY,KINGSWAY : 4800 - 4849 Block,c414c78e-f607-4966-a2d0-13310939ce1b,1758302013451,burnaby.gis,1758302013451,burnaby.gis,1740355200000,POINT (-122.995735521 49.2272131168)
862,,THEFT FROM AUTO,BURNABY,HASTINGS ST : 5700 - 5799 Block,90484c7a-cd89-46a2-a8e8-908ac6459445,1758302013451,burnaby.gis,1758302013451,burnaby.gis,1740355200000,POINT (-122.9795450082 49.2803265832)
863,,THEFT FROM AUTO,BURNABY,MARINE DR /ROSEBERRY AV,eab36355-2d91-4df8-b03b-e60ee0548672,1758302013451,burnaby.gis,1758302013451,burnaby.gis,1740528000000,POINT (-123.0151352392 49.208620905)
864,,THEFT FROM AUTO,BURNABY,SILVER DR : 6090 - 6179 Block,b822e4c2-8baa-4c86-9a2a-bbb772889ce7,1758302013451,burnaby.gis,1758302013451,burnaby.gis,1740614400000,POINT (-123.003234548 49.2279571012)
865,,THEFT OF AUTO,BURNABY,LYNNDALE CR /WESTON CT,b8ef9b59-5727-419c-82f9-e913b77c33ab,1758302013451,burnaby.gis,1758302013451,burnaby.gis,1740614400000,POINT (-122.951614226 49.2506442988)
866,,BREAK & ENTER-BUSINESS,BURNABY,6TH ST : 7640 - 7699 Block,15ad2b30-5d6d-48db-a6fa-0cd0555a859b,1758302013451,burnaby.gis,1758302013451,burnaby.gis,1740700800000,POINT (-122.9308946478 49.2215743626)
867,,BREAK & ENTER-RESIDENCE,BURNABY,BESSBOROUGH DR /BRISBANE CR,07fa6023-1ffe-4b79-ae86-fd0f6d5325db,1758302013451,burnaby.gis,1758302013451,burnaby.gis,1740700800000,POINT (-122.9932498204 49.2874219609)
868,,BREAK & ENTER-OTHER,BURNABY,GRANGE ST /HALLEY AV,aa0fc011-aabb-4587-9010-e726d24a994c,1758302013451,burnaby.gis,1758302013451,burnaby.gis,1740787200000,POINT (-123.0088263931 49.2328637112)
869,,THEFT FROM AUTO,BURNABY,NELSON AV /SANDERS ST,c2b9ff2e-1a11-4f01-8995-529a901352c0,1758302013451,burnaby.gis,1758302013451,burnaby.gis,1740787200000,POINT (-122.9942045487 49.2279195992)
870,,THEFT FROM AUTO,BURNABY,KINGSWAY : 5200 - 5459 Block,5ebbb076-1e2f-4045-b8da-e6cc6f6b5fa9,1758302013451,burnaby.gis,1758302013451,burnaby.gis,1740700800000,POINT (-122.986718588 49.2242648804)
871,,BREAK & ENTER-BUSINESS,BURNABY,GILMORE AV /HALIFAX ST,2e6505bb-fdc4-44b9-a313-e3af019c7918,1758302013451,burnaby.gis,1758302013451,burnaby.gis,1740873600000,POINT (-123.0142676896 49.2680260882)
872,,THEFT FROM AUTO,BURNABY,LEDGER AV /NORLAND AV,c62c1189-2db5-41c1-b760-0cf953c56894,1758302013451,burnaby.gis,1758302013451,burnaby.gis,1740960000000,POINT (-122.9746992139 49.2483229143)
873,,THEFT FROM AUTO,BURNABY,KEMP ST /WILSON AV,4396ce24-14c9-4c29-800d-50ffe5c05306,1758302013451,burnaby.gis,1758302013451,burnaby.gis,1740960000000,POINT (-123.008529326 49.2305035309)
874,,BREAK & ENTER-OTHER,BURNABY,GRANGE ST /HALLEY AV,f8ce90ce-edd9-4849-be8d-6658872fe94a,1758302013451,burnaby.gis,1758302013451,burnaby.gis,1741046400000,POINT (-123.0088263931 49.2328637112)
875,,BREAK & ENTER-RESIDENCE,BURNABY,BUCKINGHAM DR /GORDON AV,a1fb07b3-af43-4a5c-a6ac-24671421374c,1758302013451,burnaby.gis,1758302013451,burnaby.gis,1741046400000,POINT (-122.9549098914 49.2309755567)
876,,BREAK & ENTER-BUSINESS,BURNABY,ALASKA ST /WILLINGDON AV,aaad2b3a-e0ba-4408-9795-0648430ef92b,1758302013451,burnaby.gis,1758302013451,burnaby.gis,1741046400000,POINT (-123.0032559948 49.2623692877)
877,,THEFT FROM AUTO,BURNABY,LOUGHEED HY : 4700 - 4739 Block,93f3df9d-6b26-45d6-9783-1fe5fcb0f437,1758302013451,burnaby.gis,1758302013451,burnaby.gis,1741132800000,POINT (-122.9969194693 49.2661525717)
878,,THEFT FROM AUTO,BURNABY,KINGSWAY /SUSSEX AV,15d782ca-d25e-46fa-b796-2ef1302c8b24,1758302013451,burnaby.gis,1758302013451,burnaby.gis,1741132800000,POINT (-122.9993183432 49.2283922605)
879,,THEFT FROM AUTO,BURNABY,WILLINGDON AV : 6063 - 6099 Block,fdf5ebf8-4775-4b2b-8815-ac4e9fc967c7,1758302013451,burnaby.gis,1758302013451,burnaby.gis,1741305600000,POINT (-123.0060607615 49.2290515351)
880,,THEFT FROM AUTO,BURNABY,HASTINGS ST /KENSINGTON AV,5cbfd45d-ed42-4511-998a-ddeae759d734,1758302013451,burnaby.gis,1758302013451,burnaby.gis,1741305600000,POINT (-122.9700195753 49.2803479289)
881,,THEFT OF AUTO,BURNABY,IRMIN ST : 4900 - 5199 Block,bd36104f-c9e9-491f-8d98-37f3185a619e,1758302013451,burnaby.gis,1758302013451,burnaby.gis,1741478400000,POINT (-122.9916163724 49.2155653255)
882,,THEFT FROM AUTO,BURNABY,PRENTER ST : 6800 - 6849 Block,9479577b-a0b5-4ab0-a303-6dccfbb6d227,1758302013451,burnaby.gis,1758302013451,burnaby.gis,1741478400000,POINT (-122.9632931332 49.215150526)
883,,THEFT FROM AUTO,BURNABY,ELSOM AV /SARDIS ST,39d79510-afb6-42fa-a302-7024382a5e66,1758302013451,burnaby.gis,1758302013451,burnaby.gis,1741478400000,POINT (-123.0011745393 49.2337638691)
884,,BREAK & ENTER-RESIDENCE,BURNABY,PORTLAND ST : 5600 - 5799 Block,0b7e7ff2-0148-4013-ac52-d37d5a6fbcae,1758302013451,burnaby.gis,1758302013451,burnaby.gis,1741392000000,POINT (-122.9811539471 49.2120951577)
885,,THEFT FROM AUTO,BURNABY,MAGNOLIA TE : 7400 - 7599 Block,beb79c60-df9a-4a49-b139-cc5dac12cb2d,1758302013451,burnaby.gis,1758302013451,burnaby.gis,1741478400000,POINT (-122.9639586764 49.2155841575)
886,,THEFT FROM AUTO,BURNABY,ALBERT ST : 4700 - 4799 Block,15e7cd0c-a22c-41f8-b473-4e16cf05f0cb,1758302013451,burnaby.gis,1758302013451,burnaby.gis,1741478400000,POINT (-122.9960760701 49.2818708823)
887,,THEFT FROM AUTO,BURNABY,ALBERT ST : 3900 - 3999 Block,e5c75dce-c647-468c-b252-f6c141a920d2,1758302013451,burnaby.gis,1758302013451,burnaby.gis,1741564800000,POINT (-123.0174280744 49.2820056244)
888,,BREAK & ENTER-OTHER,BURNABY,MCCONNELL DR /WINSTON ST,f345bf98-86db-4e9f-b527-5fcad1a44ce4,1758302013451,burnaby.gis,1758302013451,burnaby.gis,1741564800000,POINT (-122.9375666731 49.2482034792)
889,,THEFT FROM AUTO,BURNABY,ALBERT ST : 3900 - 3999 Block,e36bc7df-8ec9-4ded-b7dd-9a8fe1fec067,1758302013451,burnaby.gis,1758302013451,burnaby.gis,1741564800000,POINT (-123.0174280744 49.2820056244)
890,,THEFT FROM AUTO,BURNABY,KINGSWAY : 4800 - 4849 Block,a130deef-a189-4f3b-b7f9-8ecc5ad012e9,1758302013451,burnaby.gis,1758302013451,burnaby.gis,1741564800000,POINT (-122.995735521 49.2272131168)
891,,THEFT FROM AUTO,BURNABY,NELSON AV : 5500 - 5599 Block,509af2ec-69e6-4d68-9126-3724af5a1efb,1758302013451,burnaby.gis,1758302013451,burnaby.gis,1741651200000,POINT (-122.9942136019 49.2339098453)
892,,THEFT FROM AUTO,BURNABY,LOUGHEED HY : 4100 - 4299 Block,c65801bb-559e-43df-bb4e-2697b3ea205e,1758302013451,burnaby.gis,1758302013451,burnaby.gis,1741737600000,POINT (-123.0115123977 49.2662867556)
893,,THEFT FROM AUTO,BURNABY,LOUGHEED HY : 4100 - 4299 Block,3dac14ca-f9b7-4d94-9a7d-19a4e236486b,1758302013451,burnaby.gis,1758302013451,burnaby.gis,1741737600000,POINT (-123.0115123977 49.2662867556)
894,,THEFT FROM AUTO,BURNABY,BONSOR AV : 6500 - 6599 Block,02f34c5e-34b8-4984-b5eb-10bc1679b34b,1758302013451,burnaby.gis,1758302013451,burnaby.gis,1741737600000,POINT (-122.9977513508 49.2242542572)
895,,THEFT FROM AUTO,BURNABY,ROYAL OAK AV : 6800 - 6967 Block,ff9dedba-85ce-4fbe-aa0a-de2bb82b5eba,1758302013451,burnaby.gis,1758302013451,burnaby.gis,1741824000000,POINT (-122.9886687111 49.2209309607)
896,,THEFT FROM AUTO,BURNABY,CANBERRA AV /PANDORA ST,c62c7ceb-8e8d-41fe-8ca3-0473e89f0b3d,1758302013451,burnaby.gis,1758302013451,burnaby.gis,1741824000000,POINT (-122.9933262552 49.282740454)
897,,BREAK & ENTER-BUSINESS,BURNABY,KINGSWAY /SUSSEX AV,56568308-7d2d-49b8-9b6a-2af0ecb942c7,1758302013451,burnaby.gis,1758302013451,burnaby.gis,1739318400000,POINT (-122.9993183432 49.2283922605)
898,,THEFT FROM AUTO,BURNABY,DOW AV /VICTORY ST,f5051943-a94d-434d-a7ac-c037f57265a3,1758302013451,burnaby.gis,1758302013451,burnaby.gis,1741910400000,POINT (-123.003099408 49.2184525555)
899,,THEFT FROM AUTO,BURNABY,BRENTLAWN DR : 4600 - 4699 Block,2597c05d-b025-418c-8589-0d336a893b7f,1758302013451,burnaby.gis,1758302013451,burnaby.gis,1741910400000,POINT (-122.9985298841 49.2692248861)
900,,THEFT FROM AUTO,BURNABY,LOUGHEED HY : 4100 - 4299 Block,c2175e37-8bbe-4280-9c87-26452af4e75d,1758302013451,burnaby.gis,1758302013451,burnaby.gis,1742083200000,POINT (-123.0115123977 49.2662867556)
901,,BREAK & ENTER-BUSINESS,BURNABY,CARDSTON CT /CARRIGAN CT,a28687e9-8cc7-42ec-98d7-eb6ede167c50,1758302013451,burnaby.gis,1758302013451,burnaby.gis,1742169600000,POINT (-122.9019876076 49.2481043318)
902,,BREAK & ENTER-BUSINESS,BURNABY,KEMP ST /WILSON AV,c3da8869-2f88-4f86-a673-e4ecb679074d,1758302013451,burnaby.gis,1758302013451,burnaby.gis,1742169600000,POINT (-123.008529326 49.2305035309)
903,,THEFT FROM AUTO,BURNABY,CARNEGIE ST : 6600 - 6879 Block,c14ed0f8-04cb-4e85-a2c7-516fd02cc38b,1758302013451,burnaby.gis,1758302013451,burnaby.gis,1742256000000,POINT (-122.9632012113 49.2766881045)
904,,BREAK & ENTER-OTHER,BURNABY,BENNETT ST : 4900 - 4999 Block,64b35882-5b6b-44ee-9119-bd3f29dfab51,1758302013451,burnaby.gis,1758302013451,burnaby.gis,1742256000000,POINT (-122.9928821957 49.2251879072)
905,,THEFT OF AUTO,BURNABY,MCKAY AV /SOUTHWOOD ST,bfe66cce-7450-469f-a320-b97f8cda248a,1758302013451,burnaby.gis,1758302013451,burnaby.gis,1742342400000,POINT (-123.0086696761 49.2134300522)
906,,THEFT FROM AUTO,BURNABY,KEMP ST /WILSON AV,1ccfbba3-634f-4fec-83ba-13763de6c332,1758302013451,burnaby.gis,1758302013451,burnaby.gis,1742428800000,POINT (-123.008529326 49.2305035309)
907,,THEFT FROM AUTO,BURNABY,MARKET XG : 7200 - 7399 Block,03475030-4481-4d16-bbcd-6065098676d3,1758302013451,burnaby.gis,1758302013451,burnaby.gis,1742515200000,POINT (-122.9825966684 49.1996898364)
908,,THEFT FROM AUTO,BURNABY,GRANT ST : 6500 - 6699 Block,59c54b44-aab6-48e2-bb97-c6384d7d04fd,1758302013451,burnaby.gis,1758302013451,burnaby.gis,1742601600000,POINT (-122.9679170412 49.2706972006)
909,,BREAK & ENTER-OTHER,BURNABY,UNIVERSITY DR /UNIVERSITY HIGH ST,46cd60ad-29c9-4b79-ac64-7421bb0b9452,1758302013451,burnaby.gis,1758302013451,burnaby.gis,1741824000000,POINT (-122.9119893141 49.2792983646)
910,,BREAK & ENTER-BUSINESS,BURNABY,DAWSON ST /WILLINGDON AV,fff60cc3-ed66-4718-94b2-a12a43c86003,1758302013451,burnaby.gis,1758302013451,burnaby.gis,1741824000000,POINT (-123.0032454866 49.2644334746)
911,,BREAK & ENTER-OTHER,BURNABY,DOUGLAS RD /NORLAND AV,5ebc6a70-6405-4364-97fa-a225bca6a1ae,1758302013451,burnaby.gis,1758302013451,burnaby.gis,1742774400000,POINT (-122.9832666541 49.2592946656)
912,,THEFT FROM AUTO,BURNABY,GAGLARDI WY /UNIVERSITY DR,4f99fd86-f415-4e18-9f67-2d8ce9f5409c,1758302013451,burnaby.gis,1758302013451,burnaby.gis,1742860800000,POINT (-122.9200489102 49.2801262728)
913,,BREAK & ENTER-BUSINESS,BURNABY,STATION HILL DR : 6800 - 6839 Block,58863ade-4a09-4ef2-861e-aedc61cccd1a,1758302013451,burnaby.gis,1758302013451,burnaby.gis,1742947200000,POINT (-122.960999557 49.2110059152)
914,,THEFT FROM AUTO,BURNABY,ALPHA AV /PENDER ST,00e435c2-26a2-4923-aa7e-2bc816f27d7d,1758302013451,burnaby.gis,1758302013451,burnaby.gis,1742947200000,POINT (-123.0002516929 49.2800819338)
915,,THEFT FROM AUTO,BURNABY,CAMBRIDGE ST /ROSSER AV N,0345fa27-5369-47c7-af6f-e9d487d48cf4,1758302013451,burnaby.gis,1758302013451,burnaby.gis,1743033600000,POINT (-123.0057663644 49.2864400333)
916,,THEFT FROM AUTO,BURNABY,GRANGE ST : 4200 - 4299 Block,eb647d29-5033-4bcd-b619-cf1fde905694,1758302013451,burnaby.gis,1758302013451,burnaby.gis,1743120000000,POINT (-123.0099568074 49.2328669928)
917,,BREAK & ENTER-BUSINESS,BURNABY,EDMONDS ST : 7200 - 7299 Block,546be900-4d76-4fb1-be22-e5e1df591229,1758302013451,burnaby.gis,1758302013451,burnaby.gis,1743120000000,POINT (-122.9525223293 49.2176436019)
918,,BREAK & ENTER-BUSINESS,BURNABY,EVERGREEN PL :  -  Block,ac0f026d-2fcd-4615-aeed-32e74b9e4401,1758302013451,burnaby.gis,1758302013451,burnaby.gis,1743120000000,POINT (-122.8934055902 49.2498620332)
919,,THEFT FROM AUTO,BURNABY,MARKET XG : 7200 - 7399 Block,61df6f2e-386d-4f6f-9304-0b7e6e67b40e,1758302013451,burnaby.gis,1758302013451,burnaby.gis,1743292800000,POINT (-122.9825966684 49.1996898364)
920,,THEFT FROM AUTO,BURNABY,HALIFAX ST /WARWICK AV,099e1f2d-a004-47d6-9e4c-5bee07f9d4cb,1758302013451,burnaby.gis,1758302013451,burnaby.gis,1743379200000,POINT (-122.9785375355 49.2679981416)
921,,THEFT FROM AUTO,BURNABY,EGLINTON ST : 5200 - 5299 Block,29d5d243-3e79-4c8d-b805-ca3ff2095ac6,1758302013451,burnaby.gis,1758302013451,burnaby.gis,1743379200000,POINT (-122.9883423028 49.2438785972)
922,,THEFT FROM AUTO,BURNABY,CAMERON ST : 9760 - 9899 Block,bb86526a-cbd3-4f23-8b02-33fd33d47b3b,1758302013451,burnaby.gis,1758302013451,burnaby.gis,1743379200000,POINT (-122.8946526987 49.253415805)
923,,THEFT FROM AUTO,BURNABY,CENTENNIAL WY /PANDORA ST,5160e130-cc3d-4cd1-8377-b58365936e6f,1758302013451,burnaby.gis,1758302013451,burnaby.gis,1743465600000,POINT (-122.9363969349 49.2823787984)
924,,BREAK & ENTER-RESIDENCE,BURNABY,BARNET RD : 7100 - 7175 Block,24838f84-07a0-4450-8949-f9de89d17852,1758302013451,burnaby.gis,1758302013451,burnaby.gis,1743465600000,POINT (-122.9557052128 49.281348243)
925,,BREAK & ENTER-OTHER,BURNABY,BETA AV /FRANCES ST,5a6668b3-bb5a-4dfa-a996-d46527472922,1758302013451,burnaby.gis,1758302013451,burnaby.gis,1743552000000,POINT (-122.9974995277 49.2791658853)
926,,BREAK & ENTER-BUSINESS,BURNABY,KINGSWAY /ROYAL OAK AV,3763f280-3883-4cfe-b0bd-01361a9ca766,1758302013451,burnaby.gis,1758302013451,burnaby.gis,1743638400000,POINT (-122.9889144716 49.2249674473)
927,,THEFT FROM AUTO,BURNABY,GRANGE ST : 4700 - 4799 Block,2624e736-2ba3-4e91-96ad-c6edef0a9417,1758302013451,burnaby.gis,1758302013451,burnaby.gis,1743638400000,POINT (-122.9970878976 49.229946744)
928,,BREAK & ENTER-BUSINESS,BURNABY,CANADA WY : 6800 - 6899 Block,640efc21-8044-4ea6-ac1e-c4ad9e097ebf,1758302013451,burnaby.gis,1758302013451,burnaby.gis,1743724800000,POINT (-122.9446692357 49.227057897)
929,,BREAK & ENTER-OTHER,BURNABY,DUNDAS ST /HOLDOM AV N,4cf09bef-c657-4f71-a59f-95f1a3ebd799,1758302013451,burnaby.gis,1758302013451,burnaby.gis,1743552000000,POINT (-122.9808198515 49.2843404063)
930,,THEFT FROM AUTO,BURNABY,BERESFORD ST /SUSSEX AV,d92d4526-5347-472d-9ddf-8a8dbc37cf2c,1758302013451,burnaby.gis,1758302013451,burnaby.gis,1743811200000,POINT (-123.0021720462 49.2246610271)
931,,THEFT FROM AUTO,BURNABY,11TH AV /CUMBERLAND ST,d8a26fd2-34d8-4acc-bb5d-97921b78ce4c,1758302013451,burnaby.gis,1758302013451,burnaby.gis,1743897600000,POINT (-122.912873271 49.2278845785)
932,,BREAK & ENTER-BUSINESS,BURNABY,DAWSON ST /GILMORE AV,f26fd242-dde4-4a85-9242-172d798dc3fd,1758302013451,burnaby.gis,1758302013451,burnaby.gis,1743984000000,POINT (-123.0142750075 49.2644836263)
933,,BREAK & ENTER-BUSINESS,BURNABY,STILL CREEK AV : 4800 - 4899 Block,c9ae5d60-d484-4293-bc9b-9bc6ff5b97cf,1758302013451,burnaby.gis,1758302013451,burnaby.gis,1744070400000,POINT (-122.9939782836 49.260825568)
934,,THEFT OF AUTO,BURNABY,BARKER CR : 4800 - 4869 Block,c5cd06c3-0443-4ad2-af96-b02759393a68,1758302013451,burnaby.gis,1758302013451,burnaby.gis,1744070400000,POINT (-123.0058695094 49.2407432488)
935,,THEFT OF AUTO,BURNABY,HOLMES ST : 9130 - 9189 Block,2097b774-a143-4647-ac46-481ff54918ab,1758302013451,burnaby.gis,1758302013451,burnaby.gis,1744156800000,POINT (-122.9014020612 49.2353622696)
936,,BREAK & ENTER-RESIDENCE,BURNABY,FELL AV : 200 - 399 Block,f745ad4e-246f-4dbb-bae1-c7b4f5f2525a,1758302013451,burnaby.gis,1758302013451,burnaby.gis,1744243200000,POINT (-122.9755324891 49.2814533312)
937,,THEFT FROM AUTO,BURNABY,MARINE WY : 3800 - 3849 Block,8543b6fa-40bd-4044-91ab-b2d9681aa645,1758302013451,burnaby.gis,1758302013451,burnaby.gis,1744329600000,POINT (-123.0199510843 49.2054292815)
938,,BREAK & ENTER-OTHER,BURNABY,ARCOLA WY : 7100 - 7199 Block,2ee69c4b-ffc2-45ca-9396-c1e8344215e8,1758302013451,burnaby.gis,1758302013451,burnaby.gis,1744243200000,POINT (-122.9562259182 49.2193109339)
939,,THEFT FROM AUTO,BURNABY,KINGSWAY /SUSSEX AV,980070f3-1c94-4a48-a47d-7da6abe9c4c4,1758302013451,burnaby.gis,1758302013451,burnaby.gis,1744416000000,POINT (-122.9993183432 49.2283922605)
940,,THEFT FROM AUTO,BURNABY,BRYANT ST /NOLAN ST,4af899c2-2869-428f-8d92-c9cae7c12e96,1758302013451,burnaby.gis,1758302013451,burnaby.gis,1744588800000,POINT (-122.9776796818 49.2249411554)
941,,THEFT FROM AUTO,BURNABY,WAVERLEY AV : 6800 - 7199 Block,bd52e9eb-ebc1-4330-92f8-403340aafe04,1758302013451,burnaby.gis,1758302013451,burnaby.gis,1744588800000,POINT (-122.9976081997 49.2201922967)
942,,BREAK & ENTER-BUSINESS,BURNABY,ALBERT ST : 4100 - 4199 Block,711a980a-5e7e-4db7-9578-2ae8c5f3e32f,1758302013451,burnaby.gis,1758302013451,burnaby.gis,1744502400000,POINT (-123.0127808719 49.281972772)
943,,THEFT OF AUTO,BURNABY,FELL AV /FRANCES ST,70a4a119-3047-47e1-a27e-6575fd977521,1758302013451,burnaby.gis,1758302013451,burnaby.gis,1744675200000,POINT (-122.9755583105 49.2791099976)
944,,THEFT FROM AUTO,BURNABY,BROADWAY /FOREST GROVE DR,9f9b74b6-7c4c-4fa3-aa29-e8ed0af7d282,1758302013451,burnaby.gis,1758302013451,burnaby.gis,1744934400000,POINT (-122.9145127159 49.2609140343)
945,,THEFT FROM AUTO,BURNABY,BOND ST /PATTERSON AV,351fb2f5-7eed-44fc-913c-fb37952ce5df,1758302013451,burnaby.gis,1758302013451,burnaby.gis,1745020800000,POINT (-123.0134990058 49.2355134761)
946,,THEFT FROM AUTO,BURNABY,GAGLARDI WY /UNIVERSITY DR,8ed32138-4c97-4e1d-8f26-84096a3babb4,1758302013451,burnaby.gis,1758302013451,burnaby.gis,1745107200000,POINT (-122.9200489102 49.2801262728)
947,,BREAK & ENTER-OTHER,BURNABY,LAKE CITY WY : 3000 - 3299 Block,5a5c322a-8af1-4dcd-b202-aee8c86a2020,1758302013451,burnaby.gis,1758302013451,burnaby.gis,1745107200000,POINT (-122.9379565539 49.2566176005)
948,,THEFT FROM AUTO,BURNABY,GAGLARDI WY /UNIVERSITY DR,f964c49c-55df-4881-934c-e666cc7de885,1758302013451,burnaby.gis,1758302013451,burnaby.gis,1745107200000,POINT (-122.9200489102 49.2801262728)
949,,BREAK & ENTER-BUSINESS,BURNABY,WINLAKE CR : 3500 - 3999 Block,5bdbea1c-416a-4446-a21c-61c1a08d08dc,1758302013451,burnaby.gis,1758302013451,burnaby.gis,1745107200000,POINT (-122.9335265033 49.2488675399)
950,,BREAK & ENTER-BUSINESS,BURNABY,LOUGHEED HY : 4800 - 4839 Block,f1d93692-4575-4dcf-b808-a10d0cbff013,1758302013451,burnaby.gis,1758302013451,burnaby.gis,1745193600000,POINT (-122.9941948066 49.2656264652)
951,,THEFT FROM AUTO,BURNABY,KINGSWAY /SUSSEX AV,cd13cfe4-e17d-4c73-be15-ca2601c7bb61,1758302013451,burnaby.gis,1758302013451,burnaby.gis,1745193600000,POINT (-122.9993183432 49.2283922605)
952,,BREAK & ENTER-RESIDENCE,BURNABY,UNIVERSITY CR : 9100 - 9399 Block,1fca2d18-8eaa-425b-8883-792df26a2737,1758302013451,burnaby.gis,1758302013451,burnaby.gis,1745280000000,POINT (-122.9059277151 49.2796556107)
953,,THEFT FROM AUTO,BURNABY,LOUGHEED HY : 4100 - 4299 Block,201ee9f9-7436-49df-8dcd-3367400b4442,1758302013451,burnaby.gis,1758302013451,burnaby.gis,1745452800000,POINT (-123.0115123977 49.2662867556)
954,,BREAK & ENTER-OTHER,BURNABY,JAMES ST /OLIVE AV,099842a6-f4a0-4fad-9b37-f2ba51d336d8,1758302013451,burnaby.gis,1758302013451,burnaby.gis,1745539200000,POINT (-123.0110275565 49.2306819142)
955,,THEFT FROM AUTO,BURNABY,CEDARGLEN PL /GARDEN GROVE DR,6f476343-5abb-47e4-9021-6b7fa208025d,1758302013451,burnaby.gis,1758302013451,burnaby.gis,1745193600000,POINT (-122.99619484 49.2486630735)
956,,THEFT FROM AUTO,BURNABY,KINGSWAY : 4220 - 4309 Block,e6a8b86d-1a29-4b27-9e0c-8846ca708b97,1758302013451,burnaby.gis,1758302013451,burnaby.gis,1745625600000,POINT (-123.0087968864 49.231505349)
957,,THEFT FROM AUTO,BURNABY,CENTRAL BV : 4500 - 4699 Block,64ceb5b0-cb03-41e6-b629-f7d238cabece,1758302013451,burnaby.gis,1758302013451,burnaby.gis,1745712000000,POINT (-123.0021909882 49.2251181164)
958,,BREAK & ENTER-OTHER,BURNABY,CARLETON AV N /MCGILL ST,26da03c7-82be-459c-9627-4363898a6517,1758302013451,burnaby.gis,1758302013451,burnaby.gis,1745712000000,POINT (-123.0112512441 49.2882846143)
959,,THEFT FROM AUTO,BURNABY,BONSOR AV : 6500 - 6599 Block,a5fc6945-e9a3-4c13-83a3-5904cdab1b73,1758302013451,burnaby.gis,1758302013451,burnaby.gis,1745712000000,POINT (-122.9977513508 49.2242542572)
960,,THEFT FROM AUTO,BURNABY,GAGLARDI WY /UNIVERSITY DR,ce1df146-ec70-47c2-9d2c-ab831dea8db2,1758302013451,burnaby.gis,1758302013451,burnaby.gis,1745625600000,POINT (-122.9200489102 49.2801262728)
961,,THEFT OF AUTO,BURNABY,IMPERIAL ST /RANDOLPH AV,642e1f0c-a011-4205-8b8b-9463fa34abe8,1758302013451,burnaby.gis,1758302013451,burnaby.gis,1745798400000,POINT (-122.9733490304 49.2220173589)
962,,THEFT FROM AUTO,BURNABY,KINGSWAY : 6900 - 6999 Block,4bef64b3-dd09-4734-b0a9-c45d6b4d0b5d,1758302013451,burnaby.gis,1758302013451,burnaby.gis,1745798400000,POINT (-122.9601944069 49.2184501037)
963,,THEFT FROM AUTO,BURNABY,STILL CREEK AV : 4500 - 4599 Block,e78f6f75-fb30-4831-94b9-5ecf2874cfed,1758302013451,burnaby.gis,1758302013451,burnaby.gis,1745798400000,POINT (-123.0027519006 49.2601074606)
964,,THEFT FROM AUTO,BURNABY,TRIUMPH ST : 3700 - 3799 Block,4aa4b4c1-cb5a-4243-afe2-5e7cb50acd78,1758302013451,burnaby.gis,1758302013451,burnaby.gis,1745798400000,POINT (-123.0221378087 49.2838483721)
965,,THEFT FROM AUTO,BURNABY,LOUGHEED HY /MADISON AV,56c9b050-ef6d-43b0-8550-195ea3fde0a0,1758302013451,burnaby.gis,1758302013451,burnaby.gis,1745884800000,POINT (-123.0087576028 49.2664228104)
966,,THEFT FROM AUTO,BURNABY,BOUNDARY RD : 4960 - 5160 Block,65975422-81c4-4ad0-8568-51f9f71c721e,1758302013451,burnaby.gis,1758302013451,burnaby.gis,1745971200000,POINT (-123.0235748514 49.2384556195)
967,,THEFT FROM AUTO,BURNABY,FORGLEN DR /MAITLAND ST,c70dc2e5-0d12-4330-a686-6f70f6e043c6,1758302013451,burnaby.gis,1758302013451,burnaby.gis,1746057600000,POINT (-122.9900565637 49.2310054089)
968,,THEFT FROM AUTO,BURNABY,PORTLAND ST : 6100 - 6299 Block,fcd8032a-2318-42f1-b100-d8f537619fca,1758302013451,burnaby.gis,1758302013451,burnaby.gis,1746144000000,POINT (-122.97332191 49.2120217942)
969,,BREAK & ENTER-OTHER,BURNABY,HALIFAX ST /WILLINGDON AV,11cf63b1-0c79-4379-97ff-63b6827f75fb,1758302013451,burnaby.gis,1758302013451,burnaby.gis,1746316800000,POINT (-123.003233114 49.268026613)
970,,BREAK & ENTER-RESIDENCE,BURNABY,NOLAN ST : 6500 - 6799 Block,822858f4-b995-4577-b6c7-649f65619ba4,1758302013451,burnaby.gis,1758302013451,burnaby.gis,1746230400000,POINT (-122.977662316 49.2234353729)
971,,THEFT FROM AUTO,BURNABY,BALMORAL ST /GRIFFITHS AV,3def61d5-7bd0-4ea5-98a5-d20a057828b5,1758302013451,burnaby.gis,1758302013451,burnaby.gis,1746230400000,POINT (-122.9610043702 49.2202093165)
972,,THEFT FROM AUTO,BURNABY,MADISON AV : 1500 - 1599 Block,2cfb7c57-a3d6-4ad1-bc58-9d5b7fb15241,1758302013451,burnaby.gis,1758302013451,burnaby.gis,1746316800000,POINT (-123.0087617876 49.270656392)
973,,THEFT FROM AUTO,BURNABY,LOUGHEED HY : 4400 - 4499 Block,e4bc1c43-53e8-4c07-9d0d-5ffeb7ce4777,1758302013451,burnaby.gis,1758302013451,burnaby.gis,1745971200000,POINT (-123.0046151515 49.2664589238)
974,,THEFT FROM AUTO,BURNABY,CARIBOO PL : 6996 - 6999 Block,19d7b44e-8e05-4c3c-9508-e48a1e3a3ee4,1758302013451,burnaby.gis,1758302013451,burnaby.gis,1746230400000,POINT (-122.9125591978 49.2480292127)
975,,BREAK & ENTER-BUSINESS,BURNABY,6TH ST : 7550 - 7599 Block,e74fd2a1-214d-4b4f-a9f3-a95572a8e6ea,1758302013451,burnaby.gis,1758302013451,burnaby.gis,1746403200000,POINT (-122.9325208997 49.2228533144)
976,,THEFT OF AUTO,BURNABY,NEVILLE ST /ROYAL OAK AV,9ef2fd03-459e-4816-80d5-a914fa8d55b2,1758302013451,burnaby.gis,1758302013451,burnaby.gis,1746403200000,POINT (-122.9884808652 49.213925919)
977,,THEFT FROM AUTO,BURNABY,DUNDAS ST /STRATFORD AV N,cbcfe067-91fb-45c5-a005-a7c36e7ee0ba,1758302013451,burnaby.gis,1758302013451,burnaby.gis,1746403200000,POINT (-122.9766893609 49.2842834042)
978,,BREAK & ENTER-BUSINESS,BURNABY,UNIVERSITY CR : 9100 - 9399 Block,f13ee50a-5728-46cf-b730-b36c852494a8,1758302013451,burnaby.gis,1758302013451,burnaby.gis,1746403200000,POINT (-122.9059277151 49.2796556107)
979,,THEFT FROM AUTO,BURNABY,MYRTLE ST : 3800 - 3899 Block,c65a1619-9de3-4b51-971b-cf88e1a99b70,1758302013451,burnaby.gis,1758302013451,burnaby.gis,1746489600000,POINT (-123.0187852946 49.2599838214)
980,,THEFT FROM AUTO,BURNABY,16TH ST /17TH AV,5c5efceb-3dbf-480f-a249-f163a9e6c485,1758302013451,burnaby.gis,1758302013451,burnaby.gis,1746489600000,POINT (-122.9515552524 49.2153596071)
981,,THEFT FROM AUTO,BURNABY,PATTERSON AV : 6100 - 6299 Block,53ec8772-13e8-40a9-adfd-91bdb8ac7048,1758302013451,burnaby.gis,1758302013451,burnaby.gis,1746489600000,POINT (-123.0126352028 49.2281506425)
982,,BREAK & ENTER-BUSINESS,BURNABY,HASTINGS ST /MADISON AV,0223ab59-c3cc-447d-b250-9bc5dd14838c,1758302013451,burnaby.gis,1758302013451,burnaby.gis,1746662400000,POINT (-123.0086533127 49.2810339786)
983,,THEFT FROM AUTO,BURNABY,MCGREGOR AV /RUMBLE ST,04430c62-7205-4e98-b491-0793eab020c9,1758302013451,burnaby.gis,1758302013451,burnaby.gis,1746662400000,POINT (-122.9902845916 49.2148524957)
984,,BREAK & ENTER-BUSINESS,BURNABY,MCKAY AV : 6000 - 6179 Block,1b474bed-312e-4a31-9610-7675d20a6ffc,1758302013451,burnaby.gis,1758302013451,burnaby.gis,1746662400000,POINT (-123.0036750259 49.2287548566)
985,,THEFT FROM AUTO,BURNABY,EMPIRE DR : 5400 - 5499 Block,d5dc0bed-0500-46e0-baab-0b931e88078f,1758302013451,burnaby.gis,1758302013451,burnaby.gis,1746748800000,POINT (-122.9842839679 49.2807391995)
986,,THEFT FROM AUTO,BURNABY,ALBERT ST : 4600 - 4699 Block,45ac90bc-2372-4c47-9ad7-823ffdb3173a,1758302013451,burnaby.gis,1758302013451,burnaby.gis,1746835200000,POINT (-122.9988469803 49.2818803085)
987,,THEFT FROM AUTO,BURNABY,15TH AV /EOR - END OF ROAD,8f3a3292-efd8-4148-bd6c-555410972e22,1758302013451,burnaby.gis,1758302013451,burnaby.gis,1746921600000,POINT (-122.94396543 49.2174832053)
988,,THEFT FROM AUTO,BURNABY,FREDERICK AV : 6800 - 7199 Block,df6a01ab-ea2d-4092-820c-19c3f1e67165,1758302013451,burnaby.gis,1758302013451,burnaby.gis,1747008000000,POINT (-123.0013798225 49.2201955947)
989,,THEFT FROM AUTO,BURNABY,SANDBORNE AV /STATION HILL DR,affd48b3-fbbe-4f03-87bb-fcdbfd7e7b93,1758302013451,burnaby.gis,1758302013451,burnaby.gis,1747008000000,POINT (-122.9621385766 49.2103810132)
990,,THEFT OF AUTO,BURNABY,SMITH AV : 4750 - 4789 Block,9412986b-b97f-4f4d-99ab-897a1e9fd3be,1758302013451,burnaby.gis,1758302013451,burnaby.gis,1747180800000,POINT (-123.0198131613 49.2416858861)
991,,THEFT FROM AUTO,BURNABY,RIVERBEND DR /WIGGINS ST,99f9b83d-5727-48d5-8ef9-dc08c4a6b7b7,1758302013451,burnaby.gis,1758302013451,burnaby.gis,1747267200000,POINT (-122.9719837879 49.1882065775)
992,,THEFT FROM AUTO,BURNABY,ELWELL ST : 7100 - 7209 Block,9678cf60-42e6-42be-b50f-9171e2d095c1,1758302013451,burnaby.gis,1758302013451,burnaby.gis,1747180800000,POINT (-122.9562400382 49.221215765)
993,,BREAK & ENTER-BUSINESS,BURNABY,KINGSWAY : 4700 - 4749 Block,7e6e5e75-16d3-4f71-8ff5-6430f7fc81aa,1758302013451,burnaby.gis,1758302013451,burnaby.gis,1747267200000,POINT (-122.9985077324 49.2281264308)
994,,THEFT FROM AUTO,BURNABY,HAZEL ST : 4800 - 4829 Block,003d4bde-2228-40de-bc6f-451c54c06e21,1758302013451,burnaby.gis,1758302013451,burnaby.gis,1746316800000,POINT (-122.9957552079 49.2281727784)
995,,BREAK & ENTER-RESIDENCE,BURNABY,18TH AV : 7200 - 7299 Block,207263c6-ad43-459f-8756-7f2752db9f48,1758302013451,burnaby.gis,1758302013451,burnaby.gis,1747440000000,POINT (-122.9510767899 49.2170158109)
996,,THEFT FROM AUTO,BURNABY,STRATHMORE AV : 6600 - 6899 Block,ff797679-9cb1-4ca9-8de6-ac1cf19e8c2b,1758302013451,burnaby.gis,1758302013451,burnaby.gis,1747353600000,POINT (-122.9525096795 49.2242275736)
997,,THEFT OF AUTO,BURNABY,RUMBLE ST : 4100 - 4299 Block,30ab4051-5ac3-4862-97aa-39c59d771549,1758302013451,burnaby.gis,1758302013451,burnaby.gis,1747526400000,POINT (-123.010524754 49.2148453494)
998,,BREAK & ENTER-RESIDENCE,BURNABY,MANOR ST : 4904 - 5199 Block,d43b1065-2adb-4026-b540-bf481de5aae1,1758302013451,burnaby.gis,1758302013451,burnaby.gis,1747526400000,POINT (-122.9912064065 49.2571081803)
999,,THEFT FROM AUTO,BURNABY,FRANCES ST : 4800 - 4899 Block,5102ee6b-d4b6-4eb9-82ae-67352e04e441,1758302013451,burnaby.gis,1758302013451,burnaby.gis,1747526400000,POINT (-122.9934179042 49.2791498668)
1000,,BREAK & ENTER-BUSINESS,BURNABY,DOUGLAS RD /REGENT ST,311694d1-995c-4200-b1a7-749af5dfa6c6,1758302013451,burnaby.gis,1758302013451,burnaby.gis,1735948800000,POINT (-122.9830375541 49.2583749388)
1001,,THEFT FROM AUTO,BURNABY,KENSINGTON AV : 3400 - 3799 Block,cab55d11-66d4-43ea-9570-e9fcb461c72a,1758302013451,burnaby.gis,1758302013451,burnaby.gis,1736035200000,POINT (-122.9665621342 49.2516872082)
1002,,THEFT FROM AUTO,BURNABY,STRIDE AV : 7100 - 7149 Block,092a09d9-de6f-4d80-ac6d-4cea0fdfa311,1758302013451,burnaby.gis,1758302013451,burnaby.gis,1736121600000,POINT (-122.9526278648 49.2128147332)
1003,,THEFT FROM AUTO,BURNABY,REGENT ST : 5200 - 5499 Block,bfc7768f-82f5-401c-97be-d7455564a159,1758302013451,burnaby.gis,1758302013451,burnaby.gis,1736121600000,POINT (-122.9860091478 49.2583800713)
1004,,THEFT FROM AUTO,BURNABY,GRANT ST /MACDONALD AV,70f623c4-aa67-4dda-99a9-4562c2e2e993,1758302013451,burnaby.gis,1758302013451,burnaby.gis,1736121600000,POINT (-123.016319639 49.271177134)
1005,,BREAK & ENTER-BUSINESS,BURNABY,HAZEL ST : 4830 - 4899 Block,7cbdd8e7-4498-4d2f-b03a-0fe7c92d28aa,1758302013451,burnaby.gis,1758302013451,burnaby.gis,1736294400000,POINT (-122.9946476058 49.227933637)
1006,,THEFT OF AUTO,BURNABY,CANADA WY : 7630 - 7640 Block,6be97195-b3d0-4a81-a2a9-4f700e36c64d,1758302013451,burnaby.gis,1758302013451,burnaby.gis,1736380800000,POINT (-122.9355339708 49.2199109352)
1007,,THEFT FROM AUTO,BURNABY,EVERGREEN PL :  -  Block,27f1c14d-4b8a-4d54-93eb-17daaf2df59a,1758302013451,burnaby.gis,1758302013451,burnaby.gis,1736380800000,POINT (-122.8934055902 49.2498620332)
1008,,THEFT FROM AUTO,BURNABY,BURLINGTON AV /GRIMMER ST,82adbff6-98a4-433b-9f0f-7b66211e32fc,1758302013451,burnaby.gis,1758302013451,burnaby.gis,1736380800000,POINT (-122.9903012564 49.2233889257)
1009,,THEFT FROM AUTO,BURNABY,2ND AV /MACDONALD AV,af3bb4f1-59c7-44ec-86c5-e0518c08e409,1758302013451,burnaby.gis,1758302013451,burnaby.gis,1736380800000,POINT (-123.0163449048 49.2684658771)
1010,,BREAK & ENTER-BUSINESS,BURNABY,MARKET XG : 7200 - 7399 Block,8af96cf1-f36b-4b1b-bb1c-8023d20beef3,1758302013451,burnaby.gis,1758302013451,burnaby.gis,1736467200000,POINT (-122.9825966684 49.1996898364)
1011,,BREAK & ENTER-BUSINESS,BURNABY,JERSEY AV /KINGSWAY,fb0d5b61-99c5-4e36-b25a-1928265ac98d,1758302013451,burnaby.gis,1758302013451,burnaby.gis,1736553600000,POINT (-123.0170320148 49.2327580852)
1012,,BREAK & ENTER-OTHER,BURNABY,WOODSWORTH ST : 5900 - 6999 Block,ae67309f-dd8b-4be6-ae37-1120f35c07c7,1758302013451,burnaby.gis,1758302013451,burnaby.gis,1736467200000,POINT (-122.9767001377 49.2508499027)
1013,,BREAK & ENTER-RESIDENCE,BURNABY,ESMOND AV /MANOR ST,82c35aad-5ddd-4a84-991c-82fb42e3537f,1758302013451,burnaby.gis,1758302013451,burnaby.gis,1736553600000,POINT (-123.0216876761 49.2572972928)
1014,,BREAK & ENTER-BUSINESS,BURNABY,DENBIGH AV : 6400 - 6599 Block,31f8f32a-0045-44a0-8811-9d2ed4508534,1758302013451,burnaby.gis,1758302013451,burnaby.gis,1736640000000,POINT (-122.9840827634 49.2248074185)
1015,,THEFT FROM AUTO,BURNABY,DOMINION ST /SUMNER AV,e7774704-26da-4bed-8d39-9b52442b0334,1758302013451,burnaby.gis,1758302013451,burnaby.gis,1736640000000,POINT (-123.0082886172 49.2562942612)
1016,,BREAK & ENTER-BUSINESS,BURNABY,IMPERIAL ST /MARLBOROUGH AV,2ebd8121-b777-49f3-ab2e-64309ffc2c1f,1758302013451,burnaby.gis,1758302013451,burnaby.gis,1736726400000,POINT (-122.9915500498 49.2219436187)
1017,,BREAK & ENTER-BUSINESS,BURNABY,DAWSON ST /MADISON AV,28a90cc6-2a39-4b7f-a378-52b3f975e0f5,1758302013451,burnaby.gis,1758302013451,burnaby.gis,1736726400000,POINT (-123.0087687469 49.2644573274)
1018,,BREAK & ENTER-BUSINESS,BURNABY,UNDERHILL AV : 3100 - 3199 Block,45160a0a-a503-402b-a1d6-f2b5a4ac8ebf,1758302013451,burnaby.gis,1758302013451,burnaby.gis,1736726400000,POINT (-122.9276924332 49.2552696109)
1019,,THEFT FROM AUTO,BURNABY,LOUGHEED HY : 4100 - 4299 Block,c486adbe-64e9-4f39-b357-51f9293c9ca6,1758302013451,burnaby.gis,1758302013451,burnaby.gis,1736726400000,POINT (-123.0115123977 49.2662867556)
1020,,THEFT FROM AUTO,BURNABY,KINGSWAY : 4800 - 4849 Block,bfdcffba-f412-45da-a595-68cf10ddb0a4,1758302013451,burnaby.gis,1758302013451,burnaby.gis,1736812800000,POINT (-122.995735521 49.2272131168)
1021,,BREAK & ENTER-RESIDENCE,BURNABY,NORFOLK ST : 3700 - 3749 Block,1f7f4549-35be-4000-842a-b84185803b72,1758302013451,burnaby.gis,1758302013451,burnaby.gis,1736812800000,POINT (-123.0220284377 49.2554910778)
1022,,THEFT OF AUTO,BURNABY,13TH AV /2ND ST,bfee5e2e-a506-427d-9862-3ac41bb9d372,1758302013451,burnaby.gis,1758302013451,burnaby.gis,1736985600000,POINT (-122.9243183891 49.2245949577)
1023,,BREAK & ENTER-RESIDENCE,BURNABY,WILLINGDON AV /WILLINGDON EX,bbc46e16-afce-421f-8595-e4ad6a19f295,1758302013451,burnaby.gis,1758302013451,burnaby.gis,1737072000000,POINT (-123.0113376549 49.2241087547)
1024,,BREAK & ENTER-RESIDENCE,BURNABY,IMPERIAL ST : 4550 - 4599 Block,cd821baa-5d07-474b-99b3-c74aea0553f1,1758302013451,burnaby.gis,1758302013451,burnaby.gis,1737244800000,POINT (-123.0004686743 49.221940427)
1025,,BREAK & ENTER-OTHER,BURNABY,WILLINGDON AV : 6400 - 6499 Block,d2e28ffb-a81e-4ac8-a9ac-b5b6f04d31f9,1758302013451,burnaby.gis,1758302013451,burnaby.gis,1737244800000,POINT (-123.0103209483 49.2250664793)
1026,,THEFT FROM AUTO,BURNABY,BROADWAY : 7500 - 7699 Block,8a6b886f-5a43-4d8b-9f39-ee96330b68e0,1758302013451,burnaby.gis,1758302013451,burnaby.gis,1737244800000,POINT (-122.9431685313 49.2609151007)
1027,,BREAK & ENTER-OTHER,BURNABY,BAINBRIDGE AV /WINSTON ST,b8995744-f23f-45fc-b7f4-c6c7b117b587,1758302013451,burnaby.gis,1758302013451,burnaby.gis,1737331200000,POINT (-122.956091047 49.2511825121)
1028,,THEFT FROM AUTO,BURNABY,REGENT ST /WESTMINSTER AV,95ef4590-8574-49c0-922f-6ed0c0ca364f,1758302013451,burnaby.gis,1758302013451,burnaby.gis,1737417600000,POINT (-122.9933888558 49.2583972931)
1029,,BREAK & ENTER-BUSINESS,BURNABY,ALPHA AV : 2200 - 2499 Block,d49ebb01-fc12-49c5-a5ca-dd66ae9f1e41,1758302013451,burnaby.gis,1758302013451,burnaby.gis,1737417600000,POINT (-123.0003944917 49.2634046617)
1030,,THEFT FROM AUTO,BURNABY,CAPITOL DR /GLYNDE AV,8c6c5ef2-4bed-4a77-a212-8af3b3e6a9b4,1758302013451,burnaby.gis,1758302013451,burnaby.gis,1737590400000,POINT (-122.9891943083 49.2808246372)
1031,,THEFT FROM AUTO,BURNABY,GAGLARDI WY /UNIVERSITY DR,7724af8c-2a46-4c1d-b22a-90dc329b09b1,1758302013451,burnaby.gis,1758302013451,burnaby.gis,1737676800000,POINT (-122.9200489102 49.2801262728)
1032,,THEFT FROM AUTO,BURNABY,17TH AV /4TH ST,7c6e9578-75bb-4032-bcdb-d9c6a593cde8,1758302013451,burnaby.gis,1758302013451,burnaby.gis,1737676800000,POINT (-122.931491803 49.225851161)
1033,,THEFT FROM AUTO,BURNABY,ELWELL ST : 7650 - 7699 Block,83634357-f767-4bc3-b361-fcf7e7c0b2b7,1758302013451,burnaby.gis,1758302013451,burnaby.gis,1737763200000,POINT (-122.9445874501 49.226228898)
1034,,THEFT FROM AUTO,BURNABY,MACDONALD AV /TRIUMPH ST,a68c9e5c-0e27-44f4-9ed6-02ef21d667a9,1758302013451,burnaby.gis,1758302013451,burnaby.gis,1737849600000,POINT (-123.0162164127 49.2838055966)
1035,,THEFT FROM AUTO,BURNABY,PATRICK ST : 5400 - 5599 Block,81979f28-ce2a-44d8-89ae-7629da17fca6,1758302013451,burnaby.gis,1758302013451,burnaby.gis,1737936000000,POINT (-122.9843668467 49.2085139817)
1036,,THEFT FROM AUTO,BURNABY,UNIVERSITY DR /UNIVERSITY DR,b483f0b3-a2ff-4565-9865-6bfd1d31811f,1758302013451,burnaby.gis,1758302013451,burnaby.gis,1738022400000,POINT (-122.9102936844 49.2804077837)
1037,,BREAK & ENTER-BUSINESS,BURNABY,CURRAGH AV /IRMIN ST,16be06fa-c0de-4981-a61a-62cce69d1851,1758302013451,burnaby.gis,1758302013451,burnaby.gis,1738108800000,POINT (-122.9747432368 49.2156611217)
1038,,THEFT OF AUTO,BURNABY,OAKLAND ST /SPERLING AV,0552d74e-409d-4bbf-a830-d40d44103d23,1758302013451,burnaby.gis,1758302013451,burnaby.gis,1738108800000,POINT (-122.9650138954 49.229613539)
1039,,BREAK & ENTER-BUSINESS,BURNABY,HASTINGS ST : 4300 - 4399 Block,520a1e17-4ad9-49bd-bcfd-bc70ef09a651,1758302013451,burnaby.gis,1758302013451,burnaby.gis,1736294400000,POINT (-123.0072760235 49.2810297282)
1040,,BREAK & ENTER-BUSINESS,BURNABY,ALASKA ST /WILLINGDON AV,b9d6bf93-5d79-4564-9f2f-5fd82a35341f,1758302013451,burnaby.gis,1758302013451,burnaby.gis,1738195200000,POINT (-123.0032559948 49.2623692877)
1041,,BREAK & ENTER-BUSINESS,BURNABY,KINGSWAY /MCKAY AV,1f54b5dc-33e8-4860-b6d4-f71bcdebfa31,1758302013451,burnaby.gis,1758302013451,burnaby.gis,1738281600000,POINT (-123.0027710686 49.2295266554)
1042,,BREAK & ENTER-OTHER,BURNABY,BENNETT ST : 4900 - 4999 Block,0ae3a0d9-de20-4f2b-a170-e849096874d2,1758302013451,burnaby.gis,1758302013451,burnaby.gis,1738281600000,POINT (-122.9928821957 49.2251879072)
1043,,BREAK & ENTER-OTHER,BURNABY,BERESFORD ST : 4400 - 4429 Block,ea2a9cad-c1b7-4624-85d2-194bbc8712a8,1758302013451,burnaby.gis,1758302013451,burnaby.gis,1738454400000,POINT (-123.004269328 49.2256232167)
1044,,THEFT FROM AUTO,BURNABY,CANADA WY : 4624 - 4676 Block,11c4de67-745b-44b7-a795-b8dc887b90f5,1758302013451,burnaby.gis,1758302013451,burnaby.gis,1738540800000,POINT (-122.9922021734 49.2543678158)
1045,,THEFT FROM AUTO,BURNABY,IMPERIAL ST /JUBILEE AV,e75d8af0-278b-46f8-873d-11913df4abcd,1758302013451,burnaby.gis,1758302013451,burnaby.gis,1738540800000,POINT (-122.9958882663 49.221939196)
1046,,THEFT OF AUTO,BURNABY,KINGSWAY /PATTERSON AV,0f70a259-37a1-48b7-b65a-2b05d254f8ff,1758302013451,burnaby.gis,1758302013451,burnaby.gis,1738627200000,POINT (-123.0126604992 49.2326425152)
1047,,BREAK & ENTER-OTHER,BURNABY,JAMES ST /OLIVE AV,9a0dba03-73eb-4293-9876-3c821c7311d7,1758302013451,burnaby.gis,1758302013451,burnaby.gis,1738627200000,POINT (-123.0110275565 49.2306819142)
1048,,THEFT OF AUTO,BURNABY,CANADA WY /WILLINGDON AV,309c193c-1af2-4150-ac97-12e8e4c2e4f6,1758302013451,burnaby.gis,1758302013451,burnaby.gis,1738713600000,POINT (-123.0042693146 49.2546130437)
1049,,THEFT FROM AUTO,BURNABY,DUTHIE AV /EVERETT CR,d30d276c-eb81-4caa-b43c-9421c837916e,1758302013451,burnaby.gis,1758302013451,burnaby.gis,1738713600000,POINT (-122.9534312159 49.2770063455)
1050,,THEFT OF AUTO,BURNABY,11TH AV /CUMBERLAND ST,f2487be8-c080-4d9b-9bf8-71be03257dff,1758302013451,burnaby.gis,1758302013451,burnaby.gis,1738886400000,POINT (-122.9130989582 49.2280728654)
1051,,BREAK & ENTER-BUSINESS,BURNABY,SANDERS ST : 4900 - 5059 Block,5366467e-fa85-4b23-90bd-57f8801a96c3,1758302013451,burnaby.gis,1758302013451,burnaby.gis,1739059200000,POINT (-122.9928876875 49.2279217444)
1052,,THEFT FROM AUTO,BURNABY,TRIUMPH ST : 3900 - 3999 Block,5f11f8bb-ab03-44f4-a014-6408a4f31231,1758302013451,burnaby.gis,1758302013451,burnaby.gis,1739059200000,POINT (-123.0173993632 49.2838139747)
1053,,THEFT FROM AUTO,BURNABY,GRIMMER ST /ROYAL OAK AV,d5b79f97-d38b-4b44-b644-55de4ad99512,1758302013451,burnaby.gis,1758302013451,burnaby.gis,1739145600000,POINT (-122.9889078896 49.2235704949)
1054,,THEFT FROM AUTO,BURNABY,GRIFFITHS AV : 6700 - 6799 Block,17656966-3f31-4497-84b7-2065bce7ce3d,1758302013451,burnaby.gis,1758302013451,burnaby.gis,1739232000000,POINT (-122.9610175276 49.222462865)
1055,,BREAK & ENTER-RESIDENCE,BURNABY,SOUTHOAKS CR : 6500 - 6699 Block,e6a83992-7716-4cf4-841c-92cba1bf3263,1758302013451,burnaby.gis,1758302013451,burnaby.gis,1739232000000,POINT (-122.9668029696 49.2178323437)
1056,,THEFT FROM AUTO,BURNABY,IMPERIAL ST /MERRITT AV,8a0775a1-d220-4086-beac-c66db82a1914,1758302013451,burnaby.gis,1758302013451,burnaby.gis,1739232000000,POINT (-122.9802264841 49.2219185466)
1057,,THEFT OF AUTO,BURNABY,KINGSWAY : 5900 - 5999 Block,ba2ea9ac-6c77-4f2f-ad65-9aa1729f6b0f,1758302013451,burnaby.gis,1758302013451,burnaby.gis,1736726400000,POINT (-122.9769366575 49.2211528994)
1058,,THEFT OF AUTO,BURNABY,PIONEER AV /SARDIS ST,23e7d5ab-10ca-4859-a300-39b934ef34c5,1758302013451,burnaby.gis,1758302013451,burnaby.gis,1739404800000,POINT (-123.0019853952 49.2337573527)
1059,,THEFT FROM AUTO,BURNABY,KINGSWAY : 5200 - 5459 Block,f3667a1d-1e14-4743-8a54-69f66a85fae7,1758302013451,burnaby.gis,1758302013451,burnaby.gis,1739491200000,POINT (-122.986718588 49.2242648804)
1060,,THEFT FROM AUTO,BURNABY,MADISON AV : 2000 - 2199 Block,92a6746d-978e-42e9-a815-9a60566bda41,1758302013451,burnaby.gis,1758302013451,burnaby.gis,1739491200000,POINT (-123.0087631748 49.265440069)
1061,,BREAK & ENTER-RESIDENCE,BURNABY,KEITH ST : 5900 - 6999 Block,d2d61bf5-6d71-4b1b-a7f6-4e986c90835c,1758302013451,burnaby.gis,1758302013451,burnaby.gis,1739491200000,POINT (-122.9757540885 49.2076115972)
1062,,THEFT OF AUTO,BURNABY,BERESFORD ST /HAWTHORNE TE,1ddee2be-3593-47fc-822a-dd3af3334ca7,1758302013451,burnaby.gis,1758302013451,burnaby.gis,1739577600000,POINT (-122.9657390507 49.2168987146)
1063,,THEFT FROM AUTO,BURNABY,CENTAURUS CI /CENTAURUS DR,a2e39a16-56f3-4f13-8491-4746cbe621b1,1758302013451,burnaby.gis,1758302013451,burnaby.gis,1739664000000,POINT (-122.9071218574 49.2571581646)
1064,,BREAK & ENTER-BUSINESS,BURNABY,BERESFORD ST : 4400 - 4429 Block,7c24a122-89a3-462f-b28b-eafca6512054,1758302013451,burnaby.gis,1758302013451,burnaby.gis,1739664000000,POINT (-123.004269328 49.2256232167)
1065,,BREAK & ENTER-BUSINESS,BURNABY,PENDER ST : 4000 - 4099 Block,2068b30c-89d9-4962-803e-0088a6e2e2a3,1758302013451,burnaby.gis,1758302013451,burnaby.gis,1739664000000,POINT (-123.0152324905 49.2801812083)
1066,,BREAK & ENTER-BUSINESS,BURNABY,HIGHLAND CT /UNIVERSITY CR,0c996cbb-6e89-4ce9-8b13-085df254da5e,1758302013451,burnaby.gis,1758302013451,burnaby.gis,1739750400000,POINT (-122.910417322 49.2789247808)
1067,,BREAK & ENTER-BUSINESS,BURNABY,DAWSON ST /MADISON AV,7a28620e-c3a9-4770-8f20-b84f4777718b,1758302013451,burnaby.gis,1758302013451,burnaby.gis,1739836800000,POINT (-123.0087687469 49.2644573274)
1068,,THEFT FROM AUTO,BURNABY,DUTHIE AV /MONTECITO DR,12cb7521-d758-45a4-a502-8510808295b5,1758302013451,burnaby.gis,1758302013451,burnaby.gis,1739836800000,POINT (-122.9534014384 49.2638862626)
1069,,THEFT FROM AUTO,BURNABY,BETA AV /WESTLAWN DR,36d08908-e42f-4dc5-a98e-7831c7622f8d,1758302013451,burnaby.gis,1758302013451,burnaby.gis,1739923200000,POINT (-122.9973405149 49.2743580867)
1070,,THEFT FROM AUTO,BURNABY,BERESFORD ST : 4400 - 4429 Block,350e1d3e-4c0d-4f6b-9652-0df902fab10b,1758302013451,burnaby.gis,1758302013451,burnaby.gis,1739836800000,POINT (-123.004269328 49.2256232167)
1071,,THEFT FROM AUTO,BURNABY,WOODWAY PL : 1800 - 1899 Block,0823ec27-7a4c-4270-a9c8-1afa9120505f,1758302013451,burnaby.gis,1758302013451,burnaby.gis,1739923200000,POINT (-122.9901139595 49.267600749)
1072,,THEFT FROM AUTO,BURNABY,WIGGINS ST : 8100 - 8299 Block,fec44ba5-c7f9-4d5f-a9c7-92fe557a1b81,1758302013451,burnaby.gis,1758302013451,burnaby.gis,1740009600000,POINT (-122.9701589944 49.186626933)
1073,,BREAK & ENTER-RESIDENCE,BURNABY,PHILLIPS PL : 2400 - 2599 Block,c911cee7-09c4-4729-8728-834d7aef9d94,1758302013451,burnaby.gis,1758302013451,burnaby.gis,1740096000000,POINT (-122.9481451903 49.2616369143)
1074,,THEFT FROM AUTO,BURNABY,KINGSWAY /SUSSEX AV,34adf2a8-0b04-4b13-857d-c4a49f0af2e6,1758302013451,burnaby.gis,1758302013451,burnaby.gis,1740009600000,POINT (-122.9993183432 49.2283922605)
1075,,THEFT FROM AUTO,BURNABY,KINGSWAY : 4800 - 4849 Block,3e5f0c40-457c-4370-bdc3-7ae532ffaaed,1758302013451,burnaby.gis,1758302013451,burnaby.gis,1740009600000,POINT (-122.995735521 49.2272131168)
1076,,THEFT FROM AUTO,BURNABY,MAYWOOD ST : 4260 - 4299 Block,c7ed57ee-a900-4b29-ae00-88009e03ffec,1758302013451,burnaby.gis,1758302013451,burnaby.gis,1740009600000,POINT (-123.0094340545 49.2239516707)
1077,,THEFT FROM AUTO,BURNABY,KINGSWAY : 4800 - 4849 Block,24215caa-be9f-4f50-9598-36d9f53e5a90,1758302013451,burnaby.gis,1758302013451,burnaby.gis,1740096000000,POINT (-122.995735521 49.2272131168)
1078,,BREAK & ENTER-BUSINESS,BURNABY,BERESFORD ST : 4500 - 4599 Block,f7adc4d9-4cc2-457b-8791-0e05e2828e1b,1758302013451,burnaby.gis,1758302013451,burnaby.gis,1740182400000,POINT (-123.0014199678 49.2243153666)
1079,,BREAK & ENTER-BUSINESS,BURNABY,MADISON AV : 2200 - 2399 Block,e44bcfeb-d693-4741-88f6-a13d4d471a56,1758302013451,burnaby.gis,1758302013451,burnaby.gis,1740355200000,POINT (-123.0087722205 49.2633635403)
1080,,BREAK & ENTER-BUSINESS,BURNABY,DAWSON ST /MADISON AV,99991631-8058-43ac-94ba-8b35e68f52f8,1758302013451,burnaby.gis,1758302013451,burnaby.gis,1740528000000,POINT (-123.0087687469 49.2644573274)
1081,,BREAK & ENTER-OTHER,BURNABY,MADISON AV : 2200 - 2399 Block,28b2ec0e-3471-4171-b8e0-5906908251a9,1758302013451,burnaby.gis,1758302013451,burnaby.gis,1740614400000,POINT (-123.0087722205 49.2633635403)
1082,,THEFT FROM AUTO,BURNABY,STATION HILL CT : 6700 - 6799 Block,1ee3c3ea-b671-4760-b5ac-fe031a872faf,1758302013451,burnaby.gis,1758302013451,burnaby.gis,1740700800000,POINT (-122.962540223 49.210162495)
1083,,THEFT FROM AUTO,BURNABY,BULLER AV /IRMIN ST,eaeeb36a-d3c1-4b9c-a1c5-62e24f376c0d,1758302013451,burnaby.gis,1758302013451,burnaby.gis,1740700800000,POINT (-122.9775383983 49.2156357949)
1084,,THEFT FROM AUTO,BURNABY,ALASKA ST /WILLINGDON AV,e5d33d8d-e74c-42ad-953f-4a8a780dbb88,1758302013451,burnaby.gis,1758302013451,burnaby.gis,1740787200000,POINT (-123.0032559948 49.2623692877)
1085,,THEFT OF AUTO,BURNABY,INMAN AV /LISTER ST,b2c505f1-9f6c-499a-a2cb-cc44ee73084d,1758302013451,burnaby.gis,1758302013451,burnaby.gis,1740787200000,POINT (-123.0170898535 49.2443995686)
1086,,THEFT OF AUTO,BURNABY,CARDSTON CT : 9300 - 9499 Block,e110872f-60d7-4b55-b317-0dce0c04e990,1758302013451,burnaby.gis,1758302013451,burnaby.gis,1740787200000,POINT (-122.9004138405 49.2480967471)
1087,,BREAK & ENTER-BUSINESS,BURNABY,EVERGREEN PL :  -  Block,7da6f2f5-c217-4bff-970d-0e3d2e40ddd6,1758302013451,burnaby.gis,1758302013451,burnaby.gis,1740873600000,POINT (-122.8934055902 49.2498620332)
1088,,THEFT FROM AUTO,BURNABY,BROADWAY /HOLDOM AV,81fab755-8c19-444b-bef1-e027418e5eff,1758302013451,burnaby.gis,1758302013451,burnaby.gis,1740960000000,POINT (-122.9811753605 49.2657413357)
1089,,BREAK & ENTER-OTHER,BURNABY,LOWLAND DR /TILLICUM ST,06879466-73d4-4d25-820c-d5fea234abeb,1758302013451,burnaby.gis,1758302013451,burnaby.gis,1740960000000,POINT (-122.9913167397 49.1883804773)
1090,,THEFT FROM AUTO,BURNABY,KINGSWAY /MCMURRAY AV,5190b3d3-85d1-4954-9abe-b2bc29be9f26,1758302013451,burnaby.gis,1758302013451,burnaby.gis,1740960000000,POINT (-122.9963825865 49.2274238496)
1091,,BREAK & ENTER-BUSINESS,BURNABY,ALASKA ST /WILLINGDON AV,bb21bc79-bdb3-4f8a-8bf1-b4a6c7b55292,1758302013451,burnaby.gis,1758302013451,burnaby.gis,1740960000000,POINT (-123.0032559948 49.2623692877)
1092,,BREAK & ENTER-BUSINESS,BURNABY,EVERGREEN PL :  -  Block,1af737fe-3e5d-4b86-9945-a94ed0360c25,1758302013451,burnaby.gis,1758302013451,burnaby.gis,1741046400000,POINT (-122.8934055902 49.2498620332)
1093,,BREAK & ENTER-BUSINESS,BURNABY,GAGLARDI WY /UNIVERSITY DR,9203c78e-9dea-4e26-a2bb-a5f7a2e1a541,1758302013451,burnaby.gis,1758302013451,burnaby.gis,1741219200000,POINT (-122.9200489102 49.2801262728)
1094,,THEFT FROM AUTO,BURNABY,CURRAGH AV : 6900 - 7199 Block,a3a2a496-c233-4b51-b761-5b597722eb85,1758302013451,burnaby.gis,1758302013451,burnaby.gis,1741219200000,POINT (-122.9747955882 49.2195968291)
1095,,BREAK & ENTER-BUSINESS,BURNABY,GAMMA AV : 400 - 499 Block,b8cedea6-0ed3-45ea-b17a-f0b337c1553d,1758302013451,burnaby.gis,1758302013451,burnaby.gis,1741219200000,POINT (-122.9947150087 49.2805224888)
1096,,THEFT FROM AUTO,BURNABY,GREENALL AV /MARINE WY,cd396342-b4b7-4802-8feb-d58c74db2846,1758302013451,burnaby.gis,1758302013451,burnaby.gis,1741219200000,POINT (-123.0179050736 49.2054302445)
1097,,THEFT FROM AUTO,BURNABY,DOMINION ST /SUMNER AV,62a1275d-412a-48c5-bd09-b41402f29471,1758302013451,burnaby.gis,1758302013451,burnaby.gis,1741305600000,POINT (-123.0082886172 49.2562942612)
1098,,THEFT FROM AUTO,BURNABY,BENNETT ST /NELSON AV,6d9a276d-f421-41e4-bd62-2bab14952f77,1758302013451,burnaby.gis,1758302013451,burnaby.gis,1741478400000,POINT (-122.9942057068 49.2252018339)
1099,,THEFT OF AUTO,BURNABY,PANDORA ST : 4800 - 4899 Block,ead388b8-bb6f-429e-b1e6-0ff6bc6d9d5b,1758302013451,burnaby.gis,1758302013451,burnaby.gis,1741478400000,POINT (-122.9940009861 49.2827454465)
1100,,THEFT FROM AUTO,BURNABY,CASSIE AV /MAYWOOD ST,2e765e3c-1f59-4528-ba1e-26c1416cd7ef,1758302013451,burnaby.gis,1758302013451,burnaby.gis,1741737600000,POINT (-123.0098861879 49.2241584671)
1101,,THEFT OF AUTO,BURNABY,BRANTFORD AV /EMERSON ST,7420e41f-1c58-42fa-9323-b21bbdea5376,1758302013451,burnaby.gis,1758302013451,burnaby.gis,1741737600000,POINT (-122.9677931292 49.2304162095)
1102,,BREAK & ENTER-RESIDENCE,BURNABY,BOOTH AV /SARDIS ST,df920f0c-1e0d-4dac-975c-4b33505f2e67,1758302013451,burnaby.gis,1758302013451,burnaby.gis,1741737600000,POINT (-122.9991507957 49.2337755563)
1103,,THEFT FROM AUTO,BURNABY,KEMP ST /WILSON AV,23a89a2e-3a19-4519-830c-35b8c0d04059,1758302013451,burnaby.gis,1758302013451,burnaby.gis,1741824000000,POINT (-123.008529326 49.2305035309)
1104,,THEFT FROM AUTO,BURNABY,CURRAGH AV /IRMIN ST,033b99db-22f9-4230-a404-1ef1e5a19d53,1758302013451,burnaby.gis,1758302013451,burnaby.gis,1741910400000,POINT (-122.9747432368 49.2156611217)
1105,,THEFT FROM AUTO,BURNABY,AUSTIN RD /GATINEAU PL,7178ce8d-5866-4217-8e15-b6598a2281e5,1758302013451,burnaby.gis,1758302013451,burnaby.gis,1742083200000,POINT (-122.8958642672 49.2489876953)
1106,,THEFT FROM AUTO,BURNABY,BRENTWOOD DR : 4700 - 4839 Block,e7d5774c-8dd6-4588-8108-3f7f11803317,1758302013451,burnaby.gis,1758302013451,burnaby.gis,1741996800000,POINT (-122.9949001231 49.2664619142)
1107,,BREAK & ENTER-RESIDENCE,BURNABY,ELEANOR ST /EOR - END OF ROAD,c2f27168-582c-4f48-8cdf-c9d1885eb9db,1758302013451,burnaby.gis,1758302013451,burnaby.gis,1741996800000,POINT (-122.9844034037 49.2068332625)
1108,,THEFT FROM AUTO,BURNABY,ELLESMERE AV /PANDORA ST,531ede2b-fb94-4f7d-85c5-ec22a5d6f7bb,1758302013451,burnaby.gis,1758302013451,burnaby.gis,1742083200000,POINT (-122.9822738017 49.2825766221)
1109,,BREAK & ENTER-BUSINESS,BURNABY,INMAN AV /THURSTON ST,a9d6ea6a-c8af-4dc0-a4dd-e01b834281f8,1758302013451,burnaby.gis,1758302013451,burnaby.gis,1742169600000,POINT (-123.015847886 49.2347841579)
1110,,BREAK & ENTER-BUSINESS,BURNABY,JERSEY AV /KINGSWAY,817f03a5-e658-4902-8d2d-8b19c27cbefd,1758302013451,burnaby.gis,1758302013451,burnaby.gis,1742169600000,POINT (-123.0170320148 49.2327580852)
1111,,THEFT FROM AUTO,BURNABY,BUCHANAN ST /CLIFF AV,fddc275f-e550-4f7a-b43f-df8e4b7cfb3f,1758302013451,burnaby.gis,1758302013451,burnaby.gis,1742342400000,POINT (-122.9590543811 49.2669765475)
1112,,THEFT FROM AUTO,BURNABY,KINGSWAY : 4800 - 4849 Block,040c66c1-129d-4a89-950b-6c6ed2805e58,1758302013451,burnaby.gis,1758302013451,burnaby.gis,1742515200000,POINT (-122.995735521 49.2272131168)
1113,,THEFT OF AUTO,BURNABY,CEDARDALE CT /MEADEDALE DR,b96ac7bb-005f-49bc-af2b-13ccd4107799,1758302013451,burnaby.gis,1758302013451,burnaby.gis,1742688000000,POINT (-122.9824851104 49.274651353)
1114,,THEFT FROM AUTO,BURNABY,PHILLIPS AV : 1400 - 1799 Block,b0237923-3a29-4825-8714-c55edfa19831,1758302013451,burnaby.gis,1758302013451,burnaby.gis,1742774400000,POINT (-122.9467771635 49.2681775709)
1115,,BREAK & ENTER-OTHER,BURNABY,TRANS CANADA HY : -1 - 0 Block,1a829950-e084-4451-afc7-7af925c5410a,1758302013451,burnaby.gis,1758302013451,burnaby.gis,1742428800000,POINT (-122.9718345072 49.2479051061)
1116,,BREAK & ENTER-BUSINESS,BURNABY,FRASERTON CT /EOR - END OF ROAD,252d7fbd-ebac-4aff-bbc7-85ad58453f5f,1758302013451,burnaby.gis,1758302013451,burnaby.gis,1742860800000,POINT (-123.0143782195 49.1993411366)
1117,,BREAK & ENTER-BUSINESS,BURNABY,CURRAGH AV /IRMIN ST,1d2e0635-d49a-4a74-ab8d-298918c71ea4,1758302013451,burnaby.gis,1758302013451,burnaby.gis,1742774400000,POINT (-122.9747432368 49.2156611217)
1118,,THEFT FROM AUTO,BURNABY,GAGLARDI WY /UNIVERSITY DR,8cd2ec7c-1abe-4b51-bfb5-10907d0c331b,1758302013451,burnaby.gis,1758302013451,burnaby.gis,1742947200000,POINT (-122.9200489102 49.2801262728)
1119,,THEFT FROM AUTO,BURNABY,GAGLARDI WY /UNIVERSITY DR,f96e2561-5781-422b-a08e-827282253c5d,1758302013451,burnaby.gis,1758302013451,burnaby.gis,1742947200000,POINT (-122.9200489102 49.2801262728)
1120,,THEFT FROM AUTO,BURNABY,GAGLARDI WY /UNIVERSITY DR,f8d3766b-02d8-45de-ade6-add213ebf3cc,1758302013451,burnaby.gis,1758302013451,burnaby.gis,1742947200000,POINT (-122.9200489102 49.2801262728)
1121,,BREAK & ENTER-RESIDENCE,BURNABY,16TH ST : 7530 - 7599 Block,9baff7c1-e44e-48fa-a2cc-e4c283c7c458,1758302013451,burnaby.gis,1758302013451,burnaby.gis,1743033600000,POINT (-122.9498365709 49.2140082584)
1122,,THEFT FROM AUTO,BURNABY,DUNDAS ST /SEA AV N,550e7ff7-7c55-4f1c-8e53-5d934607e150,1758302013451,burnaby.gis,1758302013451,burnaby.gis,1743033600000,POINT (-122.9794467559 49.2843165117)
1123,,BREAK & ENTER-BUSINESS,BURNABY,BETA AV : 2200 - 2299 Block,e10fd519-caa7-43af-8478-b10cc399ffb0,1758302013451,burnaby.gis,1758302013451,burnaby.gis,1743033600000,POINT (-122.9976309449 49.2640033139)
1124,,THEFT FROM AUTO,BURNABY,KATHLEEN AV : 6160 - 6299 Block,875ecb76-1618-4006-95f3-cc8b5e9448a7,1758302013451,burnaby.gis,1758302013451,burnaby.gis,1743120000000,POINT (-123.0109810785 49.2266908868)
1125,,THEFT FROM AUTO,BURNABY,DAWSON ST /GILMORE AV,c6ebf397-0afa-4db3-bc1e-96714c717e29,1758302013451,burnaby.gis,1758302013451,burnaby.gis,1743292800000,POINT (-123.0142750075 49.2644836263)
1126,,THEFT FROM AUTO,BURNABY,BULLER AV /MCKEE ST,139d9091-e84d-49c7-8dd0-d5d4c3fca7b3,1758302013451,burnaby.gis,1758302013451,burnaby.gis,1743292800000,POINT (-122.9774778069 49.211155178)
1127,,THEFT FROM AUTO,BURNABY,6TH ST /EDMONDS ST,83402561-6f72-4093-a6cf-b03ccbf959e1,1758302013451,burnaby.gis,1758302013451,burnaby.gis,1743292800000,POINT (-122.9369529712 49.226239778)
1128,,BREAK & ENTER-BUSINESS,BURNABY,BUCHANAN ST /WILLINGDON AV,bf042c73-5ecf-46c5-b8b2-d3160b9a2b9e,1758302013451,burnaby.gis,1758302013451,burnaby.gis,1743292800000,POINT (-123.0032325194 49.2674362978)
1129,,THEFT OF AUTO,BURNABY,BERESFORD ST /DAISY AV,dc10ea7f-e953-43c4-a1bb-a5b744f1db04,1758302013451,burnaby.gis,1758302013451,burnaby.gis,1743379200000,POINT (-122.9794335663 49.2180529869)
1130,,THEFT FROM AUTO,BURNABY,BOUNDARY RD /HASTINGS ST,c4408d8a-c78f-4a16-afec-eefaaba3ef79,1758302013451,burnaby.gis,1758302013451,burnaby.gis,1743379200000,POINT (-123.0233680146 49.2811154081)
1131,,BREAK & ENTER-BUSINESS,BURNABY,STATION HILL CT : 6700 - 6799 Block,8c169f79-1ebb-4cae-930c-814a05531049,1758302013451,burnaby.gis,1758302013451,burnaby.gis,1740700800000,POINT (-122.962540223 49.210162495)
1132,,THEFT FROM AUTO,BURNABY,12TH AV /HILDA ST,0a4e037e-bba1-4549-8211-aaf187501b2d,1758302013451,burnaby.gis,1758302013451,burnaby.gis,1743465600000,POINT (-122.9353764945 49.217283604)
1133,,THEFT FROM AUTO,BURNABY,IMPERIAL ST : 6400 - 6599 Block,ed2d4a35-a6fd-44b4-8502-4ad8b894bfa0,1758302013451,burnaby.gis,1758302013451,burnaby.gis,1743552000000,POINT (-122.96929666 49.2219295652)
1134,,BREAK & ENTER-BUSINESS,BURNABY,ROYAL OAK AV : 7600 - 7699 Block,6735b5b9-84cc-4c4a-ab57-52354721d674,1758302013451,burnaby.gis,1758302013451,burnaby.gis,1743552000000,POINT (-122.9884829094 49.2143877423)
1135,,THEFT OF AUTO,BURNABY,NEVILLE ST : 4600 - 4699 Block,47839b1f-abfe-4b08-9623-8a61abe1a9ca,1758302013451,burnaby.gis,1758302013451,burnaby.gis,1743552000000,POINT (-122.9984581586 49.2138948369)
1136,,THEFT FROM AUTO,BURNABY,KINGSWAY : 4800 - 4849 Block,1138d31c-fb5b-464e-9204-98efa12f1201,1758302013451,burnaby.gis,1758302013451,burnaby.gis,1743638400000,POINT (-122.995735521 49.2272131168)
1137,,THEFT FROM AUTO,BURNABY,KINGSWAY : 5200 - 5459 Block,c08c1b2e-edde-45f1-9775-12978db83c4c,1758302013451,burnaby.gis,1758302013451,burnaby.gis,1743811200000,POINT (-122.986718588 49.2242648804)
1138,,THEFT FROM AUTO,BURNABY,BARKER AV : 5600 - 5699 Block,72505a7a-ceee-4408-902d-e13a1d0d1d8f,1758302013451,burnaby.gis,1758302013451,burnaby.gis,1743897600000,POINT (-123.0110878874 49.2334561608)
1139,,THEFT FROM AUTO,BURNABY,KINGSWAY /MILLER AV,1bde7fec-cb9b-422a-8fbe-953b8a171801,1758302013451,burnaby.gis,1758302013451,burnaby.gis,1743897600000,POINT (-122.9950884609 49.2270023804)
1140,,BREAK & ENTER-RESIDENCE,BURNABY,KINGSWAY : 7440 - 7499 Block,67bf054d-61b1-4c9c-af02-811a736e2b67,1758302013451,burnaby.gis,1758302013451,burnaby.gis,1743897600000,POINT (-122.9465600594 49.2176357362)
1141,,BREAK & ENTER-BUSINESS,BURNABY,ARDINGLEY AV : 3200 - 3399 Block,c64d8f98-afc4-403f-bca7-2978fe10da85,1758302013451,burnaby.gis,1758302013451,burnaby.gis,1743724800000,POINT (-122.9713446296 49.2544420249)
1142,,THEFT FROM AUTO,BURNABY,ALPHA AV /EOR - END OF ROAD,5312fe45-e414-4bfb-b194-7640dbb4e5d6,1758302013451,burnaby.gis,1758302013451,burnaby.gis,1744070400000,POINT (-123.0002190508 49.2825621132)
1143,,THEFT FROM AUTO,BURNABY,GOLETA DR /HALIFAX ST,e3fd9b63-78a1-4552-90d5-6ed7e6a3f866,1758302013451,burnaby.gis,1758302013451,burnaby.gis,1743984000000,POINT (-122.949658102 49.2679681668)
1144,,THEFT FROM AUTO,BURNABY,WINSTON ST : 7900 - 8199 Block,c13c734a-3f58-4567-8ce3-212ce5800109,1758302013451,burnaby.gis,1758302013451,burnaby.gis,1744070400000,POINT (-122.9303505591 49.2482299738)
1145,,THEFT FROM AUTO,BURNABY,GREENALL AV /MARINE WY,8c6ac637-74a5-453e-9e61-b73601a41441,1758302013451,burnaby.gis,1758302013451,burnaby.gis,1744156800000,POINT (-123.0179050736 49.2054302445)
1146,,THEFT FROM AUTO,BURNABY,ACORN AV /BERESFORD ST,fa7f01fe-ffba-4648-958a-a9932db50ae9,1758302013451,burnaby.gis,1758302013451,burnaby.gis,1744243200000,POINT (-122.9557141615 49.2170367044)
1147,,THEFT FROM AUTO,BURNABY,HALIFAX ST /WOODWAY PL,397a0d5c-8c0a-48ca-8edc-243d80804487,1758302013451,burnaby.gis,1758302013451,burnaby.gis,1744329600000,POINT (-122.9901102565 49.2680112578)
1148,,THEFT FROM AUTO,BURNABY,MARLBOROUGH AV /NEWTON ST,5bc63146-ef10-4e9d-b97e-2b4ef1d7e3ec,1758302013451,burnaby.gis,1758302013451,burnaby.gis,1744416000000,POINT (-122.9915632931 49.2269422904)
1149,,THEFT FROM AUTO,BURNABY,CENTRAL BV /PATTERSON AV,a96a3d35-ff35-48be-a953-66051ffb0f3d,1758302013451,burnaby.gis,1758302013451,burnaby.gis,1744416000000,POINT (-123.0126447256 49.2299050766)
1150,,THEFT FROM AUTO,BURNABY,KEMP ST /WILSON AV,2bc7fb6f-3d42-4074-8502-ceccc7a4379c,1758302013451,burnaby.gis,1758302013451,burnaby.gis,1744502400000,POINT (-123.008529326 49.2305035309)
1151,,THEFT FROM AUTO,BURNABY,CENTRAL BV /PATTERSON AV,c8e17ef1-0b4f-4962-939d-77134174ac24,1758302013451,burnaby.gis,1758302013451,burnaby.gis,1744675200000,POINT (-123.0126447256 49.2299050766)
1152,,BREAK & ENTER-RESIDENCE,BURNABY,JERSEY AV /KINGSWAY,334c8cdd-2b94-4e6b-86ac-908774ca739b,1758302013451,burnaby.gis,1758302013451,burnaby.gis,1744848000000,POINT (-123.0170320148 49.2327580852)
1153,,THEFT OF AUTO,BURNABY,STILL CREEK AV : 4900 - 5999 Block,ce186184-aa44-4bc7-b04f-48635924352b,1758302013451,burnaby.gis,1758302013451,burnaby.gis,1744848000000,POINT (-122.9889793609 49.2608118812)
1154,,BREAK & ENTER-BUSINESS,BURNABY,LOUGHEED HY /ROSSER AV,f4e39fae-e65b-4083-9f93-1c5ee7cce859,1758302013451,burnaby.gis,1758302013451,burnaby.gis,1744848000000,POINT (-123.0059963246 49.2664946535)
1155,,THEFT FROM AUTO,BURNABY,LOUGHEED HY : 4400 - 4499 Block,9fbfc18c-e253-4353-ac25-04d9eeaba54f,1758302013451,burnaby.gis,1758302013451,burnaby.gis,1745107200000,POINT (-123.0046151515 49.2664589238)
1156,,THEFT FROM AUTO,BURNABY,KENNY CT /WILLINGDON AV,8f9d3c15-c73f-4738-a5d2-440804e0dc72,1758302013451,burnaby.gis,1758302013451,burnaby.gis,1745193600000,POINT (-123.0108010782 49.2211741231)
1157,,THEFT OF AUTO,BURNABY,BONSOR AV : 6500 - 6599 Block,58a4fe15-3c76-488a-a0ef-edc5703d0061,1758302013451,burnaby.gis,1758302013451,burnaby.gis,1745193600000,POINT (-122.9977513508 49.2242542572)
1158,,THEFT FROM AUTO,BURNABY,LOUGHEED HY : 4100 - 4299 Block,de004d48-e26c-44a1-b99c-544b0ab52138,1758302013451,burnaby.gis,1758302013451,burnaby.gis,1745193600000,POINT (-123.0115123977 49.2662867556)
1159,,THEFT FROM AUTO,BURNABY,MADISON AV : 2200 - 2399 Block,6d9a8e92-4e3c-4320-b22e-e3489b155f06,1758302013451,burnaby.gis,1758302013451,burnaby.gis,1745280000000,POINT (-123.0087722205 49.2633635403)
1160,,THEFT FROM AUTO,BURNABY,HALIFAX ST /WOODWAY PL,6eabaa82-9970-4437-9436-f60e0a36c3f3,1758302013451,burnaby.gis,1758302013451,burnaby.gis,1745280000000,POINT (-122.9901102565 49.2680112578)
1161,,THEFT OF AUTO,BURNABY,KENSINGTON AV /NAPIER ST,15869bc3-610e-46a5-8c6a-b607151e2d1c,1758302013451,burnaby.gis,1758302013451,burnaby.gis,1745280000000,POINT (-122.9700877918 49.2743143018)
1162,,THEFT FROM AUTO,BURNABY,BRENTWOOD DR : 4700 - 4839 Block,dbe1bbec-bc72-42e4-801a-3d64cfb20a5e,1758302013451,burnaby.gis,1758302013451,burnaby.gis,1741996800000,POINT (-122.9949001231 49.2664619142)
1163,,THEFT FROM AUTO,BURNABY,BERESFORD ST /SHIRLEY AV,27ad74ef-adc9-40a0-8202-948d0c0ae9d6,1758302013451,burnaby.gis,1758302013451,burnaby.gis,1745712000000,POINT (-122.9810875435 49.2188230969)
1164,,THEFT FROM AUTO,BURNABY,BURLINGTON AV : 6500 - 6599 Block,be303dd1-7789-4659-9dd9-74af5aa8b460,1758302013451,burnaby.gis,1758302013451,burnaby.gis,1745625600000,POINT (-122.9903071307 49.2244056278)
1165,,THEFT FROM AUTO,BURNABY,GAGLARDI WY /UNIVERSITY DR,d47f6aae-05fb-4a1d-82a9-db4e2a84e66f,1758302013451,burnaby.gis,1758302013451,burnaby.gis,1745798400000,POINT (-122.9200489102 49.2801262728)
1166,,THEFT FROM AUTO,BURNABY,KINGSWAY /SUSSEX AV,930c4b65-da4c-4268-a9fd-8cbe3ceeab79,1758302013451,burnaby.gis,1758302013451,burnaby.gis,1745971200000,POINT (-122.9993183432 49.2283922605)
1167,,BREAK & ENTER-BUSINESS,BURNABY,HASTINGS ST /WARWICK AV,99594667-f46c-4688-9c3c-ad4924e106e2,1758302013451,burnaby.gis,1758302013451,burnaby.gis,1746057600000,POINT (-122.9781627549 49.2803316435)
1168,,BREAK & ENTER-OTHER,BURNABY,WILLINGDON AV : 3300 - 3999 Block,c6b5ed2c-a1f2-4fdb-af7e-0605bfe1290c,1758302013451,burnaby.gis,1758302013451,burnaby.gis,1746144000000,POINT (-123.0043093237 49.2511783217)
1169,,BREAK & ENTER-BUSINESS,BURNABY,WILLINGDON AV : 3300 - 3999 Block,43167a12-bd9c-4052-8b97-d198c736a818,1758302013451,burnaby.gis,1758302013451,burnaby.gis,1746144000000,POINT (-123.0043093237 49.2511783217)
1170,,THEFT FROM AUTO,BURNABY,19TH AV : 7900 - 7999 Block,750a7af4-910c-4630-9e0e-605b7abe0d6f,1758302013451,burnaby.gis,1758302013451,burnaby.gis,1746230400000,POINT (-122.9344127062 49.2262660485)
1171,,THEFT FROM AUTO,BURNABY,INGLETON AV N /OXFORD ST,bb7919b5-e827-424d-9085-4eb85067ff1d,1758302013451,burnaby.gis,1758302013451,burnaby.gis,1746403200000,POINT (-123.0185489136 49.2856275792)
1172,,THEFT FROM AUTO,BURNABY,ESMOND AV N /OXFORD ST,e6c858b6-689b-422f-9ab4-573318d379a6,1758302013451,burnaby.gis,1758302013451,burnaby.gis,1746403200000,POINT (-123.0209206949 49.2856468789)
1173,,BREAK & ENTER-OTHER,BURNABY,12TH AV /MARY AV,94105fad-7965-4ba8-a184-4cb0712fa9a6,1758302013451,burnaby.gis,1758302013451,burnaby.gis,1746403200000,POINT (-122.9376370521 49.2160586241)
1174,,BREAK & ENTER-OTHER,BURNABY,CAMBRIDGE ST /HYTHE AV N,5d0cddc6-6987-4ad8-9ed4-599d040b86ed,1758302013451,burnaby.gis,1758302013451,burnaby.gis,1746489600000,POINT (-122.9903799775 49.2864070498)
1175,,THEFT FROM AUTO,BURNABY,GROVE AV : 400 - 599 Block,878acb9f-ad59-4cbd-bc89-4670dc63a96e,1758302013451,burnaby.gis,1758302013451,burnaby.gis,1746489600000,POINT (-122.965844757 49.2797240173)
1176,,BREAK & ENTER-BUSINESS,BURNABY,1ST AV /GILMORE AV,9f6f34a4-31ea-4ce8-8050-0a59041408cc,1758302013451,burnaby.gis,1758302013451,burnaby.gis,1746489600000,POINT (-123.0142675578 49.2693630351)
1177,,BREAK & ENTER-BUSINESS,BURNABY,BULLER AV /PRENTER ST,242b728e-4860-4f88-8b92-8402ad3479a1,1758302013451,burnaby.gis,1758302013451,burnaby.gis,1746576000000,POINT (-122.9775476371 49.2174735069)
1178,,THEFT FROM AUTO,BURNABY,NORTH RD : 3050 - 3099 Block,a9e1c068-1449-44b7-bf71-83cb31a191ed,1758302013451,burnaby.gis,1758302013451,burnaby.gis,1746576000000,POINT (-122.893068742 49.2564840351)
1179,,THEFT FROM AUTO,BURNABY,KINGSWAY /SUSSEX AV,534524b1-0055-4211-87d2-17c83dac9653,1758302013451,burnaby.gis,1758302013451,burnaby.gis,1746835200000,POINT (-122.9993183432 49.2283922605)
1180,,BREAK & ENTER-BUSINESS,BURNABY,HASTINGS ST /MADISON AV,fe329d5e-0571-4dc7-a83e-0e30e51c9f92,1758302013451,burnaby.gis,1758302013451,burnaby.gis,1746748800000,POINT (-123.0086533127 49.2810339786)
1181,,BREAK & ENTER-BUSINESS,BURNABY,STILL CREEK AV : 3820 - 4099 Block,8765dcdf-4e61-4ef4-bd27-6fb5dff6b319,1758302013451,burnaby.gis,1758302013451,burnaby.gis,1746835200000,POINT (-123.0160563929 49.2608637732)
1182,,THEFT FROM AUTO,BURNABY,GATINEAU PL /NORTH RD,9609fadc-84e9-465b-a7b1-ef17450db1ed,1758302013451,burnaby.gis,1758302013451,burnaby.gis,1746921600000,POINT (-122.8929034294 49.2480506568)
1183,,THEFT FROM AUTO,BURNABY,NELSON AV /SHEPHERD ST,7f00a402-5e63-4142-8137-63659a0d3a1d,1758302013451,burnaby.gis,1758302013451,burnaby.gis,1747094400000,POINT (-122.9942095723 49.2324103859)
1184,,BREAK & ENTER-BUSINESS,BURNABY,14TH AV : 7000 - 7099 Block,0b3cfc74-4011-4348-b1b2-eeee48753ba0,1758302013451,burnaby.gis,1758302013451,burnaby.gis,1747008000000,POINT (-122.9530651295 49.2106313861)
1185,,BREAK & ENTER-RESIDENCE,BURNABY,11TH AV : 8200 - 8299 Block,e57ea64a-42e3-46a1-8d06-9e4ca93ec117,1758302013451,burnaby.gis,1758302013451,burnaby.gis,1747008000000,POINT (-122.9197838941 49.2244682105)
1186,,THEFT OF AUTO,BURNABY,GRAFTON ST /SARDIS CR,0161c447-fd1c-41d1-942e-42f1a14e8213,1758302013451,burnaby.gis,1758302013451,burnaby.gis,1747094400000,POINT (-122.9926150215 49.2318996041)
1187,,THEFT FROM AUTO,BURNABY,BOUNDARY RD : 4960 - 5160 Block,a66632b3-e59d-41a5-9f61-86f4974356fd,1758302013451,burnaby.gis,1758302013451,burnaby.gis,1747094400000,POINT (-123.0235748514 49.2384556195)
1188,,THEFT FROM AUTO,BURNABY,DELTA AV /HIGHLAWN DR,93c00714-e77d-4878-8952-69ba1e44073c,1758302013451,burnaby.gis,1758302013451,burnaby.gis,1747180800000,POINT (-122.9921918434 49.2691974129)
1189,,THEFT FROM AUTO,BURNABY,NITHSDALE ST : 3800 - 4093 Block,5a1f425f-72f7-451b-8e8a-16851ef89eb5,1758302013451,burnaby.gis,1758302013451,burnaby.gis,1747094400000,POINT (-123.0162090652 49.2518882766)
1190,,BREAK & ENTER-BUSINESS,BURNABY,HENNING DR : 3700 - 3999 Block,90960c0d-60bc-4b32-8f04-af454003d02f,1758302013451,burnaby.gis,1758302013451,burnaby.gis,1747267200000,POINT (-123.0187952592 49.2639336315)
1191,,THEFT FROM AUTO,BURNABY,BUCHANAN ST /WILLINGDON AV,b0517fa9-c1b9-4fa6-973c-2837de31afcb,1758302013451,burnaby.gis,1758302013451,burnaby.gis,1747267200000,POINT (-123.0032325194 49.2674362978)
1192,,BREAK & ENTER-RESIDENCE,BURNABY,KERN AV /PORTLAND ST,8c1805c6-b724-4aea-84f7-d7c8dcf683e6,1758302013451,burnaby.gis,1758302013451,burnaby.gis,1747267200000,POINT (-122.9695094647 49.2120195036)
1193,,BREAK & ENTER-RESIDENCE,BURNABY,CANADA WY /CURLE AV,e0f3ce1f-4a4e-4443-bb57-3f0d66043b1a,1758302013451,burnaby.gis,1758302013451,burnaby.gis,1747353600000,POINT (-123.0151123715 49.2546712511)
1194,,THEFT FROM AUTO,BURNABY,EDMONDS ST /SALISBURY AV,e8e74014-9986-4c99-be64-0c9664429197,1758302013451,burnaby.gis,1758302013451,burnaby.gis,1747353600000,POINT (-122.9570515375 49.2152122957)
1195,,BREAK & ENTER-RESIDENCE,BURNABY,GEORGIA ST : 4500 - 4599 Block,5baaf7fe-5b5e-4cd9-a875-885fcd90004c,1758302013451,burnaby.gis,1758302013451,burnaby.gis,1747526400000,POINT (-123.0017208979 49.2782784123)
1196,,BREAK & ENTER-BUSINESS,BURNABY,KINGSWAY : 5800 - 5899 Block,7459def2-fe98-4d0f-aebd-e680f96e6059,1758302013451,burnaby.gis,1758302013451,burnaby.gis,1747612800000,POINT (-122.9782201691 49.221568323)
1197,,BREAK & ENTER-BUSINESS,BURNABY,6TH ST : 7360 - 7399 Block,0d3058d4-7eed-4ca3-b581-8331e5c36f4d,1758302013451,burnaby.gis,1758302013451,burnaby.gis,1747612800000,POINT (-122.9356050151 49.2253053935)
1198,,THEFT FROM AUTO,BURNABY,KINGSWAY : 4800 - 4849 Block,3f2bd447-c436-4672-94c5-9d828e8322da,1758302013451,burnaby.gis,1758302013451,burnaby.gis,1747612800000,POINT (-122.995735521 49.2272131168)
1199,,BREAK & ENTER-RESIDENCE,BURNABY,MARINE DR /SUSSEX AV,6e205abd-d837-4c12-8ab4-33c02c4fb0a7,1758302013451,burnaby.gis,1758302013451,burnaby.gis,1747699200000,POINT (-123.004992119 49.2091733125)
1200,,THEFT FROM AUTO,BURNABY,CUMBERLAND ST : 7620 - 7650 Block,d328954e-948a-4c5a-aefc-a745634d7753,1758302013451,burnaby.gis,1758302013451,burnaby.gis,1747699200000,POINT (-122.9165850927 49.2309050219)
1201,,BREAK & ENTER-BUSINESS,BURNABY,BULLER AV /KINGSWAY,2ded57d4-8d42-4557-bd3e-0649892b7bbf,1758302013451,burnaby.gis,1758302013451,burnaby.gis,1747785600000,POINT (-122.9775293635 49.2213447534)
1202,,THEFT FROM AUTO,BURNABY,CARSON ST /ROYAL OAK AV,4794cd61-d658-4a98-8292-5da1cc6ed656,1758302013451,burnaby.gis,1758302013451,burnaby.gis,1747872000000,POINT (-122.9884747205 49.2094217037)
1203,,BREAK & ENTER-RESIDENCE,BURNABY,IMPERIAL ST : 4500 - 4549 Block,acf592d4-4cc0-42be-af8e-ddb09a871872,1758302013451,burnaby.gis,1758302013451,burnaby.gis,1747872000000,POINT (-123.0021086203 49.2219380657)
1204,,BREAK & ENTER-BUSINESS,BURNABY,BULLER AV : 7305 - 7499 Block,733d5b40-26e3-4338-8928-4cf52f4b4d7d,1758302013451,burnaby.gis,1758302013451,burnaby.gis,1747958400000,POINT (-122.9775430249 49.216554651)
1205,,THEFT FROM AUTO,BURNABY,UNION ST : 5200 - 5499 Block,f300af44-e3a7-4cd7-a566-e0c6f54a3493,1758302013451,burnaby.gis,1758302013451,burnaby.gis,1747958400000,POINT (-122.9857814939 49.2773124574)
1206,,THEFT FROM AUTO,BURNABY,KINGSWAY : 5200 - 5459 Block,ce74b12c-e8e9-4241-9f45-49bb3dddd7d8,1758302013451,burnaby.gis,1758302013451,burnaby.gis,1748044800000,POINT (-122.986718588 49.2242648804)
1207,,THEFT OF AUTO,BURNABY,KINCAID ST /SMITH AV,495ae536-ed39-429e-a2c2-c6dc85f9b03c,1758302013451,burnaby.gis,1758302013451,burnaby.gis,1748044800000,POINT (-123.0198091065 49.2488172208)
1208,,BREAK & ENTER-BUSINESS,BURNABY,HALIFAX ST : 7300 - 7329 Block,c8bdd0ef-7420-4c37-99c0-b4f5d995f880,1758302013451,burnaby.gis,1758302013451,burnaby.gis,1748131200000,POINT (-122.9502237206 49.2679687872)
1209,,THEFT FROM AUTO,BURNABY,ARCOLA ST : 6900 - 7099 Block,23b55973-4a34-40ed-846f-3987291d131d,1758302013451,burnaby.gis,1758302013451,burnaby.gis,1748304000000,POINT (-122.9592710394 49.2193159843)
1210,,BREAK & ENTER-RESIDENCE,BURNABY,DOUGLAS RD /NORFOLK ST,2ca9fae7-ade9-4c8b-85b4-3e1b2c95a06d,1758302013451,burnaby.gis,1758302013451,burnaby.gis,1748390400000,POINT (-122.9820698792 49.2551634533)
1211,,THEFT OF AUTO,BURNABY,FARRINGTON ST : 4000 - 4099 Block,7c48018b-d37b-47a8-a279-b322a64db257,1758302013451,burnaby.gis,1758302013451,burnaby.gis,1748563200000,POINT (-123.0146794484 49.2362280459)
1212,,BREAK & ENTER-BUSINESS,BURNABY,19TH AV /CANADA WY,d692b32e-7b53-4dd8-bd6b-d3ab16ee8af1,1758302013451,burnaby.gis,1758302013451,burnaby.gis,1748563200000,POINT (-122.9399803247 49.2233085807)
1213,,BREAK & ENTER-OTHER,BURNABY,ALPHA AV /DAWSON ST,8400cab1-eb8f-47f0-a2e1-581fcc28ede4,1758302013451,burnaby.gis,1758302013451,burnaby.gis,1748563200000,POINT (-123.0003883777 49.2644637986)
1214,,BREAK & ENTER-OTHER,BURNABY,SPROTT ST : 6430 - 6597 Block,00e2184e-dd98-4d8f-bf94-f0ba441016ac,1758302013451,burnaby.gis,1758302013451,burnaby.gis,1748822400000,POINT (-122.9691955604 49.249937783)
1215,,THEFT FROM AUTO,BURNABY,KINGSWAY /SUSSEX AV,31bb8011-2573-47c4-a279-340bf9baf447,1758302013451,burnaby.gis,1758302013451,burnaby.gis,1748822400000,POINT (-122.9993183432 49.2283922605)
1216,,THEFT FROM AUTO,BURNABY,FRANCES ST : 4300 - 4399 Block,9b3756a8-2504-4629-8d7a-9746255523eb,1758302013451,burnaby.gis,1758302013451,burnaby.gis,1748908800000,POINT (-123.007302741 49.2792179578)
1217,,THEFT FROM AUTO,BURNABY,ALPHA DR : 4673 - 4699 Block,540bbb17-3165-48ec-924b-26b433b26312,1758302013451,burnaby.gis,1758302013451,burnaby.gis,1748995200000,POINT (-123.0005713457 49.2739658753)
1218,,BREAK & ENTER-BUSINESS,BURNABY,PARK CR : 7728 - 7769 Block,44619ed7-f5f7-45a4-ba0c-3f6b45402758,1758302013451,burnaby.gis,1758302013451,burnaby.gis,1748995200000,POINT (-122.9489031395 49.2098801082)
1219,,BREAK & ENTER-BUSINESS,BURNABY,PIONEER AVE /EOR - END OF ROAD,d2afcc93-5a62-43ed-be14-a82a3adbe289,1758302013451,burnaby.gis,1758302013451,burnaby.gis,1748995200000,POINT (-123.0027434992 49.2305635129)
1220,,THEFT FROM AUTO,BURNABY,MALVERN AV : 5900 - 6299 Block,8e023b59-94ea-4f55-9049-0cc6c792485e,1758302013451,burnaby.gis,1758302013451,burnaby.gis,1749081600000,POINT (-122.9603026225 49.2298788327)
1221,,THEFT FROM AUTO,BURNABY,ROYAL OAK AV /WATLING ST,5c966c7a-55d3-4f66-91ce-0a7cff2f7789,1758302013451,burnaby.gis,1758302013451,burnaby.gis,1749168000000,POINT (-122.9884046292 49.2164984036)
1222,,THEFT FROM AUTO,BURNABY,DUNBLANE AV : 6600 - 6799 Block,76df2bea-eb0e-40cd-9ac0-b344089c4a51,1758302013451,burnaby.gis,1758302013451,burnaby.gis,1735689600000,POINT (-122.9928082 49.2227305364)
1223,,BREAK & ENTER-OTHER,BURNABY,GAMMA AV /PENDER ST,b1dda04f-4021-411e-bb9c-885d45f71b06,1758302013451,burnaby.gis,1758302013451,burnaby.gis,1735776000000,POINT (-122.9947210708 49.2800593086)
1224,,THEFT FROM AUTO,BURNABY,BARKER AV : 5800 - 5899 Block,742fa18d-d9ef-442f-b74d-b6cfade5737a,1758302013451,burnaby.gis,1758302013451,burnaby.gis,1735862400000,POINT (-123.0112786056 49.2309070123)
1225,,THEFT FROM AUTO,BURNABY,BONSOR AV : 6500 - 6599 Block,35fb461d-60b3-4edb-98b9-0a8e68bab71a,1758302013451,burnaby.gis,1758302013451,burnaby.gis,1735776000000,POINT (-122.9977513508 49.2242542572)
1226,,THEFT FROM AUTO,BURNABY,IRVING ST /PEARL AV,eb521529-222d-446d-9d9c-013256836975,1758302013451,burnaby.gis,1758302013451,burnaby.gis,1735948800000,POINT (-122.9873994686 49.2261727758)
1227,,THEFT FROM AUTO,BURNABY,DUNDAS ST /FELL AV N,3be2b825-d9e6-4bee-9157-24eaaf48ae06,1758302013451,burnaby.gis,1758302013451,burnaby.gis,1735948800000,POINT (-122.975302637 49.2842707595)
1228,,THEFT FROM AUTO,BURNABY,KINGSWAY : 4800 - 4849 Block,b76252c5-7b81-46c2-9961-386ed66fb5c0,1758302013451,burnaby.gis,1758302013451,burnaby.gis,1736035200000,POINT (-122.995735521 49.2272131168)
1229,,BREAK & ENTER-RESIDENCE,BURNABY,11TH AV /18TH ST,cb6a51de-be05-4a7d-9c1a-7b838d72d6ee,1758302013451,burnaby.gis,1758302013451,burnaby.gis,1736208000000,POINT (-122.9490836093 49.2085892331)
1230,,BREAK & ENTER-BUSINESS,BURNABY,MARLBOROUGH AV /SANDERS ST,3bc63f69-c2fc-48d8-a7ff-4fb72cb9a041,1758302013451,burnaby.gis,1758302013451,burnaby.gis,1736294400000,POINT (-122.9915708262 49.2279238745)
1231,,THEFT FROM AUTO,BURNABY,JAMES ST /OLIVE AV,f25cfab0-b80f-49f0-94e5-b75a21f9678b,1758302013451,burnaby.gis,1758302013451,burnaby.gis,1736380800000,POINT (-123.0110275565 49.2306819142)
1232,,THEFT OF AUTO,BURNABY,BOUNDARY RD /GRANT ST,f88ef421-a6f7-4745-9515-896050e56826,1758302013451,burnaby.gis,1758302013451,burnaby.gis,1736467200000,POINT (-123.0234381577 49.2712050209)
1233,,BREAK & ENTER-BUSINESS,BURNABY,BONSOR AV /CENTRAL BV,7c74b2a6-0a21-47c8-8419-7812aa77e55b,1758302013451,burnaby.gis,1758302013451,burnaby.gis,1736467200000,POINT (-122.9985553715 49.2235027315)
1234,,THEFT FROM AUTO,BURNABY,GAGLARDI WY /UNIVERSITY DR,e4500733-5001-409e-8619-40203ac546fe,1758302013451,burnaby.gis,1758302013451,burnaby.gis,1736553600000,POINT (-122.9200489102 49.2801262728)
1235,,THEFT FROM AUTO,BURNABY,GAGLARDI WY /UNIVERSITY DR,0ae48cfe-c57c-4adb-a797-cac4c80e3ab5,1758302013451,burnaby.gis,1758302013451,burnaby.gis,1736553600000,POINT (-122.9200489102 49.2801262728)
1236,,BREAK & ENTER-RESIDENCE,BURNABY,HASZARD ST /SPERLING AV,b0823cd4-36a9-4b01-9cdc-b9a73289c3d1,1758302013451,burnaby.gis,1758302013451,burnaby.gis,1736640000000,POINT (-122.9647276948 49.2323828253)
1237,,THEFT FROM AUTO,BURNABY,CARRIGAN CT : 3900 - 3999 Block,db299c5c-8fc7-4908-9d1a-aa953b3df8d0,1758302013451,burnaby.gis,1758302013451,burnaby.gis,1736726400000,POINT (-122.9019949649 49.2486617331)
1238,,THEFT OF AUTO,BURNABY,PATTERSON AV : 6800 - 6999 Block,20e89d05-3b0e-445b-8c0b-d6d1685ee966,1758302013451,burnaby.gis,1758302013451,burnaby.gis,1736812800000,POINT (-123.0125506352 49.2211052196)
1239,,BREAK & ENTER-RESIDENCE,BURNABY,IMPERIAL ST : 4600 - 4699 Block,a6d573ee-4e6c-4756-894e-e905d0cbd956,1758302013451,burnaby.gis,1758302013451,burnaby.gis,1736812800000,POINT (-122.9985814769 49.2219382208)
1240,,THEFT OF AUTO,BURNABY,STRIDE AV : 7200 - 7259 Block,9005be9f-27a8-45e2-a4a8-e49c7b9f0b7e,1758302013451,burnaby.gis,1758302013451,burnaby.gis,1736899200000,POINT (-122.9490979575 49.2147178953)
1241,,THEFT FROM AUTO,BURNABY,SPRUCE ST : 3700 - 3799 Block,424a79f9-ba10-4dbf-9c78-f98ca769c823,1758302013451,burnaby.gis,1758302013451,burnaby.gis,1737072000000,POINT (-123.0216907371 49.2470166366)
1242,,THEFT OF AUTO,BURNABY,MACPHERSON AV : 6830 - 6899 Block,ce2786c3-74d0-421d-a46e-abe8ab789589,1758302013451,burnaby.gis,1758302013451,burnaby.gis,1737331200000,POINT (-122.983037603 49.2211756844)
1243,,THEFT FROM AUTO,BURNABY,WILLIAM ST : 4200 - 4299 Block,ccef2afb-33cd-40e2-8204-78ef0263b84e,1758302013451,burnaby.gis,1758302013451,burnaby.gis,1737331200000,POINT (-123.0101367615 49.2738355086)
1244,,THEFT FROM AUTO,BURNABY,GREENFORD AV /KINGSWAY,0c3a386a-f97b-44c6-9f99-a8a8c736bc8b,1758302013451,burnaby.gis,1758302013451,burnaby.gis,1737504000000,POINT (-122.9594020022 49.218448095)
1245,,BREAK & ENTER-BUSINESS,BURNABY,12TH AV /KINGSWAY,f7fe2419-1df3-40b4-b36b-c46e8946902e,1758302013451,burnaby.gis,1758302013451,burnaby.gis,1737676800000,POINT (-122.9398925854 49.2148350571)
1246,,THEFT FROM AUTO,BURNABY,OLIVE AV : 5800 - 5889 Block,780af836-1633-40b2-b4c6-74dd16869fa0,1758302013451,burnaby.gis,1758302013451,burnaby.gis,1737849600000,POINT (-123.0104074669 49.2312568313)
1247,,THEFT FROM AUTO,BURNABY,BYRNE RD : 5100 - 5219 Block,a67d9b3d-bdb1-430b-b09c-8031b3479364,1758302013451,burnaby.gis,1758302013451,burnaby.gis,1737849600000,POINT (-122.9886519463 49.1983162349)
1248,,BREAK & ENTER-BUSINESS,BURNABY,12TH AV /KINGSWAY,fe4a38cd-97d9-4298-9cc1-04a47e4c141a,1758302013451,burnaby.gis,1758302013451,burnaby.gis,1737849600000,POINT (-122.9398925854 49.2148350571)
1249,,THEFT FROM AUTO,BURNABY,KINGSWAY : 4800 - 4849 Block,12aa6a7d-b06b-4186-8d3e-c30fe4e8c0ee,1758302013451,burnaby.gis,1758302013451,burnaby.gis,1737849600000,POINT (-122.995735521 49.2272131168)
1250,,THEFT FROM AUTO,BURNABY,DUNDAS ST /GLYNDE AV N,49ea6d4c-d02e-42cf-a0c8-121de796b4d0,1758302013451,burnaby.gis,1758302013451,burnaby.gis,1737936000000,POINT (-122.9890898204 49.2844836949)
1251,,THEFT FROM AUTO,BURNABY,JOFFRE AV /MAPLE TREE LN,74d426f1-dcda-4cb5-8a29-6c01e891a1b9,1758302013451,burnaby.gis,1758302013451,burnaby.gis,1737936000000,POINT (-123.0198109111 49.2087163439)
1252,,BREAK & ENTER-BUSINESS,BURNABY,BRENTWOOD DR : 4700 - 4839 Block,bd409139-13cf-4cb3-bd1d-f9d265048ad2,1758302013451,burnaby.gis,1758302013451,burnaby.gis,1737936000000,POINT (-122.9949001231 49.2664619142)
1253,,THEFT FROM AUTO,BURNABY,NORLAND AV /SPROTT ST,a498c0aa-236a-4ae3-ae64-163edb46c93c,1758302013451,burnaby.gis,1758302013451,burnaby.gis,1738108800000,POINT (-122.9708259658 49.2499427775)
1254,,THEFT OF AUTO,BURNABY,HERTFORD ST /INMAN AV,a0f46cf7-b5f9-4ead-be4a-756f5d5174c7,1758302013451,burnaby.gis,1758302013451,burnaby.gis,1738108800000,POINT (-123.0158464582 49.2380378663)
1255,,BREAK & ENTER-BUSINESS,BURNABY,ALASKA ST /ALPHA AV,23b0b9b2-2815-4eb6-89fd-82b6a8082edd,1758302013451,burnaby.gis,1758302013451,burnaby.gis,1738022400000,POINT (-123.0004006055 49.2623455245)
1256,,THEFT OF AUTO,BURNABY,KEITH ST /ROYAL OAK AV,d93f672e-53d7-4029-8370-33160d645193,1758302013451,burnaby.gis,1758302013451,burnaby.gis,1738108800000,POINT (-122.9884703043 49.2077206361)
1257,,BREAK & ENTER-OTHER,BURNABY,GRANGE ST /HALLEY AV,f35b3c5b-40fd-4dbc-8664-817a0a3f55fb,1758302013451,burnaby.gis,1758302013451,burnaby.gis,1738281600000,POINT (-123.0088263931 49.2328637112)
1258,,THEFT OF AUTO,BURNABY,HASTINGS ST : 5700 - 5799 Block,7a01cccc-6dc5-4825-89d7-d2c25aeec1aa,1758302013451,burnaby.gis,1758302013451,burnaby.gis,1738281600000,POINT (-122.9795450082 49.2803265832)
1259,,THEFT OF AUTO,BURNABY,BETA AV /HASTINGS ST,a595c4bc-c813-4442-baa0-89b0f7553bd8,1758302013451,burnaby.gis,1758302013451,burnaby.gis,1738281600000,POINT (-122.9974758516 49.2810055803)
1260,,THEFT FROM AUTO,BURNABY,SIDLEY ST : 4900 - 5199 Block,6b155346-c983-4b2b-ade9-f21b70c02445,1758302013451,burnaby.gis,1758302013451,burnaby.gis,1738454400000,POINT (-122.9912170088 49.2174821483)
1261,,BREAK & ENTER-BUSINESS,BURNABY,KINGSWAY : 5200 - 5459 Block,d63f7cd0-f5c1-46da-a699-c4e06fe5b796,1758302013451,burnaby.gis,1758302013451,burnaby.gis,1738540800000,POINT (-122.986718588 49.2242648804)
1262,,BREAK & ENTER-OTHER,BURNABY,ALASKA ST /WILLINGDON AV,95ddb6e5-3daa-4209-9ac8-bd288196a397,1758302013451,burnaby.gis,1758302013451,burnaby.gis,1738540800000,POINT (-123.0032559948 49.2623692877)
1263,,THEFT FROM AUTO,BURNABY,WALKER AV : 5910 - 6299 Block,427d8301-8442-41f5-bc3b-ada2168d8f1c,1758302013451,burnaby.gis,1758302013451,burnaby.gis,1738713600000,POINT (-122.9627526459 49.2285150124)
1264,,THEFT FROM AUTO,BURNABY,GLEN ABBEY DR /PINEHURST DR,9863e28c-22c8-4e5e-a090-57a875d9a3a9,1758302013451,burnaby.gis,1758302013451,burnaby.gis,1738800000000,POINT (-122.9401349394 49.2704098348)
1265,,THEFT FROM AUTO,BURNABY,EMPRESS AV : 6000 - 6299 Block,ecd3eb2e-7f1a-4de8-b77b-10b7369f27fa,1758302013451,burnaby.gis,1758302013451,burnaby.gis,1738800000000,POINT (-122.9662700439 49.2281776763)
1266,,THEFT OF AUTO,BURNABY,WILLINGDON AV : 6500 - 6799 Block,51d60075-2bff-43e5-bf20-a7a3b07383fd,1758302013451,burnaby.gis,1758302013451,burnaby.gis,1738886400000,POINT (-123.010872448 49.223095983)
1267,,THEFT FROM AUTO,BURNABY,LOUGHEED HY : 4500 - 4599 Block,3cb5e0e1-dca7-4bb0-85fe-083c81f59643,1758302013451,burnaby.gis,1758302013451,burnaby.gis,1738886400000,POINT (-123.001803509 49.2663734997)
1268,,BREAK & ENTER-RESIDENCE,BURNABY,JERSEY AV /KINGSWAY,8cba9aea-5ae2-484b-b611-7d8e7362abd1,1758302013451,burnaby.gis,1758302013451,burnaby.gis,1739059200000,POINT (-123.0170320148 49.2327580852)
1269,,THEFT OF AUTO,BURNABY,KINCAID ST /ROYAL OAK AV,757a243f-81c8-4ebc-a1d8-eda4364efe67,1758302013451,burnaby.gis,1758302013451,burnaby.gis,1739059200000,POINT (-122.9890585863 49.2484400706)
1270,,THEFT FROM AUTO,BURNABY,BUFFALO DR /LYNNDALE CR,198f1cd4-e05f-489f-a276-2d4e04c17ec2,1758302013451,burnaby.gis,1758302013451,burnaby.gis,1739059200000,POINT (-122.9502072789 49.2528970374)
1271,,BREAK & ENTER-RESIDENCE,BURNABY,LAMBETH DR /PALACE PL,5ae956d4-7c27-4bf0-94d7-1b782eccddb2,1758302013451,burnaby.gis,1758302013451,burnaby.gis,1738972800000,POINT (-122.9564868636 49.231522891)
1272,,BREAK & ENTER-OTHER,BURNABY,CONWAY AV : 7400 - 7599 Block,c94a2633-b268-4125-a9fb-c038f19a1085,1758302013451,burnaby.gis,1758302013451,burnaby.gis,1739145600000,POINT (-122.9686204688 49.2160124901)
1273,,THEFT FROM AUTO,BURNABY,CAMERON ST : 9600 - 9759 Block,87d95b25-718e-4c39-925f-6134d599d555,1758302013451,burnaby.gis,1758302013451,burnaby.gis,1739145600000,POINT (-122.8974742813 49.2534391149)
1274,,BREAK & ENTER-OTHER,BURNABY,GAGLARDI WY /UNIVERSITY DR,fc857e6f-f1b2-4af9-822a-837a763304de,1758302013451,burnaby.gis,1758302013451,burnaby.gis,1739232000000,POINT (-122.9200489102 49.2801262728)
1275,,THEFT FROM AUTO,BURNABY,GRIMMER ST : 5200 - 5399 Block,0249ea2d-c4e1-4184-aa2b-d48e7d3c957a,1758302013451,burnaby.gis,1758302013451,burnaby.gis,1739232000000,POINT (-122.986715328 49.223566405)
1276,,THEFT OF AUTO,BURNABY,EAST CT /EASTLAWN DR,a94b86fd-ea0f-4a9d-8bad-6856a4d37f49,1758302013451,burnaby.gis,1758302013451,burnaby.gis,1739232000000,POINT (-122.9914300973 49.2745082186)
1277,,BREAK & ENTER-RESIDENCE,BURNABY,NITHSDALE ST : 3800 - 4093 Block,ab16849b-da56-4394-8754-0f0f762214e3,1758302013451,burnaby.gis,1758302013451,burnaby.gis,1739318400000,POINT (-123.0162090652 49.2518882766)
1278,,THEFT OF AUTO,BURNABY,BOND ST : 3884 - 3999 Block,7db055e0-a647-4d67-a707-22f9bedef954,1758302013451,burnaby.gis,1758302013451,burnaby.gis,1739491200000,POINT (-123.0172557783 49.2355211715)
1279,,THEFT FROM AUTO,BURNABY,PIONEER AVE /EOR - END OF ROAD,9a2a0e4c-e478-40d0-927c-3952c7c81fa6,1758302013451,burnaby.gis,1758302013451,burnaby.gis,1739491200000,POINT (-123.0027434992 49.2305635129)
1280,,THEFT FROM AUTO,BURNABY,CENTAURUS DR : 3050 - 3070 Block,d04fb75f-7a07-40c9-9073-a36d02bc6336,1758302013451,burnaby.gis,1758302013451,burnaby.gis,1739664000000,POINT (-122.9064252901 49.2564280211)
1281,,BREAK & ENTER-OTHER,BURNABY,MAYWOOD ST : 4326 - 4339 Block,ed3a217c-5cc3-4ce3-b6c9-13b7caa95f19,1758302013451,burnaby.gis,1758302013451,burnaby.gis,1739750400000,POINT (-123.0078670458 49.2232320632)
1282,,THEFT FROM AUTO,BURNABY,LOUGHEED HY : 4500 - 4599 Block,707ae518-620c-447f-a636-70685d0cfa50,1758302013451,burnaby.gis,1758302013451,burnaby.gis,1739750400000,POINT (-123.001803509 49.2663734997)
1283,,THEFT FROM AUTO,BURNABY,16TH AV /MULBERRY PL,0bea3b65-a6e0-405e-b9ee-771594c2cc0e,1758302013451,burnaby.gis,1758302013451,burnaby.gis,1739923200000,POINT (-122.9097748391 49.238328873)
1284,,THEFT FROM AUTO,BURNABY,16TH ST : 7530 - 7599 Block,68a5258b-fc75-459f-93e7-50bd470efcda,1758302013451,burnaby.gis,1758302013451,burnaby.gis,1739923200000,POINT (-122.9498365709 49.2140082584)
1285,,THEFT OF AUTO,BURNABY,STILL CREEK AV /STILL CREEK AV,a56819e1-cb1f-4ccf-bbe2-34d6fbcb0793,1758302013451,burnaby.gis,1758302013451,burnaby.gis,1740009600000,POINT (-123.0049519683 49.2608348737)
1286,,THEFT FROM AUTO,BURNABY,FIR ST : 3700 - 3799 Block,f0dbc697-e1e1-441f-88c3-d0fac3342211,1758302013451,burnaby.gis,1758302013451,burnaby.gis,1740096000000,POINT (-123.0216779582 49.244839036)
1287,,BREAK & ENTER-OTHER,BURNABY,WAYBURNE DR : 3200 - 3699 Block,2c404069-f655-4002-83c7-8a47c836a464,1758302013451,burnaby.gis,1758302013451,burnaby.gis,1740096000000,POINT (-122.9939750791 49.2529956886)
1288,,THEFT FROM AUTO,BURNABY,MACPHERSON AV /PATRICK ST,dee3b7ff-09e7-498f-84b2-50e732642d67,1758302013451,burnaby.gis,1758302013451,burnaby.gis,1740096000000,POINT (-122.9829761353 49.2085316321)
1289,,THEFT FROM AUTO,BURNABY,DOW AV : 7200 - 7399 Block,050ce585-76f9-46ea-b5ce-de8eea72ced1,1758302013451,burnaby.gis,1758302013451,burnaby.gis,1740182400000,POINT (-123.0030833241 49.2175481845)
1290,,BREAK & ENTER-BUSINESS,BURNABY,ALPHA AV : 2200 - 2499 Block,48853e0b-7069-485b-bb67-45dce1beda5a,1758302013451,burnaby.gis,1758302013451,burnaby.gis,1740268800000,POINT (-123.0003944917 49.2634046617)
1291,,THEFT OF AUTO,BURNABY,CASEWELL ST /WILLOUGHBY AV,b8b5b438-306a-4d76-9ed9-01fb4d9c1346,1758302013451,burnaby.gis,1758302013451,burnaby.gis,1740355200000,POINT (-122.8953890932 49.257045781)
1292,,THEFT FROM AUTO,BURNABY,HASTINGS ST /KENSINGTON AV,4257da4b-31ab-4e85-8afe-e100f48a1d69,1758302013451,burnaby.gis,1758302013451,burnaby.gis,1740614400000,POINT (-122.9700195753 49.2803479289)
1293,,THEFT FROM AUTO,BURNABY,ELWELL ST : 7350 - 7399 Block,fb84b591-c352-4f5f-9eb8-96e2007612c0,1758302013451,burnaby.gis,1758302013451,burnaby.gis,1740614400000,POINT (-122.9523674435 49.2221003722)
1294,,THEFT FROM AUTO,BURNABY,MEADOW AV /THORNE AV,145fe231-d464-49b9-9858-31dc9176e8eb,1758302013451,burnaby.gis,1758302013451,burnaby.gis,1740614400000,POINT (-122.9647230359 49.1939015687)
1295,,THEFT FROM AUTO,BURNABY,KINGSWAY : 5200 - 5459 Block,aa349e69-d059-4269-9ed6-2381b89df9d0,1758302013451,burnaby.gis,1758302013451,burnaby.gis,1740700800000,POINT (-122.986718588 49.2242648804)
1296,,BREAK & ENTER-BUSINESS,BURNABY,BERESFORD ST /WILLINGDON AV,87639004-70f7-45b7-91d2-c9859483092d,1758302013451,burnaby.gis,1758302013451,burnaby.gis,1740700800000,POINT (-123.0079412309 49.227308038)
1297,,THEFT FROM AUTO,BURNABY,DUTHIE AV : 300 - 399 Block,ee5bf7f5-d469-437f-9491-8887775b8471,1758302013451,burnaby.gis,1758302013451,burnaby.gis,1740787200000,POINT (-122.9533872918 49.2808818001)
1298,,BREAK & ENTER-OTHER,BURNABY,LOUGHEED HY /SPRINGER AV,ecc6e361-765a-4e04-b506-8f2040cb46b5,1758302013451,burnaby.gis,1758302013451,burnaby.gis,1740700800000,POINT (-122.987003295 49.2650440323)
1299,,BREAK & ENTER-RESIDENCE,BURNABY,SOUTHOAKS CR : 6500 - 6699 Block,f2a60e18-d892-45a7-ab72-295fb2f668e5,1758302013451,burnaby.gis,1758302013451,burnaby.gis,1740787200000,POINT (-122.9668029696 49.2178323437)
1300,,THEFT FROM AUTO,BURNABY,ESMOND AV : 3100 - 3199 Block,dbe0466a-79e9-487e-aa98-0f2477be77d6,1758302013451,burnaby.gis,1758302013451,burnaby.gis,1740787200000,POINT (-123.0216896988 49.2559406355)
1301,,BREAK & ENTER-BUSINESS,BURNABY,ALASKA ST /ALPHA AV,74184da2-ab26-4bad-a124-4a310879dc6c,1758302013451,burnaby.gis,1758302013451,burnaby.gis,1740960000000,POINT (-123.0004006055 49.2623455245)
1302,,BREAK & ENTER-OTHER,BURNABY,LOUGHEED HY /SPRINGER AV,e7a27d96-d906-45cd-9709-8050d8c9c457,1758302013451,burnaby.gis,1758302013451,burnaby.gis,1740960000000,POINT (-122.987003295 49.2650440323)
1303,,THEFT FROM AUTO,BURNABY,KINGSWAY : 4750 - 4799 Block,97dd0fad-df31-4fc1-986a-57c1b6780240,1758302013451,burnaby.gis,1758302013451,burnaby.gis,1740960000000,POINT (-122.9970398555 49.2276422243)
1304,,THEFT FROM AUTO,BURNABY,FIR ST /HALLEY AV,3fec34b0-25fd-44f0-a16d-65d759b56555,1758302013451,burnaby.gis,1758302013451,burnaby.gis,1740960000000,POINT (-123.0097475688 49.2447599314)
1305,,BREAK & ENTER-BUSINESS,BURNABY,LOUGHEED HY : 4700 - 4739 Block,fc4f6e8c-ecb8-4b81-b7ee-62960c2cd1fc,1758302013451,burnaby.gis,1758302013451,burnaby.gis,1741046400000,POINT (-122.9969194693 49.2661525717)
1306,,THEFT FROM AUTO,BURNABY,KINGSWAY /SUSSEX AV,d8b3c242-694a-4cdd-9e5a-81542b2a8791,1758302013451,burnaby.gis,1758302013451,burnaby.gis,1741046400000,POINT (-122.9993183432 49.2283922605)
1307,,THEFT FROM AUTO,BURNABY,UNION ST : 4900 - 5199 Block,e00d1832-54e2-43ac-8a99-51afcab40231,1758302013451,burnaby.gis,1758302013451,burnaby.gis,1741132800000,POINT (-122.9899835008 49.2773282932)
1308,,THEFT OF AUTO,BURNABY,14TH AV : 7800 - 7899 Block,bf040948-af32-4997-9c6b-5ceb12304787,1758302013451,burnaby.gis,1758302013451,burnaby.gis,1741132800000,POINT (-122.9322976341 49.2213552287)
1309,,THEFT FROM AUTO,BURNABY,KINGSWAY /SUSSEX AV,3ec100a7-b86d-4ef5-8fb8-6bd5c3ff98a4,1758302013451,burnaby.gis,1758302013451,burnaby.gis,1741132800000,POINT (-122.9993183432 49.2283922605)
1310,,THEFT FROM AUTO,BURNABY,ERICKSON DR /EOR - END OF ROAD,6f549d21-07b1-4a54-b443-0f1b2f37a035,1758302013451,burnaby.gis,1758302013451,burnaby.gis,1741305600000,POINT (-122.9006222523 49.2527508989)
1311,,THEFT FROM AUTO,BURNABY,DAWSON ST /MADISON AV,7c8b0d39-7c42-49ed-8191-24c2b8ed1e18,1758302013451,burnaby.gis,1758302013451,burnaby.gis,1741305600000,POINT (-123.0087687469 49.2644573274)
1312,,THEFT FROM AUTO,BURNABY,AUSTIN RD /GATINEAU PL,a3f65ec5-c1fc-47f9-ab50-e83a8fda6a89,1758302013451,burnaby.gis,1758302013451,burnaby.gis,1741392000000,POINT (-122.8958642672 49.2489876953)
1313,,THEFT FROM AUTO,BURNABY,ADRIAN ST /GLASGOW AV,3a98507c-e548-4080-86ac-09fc4f9f82f2,1758302013451,burnaby.gis,1758302013451,burnaby.gis,1741564800000,POINT (-122.9808112794 49.2914355752)
1314,,THEFT FROM AUTO,BURNABY,GROVE AV : 400 - 599 Block,a8046aa7-46ce-43c2-b445-8195091d0338,1758302013451,burnaby.gis,1758302013451,burnaby.gis,1741651200000,POINT (-122.965844757 49.2797240173)
1315,,THEFT FROM AUTO,BURNABY,KINGSWAY : 7000 - 7099 Block,f86b4ee5-3924-4bb2-a9db-dd70fef293ae,1758302013451,burnaby.gis,1758302013451,burnaby.gis,1741824000000,POINT (-122.9584677628 49.218446159)
1316,,BREAK & ENTER-BUSINESS,BURNABY,EVERGREEN PL :  -  Block,324ff95f-a7bd-4a65-ad48-033104861ce0,1758302013451,burnaby.gis,1758302013451,burnaby.gis,1741737600000,POINT (-122.8934055902 49.2498620332)
1317,,THEFT FROM AUTO,BURNABY,ESMOND AV N /YALE ST,c60c83e7-0f47-4305-bdbe-49288b33a29f,1758302013451,burnaby.gis,1758302013451,burnaby.gis,1741910400000,POINT (-123.0208435095 49.2901691913)
1318,,THEFT FROM AUTO,BURNABY,HOLDOM AV : 200 - 399 Block,268c4506-8124-4fee-90cd-3aead6c2929e,1758302013451,burnaby.gis,1758302013451,burnaby.gis,1741996800000,POINT (-122.9809168644 49.2814467329)
1319,,THEFT FROM AUTO,BURNABY,KINGSWAY /OLIVE AV,67cd12b9-baa7-40ec-a7ba-1f5f7e312f42,1758302013451,burnaby.gis,1758302013451,burnaby.gis,1742083200000,POINT (-123.009787063 49.2318316063)
1320,,BREAK & ENTER-BUSINESS,BURNABY,KEMP ST /WILSON AV,dc48226c-7fe4-4bca-9f0e-a4fed77489c7,1758302013451,burnaby.gis,1758302013451,burnaby.gis,1742083200000,POINT (-123.008529326 49.2305035309)
1321,,THEFT FROM AUTO,BURNABY,RIDGE DR : 7230 - 7399 Block,4f15ff79-6b83-45a0-a92a-0c33ad1377f4,1758302013451,burnaby.gis,1758302013451,burnaby.gis,1742083200000,POINT (-122.9498057637 49.2844232117)
1322,,BREAK & ENTER-BUSINESS,BURNABY,LOUGHEED HY : 4700 - 4739 Block,24bfb7e8-26ee-4b80-83ad-42cd536db626,1758302013451,burnaby.gis,1758302013451,burnaby.gis,1742083200000,POINT (-122.9969194693 49.2661525717)
1323,,THEFT FROM AUTO,BURNABY,KEMP ST /WILSON AV,06b44bc6-48e1-4dce-b993-de6c380dfae9,1758302013451,burnaby.gis,1758302013451,burnaby.gis,1742083200000,POINT (-123.008529326 49.2305035309)
1324,,THEFT FROM AUTO,BURNABY,UNIVERSITY DR E : -1 - 0 Block,db6dab4f-a154-4375-aff7-57f6a12afda5,1758302013451,burnaby.gis,1758302013451,burnaby.gis,1742256000000,POINT (-122.9043925885 49.280104395)
1325,,THEFT FROM AUTO,BURNABY,UNIVERSITY HIGH ST : 8900 - 8999 Block,c3f96eef-4de3-479b-b3e0-030f3f6f5bc9,1758302013451,burnaby.gis,1758302013451,burnaby.gis,1742256000000,POINT (-122.9120186068 49.2784083923)
1326,,THEFT FROM AUTO,BURNABY,LOUGHEED HY : 5700 - 6199 Block,d1952a6e-9015-4eca-b51a-1d153042b30f,1758302013451,burnaby.gis,1758302013451,burnaby.gis,1742256000000,POINT (-122.9784609546 49.2643102772)
1327,,THEFT FROM AUTO,BURNABY,KINGSWAY /SUSSEX AV,280a8260-a2a9-4a25-9aa8-2f645ac2f86f,1758302013451,burnaby.gis,1758302013451,burnaby.gis,1742256000000,POINT (-122.9993183432 49.2283922605)
1328,,THEFT FROM AUTO,BURNABY,PLUM AV /RUMBLE ST,fe21e344-5279-4b20-bd91-4aadf2759f08,1758302013451,burnaby.gis,1758302013451,burnaby.gis,1742342400000,POINT (-122.9802319112 49.2147992318)
1329,,THEFT FROM AUTO,BURNABY,GILPIN CT /GILPIN ST,8bfe5823-e42e-4224-9c3e-e20260945ff1,1758302013451,burnaby.gis,1758302013451,burnaby.gis,1742428800000,POINT (-123.0146249037 49.2412807678)
1330,,THEFT FROM AUTO,BURNABY,ERICKSON DR /EOR - END OF ROAD,4e6c91fe-f385-4ab3-a6f5-c8fc0a347d5e,1758302013451,burnaby.gis,1758302013451,burnaby.gis,1742515200000,POINT (-122.9006222523 49.2527508989)
1331,,BREAK & ENTER-BUSINESS,BURNABY,KINGSWAY : 4600 - 4699 Block,7de5e8b0-8c6e-4840-a811-e6ad88eaa69d,1758302013451,burnaby.gis,1758302013451,burnaby.gis,1742428800000,POINT (-123.0010442562 49.2289600319)
1332,,THEFT FROM AUTO,BURNABY,WESTLAKE ST : 8050 - 8099 Block,e4294923-86d5-4b10-8fc9-2728de8d7409,1758302013451,burnaby.gis,1758302013451,burnaby.gis,1742688000000,POINT (-122.9297525776 49.2529701355)
1333,,THEFT FROM AUTO,BURNABY,COMMERCE CT /PRODUCTION WY,7f9062c7-baa5-446d-925a-b14ddf2d51c5,1758302013451,burnaby.gis,1758302013451,burnaby.gis,1742774400000,POINT (-122.9177719146 49.255436358)
1334,,THEFT FROM AUTO,BURNABY,KEMP ST /WILSON AV,74b420ee-816b-4256-b2f6-b0745aa00bf1,1758302013451,burnaby.gis,1758302013451,burnaby.gis,1742774400000,POINT (-123.008529326 49.2305035309)
1335,,THEFT FROM AUTO,BURNABY,GAGLARDI WY /UNIVERSITY DR,1d51aac7-f5c2-4717-b2db-e629ff184a5e,1758302013451,burnaby.gis,1758302013451,burnaby.gis,1742860800000,POINT (-122.9200489102 49.2801262728)
1336,,THEFT OF AUTO,BURNABY,MARLBOROUGH AV /SANDERS ST,bf437209-ca1d-425e-89fb-3a5f2872baa8,1758302013451,burnaby.gis,1758302013451,burnaby.gis,1742947200000,POINT (-122.9915708262 49.2279238745)
1337,,THEFT FROM AUTO,BURNABY,ANTRIM AV /SHORT ST,5aa219b4-4a34-4907-9a5f-524afda175cf,1758302013451,burnaby.gis,1758302013451,burnaby.gis,1742947200000,POINT (-122.9848672067 49.2199497389)
1338,,THEFT FROM AUTO,BURNABY,RIDGELAWN DR : 4700 - 4999 Block,6767fbce-a959-46d8-a13c-e6b5857a03e7,1758302013451,burnaby.gis,1758302013451,burnaby.gis,1743033600000,POINT (-122.9949047545 49.2674015878)
1339,,BREAK & ENTER-BUSINESS,BURNABY,HOLDOM AV : 200 - 399 Block,f56bd86e-75dd-4c2c-b49a-731d4e965adb,1758302013451,burnaby.gis,1758302013451,burnaby.gis,1743033600000,POINT (-122.9809168644 49.2814467329)
1340,,THEFT FROM AUTO,BURNABY,IRMIN ST : 5400 - 5899 Block,a4af0b30-dd10-42e1-a59b-87ccd366ed10,1758302013451,burnaby.gis,1758302013451,burnaby.gis,1743206400000,POINT (-122.9801473121 49.2156282706)
1341,,THEFT FROM AUTO,BURNABY,BARNET RD : 8000 - 8199 Block,6675c23d-84de-48ce-8603-bbc1358d3538,1758302013451,burnaby.gis,1758302013451,burnaby.gis,1743379200000,POINT (-122.9289833712 49.289580299)
1342,,THEFT FROM AUTO,BURNABY,BARNET RD : 8000 - 8199 Block,3b5fa69d-43f0-45a1-8d0f-5e59b647fd1d,1758302013451,burnaby.gis,1758302013451,burnaby.gis,1743379200000,POINT (-122.9289833712 49.289580299)
1343,,BREAK & ENTER-BUSINESS,BURNABY,GRAND PROMENADE : 9855 - 9861 Block,aeecb99e-6448-498e-8352-e900f6725761,1758302013451,burnaby.gis,1758302013451,burnaby.gis,1743465600000,POINT (-122.8948972091 49.2499134117)
1344,,THEFT FROM AUTO,BURNABY,WILLINGDON AV : 3300 - 3999 Block,38d78d0d-6f1a-4221-884c-5e6d4244fc18,1758302013451,burnaby.gis,1758302013451,burnaby.gis,1743638400000,POINT (-123.0043093237 49.2511783217)
1345,,THEFT FROM AUTO,BURNABY,JAMES ST /OLIVE AV,264b91a0-5b55-4a56-a022-a0fbd013b568,1758302013451,burnaby.gis,1758302013451,burnaby.gis,1743897600000,POINT (-123.0110275565 49.2306819142)
1346,,THEFT OF AUTO,BURNABY,16TH AV : 7460 - 7499 Block,759783e3-dd6e-4a4b-b41f-0bf47ddfa0de,1758302013451,burnaby.gis,1758302013451,burnaby.gis,1743897600000,POINT (-122.9425445728 49.2191887035)
1347,,THEFT FROM AUTO,BURNABY,ALPHA DR : 4631 - 4672 Block,b37a605e-041b-42e0-be9a-ce2ae834823c,1758302013451,burnaby.gis,1758302013451,burnaby.gis,1743897600000,POINT (-123.0014679264 49.2733321998)
1348,,BREAK & ENTER-BUSINESS,BURNABY,JUNEAU ST : 4400 - 4499 Block,94258a20-2340-41b5-9772-6d3dd93c3105,1758302013451,burnaby.gis,1758302013451,burnaby.gis,1741824000000,POINT (-123.0046312262 49.2635339543)
1349,,BREAK & ENTER-OTHER,BURNABY,PENDER ST : 4800 - 4899 Block,85d7ee86-bf01-49b1-971d-d6b806414ab2,1758302013451,burnaby.gis,1758302013451,burnaby.gis,1744156800000,POINT (-122.9934058875 49.280062944)
1350,,BREAK & ENTER-BUSINESS,BURNABY,UNIVERSITY DR /UNIVERSITY DR,3ee30b2e-f8f1-4028-9ac7-2efe8466fe33,1758302013451,burnaby.gis,1758302013451,burnaby.gis,1744156800000,POINT (-122.9102936844 49.2804077837)
1351,,THEFT FROM AUTO,BURNABY,WINSTON ST : 7900 - 8199 Block,525c4edc-9551-455c-916b-e89c4b72a5a5,1758302013451,burnaby.gis,1758302013451,burnaby.gis,1744243200000,POINT (-122.9303505591 49.2482299738)
1352,,THEFT FROM AUTO,BURNABY,GAGLARDI WY /UNIVERSITY DR,17cf9855-e96a-4faa-9bef-a8cec89ba8db,1758302013451,burnaby.gis,1758302013451,burnaby.gis,1744243200000,POINT (-122.9200489102 49.2801262728)
1353,,BREAK & ENTER-OTHER,BURNABY,GAGLARDI WY /UNIVERSITY DR,6130555a-2f85-43ca-867e-84ff239516e8,1758302013451,burnaby.gis,1758302013451,burnaby.gis,1744329600000,POINT (-122.9200489102 49.2801262728)
1354,,THEFT FROM AUTO,BURNABY,KINGSWAY /MACPHERSON AV,4f1fd942-fad8-4184-9660-03f5c4f3f72d,1758302013451,burnaby.gis,1758302013451,burnaby.gis,1744416000000,POINT (-122.983064096 49.2230963281)
1355,,THEFT FROM AUTO,BURNABY,NELSON AV /SANDERS ST,2f065a2e-4aba-4ee2-8b26-ad626954eb5c,1758302013451,burnaby.gis,1758302013451,burnaby.gis,1744416000000,POINT (-122.9942045487 49.2279195992)
1356,,THEFT FROM AUTO,BURNABY,DUNCAN AV : 400 - 799 Block,f3083ec4-5a73-43a5-98d1-8c03d7f6ce9c,1758302013451,burnaby.gis,1758302013451,burnaby.gis,1744588800000,POINT (-122.9624374468 49.2790269372)
1357,,THEFT FROM AUTO,BURNABY,WAVERLEY AV : 6800 - 7199 Block,8bd79c26-b208-4e75-9b2f-d3e2b9e52c00,1758302013451,burnaby.gis,1758302013451,burnaby.gis,1744588800000,POINT (-122.9976081997 49.2201922967)
1358,,BREAK & ENTER-BUSINESS,BURNABY,LOZELLS AV : 4260 - 4299 Block,836e2279-f88c-4181-8ed7-6286a256648a,1758302013451,burnaby.gis,1758302013451,burnaby.gis,1744588800000,POINT (-122.942135707 49.2456848204)
1359,,THEFT OF AUTO,BURNABY,ALBERT ST : 3700 - 3799 Block,7bd36bfe-171e-498a-9008-763edb5fceaa,1758302013451,burnaby.gis,1758302013451,burnaby.gis,1744588800000,POINT (-123.022167902 49.2820389969)
1360,,THEFT FROM AUTO,BURNABY,15TH AV /6TH ST,093397e8-4430-4499-8f48-655891fa6e9b,1758302013451,burnaby.gis,1758302013451,burnaby.gis,1744934400000,POINT (-122.9321201679 49.2225301192)
1361,,THEFT FROM AUTO,BURNABY,WILLINGDON AV : 6100 - 6149 Block,3ff9570b-5e66-4972-a080-8366fe0aa0d8,1758302013451,burnaby.gis,1758302013451,burnaby.gis,1745020800000,POINT (-123.0069615185 49.2282080486)
1362,,THEFT OF AUTO,BURNABY,BROADWAY : 9400 - 9499 Block,57f467ef-f8d2-4da2-9c32-1e371668fd7d,1758302013451,burnaby.gis,1758302013451,burnaby.gis,1745020800000,POINT (-122.8994119627 49.2633876825)
1363,,THEFT FROM AUTO,BURNABY,HALIFAX ST /WILLINGDON AV,4920a91f-4bc2-4b11-82c7-3c61a9f4d21b,1758302013451,burnaby.gis,1758302013451,burnaby.gis,1745107200000,POINT (-123.003233114 49.268026613)
1364,,BREAK & ENTER-OTHER,BURNABY,UNIVERSITY HIGH ST : 8900 - 8999 Block,0d6e1e6b-872c-4be5-b77c-916271bbd94c,1758302013451,burnaby.gis,1758302013451,burnaby.gis,1745107200000,POINT (-122.9120186068 49.2784083923)
1365,,THEFT FROM AUTO,BURNABY,LOUGHEED HY : 4900 - 5099 Block,60be2c17-d219-4c2f-84c8-66b2b71e17c8,1758302013451,burnaby.gis,1758302013451,burnaby.gis,1745280000000,POINT (-122.9904744868 49.2650672793)
1366,,THEFT FROM AUTO,BURNABY,SALISBURY AV : 7200 - 7299 Block,187106c7-b9e3-4519-87d7-2a6dbdebd414,1758302013451,burnaby.gis,1758302013451,burnaby.gis,1745452800000,POINT (-122.9575280469 49.2177667336)
1367,,BREAK & ENTER-RESIDENCE,BURNABY,LOUGHEED HY : 4800 - 4839 Block,2ed20010-4de8-4279-b53d-d639e1728fed,1758302013451,burnaby.gis,1758302013451,burnaby.gis,1745452800000,POINT (-122.9941948066 49.2656264652)
1368,,THEFT OF AUTO,BURNABY,SATURNA DR : 9100 - 9199 Block,2577cbf9-522f-4dfe-ac41-ccf2e51c3642,1758302013451,burnaby.gis,1758302013451,burnaby.gis,1745366400000,POINT (-122.9057506031 49.2591371314)
1369,,BREAK & ENTER-OTHER,BURNABY,CAMERON ST : 9300 - 9599 Block,9929f87f-5a28-4c04-96a3-cfe294206544,1758302013451,burnaby.gis,1758302013451,burnaby.gis,1745539200000,POINT (-122.900515397 49.2534638804)
1370,,BREAK & ENTER-BUSINESS,BURNABY,KINGSWAY /MILLER AV,b09073a7-6bf2-4734-8e9f-c1b6a1b1d198,1758302013451,burnaby.gis,1758302013451,burnaby.gis,1745884800000,POINT (-122.9950884609 49.2270023804)
1371,,BREAK & ENTER-BUSINESS,BURNABY,KINGSWAY /ROYAL OAK AV,8585bc76-4a35-44fc-abe5-b8d0981c43aa,1758302013451,burnaby.gis,1758302013451,burnaby.gis,1745884800000,POINT (-122.9889144716 49.2249674473)
1372,,THEFT FROM AUTO,BURNABY,GAGLARDI WY /UNIVERSITY DR,874f696c-8afb-46c2-a965-92e63f19c62a,1758302013451,burnaby.gis,1758302013451,burnaby.gis,1745884800000,POINT (-122.9200489102 49.2801262728)
1373,,THEFT FROM AUTO,BURNABY,LOUGHEED HY /MADISON AV,e183042d-8c75-44f6-bc9d-fe6626000f35,1758302013451,burnaby.gis,1758302013451,burnaby.gis,1746057600000,POINT (-123.0087576028 49.2664228104)
1374,,THEFT FROM AUTO,BURNABY,6TH ST /ROSEWOOD ST,bb253155-2c7c-4a38-8a68-6990de14096f,1758302013451,burnaby.gis,1758302013451,burnaby.gis,1746144000000,POINT (-122.9389753735 49.2276218869)
1375,,BREAK & ENTER-BUSINESS,BURNABY,RIVERBEND DR /,cd213beb-0cbd-4e57-b856-d7aeffd9df9a,1758302013451,burnaby.gis,1758302013451,burnaby.gis,1746057600000,POINT (-122.972393962 49.1885310439)
1376,,THEFT FROM AUTO,BURNABY,GRANDVIEW HY : 4100 - 4199 Block,b66a9f69-ab71-4447-828d-a20ce8b9d167,1758302013451,burnaby.gis,1758302013451,burnaby.gis,1746057600000,POINT (-123.0130016205 49.258116487)
1377,,BREAK & ENTER-OTHER,BURNABY,CANADA WY /SPERLING AV,951f1b3d-f9aa-4e2e-a958-bcd8a1076053,1758302013451,burnaby.gis,1758302013451,burnaby.gis,1746057600000,POINT (-122.9646771586 49.2397830157)
1378,,BREAK & ENTER-BUSINESS,BURNABY,UNIVERSITY CR : 9100 - 9399 Block,761bc0ec-cf71-4546-9c99-e47ca9e8993f,1758302013451,burnaby.gis,1758302013451,burnaby.gis,1746057600000,POINT (-122.9059277151 49.2796556107)
1379,,THEFT FROM AUTO,BURNABY,BURNS ST : 6000 - 6299 Block,800c6bad-618d-420e-a839-14bc610c6796,1758302013451,burnaby.gis,1758302013451,burnaby.gis,1746230400000,POINT (-122.974151888 49.2258610496)
1380,,THEFT FROM AUTO,BURNABY,MCKEE ST : 5600 - 5799 Block,22d0b19a-bc23-452c-816b-8f24144e1ee5,1758302013451,burnaby.gis,1758302013451,burnaby.gis,1746057600000,POINT (-122.9812819885 49.2111969346)
1381,,BREAK & ENTER-OTHER,BURNABY,ALPHA AV /DAWSON ST,8c3633fa-48c2-4b96-9e7e-6e07ffcd81f9,1758302013451,burnaby.gis,1758302013451,burnaby.gis,1746316800000,POINT (-123.0003883777 49.2644637986)
1382,,THEFT FROM AUTO,BURNABY,KINGSWAY : 4800 - 4849 Block,cbb413a4-18c8-4ae0-a619-822b973cdea4,1758302013451,burnaby.gis,1758302013451,burnaby.gis,1746403200000,POINT (-122.995735521 49.2272131168)
1383,,BREAK & ENTER-OTHER,BURNABY,CASEWELL ST /WILLOUGHBY AV,762278c7-3fee-4c74-95d3-aec8f0f144ed,1758302013451,burnaby.gis,1758302013451,burnaby.gis,1746489600000,POINT (-122.8953890932 49.257045781)
1384,,THEFT FROM AUTO,BURNABY,MCBRIDE ST : 6900 - 7099 Block,b7ea6c95-3b0b-49c6-a767-3f9ccd992f29,1758302013451,burnaby.gis,1758302013451,burnaby.gis,1746489600000,POINT (-122.9588591956 49.2221010796)
1385,,THEFT FROM AUTO,BURNABY,MARTIN ST : 9500 - 9699 Block,b0ec1aa7-813a-4f68-ba75-6f6cc3d6076a,1758302013451,burnaby.gis,1758302013451,burnaby.gis,1746489600000,POINT (-122.8990801563 49.2578999036)
1386,,THEFT FROM AUTO,BURNABY,KINGSWAY : 4800 - 4849 Block,7210e42d-1447-4763-b5a1-f47686e3e346,1758302013451,burnaby.gis,1758302013451,burnaby.gis,1746403200000,POINT (-122.995735521 49.2272131168)
1387,,BREAK & ENTER-BUSINESS,BURNABY,SARDIS ST : 4200 - 4299 Block,d509016b-4bbf-4450-bfe6-352b52c8c93c,1758302013451,burnaby.gis,1758302013451,burnaby.gis,1746403200000,POINT (-123.0099591622 49.2340416498)
1388,,THEFT FROM AUTO,BURNABY,BRYANT ST /COLBORNE AV,c6572204-f586-4aef-8293-08646c615a35,1758302013451,burnaby.gis,1758302013451,burnaby.gis,1746489600000,POINT (-122.9708346329 49.2253180102)
1389,,THEFT FROM AUTO,BURNABY,ALBERT ST : 4800 - 4829 Block,2ab7778d-943c-483c-8bff-26e8b6894759,1758302013451,burnaby.gis,1758302013451,burnaby.gis,1746662400000,POINT (-122.994015801 49.2818644971)
1390,,THEFT FROM AUTO,BURNABY,KINCAID ST : 3700 - 3799 Block,6cb69f6c-155e-4798-815c-3d1f76ebaf0a,1758302013451,burnaby.gis,1758302013451,burnaby.gis,1746662400000,POINT (-123.0216735091 49.2488256927)
1391,,THEFT FROM AUTO,BURNABY,UNION ST : 4500 - 4599 Block,aa66a804-fca1-4c3c-81a9-0ffe95f1f39e,1758302013451,burnaby.gis,1758302013451,burnaby.gis,1746748800000,POINT (-123.0017342304 49.2773746707)
1392,,THEFT FROM AUTO,BURNABY,WILLINGDON AV : 6100 - 6149 Block,bbeb4dda-7b60-4889-93c2-fe01c94cfcd7,1758302013451,burnaby.gis,1758302013451,burnaby.gis,1746748800000,POINT (-123.0069615185 49.2282080486)
1393,,THEFT FROM AUTO,BURNABY,CARIBOO PL /GAGLARDI WY,aeeecdcf-fdbe-45dd-b685-a2a478a5cd71,1758302013451,burnaby.gis,1758302013451,burnaby.gis,1746835200000,POINT (-122.9128873972 49.2480857951)
1394,,THEFT FROM AUTO,BURNABY,WILLINGDON AV /WILLINGDON EX,0072d236-3757-4c9c-84aa-25fd6d21087d,1758302013451,burnaby.gis,1758302013451,burnaby.gis,1746835200000,POINT (-123.0113376549 49.2241087547)
1395,,BREAK & ENTER-BUSINESS,BURNABY,CLARE AV : 400 - 599 Block,dc44e13c-84ad-42d8-93b6-f8e3ac7254e9,1758302013451,burnaby.gis,1758302013451,burnaby.gis,1746748800000,POINT (-122.963483543 49.2797145251)
1396,,THEFT FROM AUTO,BURNABY,BRANDON ST : 3800 - 3999 Block,04dbd69b-9076-44c0-bdbc-8059ef36c300,1758302013451,burnaby.gis,1758302013451,burnaby.gis,1746921600000,POINT (-123.017849845 49.2387742618)
1397,,BREAK & ENTER-RESIDENCE,BURNABY,BRYNLOR DR /CAULWYND PL,d28747ab-3b62-4cfb-8c70-afcf4578f83d,1758302013451,burnaby.gis,1758302013451,burnaby.gis,1746921600000,POINT (-122.9701544226 49.2101603761)
1398,,THEFT FROM AUTO,BURNABY,CHARLOTTE CT /ELSOM AV,60b0e43c-b0e1-43f3-abec-4c7e92e4a6a4,1758302013451,burnaby.gis,1758302013451,burnaby.gis,1746921600000,POINT (-123.0012023481 49.2378314132)
1399,,BREAK & ENTER-BUSINESS,BURNABY,GILMORE AV /HASTINGS ST,b5be8428-23e6-43ec-8adb-341319f394ce,1758302013451,burnaby.gis,1758302013451,burnaby.gis,1747008000000,POINT (-123.0141782161 49.2810509775)
1400,,THEFT FROM AUTO,BURNABY,SANDBORNE AV /STATION HILL DR,43d1f98b-21a2-441a-96b5-6b4b6df41ee6,1758302013451,burnaby.gis,1758302013451,burnaby.gis,1747008000000,POINT (-122.9621385766 49.2103810132)
1401,,BREAK & ENTER-OTHER,BURNABY,IMPERIAL ST /WALTHAM AV,585826b9-dcca-4d94-aa5a-87ed2d547dce,1758302013451,burnaby.gis,1758302013451,burnaby.gis,1747008000000,POINT (-122.9763183864 49.2220149247)
1402,,BREAK & ENTER-OTHER,BURNABY,GRIFFITHS DR /STRIDE AV,7c0c681c-d1e3-48cc-992b-793f7ed4386d,1758302013451,burnaby.gis,1758302013451,burnaby.gis,1747008000000,POINT (-122.9556556478 49.2111908531)
1403,,THEFT FROM AUTO,BURNABY,ROYAL OAK AV : 6968 - 7199 Block,c42c003f-48ee-468f-847c-1a94a0adc368,1758302013451,burnaby.gis,1758302013451,burnaby.gis,1747180800000,POINT (-122.98852715 49.2192144743)
1404,,THEFT FROM AUTO,BURNABY,DELTA AV /VENABLES ST,63c12fdf-2313-49a2-b479-f66a4558544e,1758302013451,burnaby.gis,1758302013451,burnaby.gis,1747267200000,POINT (-122.9921360366 49.276428687)
1405,,BREAK & ENTER-OTHER,BURNABY,BURNLAKE DR : 8100 - 8222 Block,331ff425-a688-441c-a876-b3acdb3bb74f,1758302013451,burnaby.gis,1758302013451,burnaby.gis,1747267200000,POINT (-122.9271943854 49.2488541706)
1406,,THEFT OF AUTO,BURNABY,HALL AV /KINGSWAY,6bb999d1-a029-4503-8cd8-6de6bb50cc63,1758302013451,burnaby.gis,1758302013451,burnaby.gis,1747267200000,POINT (-122.9549098399 49.2184238569)
1407,,BREAK & ENTER-OTHER,BURNABY,OLIVE AV : 5800 - 5889 Block,c0b60b22-b918-4f2a-b17d-1cbc3c3cb710,1758302013451,burnaby.gis,1758302013451,burnaby.gis,1747353600000,POINT (-123.0104074669 49.2312568313)
1408,,THEFT FROM AUTO,BURNABY,GOVERNMENT RD /PHILLIPS AV,349006c2-2c57-4175-8e6f-55ed9f617353,1758302013451,burnaby.gis,1758302013451,burnaby.gis,1747353600000,POINT (-122.9487596993 49.250960522)
1409,,THEFT FROM AUTO,BURNABY,MANOR ST /WESTMINSTER AV,6ae2955f-9868-47bd-9635-ad30cb969f9c,1758302013451,burnaby.gis,1758302013451,burnaby.gis,1747440000000,POINT (-122.9934020995 49.2572282881)
1410,,BREAK & ENTER-BUSINESS,BURNABY,DARNLEY ST /NORLAND AV,eb498f48-c47b-4235-8618-f660f24095d9,1758302013451,burnaby.gis,1758302013451,burnaby.gis,1747440000000,POINT (-122.9755834011 49.2552453832)
1411,,THEFT FROM AUTO,BURNABY,KEITH ST /MCGREGOR AV,ab8dc5e3-8b04-4bc9-b242-6c057ca0bcfa,1758302013451,burnaby.gis,1758302013451,burnaby.gis,1747440000000,POINT (-122.9903874481 49.2076402321)
1412,,THEFT FROM AUTO,BURNABY,MARINE DR : 4100 - 4299 Block,0cd6673a-328d-4758-afe7-a12f09b1f659,1758302013451,burnaby.gis,1758302013451,burnaby.gis,1747526400000,POINT (-123.0104404443 49.2092271229)
1413,,THEFT OF AUTO,BURNABY,RIVERBEND CT /RIVERBEND DR,a834bcdc-3186-47f8-8f85-b330ed9c987d,1758302013451,burnaby.gis,1758302013451,burnaby.gis,1747526400000,POINT (-122.9679315222 49.1898333858)
1414,,THEFT FROM AUTO,BURNABY,KINGSWAY : 4750 - 4799 Block,6c0e25a2-eb76-4721-bf6a-0b644d7617fa,1758302013451,burnaby.gis,1758302013451,burnaby.gis,1747526400000,POINT (-122.9970398555 49.2276422243)
1415,,BREAK & ENTER-RESIDENCE,BURNABY,FOREST GROVE DR /MORNINGSIDE LN,f1ceb1a0-f16f-4a1a-89b3-098d67cfc28d,1758302013451,burnaby.gis,1758302013451,burnaby.gis,1747612800000,POINT (-122.9080272126 49.262212686)
1416,,THEFT OF AUTO,BURNABY,CAULWYND PL : 6300 - 6399 Block,3d8c1f76-c5e0-42c6-ad09-c3d0f0905aa2,1758302013451,burnaby.gis,1758302013451,burnaby.gis,1747699200000,POINT (-122.9708397745 49.2107089258)
1417,,BREAK & ENTER-RESIDENCE,BURNABY,SOUTHWYNDE AV : 7380 - 7499 Block,5ae9eb86-b712-477d-b9c0-88318a2abb24,1758302013451,burnaby.gis,1758302013451,burnaby.gis,1747699200000,POINT (-122.9651999483 49.2076477299)
1418,,THEFT FROM AUTO,BURNABY,EVERGREEN PL :  -  Block,f08cd10b-bede-4e34-9e48-d9f4d91d6764,1758302013451,burnaby.gis,1758302013451,burnaby.gis,1747785600000,POINT (-122.8934055902 49.2498620332)
1419,,THEFT FROM AUTO,BURNABY,GILMORE AV N /YALE ST,ce5f69f7-aa5c-4768-ada7-261e07f6cef5,1758302013451,burnaby.gis,1758302013451,burnaby.gis,1747872000000,POINT (-123.0139805963 49.2901128613)
1420,,THEFT OF AUTO,BURNABY,DOUGLAS RD /STILL CREEK AV,ee2f3c1c-2f03-4d04-aa47-993c53f45dba,1758302013451,burnaby.gis,1758302013451,burnaby.gis,1747872000000,POINT (-122.9846020583 49.2608012014)
1421,,THEFT FROM AUTO,BURNABY,SALISBURY AV : 6900 - 6960 Block,2b3d4e76-87ec-4472-b539-c854f8a386e4,1758302013451,burnaby.gis,1758302013451,burnaby.gis,1747872000000,POINT (-122.9575684064 49.2209580284)
1422,,THEFT FROM AUTO,BURNABY,BERESFORD ST /SUSSEX AV,410ae94e-ced0-494b-9bf7-322553784884,1758302013451,burnaby.gis,1758302013451,burnaby.gis,1747872000000,POINT (-123.0021720462 49.2246610271)
1423,,THEFT FROM AUTO,BURNABY,GEORGIA ST /WILLINGDON AV,cb9647cb-3bfd-4f25-8c4b-9540b770116e,1758302013451,burnaby.gis,1758302013451,burnaby.gis,1747958400000,POINT (-123.0031675759 49.2782840661)
1424,,THEFT FROM AUTO,BURNABY,BURLINGTON AV /KINGSWAY,312cf8f7-1c39-4839-9ad9-667d94c75feb,1758302013451,burnaby.gis,1758302013451,burnaby.gis,1748044800000,POINT (-122.9903130059 49.2254223298)
1425,,BREAK & ENTER-OTHER,BURNABY,14TH AV /GRIFFITHS DR,b36b443b-cec8-4ea7-a71b-919f0dd5520a,1758302013451,burnaby.gis,1758302013451,burnaby.gis,1748044800000,POINT (-122.9537306314 49.2097596465)
1426,,THEFT OF AUTO,BURNABY,11TH AV /NEWCOMBE ST,f130bd4c-4c2e-4e69-9211-d2ef0172c394,1758302013451,burnaby.gis,1758302013451,burnaby.gis,1748044800000,POINT (-122.9178747008 49.22548387)
1427,,THEFT FROM AUTO,BURNABY,CARNEGIE ST : 6500 - 6599 Block,bf62eb84-8b31-416f-ba98-e128fadac6fa,1758302013451,burnaby.gis,1758302013451,burnaby.gis,1748044800000,POINT (-122.9684677524 49.2769424577)
1428,,BREAK & ENTER-OTHER,BURNABY,WILLINGDON AV : 3300 - 3999 Block,0873b9e1-f0ed-421f-ae10-9b9b46e684ef,1758302013451,burnaby.gis,1758302013451,burnaby.gis,1747958400000,POINT (-123.0043093237 49.2511783217)
1429,,THEFT FROM AUTO,BURNABY,AUSTIN RD /GATINEAU PL,fb528b74-be5a-4e44-b732-f68085a652b8,1758302013451,burnaby.gis,1758302013451,burnaby.gis,1748044800000,POINT (-122.8958642672 49.2489876953)
1430,,BREAK & ENTER-OTHER,BURNABY,BYRNEPARK WK /SOUTHPOINT DR,7711d1da-2c35-4a7c-8b36-ce510e2b91ec,1758302013451,burnaby.gis,1758302013451,burnaby.gis,1748390400000,POINT (-122.9632261189 49.2071673317)
1431,,THEFT FROM AUTO,BURNABY,HAZEL ST : 4830 - 4899 Block,99395d67-6e44-44c3-9b34-c47ccbfe73ee,1758302013451,burnaby.gis,1758302013451,burnaby.gis,1748390400000,POINT (-122.9946476058 49.227933637)
1432,,THEFT FROM AUTO,BURNABY,STILL CREEK DR : 4500 - 4599 Block,1342feee-db8a-4fe4-9ff6-60a1192549c4,1758302013451,burnaby.gis,1758302013451,burnaby.gis,1748390400000,POINT (-123.0027676048 49.2618225811)
1433,,THEFT FROM AUTO,BURNABY,FOREST GROVE DR : 8300 - 8529 Block,0c7049b7-ee20-42f9-95b1-367cc01f627f,1758302013451,burnaby.gis,1758302013451,burnaby.gis,1748476800000,POINT (-122.9208651054 49.26481383)
1434,,THEFT FROM AUTO,BURNABY,GRANT ST /MACDONALD AV,24624a8a-8c2c-47ae-88d7-64f6ee84e584,1758302013451,burnaby.gis,1758302013451,burnaby.gis,1748476800000,POINT (-123.016319639 49.271177134)
1435,,THEFT OF AUTO,BURNABY,16TH ST : 7530 - 7599 Block,ccc6a37b-e948-43d9-856d-006859d38e8a,1758302013451,burnaby.gis,1758302013451,burnaby.gis,1748649600000,POINT (-122.9493059355 49.2135902789)
1436,,THEFT FROM AUTO,BURNABY,ETON ST : 4500 - 4899 Block,9c566312-1031-4f45-b483-9f0795421e59,1758302013451,burnaby.gis,1758302013451,burnaby.gis,1748736000000,POINT (-122.9926321437 49.2872574221)
1437,,BREAK & ENTER-BUSINESS,BURNABY,STATION ST : 6070 - 60179 Block,a307857d-6f45-4d4d-a93c-05c5ee8ad8b3,1758302013451,burnaby.gis,1758302013451,burnaby.gis,1748649600000,POINT (-123.0021897598 49.2276709023)
1438,,THEFT OF AUTO,BURNABY,GILLEY AV /KINGSWAY,770eeef7-47fe-4a98-8869-21ac502d328e,1758302013451,burnaby.gis,1758302013451,burnaby.gis,1748649600000,POINT (-122.9720184944 49.2199243477)
1439,,BREAK & ENTER-BUSINESS,BURNABY,EVERGREEN PL :  -  Block,21a40384-7f44-424c-84d1-06cc57bb127a,1758302013451,burnaby.gis,1758302013451,burnaby.gis,1748649600000,POINT (-122.8934055902 49.2498620332)
1440,,BREAK & ENTER-BUSINESS,BURNABY,NORLAND AV /SPROTT ST,674bd99d-09b8-46e2-9587-59a50f426d4f,1758302013451,burnaby.gis,1758302013451,burnaby.gis,1748736000000,POINT (-122.9708259658 49.2499427775)
1441,,BREAK & ENTER-BUSINESS,BURNABY,19TH AV /CANADA WY,998d44dc-f30c-4a5e-b5db-0057607c137b,1758302013451,burnaby.gis,1758302013451,burnaby.gis,1748908800000,POINT (-122.9399803247 49.2233085807)
1442,,THEFT OF AUTO,BURNABY,FOREST GROVE DR : 8300 - 8529 Block,2eccbbd0-8992-4ec6-b7f2-210c49c6a7ae,1758302013451,burnaby.gis,1758302013451,burnaby.gis,1748822400000,POINT (-122.9208651054 49.26481383)
1443,,BREAK & ENTER-BUSINESS,BURNABY,BYRNE RD /MEADOW AV,2c2b5d28-f801-4a1a-97e3-28e9524a0a80,1758302013451,burnaby.gis,1758302013451,burnaby.gis,1748908800000,POINT (-122.9772831327 49.2045149743)
1444,,BREAK & ENTER-RESIDENCE,BURNABY,14TH AV /CANADA WY,71af7719-a6dc-44bd-9c2b-8e5ba233f550,1758302013451,burnaby.gis,1758302013451,burnaby.gis,1748908800000,POINT (-122.935319381 49.2197539043)
1445,,THEFT FROM AUTO,BURNABY,LAKEVIEW AV : 6200 - 6299 Block,7b6e25dc-7e26-4989-8305-14ca916b9c54,1758302013451,burnaby.gis,1758302013451,burnaby.gis,1748995200000,POINT (-122.9693197804 49.2274749586)
1446,,BREAK & ENTER-OTHER,BURNABY,MAYWOOD ST /TELFORD AV,6c9fb3be-bdfc-4550-a2fe-999c2980a1c8,1758302013451,burnaby.gis,1758302013451,burnaby.gis,1748044800000,POINT (-123.0062592576 49.2224939704)
1447,,BREAK & ENTER-OTHER,BURNABY,WILLINGDON AV : 3300 - 3999 Block,27f0ea83-0a86-4282-a4eb-42869b8e3c35,1758302013451,burnaby.gis,1758302013451,burnaby.gis,1748131200000,POINT (-123.0043093237 49.2511783217)
1448,,BREAK & ENTER-BUSINESS,BURNABY,BULLER AV : 7305 - 7499 Block,8040ee60-425b-45fb-b8ec-e523dcb669f2,1758302013451,burnaby.gis,1758302013451,burnaby.gis,1748131200000,POINT (-122.9775430249 49.216554651)
1449,,THEFT FROM AUTO,BURNABY,GILMORE AV : 1800 - 1809 Block,afe2a140-fd62-4877-9257-b1a7445644e7,1758302013451,burnaby.gis,1758302013451,burnaby.gis,1748217600000,POINT (-123.0142672296 49.2682430288)
1450,,BREAK & ENTER-OTHER,BURNABY,LOUGHEED HY : 4500 - 4599 Block,1055d1f7-fe69-4b6a-ab4c-4242346ad7dc,1758302013451,burnaby.gis,1758302013451,burnaby.gis,1748304000000,POINT (-123.001803509 49.2663734997)
1451,,THEFT OF AUTO,BURNABY,BERESFORD ST /CONWAY AV,d224a7aa-7624-4132-b1da-7d883e5a3698,1758302013451,burnaby.gis,1758302013451,burnaby.gis,1748476800000,POINT (-122.9686130946 49.2169926837)
1452,,THEFT FROM AUTO,BURNABY,GRAFTON ST /PIONEER AV,fc711712-7869-475f-8abb-38f21b42289d,1758302013451,burnaby.gis,1758302013451,burnaby.gis,1748649600000,POINT (-123.0019822186 49.23214349)
1453,,THEFT FROM AUTO,BURNABY,HALIFAX ST /WILLINGDON AV,ab4ca36b-f838-4c30-8596-653dd42893d5,1758302013451,burnaby.gis,1758302013451,burnaby.gis,1748563200000,POINT (-123.003233114 49.268026613)
1454,,THEFT OF AUTO,BURNABY,HALIFAX ST : 5900 - 6099 Block,fc306ede-9833-4a0f-841a-3700bcbe9a17,1758302013451,burnaby.gis,1758302013451,burnaby.gis,1748563200000,POINT (-122.9770844926 49.2679961313)
1455,,THEFT FROM AUTO,BURNABY,BUCHANAN ST : 4300 - 4399 Block,a57d39f3-253b-4e4e-8c5c-50665c5ffe3b,1758302013451,burnaby.gis,1758302013451,burnaby.gis,1748736000000,POINT (-123.008134228 49.2674535589)
1456,,BREAK & ENTER-BUSINESS,BURNABY,LENNOX LN /NELSON AV,88f2c6f6-2e85-4e7e-b052-b64fbee14d7d,1758302013451,burnaby.gis,1758302013451,burnaby.gis,1748563200000,POINT (-122.9941960492 49.2235158818)
1457,,THEFT FROM AUTO,BURNABY,BUCHANAN ST /WILLINGDON AV,58b9d35f-991b-46e3-904f-c59e635a7eb1,1758302013451,burnaby.gis,1758302013451,burnaby.gis,1748736000000,POINT (-123.0032325194 49.2674362978)
1458,,THEFT OF AUTO,BURNABY,WAVERLEY AV : 7200 - 7399 Block,9eff92b7-c6ff-4607-a048-5ba9638ad1db,1758302013451,burnaby.gis,1758302013451,burnaby.gis,1748908800000,POINT (-122.9975681504 49.2175446665)
1459,,THEFT FROM AUTO,BURNABY,UNION ST : 4600 - 4699 Block,7726406f-869a-4d3c-afaa-ffe0a7d0143f,1758302013451,burnaby.gis,1758302013451,burnaby.gis,1748908800000,POINT (-122.9988960926 49.2773618244)
1460,,THEFT FROM AUTO,BURNABY,BALMORAL ST /SPERLING AV,ffb676ec-d428-48a9-ba9c-ecff7a0e9932,1758302013451,burnaby.gis,1758302013451,burnaby.gis,1748908800000,POINT (-122.9647694679 49.2202297544)
1461,,BREAK & ENTER-BUSINESS,BURNABY,EVERGREEN PL :  -  Block,b1761f70-d5bd-48d8-b85b-ac5e8079dc11,1758302013451,burnaby.gis,1758302013451,burnaby.gis,1748995200000,POINT (-122.8934055902 49.2498620332)
1462,,BREAK & ENTER-BUSINESS,BURNABY,EVERGREEN PL :  -  Block,9468a7ad-f52c-488a-b78a-3aa03a6934c7,1758302013451,burnaby.gis,1758302013451,burnaby.gis,1748908800000,POINT (-122.8934055902 49.2498620332)
1463,,THEFT FROM AUTO,BURNABY,PANDORA ST /SPRINGER AV,dd9a563a-45d8-4a2f-9146-c109ea0be610,1758302013451,burnaby.gis,1758302013451,burnaby.gis,1749168000000,POINT (-122.9877967953 49.2826074621)
1464,,THEFT FROM AUTO,BURNABY,CAMBRIDGE ST /MACDONALD AV N,44e0edcf-d432-4525-a7bb-522b76e43263,1758302013451,burnaby.gis,1758302013451,burnaby.gis,1749168000000,POINT (-123.0161633024 49.2865097899)
1465,,THEFT FROM AUTO,BURNABY,PALM AV /EOR - END OF ROAD,946ca82f-43c8-4f34-86a9-7957276af3fb,1758302013451,burnaby.gis,1758302013451,burnaby.gis,1749254400000,POINT (-122.986967332 49.2200771342)
1466,,BREAK & ENTER-BUSINESS,BURNABY,DOUGLAS RD /ROY ST,18653d03-46b7-482f-97c9-2f1201843f55,1758302013451,burnaby.gis,1758302013451,burnaby.gis,1749254400000,POINT (-122.9857801689 49.2620312635)
1467,,THEFT FROM AUTO,BURNABY,SEA AV N : 200 - 299 Block,a31daccd-c6a4-47d8-bf72-d5bead488f64,1758302013451,burnaby.gis,1758302013451,burnaby.gis,1749254400000,POINT (-122.9793650487 49.2867811267)
1468,,THEFT FROM AUTO,BURNABY,FRANCES ST : 4200 - 4299 Block,4c43cd4f-e6e4-4ab9-bf47-cb5018939a26,1758302013451,burnaby.gis,1758302013451,burnaby.gis,1749254400000,POINT (-123.0100656774 49.2792476285)
1469,,THEFT FROM AUTO,BURNABY,YEOVIL PL : 6806 - 6899 Block,075722f0-3539-461e-8335-ba0b7ccffa74,1758302013451,burnaby.gis,1758302013451,burnaby.gis,1749340800000,POINT (-122.9611704779 49.2651744751)
1470,,THEFT FROM AUTO,BURNABY,NORTHLAWN DR : 4600 - 4699 Block,8235d914-86fb-496c-bff6-3014b1d62330,1758302013451,burnaby.gis,1758302013451,burnaby.gis,1749340800000,POINT (-122.9973328502 49.2722402986)
1471,,THEFT FROM AUTO,BURNABY,MEADOW AV /TRAPP AV,3fea479a-1975-4085-888d-66f6d1b7a5a0,1758302013451,burnaby.gis,1758302013451,burnaby.gis,1747958400000,POINT (-122.9631322934 49.1926196349)
1472,,THEFT FROM AUTO,BURNABY,SMITH AV : 5600 - 5799 Block,d09e4382-b225-42fb-9d2a-beba532cda31,1758302013451,burnaby.gis,1758302013451,burnaby.gis,1749686400000,POINT (-123.0199256258 49.2333107218)
1473,,BREAK & ENTER-RESIDENCE,BURNABY,MAYWOOD ST : 4326 - 4339 Block,49d493c4-7edf-4d9d-ac80-047f2579ac43,1758302013451,burnaby.gis,1758302013451,burnaby.gis,1749772800000,POINT (-123.0078670458 49.2232320632)
1474,,THEFT FROM AUTO,BURNABY,KINGSWAY : 4800 - 4849 Block,65f0217c-6b19-47c5-bede-da5fbfea935f,1758302013451,burnaby.gis,1758302013451,burnaby.gis,1749772800000,POINT (-122.995735521 49.2272131168)
1475,,THEFT FROM AUTO,BURNABY,KINGSWAY /ROYAL OAK AV,77639bfd-6091-4316-bb39-c464b8fa2c4f,1758302013451,burnaby.gis,1758302013451,burnaby.gis,1749772800000,POINT (-122.9889144716 49.2249674473)
1476,,THEFT FROM AUTO,BURNABY,BROADWAY : 6890 - 6999 Block,72864bda-5831-410e-8a59-6e4be0f2f4af,1758302013451,burnaby.gis,1758302013451,burnaby.gis,1749859200000,POINT (-122.9601688499 49.261829685)
1477,,THEFT FROM AUTO,BURNABY,KINGSWAY : 5200 - 5459 Block,92848dc4-4966-4805-a2f3-bdbbd216fcd7,1758302013451,burnaby.gis,1758302013451,burnaby.gis,1749772800000,POINT (-122.986718588 49.2242648804)
1478,,THEFT FROM AUTO,BURNABY,MADISON AV /VENABLES ST,b217763a-d97b-4999-9493-8c2be24b9ef0,1758302013451,burnaby.gis,1758302013451,burnaby.gis,1749945600000,POINT (-123.008729013 49.2765189026)
1479,,THEFT FROM AUTO,BURNABY,GEORGIA ST : 5200 - 5499 Block,6eb565fd-fa68-445d-ad23-9ebe47d4056f,1758302013451,burnaby.gis,1758302013451,burnaby.gis,1749945600000,POINT (-122.9857694778 49.2782184343)
1480,,BREAK & ENTER-OTHER,BURNABY,1ST AV /GILMORE AV,368684c3-6b12-4c9f-9087-13e3cbe5b204,1758302013451,burnaby.gis,1758302013451,burnaby.gis,1749772800000,POINT (-123.0142675578 49.2693630351)
1481,,THEFT OF AUTO,BURNABY,GAMMA AV /PANDORA ST,6da0b819-30ca-4425-82f3-264a31019868,1758302013451,burnaby.gis,1758302013451,burnaby.gis,1749945600000,POINT (-122.9946757172 49.2827504351)
1482,,THEFT FROM AUTO,BURNABY,KINGSWAY : 4800 - 4849 Block,dd95a8dd-b3d4-4b96-85a8-f9a5d453f86f,1758302013451,burnaby.gis,1758302013451,burnaby.gis,1750032000000,POINT (-122.995735521 49.2272131168)
1483,,THEFT FROM AUTO,BURNABY,MACDONALD AV N /MCGILL ST,7b3bbd09-4d05-42cb-addb-6ddbb8e76c96,1758302013451,burnaby.gis,1758302013451,burnaby.gis,1750118400000,POINT (-123.0161324333 49.2883224414)
1484,,THEFT FROM AUTO,BURNABY,KINGSWAY /SUSSEX AV,c9da8576-95d1-4b57-aa78-5fd053b0cc11,1758302013451,burnaby.gis,1758302013451,burnaby.gis,1750118400000,POINT (-122.9993183432 49.2283922605)
1485,,THEFT FROM AUTO,BURNABY,KILREA CR : 7530 - 7699 Block,4e3a432b-b6d0-45d8-9d73-2068190032bc,1758302013451,burnaby.gis,1758302013451,burnaby.gis,1750204800000,POINT (-122.9428687779 49.2592184527)
1486,,THEFT FROM AUTO,BURNABY,GAMMA AV /GEORGIA ST,71afcc84-be8f-426c-a7be-8766a8b7e09e,1758302013451,burnaby.gis,1758302013451,burnaby.gis,1750204800000,POINT (-122.9947453701 49.2782504548)
1487,,BREAK & ENTER-BUSINESS,BURNABY,HASTINGS ST /ROSSER AV,dc52d991-4794-4a72-9e5c-f1c9fb19a2f0,1758302013451,burnaby.gis,1758302013451,burnaby.gis,1750204800000,POINT (-123.0058987345 49.2810254614)
1488,,BREAK & ENTER-BUSINESS,BURNABY,CANADA WY /CURLE AV,b4fb35a5-402c-485b-8ba1-f82ef083b4b4,1758302013451,burnaby.gis,1758302013451,burnaby.gis,1750204800000,POINT (-123.0151123715 49.2546712511)
1489,,THEFT FROM AUTO,BURNABY,10TH AV : 8590 - 8599 Block,b5438ba9-35fc-4726-8898-3515daa0be55,1758302013451,burnaby.gis,1758302013451,burnaby.gis,1750291200000,POINT (-122.9091908397 49.2288715469)
1490,,BREAK & ENTER-BUSINESS,BURNABY,GRIMMER ST : 5200 - 5399 Block,994234fd-43df-4aa4-b1d1-b988ceff61bf,1758302013451,burnaby.gis,1758302013451,burnaby.gis,1750291200000,POINT (-122.986715328 49.223566405)
1491,,THEFT FROM AUTO,BURNABY,INGLETON AV /PENDER ST,c4b829a3-71f7-40bc-87e7-f3724cb6b597,1758302013451,burnaby.gis,1758302013451,burnaby.gis,1750377600000,POINT (-123.0186417386 49.280205185)
1492,,BREAK & ENTER-BUSINESS,BURNABY,CONRAD ST : 7500 - 7599 Block,299e5782-216f-4b11-a96d-219d03221575,1758302013451,burnaby.gis,1758302013451,burnaby.gis,1750377600000,POINT (-122.9434495787 49.24609644)
1493,,THEFT FROM AUTO,BURNABY,HASTINGS ST : 4300 - 4399 Block,0c5a71e1-912e-4de2-a89f-3564c798a4c3,1758302013451,burnaby.gis,1758302013451,burnaby.gis,1750464000000,POINT (-123.0072760235 49.2810297282)
1494,,BREAK & ENTER-RESIDENCE,BURNABY,PANDORA DR /RIDGEVIEW DR,85a74e5f-e51b-4233-884b-7ddc8454252e,1758302013451,burnaby.gis,1758302013451,burnaby.gis,1750377600000,POINT (-122.9482900151 49.284316828)
1495,,THEFT FROM AUTO,BURNABY,SARDIS ST /SUSSEX AV,c0aa400d-4dc4-45e3-ad94-1de79d19a0ce,1758302013451,burnaby.gis,1758302013451,burnaby.gis,1750636800000,POINT (-122.9978178814 49.2334081642)
1496,,THEFT OF AUTO,BURNABY,MOSCROP ST : 3800 - 3923 Block,65e2e41d-407c-4808-8bcd-79c9032bdd83,1758302013451,burnaby.gis,1758302013451,burnaby.gis,1750636800000,POINT (-123.0184466773 49.2429775496)
1497,,THEFT FROM AUTO,BURNABY,NORTH RD /SMITH AV,97d090b6-3dfb-4dbc-971a-685fdc111293,1758302013451,burnaby.gis,1758302013451,burnaby.gis,1750636800000,POINT (-122.8930225757 49.2603540737)
1498,,BREAK & ENTER-BUSINESS,BURNABY,LAUREL ST : 6100 - 6399 Block,37f26014-700d-4f5e-ba03-f2c320fd2000,1758302013451,burnaby.gis,1758302013451,burnaby.gis,1750636800000,POINT (-122.973253918 49.2535394611)
1499,,THEFT FROM AUTO,BURNABY,10TH AV /1ST ST,45681f81-537e-4e66-bb6e-e4f607e517ad,1758302013451,burnaby.gis,1758302013451,burnaby.gis,1750723200000,POINT (-122.9194325801 49.2233698883)
1500,,BREAK & ENTER-BUSINESS,BURNABY,ROYAL OAK AV : 6800 - 6967 Block,ffdb5266-7eb4-48c7-853d-f61fd36ca67b,1758302013451,burnaby.gis,1758302013451,burnaby.gis,1750636800000,POINT (-122.9886687111 49.2209309607)
1501,,BREAK & ENTER-BUSINESS,BURNABY,LOUGHEED HY /SPERLING AV,8ecdf953-b5eb-4f05-9075-340116ae6565,1758302013451,burnaby.gis,1758302013451,burnaby.gis,1750723200000,POINT (-122.964660089 49.2596662715)
1502,,BREAK & ENTER-BUSINESS,BURNABY,ALASKA ST /WILLINGDON AV,09cdaa6d-a1b7-44bf-8a9d-e80b2f4f7566,1758302013451,burnaby.gis,1758302013451,burnaby.gis,1750723200000,POINT (-123.0032559948 49.2623692877)
1503,,THEFT FROM AUTO,BURNABY,BARNET RD /TAKEDA DR,3b043a33-d6ab-4243-813d-d53e756e625e,1758302013451,burnaby.gis,1758302013451,burnaby.gis,1750809600000,POINT (-122.9257592338 49.2890215843)
1504,,BREAK & ENTER-BUSINESS,BURNABY,CAPITOL DR /SPRINGER AV,61df2f5d-eb03-4ab6-820c-6af27857d719,1758302013451,burnaby.gis,1758302013451,burnaby.gis,1749686400000,POINT (-122.9878035115 49.2808800368)
1505,,THEFT OF AUTO,BURNABY,PALM AV /EOR - END OF ROAD,9f2a2833-4850-4e8e-bfd2-9e8a7c6f6ce8,1758302013451,burnaby.gis,1758302013451,burnaby.gis,1750896000000,POINT (-122.986967332 49.2200771342)
1506,,BREAK & ENTER-BUSINESS,BURNABY,BERESFORD ST /PATTERSON AV,7ab53e65-a3c5-4b37-ada5-0735e71c5bf7,1758302013451,burnaby.gis,1758302013451,burnaby.gis,1751241600000,POINT (-123.0126414823 49.2294588546)
1507,,BREAK & ENTER-BUSINESS,BURNABY,NEW VISTA PL /EOR - END OF ROAD,c965f151-47cd-4961-9b0c-de455db3bbc5,1758302013451,burnaby.gis,1758302013451,burnaby.gis,1751068800000,POINT (-122.9436700476 49.2233434148)
1508,,THEFT FROM AUTO,BURNABY,MCKAY AV : 6000 - 6179 Block,02787c25-416d-4d43-89eb-8173bcbb0388,1758302013451,burnaby.gis,1758302013451,burnaby.gis,1751241600000,POINT (-123.0036750259 49.2287548566)
1509,,THEFT OF AUTO,BURNABY,MAITLAND ST : 4900 - 5999 Block,7773d282-4774-4e25-998d-59dc030eebb4,1758302013451,burnaby.gis,1758302013451,burnaby.gis,1751414400000,POINT (-122.9921179336 49.2309114588)
1510,,BREAK & ENTER-BUSINESS,BURNABY,HALIFAX ST : 4300 - 4399 Block,e8e91497-9e3a-4d8e-bf54-21140e169f2e,1758302013451,burnaby.gis,1758302013451,burnaby.gis,1751414400000,POINT (-123.0079954337 49.2680429375)
1511,,THEFT OF AUTO,BURNABY,18TH AV /GRIFFITHS DR,d95fe839-8949-4d0c-9147-f5bc32da3f7a,1758302013451,burnaby.gis,1758302013451,burnaby.gis,1751846400000,POINT (-122.9578171511 49.2131107712)
1512,,BREAK & ENTER-BUSINESS,BURNABY,GILMORE AV : 2000 - 2299 Block,df9d072d-9817-4b0b-93d4-3c4e43f38081,1758302013451,burnaby.gis,1758302013451,burnaby.gis,1751932800000,POINT (-123.0142710711 49.2653169457)
1513,,THEFT FROM AUTO,BURNABY,BRIDGEWOOD DR /QUEENSBRIDGE DR,663c6cee-1c50-42db-8963-b79a6e2ec865,1758302013451,burnaby.gis,1758302013451,burnaby.gis,1752019200000,POINT (-122.9545828369 49.2594346806)
1514,,BREAK & ENTER-RESIDENCE,BURNABY,IMPERIAL ST : 5000 - 5049 Block,2db69af6-c7ad-44bf-b48e-db87da1a061b,1758302013451,burnaby.gis,1758302013451,burnaby.gis,1752105600000,POINT (-122.9921779088 49.2219421062)
1515,,THEFT FROM AUTO,BURNABY,LOUGHEED HY : 4500 - 4599 Block,32e1af36-6b0e-4cfc-a11c-84c40c25ecf8,1758302013451,burnaby.gis,1758302013451,burnaby.gis,1752192000000,POINT (-123.001803509 49.2663734997)
1516,,THEFT FROM AUTO,BURNABY,INMAN AV : 5020 - 5085 Block,ccdf6d70-3b01-469d-adc8-1b15d27fede0,1758302013451,burnaby.gis,1758302013451,burnaby.gis,1752105600000,POINT (-123.0158450859 49.2385799023)
1517,,THEFT OF AUTO,BURNABY,FOREST GROVE DR : 9100 - 9199 Block,52284443-57ab-4971-9747-fb359a20450f,1758302013451,burnaby.gis,1758302013451,burnaby.gis,1752451200000,POINT (-122.906549803 49.2628895879)
1518,,BREAK & ENTER-OTHER,BURNABY,NORFOLK ST : 4500 - 5199 Block,0501191b-6f0b-49e5-b09e-2102c92ca584,1758302013451,burnaby.gis,1758302013451,burnaby.gis,1752364800000,POINT (-122.9912109255 49.2551800817)
1519,,THEFT OF AUTO,BURNABY,PIPER AV /WINSTON ST,8c29cb0e-f58b-4f3b-9536-3cc6f073bb91,1758302013451,burnaby.gis,1758302013451,burnaby.gis,1752537600000,POINT (-122.9353633032 49.2482473006)
1520,,THEFT FROM AUTO,BURNABY,CREST DR /CREST DR,1a6f776e-4ffc-43c7-9542-d2e66379d738,1758302013451,burnaby.gis,1758302013451,burnaby.gis,1752537600000,POINT (-122.9056901542 49.2327392712)
1521,,THEFT FROM AUTO,BURNABY,KINGSWAY : 4310 - 4429 Block,1c0cf696-caa2-4b18-b973-f1401442ee94,1758302013451,burnaby.gis,1758302013451,burnaby.gis,1752883200000,POINT (-123.0070570437 49.2309327117)
1522,,BREAK & ENTER-OTHER,BURNABY,CURTIS ST /FELL AV,84025f17-fb0c-4b2b-a1b3-c26ad68c811e,1758302013451,burnaby.gis,1758302013451,burnaby.gis,1752883200000,POINT (-122.9756147785 49.2752169405)
1523,,BREAK & ENTER-RESIDENCE,BURNABY,NELSON AV /SIDLEY ST,ad0b3b93-efde-49f1-b3b5-fcf8b20b618e,1758302013451,burnaby.gis,1758302013451,burnaby.gis,1752969600000,POINT (-122.9939861194 49.2174554636)
1524,,BREAK & ENTER-BUSINESS,BURNABY,LOUGHEED HY : 4800 - 4839 Block,a4357117-c1a2-4d72-be98-21c2664d4a90,1758302013451,burnaby.gis,1758302013451,burnaby.gis,1752969600000,POINT (-122.9941948066 49.2656264652)
1525,,THEFT FROM AUTO,BURNABY,GILMORE AV /LOUGHEED HY,b24092ce-883c-4e81-86ae-2df35eec1c23,1758302013451,burnaby.gis,1758302013451,burnaby.gis,1753056000000,POINT (-123.0142671346 49.266150265)
1526,,THEFT OF AUTO,BURNABY,REGENT ST : 5200 - 5499 Block,f4196873-9c98-4dd8-bc06-0633d9435b5c,1758302013451,burnaby.gis,1758302013451,burnaby.gis,1753056000000,POINT (-122.9860091478 49.2583800713)
1527,,THEFT FROM AUTO,BURNABY,WOODLAKE CT : 8100 - 8299 Block,b14691b9-0e64-4bd1-8c40-f23e683a44dd,1758302013451,burnaby.gis,1758302013451,burnaby.gis,1753228800000,POINT (-122.9255943651 49.2497143878)
1528,,BREAK & ENTER-RESIDENCE,BURNABY,GILMORE AV /NAPIER ST,7202a757-8196-4927-a5bb-f8c877e9c39f,1758302013451,burnaby.gis,1758302013451,burnaby.gis,1753228800000,POINT (-123.014255018 49.2747805167)
1529,,THEFT FROM AUTO,BURNABY,PANDORA ST /WILLINGDON AV,a9da9c3c-7ab4-477b-8109-412543f651a4,1758302013451,burnaby.gis,1758302013451,burnaby.gis,1753315200000,POINT (-123.0030845368 49.2828049471)
1530,,THEFT FROM AUTO,BURNABY,EMILY ST /EOR - END OF ROAD,1575d874-f078-401c-a418-d33ff95cd240,1758302013451,burnaby.gis,1758302013451,burnaby.gis,1753315200000,POINT (-122.9843107697 49.187624408)
1531,,THEFT OF AUTO,BURNABY,WILLINGDON AV : 4800 - 4849 Block,0472f321-64bb-49a6-b86d-263c82268824,1758302013451,burnaby.gis,1758302013451,burnaby.gis,1753401600000,POINT (-123.0033720995 49.2413768942)
1532,,BREAK & ENTER-BUSINESS,BURNABY,ESMOND AV /HASTINGS ST,5a433d81-dd42-4959-806e-def6e51fc33e,1758302013451,burnaby.gis,1758302013451,burnaby.gis,1753488000000,POINT (-123.0209989182 49.2810985438)
1533,,THEFT FROM AUTO,BURNABY,STRATHMORE AV : 6600 - 6899 Block,f2074cb3-96a6-4951-8e16-88d024dab257,1758302013451,burnaby.gis,1758302013451,burnaby.gis,1753488000000,POINT (-122.9525096795 49.2242275736)
1534,,THEFT FROM AUTO,BURNABY,CLAUDE AV /SAVILE RO,31e8ebdc-684d-4aa4-be00-1617261eedb9,1758302013451,burnaby.gis,1758302013451,burnaby.gis,1753747200000,POINT (-122.9626185443 49.2407217237)
1535,,BREAK & ENTER-OTHER,BURNABY,GRIFFITHS DR : 7300 - 7489 Block,33054f39-2d86-47aa-a9a2-88dc1f7b506a,1758302013451,burnaby.gis,1758302013451,burnaby.gis,1753747200000,POINT (-122.9609193356 49.2158730533)
1536,,BREAK & ENTER-RESIDENCE,BURNABY,VICTORY ST : 4960 - 5099 Block,6abae8db-648e-42f4-8c54-b84f337adfb9,1758302013451,burnaby.gis,1758302013451,burnaby.gis,1753747200000,POINT (-122.9919246033 49.2184696958)
1537,,BREAK & ENTER-RESIDENCE,BURNABY,MACDONALD AV /UNION ST,838bd72d-a537-4cf3-8f87-7176c75be1b6,1758302013451,burnaby.gis,1758302013451,burnaby.gis,1753747200000,POINT (-123.0162981527 49.2774847567)
1538,,THEFT FROM AUTO,BURNABY,HARLEY CT : 4700 - 4799 Block,27e74721-bace-4a50-acd2-4873ceedc565,1758302013451,burnaby.gis,1758302013451,burnaby.gis,1753920000000,POINT (-122.9968301598 49.2314765621)
1539,,THEFT FROM AUTO,BURNABY,CAPITOL DR /GLYNDE AV,d6d6c02b-42ce-4dad-9e18-9dfdf1e04b4a,1758302013451,burnaby.gis,1758302013451,burnaby.gis,1754092800000,POINT (-122.9891943083 49.2808246372)
1540,,THEFT FROM AUTO,BURNABY,HENNING DR : 3700 - 3999 Block,be9798dd-961e-4606-b3a2-2768987e2352,1758302013451,burnaby.gis,1758302013451,burnaby.gis,1754179200000,POINT (-123.0187952592 49.2639336315)
1541,,THEFT FROM AUTO,BURNABY,JUBILEE AV /WATLING ST,a0a2c6b3-f094-4844-b93d-547a44bf329a,1758302013451,burnaby.gis,1758302013451,burnaby.gis,1754179200000,POINT (-122.9958068596 49.216637846)
1542,,THEFT FROM AUTO,BURNABY,HALIFAX ST : 4300 - 4399 Block,d4058a4d-cd0c-48dd-8907-09cda02a9d14,1758302013451,burnaby.gis,1758302013451,burnaby.gis,1754179200000,POINT (-123.0079954337 49.2680429375)
1543,,THEFT FROM AUTO,BURNABY,HASTINGS ST : 5200 - 5499 Block,dc8cee2e-e29f-4d20-97fd-5496776ebcff,1758302013451,burnaby.gis,1758302013451,burnaby.gis,1754265600000,POINT (-122.9857449819 49.28034389)
1544,,BREAK & ENTER-BUSINESS,BURNABY,KINGSWAY : 5110 - 5199 Block,5d75ebfc-df05-4f82-a770-fdf646380ff4,1758302013451,burnaby.gis,1758302013451,burnaby.gis,1754265600000,POINT (-122.9896137355 49.2251948907)
1545,,BREAK & ENTER-RESIDENCE,BURNABY,GILLEY AV /KEITH ST,dad7d867-e0bd-4dd3-a4a5-9586697817bd,1758302013451,burnaby.gis,1758302013451,burnaby.gis,1754179200000,POINT (-122.9740536215 49.2075944507)
1546,,THEFT FROM AUTO,BURNABY,ASH GROVE CR /WILLOWLEAF PL,291bdb20-5583-4488-a2bb-348bb59cd943,1758302013451,burnaby.gis,1758302013451,burnaby.gis,1754352000000,POINT (-122.9020575245 49.2660165446)
1547,,BREAK & ENTER-RESIDENCE,BURNABY,BEAVERBROOK CR /GANYMEDE DR,5d52dba5-112a-4b72-91fa-775679e313d6,1758302013451,burnaby.gis,1758302013451,burnaby.gis,1754438400000,POINT (-122.9066654201 49.2556717121)
1548,,BREAK & ENTER-OTHER,BURNABY,WAYBURNE DR : 3200 - 3699 Block,ea87e8fa-933a-4a36-8eb0-3fb87b4432f5,1758302013451,burnaby.gis,1758302013451,burnaby.gis,1754352000000,POINT (-122.9939750791 49.2529956886)
1549,,BREAK & ENTER-RESIDENCE,BURNABY,GILMORE AV /KITCHENER ST,52cbd1f6-a1ea-4f70-ba34-93456bd667f6,1758302013451,burnaby.gis,1758302013451,burnaby.gis,1754438400000,POINT (-123.0142547316 49.2720644706)
1550,,THEFT FROM AUTO,BURNABY,KINGSWAY /OLIVE AV,4fd666d9-7c10-4b26-8cc3-3c907037024d,1758302017730,burnaby.gis,1758302017730,burnaby.gis,1754524800000,POINT (-123.009787063 49.2318316063)
1551,,THEFT OF AUTO,BURNABY,9TH AV /MARINE DR,2368f5f7-ac3b-4e10-bec4-27b54bb6c018,1758302017730,burnaby.gis,1758302017730,burnaby.gis,1750896000000,POINT (-122.9585867756 49.1994378853)
1552,,BREAK & ENTER-RESIDENCE,BURNABY,BOND ST /BOOTH AV,1fac4c62-3967-4b6b-904f-1ed1be44afdc,1758302017730,burnaby.gis,1758302017730,burnaby.gis,1754611200000,POINT (-122.9991643595 49.2354024455)
1553,,THEFT FROM AUTO,BURNABY,ARCOLA ST /SPERLING AV,7284aeb1-0831-4ed9-bb2f-27925371d5da,1758302017730,burnaby.gis,1758302017730,burnaby.gis,1754611200000,POINT (-122.9647747713 49.2193366306)
1554,,THEFT FROM AUTO,BURNABY,STRATFORD AV N : 1 - 199 Block,d91b68af-3a9f-47b6-826e-781791f6b6ed,1758302017730,burnaby.gis,1758302017730,burnaby.gis,1754611200000,POINT (-122.9766621842 49.2852264956)
1555,,THEFT FROM AUTO,BURNABY,GRAFTON ST /SARDIS CR,f032a5c3-4626-42c6-ba30-4fb59fd71eab,1758302017730,burnaby.gis,1758302017730,burnaby.gis,1754697600000,POINT (-122.9926150215 49.2318996041)
1556,,THEFT FROM AUTO,BURNABY,CASSIE AV : 6100 - 6499 Block,c2eec5c9-4aa1-435b-9914-56b3d8107017,1758302017730,burnaby.gis,1758302017730,burnaby.gis,1754784000000,POINT (-123.0084459154 49.2255149187)
1557,,THEFT FROM AUTO,BURNABY,18TH AV /2ND ST,b41dfbe9-ef42-4696-bbfc-9a54ede11b36,1758302017730,burnaby.gis,1758302017730,burnaby.gis,1754784000000,POINT (-122.9291399877 49.2283999638)
1558,,BREAK & ENTER-RESIDENCE,BURNABY,LYRA PL : 9000 - 9100 Block,d4ee28f6-6f8e-4e3a-9bfd-7beff0721b4e,1758302017730,burnaby.gis,1758302017730,burnaby.gis,1754870400000,POINT (-122.9073205569 49.2565424304)
1559,,BREAK & ENTER-BUSINESS,BURNABY,HASTINGS ST : 5500 - 5599 Block,bfd87b4b-dbba-4065-98b3-3f126846ff15,1758302017730,burnaby.gis,1758302017730,burnaby.gis,1754870400000,POINT (-122.9829935451 49.2803336585)
1560,,THEFT FROM AUTO,BURNABY,KINGSWAY : 4430 - 4499 Block,902ec547-0929-4806-9755-4b06ab36d8ca,1758302017730,burnaby.gis,1758302017730,burnaby.gis,1754870400000,POINT (-123.0055697428 49.2304442398)
1561,,BREAK & ENTER-RESIDENCE,BURNABY,FINCH CT : 8800 - 8900 Block,ecd6bee4-d82d-4a8b-9b59-4d3cc1f3de17,1758302017730,burnaby.gis,1758302017730,burnaby.gis,1754956800000,POINT (-122.9085984958 49.2643278044)
1562,,THEFT FROM AUTO,BURNABY,CARSON ST /JOFFRE AV,9601a8e5-a2df-4235-b9e3-b7df06517dbc,1758302017730,burnaby.gis,1758302017730,burnaby.gis,1754956800000,POINT (-123.0199164543 49.2108152693)
1563,,BREAK & ENTER-BUSINESS,BURNABY,6TH ST /EDMONDS ST,3279041a-6f1f-4edf-82a4-5dfcd7b80fe0,1758302017730,burnaby.gis,1758302017730,burnaby.gis,1754956800000,POINT (-122.9369529712 49.226239778)
1564,,THEFT OF AUTO,BURNABY,OAKLAND ST /SPERLING AV,0a82beac-0dfe-4d79-b0db-7c47965cbb60,1758302017730,burnaby.gis,1758302017730,burnaby.gis,1755043200000,POINT (-122.9650138954 49.229613539)
1565,,THEFT FROM AUTO,BURNABY,KEMP ST /WILSON AV,2ea0bb8a-1714-48c0-8ba0-1220dd21b8d0,1758302017730,burnaby.gis,1758302017730,burnaby.gis,1755043200000,POINT (-123.008529326 49.2305035309)
1566,,BREAK & ENTER-OTHER,BURNABY,HALIFAX ST /WILLINGDON AV,e0ce3924-f452-4473-844c-c24ba610fc51,1758302017730,burnaby.gis,1758302017730,burnaby.gis,1755129600000,POINT (-123.003233114 49.268026613)
1567,,BREAK & ENTER-OTHER,BURNABY,DUNDAS ST /FELL AV N,b0042881-6201-45a7-83d2-5912568f71ab,1758302017730,burnaby.gis,1758302017730,burnaby.gis,1755216000000,POINT (-122.975302637 49.2842707595)
1568,,BREAK & ENTER-BUSINESS,BURNABY,HASTINGS ST /INGLETON AV,08a6d325-5d1f-4771-94da-96acd547bba8,1758302017730,burnaby.gis,1758302017730,burnaby.gis,1755388800000,POINT (-123.0186221607 49.2810819753)
1569,,BREAK & ENTER-RESIDENCE,BURNABY,CARLETON AV N /OXFORD ST,00a65f4f-a8dc-4e04-b81f-b77b590ccf04,1758302017730,burnaby.gis,1758302017730,burnaby.gis,1755388800000,POINT (-123.0113182223 49.2855754073)
1570,,THEFT FROM AUTO,BURNABY,GRIMMER ST /ROYAL OAK AV,63ee03b4-ce77-4380-8575-618979367835,1758302017730,burnaby.gis,1758302017730,burnaby.gis,1755475200000,POINT (-122.9889063483 49.2233881646)
1571,,THEFT FROM AUTO,BURNABY,CAPISTRANO DR /EOR - END OF ROAD,3348c698-2495-482f-a40d-32a5d0cf9f29,1758302017730,burnaby.gis,1758302017730,burnaby.gis,1755475200000,POINT (-122.9487775052 49.266701698)
1572,,THEFT FROM AUTO,BURNABY,LOUGHEED HY : 4100 - 4299 Block,123e457c-3643-44e0-bed5-85191299c93a,1758302017730,burnaby.gis,1758302017730,burnaby.gis,1755561600000,POINT (-123.0115123977 49.2662867556)
1573,,THEFT FROM AUTO,BURNABY,CARLETON AV /WILLIAM ST,782c5265-d24b-41d8-a714-65bbd6792122,1758302017730,burnaby.gis,1758302017730,burnaby.gis,1755648000000,POINT (-123.0115187959 49.2738496309)
1574,,THEFT FROM AUTO,BURNABY,ETON ST : 4500 - 4899 Block,585dbe1e-a709-4916-8912-f564e015c8b4,1758302017730,burnaby.gis,1758302017730,burnaby.gis,1755648000000,POINT (-122.9926321437 49.2872574221)
1575,,THEFT FROM AUTO,BURNABY,18TH ST : 7500 - 7559 Block,74f9029c-c3ae-4c4d-85cb-a1071bf28d8b,1758302017730,burnaby.gis,1758302017730,burnaby.gis,1755734400000,POINT (-122.9538089988 49.2126272599)
1576,,THEFT FROM AUTO,BURNABY,OAKMOUNT CR : 5250 - 5299 Block,1fcf38dc-07ff-49c0-9265-79f4c34a9d18,1758302017730,burnaby.gis,1758302017730,burnaby.gis,1755734400000,POINT (-122.9870428456 49.231271604)
1577,,THEFT FROM AUTO,BURNABY,GRIFFITHS AV : 7100 - 7199 Block,6acbaf2e-3821-4f7b-9756-9a5fbd5e0e57,1758302017730,burnaby.gis,1758302017730,burnaby.gis,1755734400000,POINT (-122.9609925358 49.2188839533)
1578,,THEFT OF AUTO,BURNABY,PANDORA ST /STRATFORD AV,d12d98b6-2563-4550-b7b6-6d1eb8852a40,1758302017730,burnaby.gis,1758302017730,burnaby.gis,1755820800000,POINT (-122.9767342008 49.282568068)
1579,,THEFT FROM AUTO,BURNABY,BERESFORD ST /TELFORD AV,f11a90d7-fba4-4a65-b0dc-d78983acdff4,1758302017730,burnaby.gis,1758302017730,burnaby.gis,1755820800000,POINT (-123.0033828853 49.2252182565)
1580,,BREAK & ENTER-RESIDENCE,BURNABY,ETON ST /GILMORE AV N,fdfff7ec-b556-446d-a5cc-22e12a9b4208,1758302017730,burnaby.gis,1758302017730,burnaby.gis,1755907200000,POINT (-123.0140380101 49.2874021648)
1581,,BREAK & ENTER-BUSINESS,BURNABY,LOUGHEED HY : 6600 - 6699 Block,da39d8f9-3196-4a01-9b38-64b96cd93d6c,1758302017730,burnaby.gis,1758302017730,burnaby.gis,1755993600000,POINT (-122.9663289998 49.260102405)
1582,,BREAK & ENTER-OTHER,BURNABY,DUNDAS ST /FELL AV N,b1d83809-ccad-44f8-8230-6680417ceecc,1758302017730,burnaby.gis,1758302017730,burnaby.gis,1756080000000,POINT (-122.975302637 49.2842707595)
1583,,THEFT FROM AUTO,BURNABY,ABBOTSFORD ST /NORTH FRASER WY,f779e833-fbae-4e90-b769-630958f47154,1758302017730,burnaby.gis,1758302017730,burnaby.gis,1756080000000,POINT (-122.9925512114 49.1929145498)
1584,,THEFT FROM AUTO,BURNABY,CALVIN CT : 500 - 699 Block,8e59787a-abb8-4605-bb5b-69c4650eb9da,1758302017730,burnaby.gis,1758302017730,burnaby.gis,1756080000000,POINT (-122.957484129 49.2784038723)
1585,,THEFT FROM AUTO,BURNABY,GAGLARDI WY /UNIVERSITY DR,8b97f4c8-4c85-448a-8b2b-e778fb57d6a2,1758302017730,burnaby.gis,1758302017730,burnaby.gis,1756080000000,POINT (-122.9200489102 49.2801262728)
1586,,THEFT FROM AUTO,BURNABY,VENABLES ST : 4300 - 4399 Block,32f93fd8-72b2-4f87-ba49-d54fb1a6be5e,1758302017730,burnaby.gis,1758302017730,burnaby.gis,1756166400000,POINT (-123.0073463528 49.2765083174)
1587,,THEFT FROM AUTO,BURNABY,DOMINION ST /SUMNER AV,38b2506b-6563-464d-9c2a-551319329c41,1758302017730,burnaby.gis,1758302017730,burnaby.gis,1756252800000,POINT (-123.0082886172 49.2562942612)
1588,,BREAK & ENTER-RESIDENCE,BURNABY,BROADWAY /DUTHIE AV,e34cd86f-0809-4ebe-9d9b-2af66fc55def,1758302017730,burnaby.gis,1758302017730,burnaby.gis,1756252800000,POINT (-122.9534350361 49.2611097863)
1589,,THEFT FROM AUTO,BURNABY,1ST AV : 3700 - 3799 Block,2ec156cc-0338-405e-a3b8-d07b2ec3b12b,1758302017730,burnaby.gis,1758302017730,burnaby.gis,1756425600000,POINT (-123.0222553504 49.2693841165)
1590,,THEFT FROM AUTO,BURNABY,CHARLES ST /ROSSER AV,87eec9af-4ca1-4606-8f29-91253db3dda5,1758302017730,burnaby.gis,1758302017730,burnaby.gis,1756425600000,POINT (-123.0059952307 49.2728881578)
1591,,THEFT FROM AUTO,BURNABY,LOUGHEED HY /ROSSER AV,79478f22-0b6e-40e4-b056-05da05ecc3df,1758302017730,burnaby.gis,1758302017730,burnaby.gis,1756425600000,POINT (-123.0059963246 49.2664946535)
1592,,BREAK & ENTER-RESIDENCE,BURNABY,BAINBRIDGE AV /HILLVIEW ST,5c67d9f9-c8e5-4e0f-bcba-1d3d5649a2b0,1758302017730,burnaby.gis,1758302017730,burnaby.gis,1751587200000,POINT (-122.9560102518 49.2550303586)
1593,,BREAK & ENTER-OTHER,BURNABY,KINGSBOROUGH ST /WILLINGDON AV,dc7c37cd-c909-4135-8f4a-17ad254bea10,1758302017730,burnaby.gis,1758302017730,burnaby.gis,1748995200000,POINT (-123.0063129883 49.228815349)
1594,,THEFT FROM AUTO,BURNABY,ELWELL ST /SALISBURY AV,ca08ee10-1cfa-45e3-a0d7-7f819f221afb,1758302017730,burnaby.gis,1758302017730,burnaby.gis,1749081600000,POINT (-122.957576831 49.2212193693)
1595,,THEFT FROM AUTO,BURNABY,BETA AV /FRANCES ST,654bf2a6-f54a-45c7-bc66-3120ac1290c2,1758302017730,burnaby.gis,1758302017730,burnaby.gis,1749168000000,POINT (-122.9974995277 49.2791658853)
1596,,THEFT FROM AUTO,BURNABY,NAPIER ST : 3700 - 3799 Block,3416e874-a21f-4d0b-96ee-e398c2ffeedc,1758302017730,burnaby.gis,1758302017730,burnaby.gis,1749168000000,POINT (-123.0222265026 49.2748114026)
1597,,BREAK & ENTER-OTHER,BURNABY,IMPERIAL ST : 4550 - 4599 Block,f020146d-6211-4144-8531-fd93acb160d8,1758302017730,burnaby.gis,1758302017730,burnaby.gis,1749168000000,POINT (-123.0004686743 49.221940427)
1598,,THEFT FROM AUTO,BURNABY,BRIGHTON AV : 3400 - 3599 Block,2cd324c4-2856-4ced-9a16-0e99edbeb150,1758302017730,burnaby.gis,1758302017730,burnaby.gis,1749168000000,POINT (-122.918961977 49.2520472103)
1599,,BREAK & ENTER-OTHER,BURNABY,JERSEY AV /KINGSWAY,30069887-d404-4494-8e8b-8d4e968c2fe8,1758302017730,burnaby.gis,1758302017730,burnaby.gis,1749081600000,POINT (-123.0170320148 49.2327580852)
1600,,THEFT FROM AUTO,BURNABY,SARDIS ST /WILLINGDON AV,1147b9a9-d171-4459-a710-508622385f19,1758302017730,burnaby.gis,1758302017730,burnaby.gis,1749168000000,POINT (-123.0033837741 49.2337542506)
1601,,THEFT OF AUTO,BURNABY,FAIRLAWN DR : 1600 - 1699 Block,e89251d2-e648-4f98-bb4b-1b8d7e8386ce,1758302017730,burnaby.gis,1758302017730,burnaby.gis,1749340800000,POINT (-123.0000601067 49.2698955667)
1602,,BREAK & ENTER-RESIDENCE,BURNABY,KINGSWAY : 7200 - 7299 Block,aef24e14-12d6-49b9-acbd-d54ee6e44e5e,1758302017730,burnaby.gis,1758302017730,burnaby.gis,1749340800000,POINT (-122.9538047756 49.2183984994)
1603,,THEFT FROM AUTO,BURNABY,PALM AV : 6800 - 6999 Block,53f95605-e8f9-447e-82cb-43b51fb47ae1,1758302017730,burnaby.gis,1758302017730,burnaby.gis,1749427200000,POINT (-122.9870153106 49.2209930856)
1604,,THEFT FROM AUTO,BURNABY,SOUTHPOINT DR : 6811 - 6880 Block,966369a4-8ab9-4596-8d02-1b8ed1c5a6fd,1758302017730,burnaby.gis,1758302017730,burnaby.gis,1749513600000,POINT (-122.9590505218 49.2094695893)
1605,,THEFT FROM AUTO,BURNABY,FRANCES ST : 4100 - 4199 Block,284d2551-576d-4cca-a6b4-ed194214b379,1758302017730,burnaby.gis,1758302017730,burnaby.gis,1749513600000,POINT (-123.012829114 49.2792612573)
1606,,BREAK & ENTER-OTHER,BURNABY,CANADA WY /FULWELL ST,b14a4f94-c515-4db2-a7bd-87a8e13c7de5,1758302017730,burnaby.gis,1758302017730,burnaby.gis,1749513600000,POINT (-122.9890273549 49.2527535059)
1607,,THEFT FROM AUTO,BURNABY,FRANCES ST /SPERLING AV,4981d410-f525-4c61-abd5-f856f70f8562,1758302017730,burnaby.gis,1758302017730,burnaby.gis,1749513600000,POINT (-122.9646597573 49.2790838006)
1608,,THEFT FROM AUTO,BURNABY,2ND ST : 7400 - 7469 Block,135a7352-6c61-4b3c-b4f1-897a8d8c3e05,1758302017730,burnaby.gis,1758302017730,burnaby.gis,1749600000000,POINT (-122.9286677946 49.2280247953)
1609,,THEFT FROM AUTO,BURNABY,MARKET XG /MARKET XG,d8170e16-cd68-4fa2-9b24-95bb8eb04d06,1758302017730,burnaby.gis,1758302017730,burnaby.gis,1749600000000,POINT (-122.9811206619 49.1985350112)
1610,,BREAK & ENTER-BUSINESS,BURNABY,GRIFFITHS AV /WALKER AV,08207187-cac7-4bbd-811d-a9b2dbac3601,1758302017730,burnaby.gis,1758302017730,burnaby.gis,1749600000000,POINT (-122.9608511893 49.2270698212)
1611,,THEFT OF AUTO,BURNABY,PORTLAND ST : 4351 - 4399 Block,cac9d972-af3e-44f2-a746-1e586bd03915,1758302017730,burnaby.gis,1758302017730,burnaby.gis,1749513600000,POINT (-123.005916163 49.2122084058)
1612,,BREAK & ENTER-OTHER,BURNABY,FRANCES ST : 5200 - 5499 Block,61dd6eb2-42f3-47b7-993e-55a8e8e2a3d7,1758302017730,burnaby.gis,1758302017730,burnaby.gis,1749686400000,POINT (-122.9857576497 49.2791240707)
1613,,THEFT FROM AUTO,BURNABY,UNIVERSITY DR /UNIVERSITY DR,1021823e-e6d9-40e0-89dd-29118734cf8b,1758302017730,burnaby.gis,1758302017730,burnaby.gis,1749686400000,POINT (-122.9102936844 49.2804077837)
1614,,THEFT FROM AUTO,BURNABY,KATHLEEN AV /KEMP ST,15606e96-fa2b-4314-8c2c-98cf8217e0fd,1758302017730,burnaby.gis,1758302017730,burnaby.gis,1749772800000,POINT (-123.0071477209 49.2299011169)
1615,,THEFT OF AUTO,BURNABY,BOUNDARY RD /HENNING DR,4e60362c-4fcb-450d-b038-9eba743b8803,1758302017730,burnaby.gis,1758302017730,burnaby.gis,1749772800000,POINT (-123.0234700892 49.2636722694)
1616,,THEFT FROM AUTO,BURNABY,MCKAY AV : 8050 - 8099 Block,8acd73ee-c7ac-4988-8f1e-68ec1d56aeca,1758302017730,burnaby.gis,1758302017730,burnaby.gis,1749945600000,POINT (-123.0086941071 49.210972313)
1617,,THEFT FROM AUTO,BURNABY,ALPHA DR : 4673 - 4699 Block,e14e7341-757a-48f4-97c2-fdd63c751681,1758302017730,burnaby.gis,1758302017730,burnaby.gis,1750032000000,POINT (-123.0005713457 49.2739658753)
1618,,THEFT FROM AUTO,BURNABY,BRIGHTON AV /GOVERNMENT RD,34ee697d-8c06-4120-af93-3cc1ad44e8bd,1758302017730,burnaby.gis,1758302017730,burnaby.gis,1750032000000,POINT (-122.9189853385 49.2508112569)
1619,,BREAK & ENTER-BUSINESS,BURNABY,KINGSWAY /MCKAY AV,3ded4275-0f63-4f2c-9aec-020b87fa38a6,1758302017730,burnaby.gis,1758302017730,burnaby.gis,1750118400000,POINT (-123.0027710686 49.2295266554)
1620,,THEFT FROM AUTO,BURNABY,HASTINGS ST : 5000 - 5199 Block,f4af43f2-836c-4745-b88a-1847f1ca827a,1758302017730,burnaby.gis,1758302017730,burnaby.gis,1750204800000,POINT (-122.9892074069 49.2803536045)
1621,,THEFT FROM AUTO,BURNABY,KINGSWAY : 7310 - 7375 Block,e52bfb49-a35a-4ff0-8ee8-44f338c4c212,1758302017730,burnaby.gis,1758302017730,burnaby.gis,1749081600000,POINT (-122.9505891494 49.2183037863)
1622,,THEFT FROM AUTO,BURNABY,NORTH RD : 4400 - 4599 Block,4bd92a6f-c829-48f1-b3f7-a88023219b53,1758302017730,burnaby.gis,1758302017730,burnaby.gis,1749686400000,POINT (-122.8926593026 49.2437014474)
1623,,THEFT FROM AUTO,BURNABY,ESMOND AV /HASTINGS ST,d82d7173-b5f8-4cd7-8dd5-bb1a17c55367,1758302017730,burnaby.gis,1758302017730,burnaby.gis,1750464000000,POINT (-123.0209989182 49.2810985438)
1624,,BREAK & ENTER-BUSINESS,BURNABY,HASTINGS ST /ROSSER AV,86b26f25-7322-4d73-862b-e23f65fc97cb,1758302017730,burnaby.gis,1758302017730,burnaby.gis,1750464000000,POINT (-123.0058987345 49.2810254614)
1625,,THEFT FROM AUTO,BURNABY,KINGSWAY /MILLER AV,765689a4-14cd-41b6-85fe-74839d33dd76,1758302017730,burnaby.gis,1758302017730,burnaby.gis,1750464000000,POINT (-122.9950884609 49.2270023804)
1626,,BREAK & ENTER-BUSINESS,BURNABY,16TH ST : 7400 - 7459 Block,14fa3ae8-f8d7-4b52-94c8-e0ba7f485a90,1758302017730,burnaby.gis,1758302017730,burnaby.gis,1750464000000,POINT (-122.9520823396 49.2157784905)
1627,,THEFT FROM AUTO,BURNABY,ESMOND AV N /MCGILL ST,39194bae-b93a-4142-86ab-6089b2491326,1758302017730,burnaby.gis,1758302017730,burnaby.gis,1750550400000,POINT (-123.0208747369 49.2883608774)
1628,,THEFT FROM AUTO,BURNABY,BOOTH AV /GRAFTON ST,80354f35-1c0b-432d-8068-3a298bce1c83,1758302017730,burnaby.gis,1758302017730,burnaby.gis,1750636800000,POINT (-122.9991304143 49.2321538087)
1629,,THEFT FROM AUTO,BURNABY,CAMBRIDGE ST /ESMOND AV N,ffbec943-aea9-4cb9-ab8a-678fad133108,1758302017730,burnaby.gis,1758302017730,burnaby.gis,1750636800000,POINT (-123.0209053665 49.2865509741)
1630,,BREAK & ENTER-BUSINESS,BURNABY,DAWSON ST /MADISON AV,528aa677-7c36-43dc-b9ca-643359943803,1758302017730,burnaby.gis,1758302017730,burnaby.gis,1750723200000,POINT (-123.0087687469 49.2644573274)
1631,,THEFT FROM AUTO,BURNABY,CURRAGH AV /PORTLAND ST,91d6729f-1fa8-4408-afea-34397c54a5d5,1758302017730,burnaby.gis,1758302017730,burnaby.gis,1750896000000,POINT (-122.9747442463 49.2120375288)
1632,,THEFT FROM AUTO,BURNABY,CAMBRIDGE ST /ROSSER AV N,c0b28be9-4418-4968-98ee-12fc4a4071c5,1758302017730,burnaby.gis,1758302017730,burnaby.gis,1750809600000,POINT (-123.0057663644 49.2864400333)
1633,,THEFT FROM AUTO,BURNABY,FELL AV /WINCH ST,87d251f7-53f4-4ff3-b309-8c1196925f4a,1758302017730,burnaby.gis,1758302017730,burnaby.gis,1750896000000,POINT (-122.9756357934 49.2698070621)
1634,,BREAK & ENTER-RESIDENCE,BURNABY,BURLINGTON AV : 6500 - 6599 Block,c8487399-d0b5-4fd4-95e5-9739cffca378,1758302017730,burnaby.gis,1758302017730,burnaby.gis,1750809600000,POINT (-122.9903071307 49.2244056278)
1635,,BREAK & ENTER-RESIDENCE,BURNABY,6TH ST /EDMONDS ST,d3135b29-53f6-421b-9736-e4eb3e75fd7f,1758302017730,burnaby.gis,1758302017730,burnaby.gis,1750896000000,POINT (-122.9369529712 49.226239778)
1636,,THEFT FROM AUTO,BURNABY,GEORGIA ST : 3900 - 3999 Block,3ee758bd-0742-4633-a7dc-5d0a1710d3cb,1758302017730,burnaby.gis,1758302017730,burnaby.gis,1750982400000,POINT (-123.0174823453 49.2784027001)
1637,,BREAK & ENTER-RESIDENCE,BURNABY,ELWELL ST : 7900 - 7999 Block,a87d68d4-be09-4e80-a95a-b96f5d28ede2,1758302017730,burnaby.gis,1758302017730,burnaby.gis,1751068800000,POINT (-122.9382206323 49.2297466536)
1638,,THEFT FROM AUTO,BURNABY,DELTA AV /FAIRLAWN DR,4adc316a-43c5-43d8-91f4-be6187d8ae1f,1758302017730,burnaby.gis,1758302017730,burnaby.gis,1751328000000,POINT (-122.9921581828 49.2737338126)
1639,,THEFT OF AUTO,BURNABY,CLINTON ST /CLINTON ST,5612bd6e-014c-4345-a79c-857271ee4afc,1758302017730,burnaby.gis,1758302017730,burnaby.gis,1751414400000,POINT (-122.997615606 49.2129591855)
1640,,THEFT FROM AUTO,BURNABY,ALASKA ST /WILLINGDON AV,bce50c96-d001-4bff-8087-ea12917ca03e,1758302017730,burnaby.gis,1758302017730,burnaby.gis,1751500800000,POINT (-123.0032559948 49.2623692877)
1641,,BREAK & ENTER-OTHER,BURNABY,JERSEY AV /KINGSWAY,1c27453a-3097-460c-8325-23de29f6b5e1,1758302017730,burnaby.gis,1758302017730,burnaby.gis,1751500800000,POINT (-123.0170320148 49.2327580852)
1642,,THEFT FROM AUTO,BURNABY,STRATFORD AV : 100 - 999 Block,cad54f33-4727-41b2-8269-5cec1c236964,1758302017730,burnaby.gis,1758302017730,burnaby.gis,1751500800000,POINT (-122.97684121 49.2814548098)
1643,,THEFT FROM AUTO,BURNABY,KINGSWAY /ROYAL OAK AV,6d795663-449f-4f24-bc31-960de28b0bc9,1758302017730,burnaby.gis,1758302017730,burnaby.gis,1751068800000,POINT (-122.9889144716 49.2249674473)
1644,,THEFT FROM AUTO,BURNABY,AUBREY ST /SPERLING AV,0a4afea6-4533-43cd-b5af-d654b0bc96d2,1758302017730,burnaby.gis,1758302017730,burnaby.gis,1751587200000,POINT (-122.9646466625 49.2733980457)
1645,,THEFT FROM AUTO,BURNABY,KINGSWAY : 5030 - 5109 Block,389aade1-acb0-4591-b6ec-409c3cba85bf,1758302017730,burnaby.gis,1758302017730,burnaby.gis,1751673600000,POINT (-122.9909401796 49.2256322867)
1646,,THEFT OF AUTO,BURNABY,ELEANOR ST /EOR - END OF ROAD,32e403ad-99f3-46dc-aaa6-d51db98043ac,1758302017730,burnaby.gis,1758302017730,burnaby.gis,1751673600000,POINT (-122.9844034037 49.2068332625)
1647,,BREAK & ENTER-OTHER,BURNABY,CAMERON ST : 9300 - 9599 Block,3d4caf4c-2f3e-4c36-9de3-f06e1ae31395,1758302017730,burnaby.gis,1758302017730,burnaby.gis,1751587200000,POINT (-122.900515397 49.2534638804)
1648,,BREAK & ENTER-RESIDENCE,BURNABY,GRIMMER ST /MARLBOROUGH AV,964e7621-f325-4ddd-ae65-addc222595fb,1758302017730,burnaby.gis,1758302017730,burnaby.gis,1751673600000,POINT (-122.9915550905 49.2233920638)
1649,,BREAK & ENTER-RESIDENCE,BURNABY,BURLINGTON AV : 6800 - 6899 Block,4512cf04-55cb-4e5b-a67e-522498e68cb4,1758302017730,burnaby.gis,1758302017730,burnaby.gis,1751673600000,POINT (-122.9906185511 49.2213316428)
1650,,BREAK & ENTER-RESIDENCE,BURNABY,LINWOOD ST /SMITH AV,e0b460f1-1c8b-43f0-ace6-45840885c4a2,1758302017730,burnaby.gis,1758302017730,burnaby.gis,1751760000000,POINT (-123.0197680368 49.2532963782)
1651,,THEFT FROM AUTO,BURNABY,KINGSWAY /MACPHERSON AV,9051afcd-a054-49c4-89e9-7e2048f8b44d,1758302017730,burnaby.gis,1758302017730,burnaby.gis,1751673600000,POINT (-122.983064096 49.2230963281)
1652,,THEFT FROM AUTO,BURNABY,GEORGIA ST /WILLINGDON AV,3cb18a58-9b62-4e79-b185-b2402186863c,1758302017730,burnaby.gis,1758302017730,burnaby.gis,1751846400000,POINT (-123.0031675759 49.2782840661)
1653,,BREAK & ENTER-BUSINESS,BURNABY,MCKAY AV : 6300 - 6599 Block,ed0b7cd6-37be-434e-8f47-acc23e676e56,1758302017730,burnaby.gis,1758302017730,burnaby.gis,1751846400000,POINT (-123.0075393004 49.2251006312)
1654,,THEFT FROM AUTO,BURNABY,SPRUCE ST : 5000 - 5599 Block,72f5c7f8-c4ae-4df4-b4c9-cf02e9de127e,1758302017730,burnaby.gis,1758302017730,burnaby.gis,1751846400000,POINT (-122.9854284687 49.2469321529)
1655,,BREAK & ENTER-RESIDENCE,BURNABY,LINWOOD ST : 3900 - 3969 Block,6bc6d3c6-e7fc-45a5-be9e-1b190a66f540,1758302017730,burnaby.gis,1758302017730,burnaby.gis,1751760000000,POINT (-123.0170404182 49.2529143768)
1656,,THEFT FROM AUTO,BURNABY,BERESFORD ST /SUSSEX AV,43d0d886-fa36-47d6-bb59-9ef74b056b4c,1758302017730,burnaby.gis,1758302017730,burnaby.gis,1751846400000,POINT (-123.0021720462 49.2246610271)
1657,,THEFT FROM AUTO,BURNABY,CAMBRIDGE ST /STRATFORD AV N,c1117170-590f-446c-9b78-710a7c1fc124,1758302017730,burnaby.gis,1758302017730,burnaby.gis,1752019200000,POINT (-122.9766350065 49.2861695868)
1658,,THEFT FROM AUTO,BURNABY,CAMBRIDGE ST /ROSSER AV N,6f7c1186-f138-4153-ac3e-49ab01d1f904,1758302017730,burnaby.gis,1758302017730,burnaby.gis,1752105600000,POINT (-123.0057663644 49.2864400333)
1659,,BREAK & ENTER-OTHER,BURNABY,ETON ST : 3700 - 3799 Block,935abf19-084a-4148-bd63-7025c0fdf22c,1758302017730,burnaby.gis,1758302017730,burnaby.gis,1752192000000,POINT (-123.0220754606 49.2874658963)
1660,,THEFT FROM AUTO,BURNABY,KINGSWAY : 4430 - 4499 Block,20ee7bf4-137e-41bf-97ca-03745ae195ae,1758302017730,burnaby.gis,1758302017730,burnaby.gis,1752192000000,POINT (-123.0055697428 49.2304442398)
1661,,BREAK & ENTER-RESIDENCE,BURNABY,GILMORE AV /PENDER ST,c90a4048-997f-40ff-b6b7-6a8d8d16b897,1758302017730,burnaby.gis,1758302017730,burnaby.gis,1752278400000,POINT (-123.0141942086 49.2801739674)
1662,,THEFT FROM AUTO,BURNABY,PHILLIPS AV : 1400 - 1799 Block,bc0d94bd-bbad-4897-8458-cd6a70f76da6,1758302017730,burnaby.gis,1758302017730,burnaby.gis,1752278400000,POINT (-122.9467771635 49.2681775709)
1663,,THEFT FROM AUTO,BURNABY,14TH AV /4TH ST,ab285b8b-c11b-4365-8ed9-80c9a71ed6c3,1758302017730,burnaby.gis,1758302017730,burnaby.gis,1752451200000,POINT (-122.9286105527 49.2235520813)
1664,,THEFT FROM AUTO,BURNABY,MCGILL ST : 4000 - 4099 Block,f14ce2b3-c535-4498-84c2-f5446382b022,1758302017730,burnaby.gis,1758302017730,burnaby.gis,1752624000000,POINT (-123.0150743432 49.2883138407)
1665,,THEFT FROM AUTO,BURNABY,BURLINGTON AV : 6500 - 6599 Block,6d831fd4-6a13-4459-ae67-9589b24e4707,1758302017730,burnaby.gis,1758302017730,burnaby.gis,1752710400000,POINT (-122.9903071307 49.2244056278)
1666,,BREAK & ENTER-RESIDENCE,BURNABY,STRIDE AV : 7100 - 7149 Block,2fd82703-9539-40f4-b22b-b8c1c76659df,1758302017730,burnaby.gis,1758302017730,burnaby.gis,1752710400000,POINT (-122.9526278648 49.2128147332)
1667,,BREAK & ENTER-BUSINESS,BURNABY,STILL CREEK DR : 4700 - 4899 Block,178acea1-d178-40ee-b251-5d08c46b3677,1758302017730,burnaby.gis,1758302017730,burnaby.gis,1752796800000,POINT (-122.9962293805 49.2611999853)
1668,,BREAK & ENTER-BUSINESS,BURNABY,GILMORE AV /STILL CREEK AV,1b2ebbf7-3f95-4900-91c9-836b1a1be478,1758302017730,burnaby.gis,1758302017730,burnaby.gis,1752883200000,POINT (-123.0142901326 49.2608465748)
1669,,THEFT FROM AUTO,BURNABY,DUNDAS ST : 3800 - 3899 Block,7631fa15-5951-4990-a815-89e983dd47f9,1758302017730,burnaby.gis,1758302017730,burnaby.gis,1752624000000,POINT (-123.0197522608 49.2847343842)
1670,,THEFT FROM AUTO,BURNABY,JENSEN PL : 7700 - 7759 Block,56294de2-5319-4a8e-86b5-971987271ba6,1758302017730,burnaby.gis,1758302017730,burnaby.gis,1752883200000,POINT (-122.9384310202 49.2521248401)
1671,,BREAK & ENTER-RESIDENCE,BURNABY,JUBILEE AV /NELSON AV,18c20134-0ea5-4583-a6f9-376080764d25,1758302017730,burnaby.gis,1758302017730,burnaby.gis,1752883200000,POINT (-122.994195398 49.2234025455)
1672,,BREAK & ENTER-OTHER,BURNABY,MARINE DR : 6360 - 6430 Block,a13ae777-f3d7-4e72-98e4-a4ac2e38b5f2,1758302017730,burnaby.gis,1758302017730,burnaby.gis,1752883200000,POINT (-122.9596476781 49.2002501851)
1673,,BREAK & ENTER-RESIDENCE,BURNABY,GRANGE ST : 4200 - 4299 Block,9d536890-7cd4-4f17-9651-5b4ca424879a,1758302017730,burnaby.gis,1758302017730,burnaby.gis,1752883200000,POINT (-123.0099568074 49.2328669928)
1674,,THEFT OF AUTO,BURNABY,14TH AV : 8000 - 8099 Block,4b9b3766-12f0-477d-99f7-8996de805fbe,1758302017730,burnaby.gis,1758302017730,burnaby.gis,1753315200000,POINT (-122.9269437805 49.224454719)
1675,,THEFT FROM AUTO,BURNABY,AYSHIRE DR /CURTIS ST,97ee7126-7ec4-4f24-91ac-698bc3171674,1758302017730,burnaby.gis,1758302017730,burnaby.gis,1753315200000,POINT (-122.9448000562 49.2752107912)
1676,,THEFT FROM AUTO,BURNABY,GILLEY AV : 8180 - 8299 Block,764d6708-17dc-4e27-8967-a356509b9f36,1758302017730,burnaby.gis,1758302017730,burnaby.gis,1753401600000,POINT (-122.9729618219 49.2090759022)
1677,,THEFT FROM AUTO,BURNABY,STATION HILL DR : 6800 - 6839 Block,50bc349f-68b2-4089-9865-67c9062bdd21,1758302017730,burnaby.gis,1758302017730,burnaby.gis,1753574400000,POINT (-122.960999557 49.2110059152)
1678,,BREAK & ENTER-BUSINESS,BURNABY,BALMORAL ST /GRIFFITHS AV,f6d77cb2-7c06-41fc-8714-6674ecc82a21,1758302017730,burnaby.gis,1758302017730,burnaby.gis,1753488000000,POINT (-122.9610043702 49.2202093165)
1679,,BREAK & ENTER-BUSINESS,BURNABY,ALASKA ST /WILLINGDON AV,378a544d-3a18-4a3a-b9a7-561d0cf1924c,1758302017730,burnaby.gis,1758302017730,burnaby.gis,1753660800000,POINT (-123.0032559948 49.2623692877)
1680,,THEFT FROM AUTO,BURNABY,DENBIGH AV /KINGSWAY,f1873859-4681-42bb-8754-ed1de9f0e977,1758302017730,burnaby.gis,1758302017730,burnaby.gis,1753833600000,POINT (-122.9842266348 49.2234676446)
1681,,THEFT FROM AUTO,BURNABY,MEADOWOOD DR /MEADOWOOD PK,b0a45c99-3c4f-4ebd-bfa3-888f74d4d270,1758302017730,burnaby.gis,1758302017730,burnaby.gis,1753833600000,POINT (-122.9336940924 49.2639912013)
1682,,THEFT FROM AUTO,BURNABY,VENABLES ST : 4200 - 4299 Block,b03b5284-5701-423d-88c2-9b5b9ca0deb3,1758302017730,burnaby.gis,1758302017730,burnaby.gis,1753833600000,POINT (-123.0101111193 49.2765292698)
1683,,THEFT FROM AUTO,BURNABY,IMPERIAL ST /MALVERN AV,f3770986-a733-49f7-a9d8-dc58be0e3066,1758302017730,burnaby.gis,1758302017730,burnaby.gis,1753920000000,POINT (-122.9546129299 49.225316566)
1684,,THEFT FROM AUTO,BURNABY,SEA AV : 40 - 199 Block,1cb55791-3035-4888-9c44-679ffe1d3cee,1758302017730,burnaby.gis,1758302017730,burnaby.gis,1753920000000,POINT (-122.9794752139 49.2833035815)
1685,,BREAK & ENTER-RESIDENCE,BURNABY,CENTRAL BV /PATTERSON AV,597dc59b-a25f-40b4-bd26-51d20b264387,1758302017730,burnaby.gis,1758302017730,burnaby.gis,1751500800000,POINT (-123.0126447256 49.2299050766)
1686,,THEFT FROM AUTO,BURNABY,LOUGHEED HY : 4500 - 4599 Block,93a34f32-0242-4e68-ae7e-7b4ec7511678,1758302017730,burnaby.gis,1758302017730,burnaby.gis,1753920000000,POINT (-123.001803509 49.2663734997)
1687,,THEFT FROM AUTO,BURNABY,MADISON AV /UNION ST,186d5375-3077-428f-8d94-26d682e1f8ab,1758302017730,burnaby.gis,1758302017730,burnaby.gis,1753920000000,POINT (-123.0087139777 49.277419023)
1688,,THEFT OF AUTO,BURNABY,ALASKA ST /ALPHA AV,4951aa8b-6b89-43f8-b5d8-c8ea4e2b2f06,1758302017730,burnaby.gis,1758302017730,burnaby.gis,1753920000000,POINT (-123.0004006055 49.2623455245)
1689,,THEFT FROM AUTO,BURNABY,LOUGHEED HY : 5700 - 6199 Block,9795aaca-41dd-4c67-997f-bbdbbe38d63e,1758302017730,burnaby.gis,1758302017730,burnaby.gis,1754006400000,POINT (-122.9784609546 49.2643102772)
1690,,BREAK & ENTER-RESIDENCE,BURNABY,DORCHESTER DR : 7520 - 7561 Block,e5218430-4c14-4352-9deb-268789759d80,1758302017730,burnaby.gis,1758302017730,burnaby.gis,1754092800000,POINT (-122.9440884572 49.2491403347)
1691,,BREAK & ENTER-OTHER,BURNABY,DUNLOP AV : 1000 - 1299 Block,25eafb76-584f-4355-ba9a-d96513cc5907,1758302017730,burnaby.gis,1758302017730,burnaby.gis,1754092800000,POINT (-122.9794765989 49.2738956835)
1692,,THEFT FROM AUTO,BURNABY,HOWARD AV : 400 - 599 Block,6cd9daef-6010-452d-9986-f38be0d36bf2,1758302017730,burnaby.gis,1758302017730,burnaby.gis,1754092800000,POINT (-122.9836917656 49.2797257993)
1693,,THEFT FROM AUTO,BURNABY,GOLDEN ST : 7000 - 7199 Block,4dcb7f64-1fb5-4f34-a8f1-eb0552f0add3,1758302017730,burnaby.gis,1758302017730,burnaby.gis,1754265600000,POINT (-122.9562430169 49.2651591804)
1694,,BREAK & ENTER-BUSINESS,BURNABY,FULTON AV : 7000 - 7199 Block,1bcb5bc6-defb-4355-9e34-f94660899a79,1758302017730,burnaby.gis,1758302017730,burnaby.gis,1754179200000,POINT (-122.9499416362 49.2207221873)
1695,,BREAK & ENTER-BUSINESS,BURNABY,KINGSWAY : 5110 - 5199 Block,7f2b3e42-7b9a-4910-8097-efada03e7b4a,1758302017730,burnaby.gis,1758302017730,burnaby.gis,1754179200000,POINT (-122.9896137355 49.2251948907)
1696,,BREAK & ENTER-OTHER,BURNABY,GOLDEN ST : 7000 - 7199 Block,1255454f-3acb-4b85-bcea-a1c5ce8907f3,1758302017730,burnaby.gis,1758302017730,burnaby.gis,1754265600000,POINT (-122.9562430169 49.2651591804)
1697,,BREAK & ENTER-BUSINESS,BURNABY,HAZEL ST : 4700 - 4729 Block,effac87e-528d-4596-bc59-6445c6a8c922,1758302017730,burnaby.gis,1758302017730,burnaby.gis,1754352000000,POINT (-122.998132241 49.2290067125)
1698,,THEFT FROM AUTO,BURNABY,CAMERON ST /NORTH RD,6b52d26c-f6b0-4795-9869-3ce38cea00f2,1758302017730,burnaby.gis,1758302017730,burnaby.gis,1754438400000,POINT (-122.8929934508 49.2534130119)
1699,,THEFT FROM AUTO,BURNABY,ELWELL ST /GRIFFITHS AV,bf8f4638-8c81-40e0-94a9-b39aea8b15d2,1758302017730,burnaby.gis,1758302017730,burnaby.gis,1754438400000,POINT (-122.9610208948 49.2212265609)
1700,,THEFT FROM AUTO,BURNABY,KINGSWAY : 4750 - 4799 Block,6fea167c-ab95-4931-8f0c-2e4e2d2c9a11,1758302017730,burnaby.gis,1758302017730,burnaby.gis,1754524800000,POINT (-122.9970398555 49.2276422243)
1701,,THEFT FROM AUTO,BURNABY,1ST AV /BOUNDARY RD,f34b5983-bb2f-4501-aef5-8deada2f1110,1758302017730,burnaby.gis,1758302017730,burnaby.gis,1754611200000,POINT (-123.0234409106 49.2693872279)
1702,,THEFT FROM AUTO,BURNABY,ROSSER AV : 1200 - 1299 Block,996b3c6e-7669-48a3-bab6-65217dd7e1ef,1758302017730,burnaby.gis,1758302017730,burnaby.gis,1754611200000,POINT (-123.0059939563 49.2733403882)
1703,,THEFT FROM AUTO,BURNABY,GREENWOOD ST : 7500 - 7599 Block,c6e9912e-5c96-45d9-b596-8182a7741711,1758302017730,burnaby.gis,1758302017730,burnaby.gis,1754611200000,POINT (-122.9444521816 49.2562903439)
1704,,THEFT FROM AUTO,BURNABY,KINGSWAY : 4750 - 4799 Block,87ac74a2-dfd8-4822-af12-719e9aac1948,1758302017730,burnaby.gis,1758302017730,burnaby.gis,1754611200000,POINT (-122.9970398555 49.2276422243)
1705,,BREAK & ENTER-BUSINESS,BURNABY,BYRNE RD : 5300 - 5499 Block,cd21bc4c-35e0-485f-b29c-e605bbd40328,1758302017730,burnaby.gis,1758302017730,burnaby.gis,1754524800000,POINT (-122.9852189456 49.2002118737)
1706,,BREAK & ENTER-OTHER,BURNABY,19TH AV /6TH ST,58472e6c-1886-4a05-be50-79d3e082ff21,1758302017730,burnaby.gis,1758302017730,burnaby.gis,1754524800000,POINT (-122.9358539485 49.2255019264)
1707,,BREAK & ENTER-OTHER,BURNABY,SOUTHWYNDE AV : 7380 - 7499 Block,c18b1a00-4ef9-43a4-adf5-d46444b0fc17,1758302017730,burnaby.gis,1758302017730,burnaby.gis,1754697600000,POINT (-122.9651999483 49.2076477299)
1708,,BREAK & ENTER-BUSINESS,BURNABY,UNIVERSITY DR E : -1 - 0 Block,4c0bb538-6701-48f1-b4c4-be42e48c933a,1758302017730,burnaby.gis,1758302017730,burnaby.gis,1754697600000,POINT (-122.9043925885 49.280104395)
1709,,THEFT FROM AUTO,BURNABY,NELSON AV /SANDERS ST,c7d45121-7523-44b4-a7c4-299e7f5b6aa3,1758302017730,burnaby.gis,1758302017730,burnaby.gis,1754611200000,POINT (-122.9942045487 49.2279195992)
1710,,THEFT FROM AUTO,BURNABY,KINGSWAY : 5030 - 5109 Block,23733811-45c1-4e8a-8a76-4068e39687bf,1758302017730,burnaby.gis,1758302017730,burnaby.gis,1754784000000,POINT (-122.9909401796 49.2256322867)
1711,,THEFT FROM AUTO,BURNABY,BETA AV /GEORGIA ST,3b6a7fd4-e42f-4ea1-89b1-f02fd2cbf7dc,1758302017730,burnaby.gis,1758302017730,burnaby.gis,1754784000000,POINT (-122.9975105792 49.2782638575)
1712,,BREAK & ENTER-RESIDENCE,BURNABY,BARBELL PL : 6900 - 7199 Block,67d62f0b-0517-4d11-82a9-02407636c1fb,1758302017730,burnaby.gis,1758302017730,burnaby.gis,1754870400000,POINT (-122.9903180916 49.2194379979)
1713,,THEFT FROM AUTO,BURNABY,CARLETON AV N /DUNDAS ST,e995b6fe-8510-431e-95f5-82fd345f5876,1758302017730,burnaby.gis,1758302017730,burnaby.gis,1754870400000,POINT (-123.0113400198 49.2846722153)
1714,,THEFT FROM AUTO,BURNABY,CAMERON ST /NORTH RD,e1ed7e83-877e-4b2c-bfa2-fb30fc118d0d,1758302017730,burnaby.gis,1758302017730,burnaby.gis,1754870400000,POINT (-122.8929934508 49.2534130119)
1715,,THEFT FROM AUTO,BURNABY,ALBERT ST : 3800 - 3899 Block,86164749-8718-4cba-bdad-159f29a2c6cc,1758302017730,burnaby.gis,1758302017730,burnaby.gis,1754870400000,POINT (-123.0197962397 49.2820221096)
1716,,BREAK & ENTER-BUSINESS,BURNABY,JUNEAU ST : 4400 - 4499 Block,d37f1ad6-7308-43ca-bc3c-3d5a59e83562,1758302017730,burnaby.gis,1758302017730,burnaby.gis,1754870400000,POINT (-123.0046312262 49.2635339543)
1717,,THEFT FROM AUTO,BURNABY,LYTHAM PL /EOR - END OF ROAD,b05c6e2a-8480-4fbc-99f3-3fca178c1fcd,1758302017730,burnaby.gis,1758302017730,burnaby.gis,1754956800000,POINT (-122.9452368423 49.2742938665)
1718,,THEFT FROM AUTO,BURNABY,BUCHANAN ST /ROSSER AV,cf0ea5b4-d8e5-4016-b5b2-930f00f669bc,1758302017730,burnaby.gis,1758302017730,burnaby.gis,1755043200000,POINT (-123.0059891312 49.267447096)
1719,,THEFT FROM AUTO,BURNABY,GILMORE AV /PARKER ST,b798b63d-2778-408b-8976-8efb6e843516,1758302017730,burnaby.gis,1758302017730,burnaby.gis,1755129600000,POINT (-123.0142547314 49.2756547854)
1720,,BREAK & ENTER-BUSINESS,BURNABY,GAGLARDI WY /UNIVERSITY DR,ab8768b7-5c72-4097-b772-fa9e287b08d5,1758302017730,burnaby.gis,1758302017730,burnaby.gis,1755216000000,POINT (-122.9200489102 49.2801262728)
1721,,THEFT FROM AUTO,BURNABY,HERTFORD ST /SMITH AV,282bb57a-9686-4498-8c9f-e11107e894ea,1758302017730,burnaby.gis,1758302017730,burnaby.gis,1755216000000,POINT (-123.0198646891 49.2380622304)
1722,,THEFT FROM AUTO,BURNABY,KINGSWAY : 5200 - 5459 Block,474803ee-f784-4b43-a500-ed99e0fa3b83,1758302017730,burnaby.gis,1758302017730,burnaby.gis,1755302400000,POINT (-122.986718588 49.2242648804)
1723,,THEFT FROM AUTO,BURNABY,IMPERIAL ST /MERRITT AV,a3e9629e-077f-484b-aca3-c6aeeeb1d542,1758302017730,burnaby.gis,1758302017730,burnaby.gis,1755388800000,POINT (-122.9802264841 49.2219185466)
1724,,THEFT FROM AUTO,BURNABY,DUNDAS ST /MADISON AV N,ee51dd08-8308-411b-9aba-d85f1f082be2,1758302017730,burnaby.gis,1758302017730,burnaby.gis,1755388800000,POINT (-123.0085753592 49.2846525277)
1725,,THEFT FROM AUTO,BURNABY,GILMORE AV N /TRINITY ST,5bb0d6ae-8341-4264-b8f6-10f58480e46a,1758302017730,burnaby.gis,1758302017730,burnaby.gis,1755388800000,POINT (-123.0139944964 49.2892089842)
1726,,THEFT OF AUTO,BURNABY,16TH AV /4TH ST,e2c2c8f0-c00f-4062-8e98-ef8d6bd9330c,1758302017730,burnaby.gis,1758302017730,burnaby.gis,1755388800000,POINT (-122.9305275982 49.2250813113)
1727,,THEFT FROM AUTO,BURNABY,FRANCES ST /GAMMA AV,ab2684ce-c913-497f-9a20-5356007911dd,1758302017730,burnaby.gis,1758302017730,burnaby.gis,1755475200000,POINT (-122.9947332189 49.2791548818)
1728,,THEFT FROM AUTO,BURNABY,KINGSWAY /SUSSEX AV,dcb81524-9a52-48db-be68-9e89a59a4595,1758302017730,burnaby.gis,1758302017730,burnaby.gis,1755388800000,POINT (-122.9993183432 49.2283922605)
1729,,THEFT FROM AUTO,BURNABY,18TH AV /6TH ST,a22a7279-ef25-4b03-8d28-51e68a64686e,1758302017730,burnaby.gis,1758302017730,burnaby.gis,1755561600000,POINT (-122.9353560837 49.22510886)
1730,,BREAK & ENTER-BUSINESS,BURNABY,GLENWOOD DR : 8000 - 8199 Block,861275cd-6c23-4a85-9048-e2f2d8a23023,1758302017730,burnaby.gis,1758302017730,burnaby.gis,1755475200000,POINT (-122.9685590831 49.1931114505)
1731,,THEFT FROM AUTO,BURNABY,KITCHENER ST : 6700 - 6999 Block,79c906e1-25b1-4393-90bc-0bbc29b06336,1758302017730,burnaby.gis,1758302017730,burnaby.gis,1755648000000,POINT (-122.961828557 49.2715924453)
1732,,BREAK & ENTER-BUSINESS,BURNABY,KINGSWAY : 4700 - 4749 Block,b9b2af83-66ce-425d-896d-12ccbb735702,1758302017730,burnaby.gis,1758302017730,burnaby.gis,1755820800000,POINT (-122.9985077324 49.2281264308)
1733,,BREAK & ENTER-RESIDENCE,BURNABY,HALIFAX ST /HEATHDALE DR,76d37b44-03e0-47bd-882f-ca08cd5a0cfc,1758302017730,burnaby.gis,1758302017730,burnaby.gis,1755820800000,POINT (-122.984556192 49.2680060342)
1734,,THEFT OF AUTO,BURNABY,6TH ST : 7300 - 7359 Block,97827aaf-19fe-4661-b018-94c15395b5fd,1758302017730,burnaby.gis,1758302017730,burnaby.gis,1755820800000,POINT (-122.9363561311 49.2259073702)
1735,,BREAK & ENTER-BUSINESS,BURNABY,BERESFORD ST /ROYAL OAK AV,d8f07dad-eaec-4386-ac8a-404c96b06a2e,1758302017730,burnaby.gis,1758302017730,burnaby.gis,1755820800000,POINT (-122.9885594775 49.2199237483)
1736,,BREAK & ENTER-OTHER,BURNABY,PANDORA ST /WARWICK AV,a117d9e4-7d14-49d8-842b-392ab2aa4bed,1758302017730,burnaby.gis,1758302017730,burnaby.gis,1755907200000,POINT (-122.9781287366 49.2825665696)
1737,,THEFT FROM AUTO,BURNABY,RUMBLE ST : 4100 - 4299 Block,436aa1c4-e3e2-4117-bb63-a6bf60d85b22,1758302017730,burnaby.gis,1758302017730,burnaby.gis,1755907200000,POINT (-123.010524754 49.2148453494)
1738,,BREAK & ENTER-OTHER,BURNABY,WILLINGDON AV : 2000 - 2199 Block,c7d9bc7e-af8b-4f2e-a0ac-074a6c48bf89,1758302017730,burnaby.gis,1758302017730,burnaby.gis,1755993600000,POINT (-123.0032397345 49.2654283262)
1739,,BREAK & ENTER-OTHER,BURNABY,DUNDAS ST /HOWARD AV N,8d2e11e5-96ae-4dc9-a0aa-a9bb7531b091,1758302017730,burnaby.gis,1758302017730,burnaby.gis,1755993600000,POINT (-122.9835770503 49.284388496)
1740,,THEFT FROM AUTO,BURNABY,CRESTLAWN DR : 1300 - 1659 Block,900f6ac2-fb57-4204-9170-1060620f2638,1758302017730,burnaby.gis,1758302017730,burnaby.gis,1756166400000,POINT (-122.9893279549 49.2711260083)
1741,,THEFT FROM AUTO,BURNABY,IMPERIAL ST /RANDOLPH AV,75b53de7-cc8c-4e47-a72f-83ac4e24b9c5,1758302017730,burnaby.gis,1758302017730,burnaby.gis,1756166400000,POINT (-122.9733490304 49.2220173589)
1742,,BREAK & ENTER-BUSINESS,BURNABY,GOVERNMENT ST /MANCHESTER DR,cd39d89f-ff84-4085-a719-d39e782d8123,1758302017730,burnaby.gis,1758302017730,burnaby.gis,1756166400000,POINT (-122.8992455908 49.2469270928)
1743,,THEFT FROM AUTO,BURNABY,ALBERT ST : 3700 - 3799 Block,d3f4f5ac-84b5-474d-915b-fef4346b146f,1758302017730,burnaby.gis,1758302017730,burnaby.gis,1756252800000,POINT (-123.022167902 49.2820389969)
1744,,BREAK & ENTER-BUSINESS,BURNABY,ALBERT ST : 3700 - 3799 Block,0598e729-6c60-4cb9-be57-34f16d31ba6f,1758302017730,burnaby.gis,1758302017730,burnaby.gis,1756425600000,POINT (-123.022167902 49.2820389969)
1745,,THEFT FROM AUTO,BURNABY,GILLEY AV /PORTLAND ST,617f3083-c1d9-4764-831f-f50d74ee18e8,1758302017730,burnaby.gis,1758302017730,burnaby.gis,1747612800000,POINT (-122.9718995746 49.212006042)
1746,,BREAK & ENTER-BUSINESS,BURNABY,KINGSBOROUGH ST /MCKAY AV,93a19ba4-d36a-473c-89aa-b0afdf611e14,1758302017730,burnaby.gis,1758302017730,burnaby.gis,1747612800000,POINT (-123.0045256503 49.2279559386)
1747,,THEFT FROM AUTO,BURNABY,MONA AV /SAPPERTON AV,b8d581c9-2bf0-4ee2-b01c-db9b4fdbd52a,1758302017730,burnaby.gis,1758302017730,burnaby.gis,1747612800000,POINT (-122.9001350462 49.2386017044)
1748,,BREAK & ENTER-RESIDENCE,BURNABY,SOUTHPOINT DR /SOUTHWYNDE AV,976331ec-e794-4018-bc1b-23b3dd7c3d79,1758302017730,burnaby.gis,1758302017730,burnaby.gis,1747699200000,POINT (-122.9639704608 49.2067575029)
1749,,BREAK & ENTER-OTHER,BURNABY,CENTRAL BV : 4340 - 4399 Block,512ce41b-800e-40ea-9eeb-7aab85afa326,1758302017730,burnaby.gis,1758302017730,burnaby.gis,1747180800000,POINT (-123.0080527543 49.2278037753)
1750,,BREAK & ENTER-BUSINESS,BURNABY,EDMONDS ST : 7322 - 7339 Block,42788401-6501-44d7-b980-d6df02bb4ae0,1758302017730,burnaby.gis,1758302017730,burnaby.gis,1747699200000,POINT (-122.9504602262 49.2190390485)
1751,,THEFT FROM AUTO,BURNABY,CLINTON ST : 6300 - 6999 Block,aafba8f7-47c1-4b6f-9668-21b2be6c48c8,1758302017730,burnaby.gis,1758302017730,burnaby.gis,1747785600000,POINT (-122.9692669069 49.2129226844)
1752,,BREAK & ENTER-BUSINESS,BURNABY,EVERGREEN PL :  -  Block,7b78a1f7-9956-4206-97a0-babb288b65a8,1758302017730,burnaby.gis,1758302017730,burnaby.gis,1747785600000,POINT (-122.8934055902 49.2498620332)
1753,,THEFT FROM AUTO,BURNABY,BRYANT ST /SPERLING AV,ad56d0b0-e81f-476b-a961-b76745d8cbf5,1758302017730,burnaby.gis,1758302017730,burnaby.gis,1747872000000,POINT (-122.9647611908 49.2248104707)
1754,,THEFT FROM AUTO,BURNABY,KINGSWAY : 4530 - 4539 Block,b0dca911-9bed-4792-813d-5fb9fd444000,1758302017730,burnaby.gis,1758302017730,burnaby.gis,1747958400000,POINT (-123.0037269083 49.2298411338)
1755,,THEFT FROM AUTO,BURNABY,DAWSON ST /EOR - END OF ROAD,861ffdbc-8894-4af4-a8b0-1a69d8c78172,1758302017730,burnaby.gis,1758302017730,burnaby.gis,1747958400000,POINT (-122.9922256124 49.2634608555)
1756,,THEFT FROM AUTO,BURNABY,SARDIS ST /WILLINGDON AV,ee80ccf8-dbc9-48eb-8788-365d69a6d62f,1758302017730,burnaby.gis,1758302017730,burnaby.gis,1747958400000,POINT (-123.0033837741 49.2337542506)
1757,,BREAK & ENTER-RESIDENCE,BURNABY,FRANCES ST : 4400 - 4499 Block,d4c928dd-eaba-4c21-b84c-2150bd9f3301,1758302017730,burnaby.gis,1758302017730,burnaby.gis,1747958400000,POINT (-123.0045367447 49.2791962165)
1758,,THEFT OF AUTO,BURNABY,GILMORE DV /MANOR ST,dd867d63-92a7-4c41-9608-09793016f319,1758302017730,burnaby.gis,1758302017730,burnaby.gis,1748131200000,POINT (-123.0120163585 49.2572015171)
1759,,THEFT FROM AUTO,BURNABY,BESSBOROUGH DR /HOLDOM AV N,09e66c95-02cf-4011-92b6-3d2c1d5b6c69,1758302017730,burnaby.gis,1758302017730,burnaby.gis,1748217600000,POINT (-122.9807067272 49.2868818783)
1760,,BREAK & ENTER-OTHER,BURNABY,TRANS CANADA HY : -1 - 0 Block,5480745c-592d-4207-967b-4d5cbbba6158,1758302017730,burnaby.gis,1758302017730,burnaby.gis,1748217600000,POINT (-122.9588821497 49.2410816441)
1761,,BREAK & ENTER-BUSINESS,BURNABY,GILMORE DV /MANOR ST,4935e96f-d5f5-47b4-ada7-82da94a88c11,1758302017730,burnaby.gis,1758302017730,burnaby.gis,1748131200000,POINT (-123.0120163585 49.2572015171)
1762,,THEFT FROM AUTO,BURNABY,INMAN AV /THURSTON ST,2fa716ab-5905-4e1c-aedb-8d79d266b783,1758302017730,burnaby.gis,1758302017730,burnaby.gis,1748304000000,POINT (-123.015847886 49.2347841579)
1763,,BREAK & ENTER-OTHER,BURNABY,GILMORE AV /LOUGHEED HY,b54292ea-ac1f-483c-9e4e-b567473cfaf4,1758302017730,burnaby.gis,1758302017730,burnaby.gis,1748390400000,POINT (-123.0142671346 49.266150265)
1764,,THEFT OF AUTO,BURNABY,HALIFAX ST /KENSINGTON AV,6cfaaf8f-db72-457b-b691-5028eb1e187e,1758302017730,burnaby.gis,1758302017730,burnaby.gis,1748390400000,POINT (-122.9701071723 49.2679902855)
1765,,THEFT FROM AUTO,BURNABY,MCKAY AV /RUMBLE ST,b29683b3-d463-4084-9b93-2ee81c716621,1758302017730,burnaby.gis,1758302017730,burnaby.gis,1748476800000,POINT (-123.0086632623 49.2148449778)
1766,,THEFT OF AUTO,BURNABY,FOREST GROVE DR /UNDERHILL AV,6d8a5264-1831-4b41-8305-34879dd5b07f,1758302017730,burnaby.gis,1758302017730,burnaby.gis,1748476800000,POINT (-122.9275586064 49.2646343132)
1767,,BREAK & ENTER-BUSINESS,BURNABY,MARLBOROUGH AV /NEWTON ST,3afbd862-8292-4b2a-b26d-d5f0f6023dc9,1758302017730,burnaby.gis,1758302017730,burnaby.gis,1748563200000,POINT (-122.9915632931 49.2269422904)
1768,,THEFT FROM AUTO,BURNABY,KINGSWAY /SUSSEX AV,d67e2a32-9680-43b1-b90d-d608ceb3061c,1758302017730,burnaby.gis,1758302017730,burnaby.gis,1746144000000,POINT (-122.9993183432 49.2283922605)
1769,,BREAK & ENTER-BUSINESS,BURNABY,ACORN AV /BERESFORD ST,6ab5478b-658c-4b5a-a257-4f08a3fdee02,1758302017730,burnaby.gis,1758302017730,burnaby.gis,1748563200000,POINT (-122.9557141615 49.2170367044)
1770,,BREAK & ENTER-BUSINESS,BURNABY,ACORN AV /BERESFORD ST,48b700de-abb1-4b09-a511-670a83e350fa,1758302017730,burnaby.gis,1758302017730,burnaby.gis,1748563200000,POINT (-122.9557141615 49.2170367044)
1771,,BREAK & ENTER-BUSINESS,BURNABY,SKYLINE DR : 4400 - 4449 Block,c773adb4-0e24-4a12-8d16-2129326a0745,1758302017730,burnaby.gis,1758302017730,burnaby.gis,1748908800000,POINT (-123.0052970954 49.2655591744)
1772,,THEFT FROM AUTO,BURNABY,HASTINGS ST /SPRINGER AV,91385f79-604a-456a-a2d7-d55ca272a361,1758302017730,burnaby.gis,1758302017730,burnaby.gis,1748908800000,POINT (-122.98780574 49.2803501938)
1773,,BREAK & ENTER-BUSINESS,BURNABY,ALASKA ST /ALPHA AV,718b5684-23db-40fe-ae79-109e5bcb15a8,1758302017730,burnaby.gis,1758302017730,burnaby.gis,1748908800000,POINT (-123.0004006055 49.2623455245)
1774,,BREAK & ENTER-OTHER,BURNABY,GLENLYON PY : 8700 - 8899 Block,1d5e18b1-c492-4d4b-886b-9dfac6af7047,1758302017730,burnaby.gis,1758302017730,burnaby.gis,1748995200000,POINT (-123.0100423166 49.202640938)
1775,,THEFT FROM AUTO,BURNABY,BERESFORD ST /TELFORD AV,2d6d6393-0ae0-47a0-ba16-44b039f5b48f,1758302017730,burnaby.gis,1758302017730,burnaby.gis,1748476800000,POINT (-123.0033828853 49.2252182565)
1776,,THEFT FROM AUTO,BURNABY,16TH ST : 7530 - 7599 Block,1fd527be-a916-45a3-8a89-a004b4f2d22a,1758302017730,burnaby.gis,1758302017730,burnaby.gis,1748995200000,POINT (-122.9493059355 49.2135902789)
1777,,THEFT FROM AUTO,BURNABY,ROSSER AV : 200 - 299 Block,d0a986b0-f678-4104-847c-61afd30d3bb3,1758302017730,burnaby.gis,1758302017730,burnaby.gis,1749168000000,POINT (-123.0058635266 49.2823716043)
1778,,THEFT FROM AUTO,BURNABY,BETA AV /PENDER ST,8a7c4acf-ef8a-4abc-a113-a3a310911a75,1758302017730,burnaby.gis,1758302017730,burnaby.gis,1749168000000,POINT (-122.9974879511 49.2800703124)
1779,,THEFT FROM AUTO,BURNABY,NELSON AV /SANDERS ST,e7ed5946-4256-42da-901e-bce4453cc984,1758302017730,burnaby.gis,1758302017730,burnaby.gis,1749254400000,POINT (-122.9942045487 49.2279195992)
1780,,BREAK & ENTER-BUSINESS,BURNABY,BETA AV /HASTINGS ST,7bec8fff-de8b-4838-814e-d2565fcf561a,1758302017730,burnaby.gis,1758302017730,burnaby.gis,1749254400000,POINT (-122.9974758516 49.2810055803)
1781,,BREAK & ENTER-OTHER,BURNABY,SUMAS ST : 5900 - 6099 Block,ac01cb2c-9242-45c9-b71d-afa8059d9a93,1758302017730,burnaby.gis,1758302017730,burnaby.gis,1749340800000,POINT (-122.9773050082 49.2662091241)
1782,,THEFT FROM AUTO,BURNABY,LOUGHEED HY : 4500 - 4599 Block,bfd0e686-8bf3-498e-8c7b-803fa056e0da,1758302017730,burnaby.gis,1758302017730,burnaby.gis,1749427200000,POINT (-123.001803509 49.2663734997)
1783,,THEFT FROM AUTO,BURNABY,BOND ST /WILLINGDON AV,b53d62a7-1668-438a-9a6e-beb0bcfeae7c,1758302017730,burnaby.gis,1758302017730,burnaby.gis,1749513600000,POINT (-123.0033742116 49.2353897754)
1784,,THEFT OF AUTO,BURNABY,HEDLEY AV : 7400 - 7599 Block,daa8e88a-0d78-47db-af8d-4628c1550567,1758302017730,burnaby.gis,1758302017730,burnaby.gis,1749513600000,POINT (-122.9673306506 49.2160107485)
1785,,THEFT FROM AUTO,BURNABY,LOUGHEED HY : 4100 - 4299 Block,547e6ed9-ee70-41e3-b1ff-cb49ef2fd8dc,1758302017730,burnaby.gis,1758302017730,burnaby.gis,1749340800000,POINT (-123.0115123977 49.2662867556)
1786,,THEFT OF AUTO,BURNABY,BERESFORD ST /CONWAY AV,adac9c85-6ad8-4816-941a-2543d8301860,1758302017730,burnaby.gis,1758302017730,burnaby.gis,1749513600000,POINT (-122.9686130946 49.2169926837)
1787,,BREAK & ENTER-BUSINESS,BURNABY,MARINE DR : 4830 - 5199 Block,27271fb3-467b-4acd-b934-bbc1844af665,1758302017730,burnaby.gis,1758302017730,burnaby.gis,1749513600000,POINT (-122.9922713329 49.2070266161)
1788,,THEFT FROM AUTO,BURNABY,BOXER ST : 4100 - 4299 Block,1cb7553a-d565-4420-a682-a49bc16f1ee6,1758302017730,burnaby.gis,1758302017730,burnaby.gis,1749513600000,POINT (-123.0100947112 49.210288933)
1789,,THEFT FROM AUTO,BURNABY,NEPTUNE CR /EOR - END OF ROAD,a2cc507f-129d-4854-9761-4a66d5c6be02,1758302017730,burnaby.gis,1758302017730,burnaby.gis,1749686400000,POINT (-122.9102129995 49.2579891995)
1790,,BREAK & ENTER-OTHER,BURNABY,MAYWOOD ST : 4340 - 4369 Block,88d5ca4c-ef63-4029-81b7-7f1fd0d869b3,1758302017730,burnaby.gis,1758302017730,burnaby.gis,1749772800000,POINT (-123.0069769344 49.2228231831)
1791,,THEFT OF AUTO,BURNABY,HEWITT ST /QUEENSTON CT,f34a5952-0955-4afa-9166-c6be1434b98d,1758302017730,burnaby.gis,1758302017730,burnaby.gis,1749859200000,POINT (-122.9524900775 49.2762151898)
1792,,THEFT FROM AUTO,BURNABY,CUMBERLAND PL : 8500 - 8599 Block,0de5a76e-ab25-44f0-acf0-70850b90fd5f,1758302017730,burnaby.gis,1758302017730,burnaby.gis,1749859200000,POINT (-122.9190081734 49.2342775304)
1793,,THEFT FROM AUTO,BURNABY,STILL CREEK DR : 4500 - 4599 Block,57f4957c-d00f-45c1-99df-12f2a88084c9,1758302017730,burnaby.gis,1758302017730,burnaby.gis,1750032000000,POINT (-123.0027676048 49.2618225811)
1794,,THEFT FROM AUTO,BURNABY,LINDEN AV : 6900 - 7199 Block,fb85c7fa-e816-4f45-97bb-8fc446547b35,1758302017730,burnaby.gis,1758302017730,burnaby.gis,1750032000000,POINT (-122.9519575252 49.2206579825)
1795,,THEFT FROM AUTO,BURNABY,GOVERNMENT ST /MANCHESTER DR,ce9fb600-0f4c-4e8d-807f-91d413fc39df,1758302017730,burnaby.gis,1758302017730,burnaby.gis,1750032000000,POINT (-122.8992455908 49.2469270928)
1796,,THEFT FROM AUTO,BURNABY,UNION ST : 4500 - 4599 Block,04834f29-f058-4368-be45-65eba04f29f9,1758302017730,burnaby.gis,1758302017730,burnaby.gis,1750118400000,POINT (-123.0017342304 49.2773746707)
1797,,THEFT FROM AUTO,BURNABY,NORFOLK ST /ROYAL OAK AV,7bafb42f-3a59-4944-bc19-4b71768c8bfe,1758302017730,burnaby.gis,1758302017730,burnaby.gis,1750118400000,POINT (-122.9889965386 49.2551745058)
1798,,THEFT FROM AUTO,BURNABY,RANELAGH AV N : 1 - 199 Block,6883b25e-8ccb-42d5-801e-569e485dfac3,1758302017730,burnaby.gis,1758302017730,burnaby.gis,1750118400000,POINT (-122.9862881208 49.285386082)
1799,,THEFT OF AUTO,BURNABY,FRANCES ST /MADISON AV,ca984146-f18f-4e9a-a2a4-5962dfbf3302,1758302017730,burnaby.gis,1758302017730,burnaby.gis,1750550400000,POINT (-123.0086839072 49.2792292321)
1800,,THEFT FROM AUTO,BURNABY,IRVING ST /PEARL AV,bdb67037-e5f2-491d-a80a-ac0dc76febd5,1758302017730,burnaby.gis,1758302017730,burnaby.gis,1750550400000,POINT (-122.9873994686 49.2261727758)
1801,,THEFT FROM AUTO,BURNABY,KINGSWAY : 5200 - 5459 Block,afee7357-50d5-417b-ab5a-3911bd4aaa4b,1758302017730,burnaby.gis,1758302017730,burnaby.gis,1750464000000,POINT (-122.986718588 49.2242648804)
1802,,BREAK & ENTER-RESIDENCE,BURNABY,SOUTHOAKS CR : 6500 - 6699 Block,7d0bb2e9-bdce-4d96-840d-8e92534d5e2d,1758302017730,burnaby.gis,1758302017730,burnaby.gis,1750464000000,POINT (-122.9668029696 49.2178323437)
1803,,THEFT FROM AUTO,BURNABY,ARMSTRONG AV /CUMBERLAND ST,a3a16b4c-a1df-46d4-b228-87748b214066,1758302017730,burnaby.gis,1758302017730,burnaby.gis,1750550400000,POINT (-122.9151278745 49.2297249191)
1804,,THEFT FROM AUTO,BURNABY,KENSINGTON AV : 3400 - 3799 Block,d4e09de0-b558-42a5-a55c-aa237a514643,1758302017730,burnaby.gis,1758302017730,burnaby.gis,1750723200000,POINT (-122.9665621342 49.2516872082)
1805,,THEFT FROM AUTO,BURNABY,BARNET RD : 8000 - 8199 Block,5dc534f4-e163-4ec8-ab8a-d12d684b6583,1758302017730,burnaby.gis,1758302017730,burnaby.gis,1750809600000,POINT (-122.9289833712 49.289580299)
1806,,BREAK & ENTER-BUSINESS,BURNABY,MCKAY AV : 6000 - 6179 Block,372101c5-6ddb-44dc-808b-71e91d008a2a,1758302017730,burnaby.gis,1758302017730,burnaby.gis,1750723200000,POINT (-123.0036750259 49.2287548566)
1807,,THEFT FROM AUTO,BURNABY,KINGSWAY : 4750 - 4799 Block,6b901b1d-8cd0-4c8f-8965-12a8d3681a60,1758302017730,burnaby.gis,1758302017730,burnaby.gis,1750896000000,POINT (-122.9970398555 49.2276422243)
1808,,BREAK & ENTER-BUSINESS,BURNABY,LINDEN AV : 6900 - 7199 Block,08425b7a-eaa2-435b-bb90-c9e6cbcd3677,1758302017730,burnaby.gis,1758302017730,burnaby.gis,1750809600000,POINT (-122.9519575252 49.2206579825)
1809,,THEFT FROM AUTO,BURNABY,MCGILL ST : 3800 - 3999 Block,b0cac000-4868-4162-b709-4e6fe05ee88b,1758302017730,burnaby.gis,1758302017730,burnaby.gis,1750982400000,POINT (-123.0168261245 49.2883280004)
1810,,THEFT FROM AUTO,BURNABY,KINGSWAY : 4750 - 4799 Block,57ead6a6-4b6c-43cb-a49c-f82cac951f38,1758302017730,burnaby.gis,1758302017730,burnaby.gis,1751068800000,POINT (-122.9970398555 49.2276422243)
1811,,BREAK & ENTER-BUSINESS,BURNABY,GRIMMER ST : 5200 - 5399 Block,6eac07ef-b6b4-43d8-9df9-6b9daffb3a0a,1758302017730,burnaby.gis,1758302017730,burnaby.gis,1751068800000,POINT (-122.986715328 49.223566405)
1812,,BREAK & ENTER-BUSINESS,BURNABY,EDMONDS ST : 7300 - 7321 Block,9f145610-437e-49c4-beb7-73403c057f9b,1758302017730,burnaby.gis,1758302017730,burnaby.gis,1750982400000,POINT (-122.9512494223 49.2186188572)
1813,,THEFT FROM AUTO,BURNABY,KINGSWAY /SUSSEX AV,9e09252f-1acf-4883-b987-444dcf5f02b4,1758302017730,burnaby.gis,1758302017730,burnaby.gis,1751068800000,POINT (-122.9993183432 49.2283922605)
1814,,THEFT FROM AUTO,BURNABY,ESMOND AV N /ETON ST,8f9d1472-4e95-43de-a476-e67f746c9f42,1758302017730,burnaby.gis,1758302017730,burnaby.gis,1751155200000,POINT (-123.0208900348 49.2874567825)
1815,,THEFT FROM AUTO,BURNABY,GODWIN AV /HARDWICK ST,c77fb2ea-91e7-43eb-a5b0-65bd22b00e23,1758302017730,burnaby.gis,1758302017730,burnaby.gis,1750982400000,POINT (-122.9781602332 49.2517612552)
1816,,THEFT FROM AUTO,BURNABY,BARNET RD : 8000 - 8199 Block,87d36a80-4bf5-4335-ae23-343946a61702,1758302017730,burnaby.gis,1758302017730,burnaby.gis,1751328000000,POINT (-122.9289833712 49.289580299)
1817,,THEFT FROM AUTO,BURNABY,DOMINION ST /SUMNER AV,f682accf-4a89-4ae4-b482-18bdfc40c9f1,1758302017730,burnaby.gis,1758302017730,burnaby.gis,1751414400000,POINT (-123.0082886172 49.2562942612)
1818,,THEFT FROM AUTO,BURNABY,KINGSWAY /SUSSEX AV,90235d5a-37cb-4ad3-bf8b-cb959c53d1e6,1758302017730,burnaby.gis,1758302017730,burnaby.gis,1751500800000,POINT (-122.9993183432 49.2283922605)
1819,,THEFT FROM AUTO,BURNABY,ANTRIM AV /IMPERIAL ST,2dbb7874-def1-45ed-a3e0-528a65d959d6,1758302017730,burnaby.gis,1758302017730,burnaby.gis,1749254400000,POINT (-122.9849667704 49.2219064319)
1820,,THEFT OF AUTO,BURNABY,GARDEN GROVE DR : 4500 - 4639 Block,cf607f36-9022-4804-abed-19e5f93e980c,1758302017730,burnaby.gis,1758302017730,burnaby.gis,1751673600000,POINT (-122.9951169136 49.2436197248)
1821,,THEFT FROM AUTO,BURNABY,DOMINION ST /SUMNER AV,e68162f2-ed45-4c85-8c67-28f1171966c0,1758302017730,burnaby.gis,1758302017730,burnaby.gis,1751500800000,POINT (-123.0082886172 49.2562942612)
1822,,BREAK & ENTER-BUSINESS,BURNABY,GILMORE AV /NORFOLK ST,396eb84c-7dfd-4efc-aa4c-d7a9ba73f39b,1758302017730,burnaby.gis,1758302017730,burnaby.gis,1751587200000,POINT (-123.0139512858 49.2554123405)
1823,,THEFT OF AUTO,BURNABY,BETA AV /HIGHLAWN DR,ee42e635-222b-41c8-a9fa-75e8ac5fc919,1758302017730,burnaby.gis,1758302017730,burnaby.gis,1751760000000,POINT (-122.9965786519 49.2692216831)
1824,,THEFT FROM AUTO,BURNABY,ELWELL ST /LINDEN AV,0e86c119-ded6-4189-ba61-be619a2e9531,1758302017730,burnaby.gis,1758302017730,burnaby.gis,1751846400000,POINT (-122.9532037821 49.2216588166)
1825,,THEFT FROM AUTO,BURNABY,DUTHIE AV : 1990 - 2079 Block,d0990758-6e31-4f21-8bb1-e92d35aa1ce5,1758302017730,burnaby.gis,1758302017730,burnaby.gis,1751846400000,POINT (-122.953379266 49.2657832644)
1826,,BREAK & ENTER-BUSINESS,BURNABY,RIVERBEND DR /,85518fd9-83c7-47c9-81a6-acfec0f9feec,1758302017730,burnaby.gis,1758302017730,burnaby.gis,1751932800000,POINT (-122.972393962 49.1885310439)
1827,,THEFT OF AUTO,BURNABY,OAKDALE RD : 5800 - 5999 Block,7808d64b-e7cf-44df-b01f-c5bc92a49656,1758302017730,burnaby.gis,1758302017730,burnaby.gis,1751932800000,POINT (-122.9857288709 49.2303318746)
1828,,BREAK & ENTER-OTHER,BURNABY,MCKAY AV /WINNIFRED ST,edf34747-4193-4a87-8733-55b05ca511ba,1758302017730,burnaby.gis,1758302017730,burnaby.gis,1752019200000,POINT (-123.0086936486 49.2112040005)
1829,,THEFT FROM AUTO,BURNABY,KINGSWAY /SUSSEX AV,9e47da44-9212-442a-b4f0-8defe4d22c28,1758302017730,burnaby.gis,1758302017730,burnaby.gis,1752019200000,POINT (-122.9993183432 49.2283922605)
1830,,BREAK & ENTER-OTHER,BURNABY,FRANCES ST /WILLINGDON AV,90b19ab0-0a07-4a48-9cb2-116d33a162ae,1758302017730,burnaby.gis,1758302017730,burnaby.gis,1751932800000,POINT (-123.0031519146 49.2791857491)
1831,,THEFT FROM AUTO,BURNABY,NORLAND AV : 2700 - 2799 Block,8c3474e9-a7ad-413b-9286-835ecbdd0e13,1758302017730,burnaby.gis,1758302017730,burnaby.gis,1752105600000,POINT (-122.9818877342 49.2592746671)
1832,,THEFT FROM AUTO,BURNABY,KINGSWAY /SUSSEX AV,d939cb56-3c6c-4d30-a5ea-63296b4a6abb,1758302017730,burnaby.gis,1758302017730,burnaby.gis,1752105600000,POINT (-122.9993183432 49.2283922605)
1833,,THEFT OF AUTO,BURNABY,ARCOLA ST /SALISBURY AV,a13b11b0-e554-4f39-a5ac-36c732c532dc,1758302017730,burnaby.gis,1758302017730,burnaby.gis,1752192000000,POINT (-122.957543815 49.2193161407)
1834,,BREAK & ENTER-BUSINESS,BURNABY,BARNET RD : 7100 - 7175 Block,592a25bf-3fd3-402e-bbd5-28c4e219554d,1758302017730,burnaby.gis,1758302017730,burnaby.gis,1752192000000,POINT (-122.9557052128 49.281348243)
1835,,BREAK & ENTER-OTHER,BURNABY,14TH AV /GRIFFITHS DR,a1ac51e3-d133-41c8-9cfe-0309ba192dae,1758302017730,burnaby.gis,1758302017730,burnaby.gis,1752364800000,POINT (-122.9537306314 49.2097596465)
1836,,BREAK & ENTER-BUSINESS,BURNABY,LOUGHEED HY : 6600 - 6699 Block,2654cd22-7f14-4fbe-a333-162478384138,1758302017730,burnaby.gis,1758302017730,burnaby.gis,1752364800000,POINT (-122.9663289998 49.260102405)
1837,,THEFT FROM AUTO,BURNABY,HASTINGS ST : 7200 - 7299 Block,413c04a8-ac79-4218-a535-8cf1be418afa,1758302017730,burnaby.gis,1758302017730,burnaby.gis,1752451200000,POINT (-122.9520548315 49.2803430078)
1838,,THEFT FROM AUTO,BURNABY,HAZEL ST : 4700 - 4729 Block,76bedd50-74af-4c34-b8b9-9dc64809958b,1758302017730,burnaby.gis,1758302017730,burnaby.gis,1752451200000,POINT (-122.998132241 49.2290067125)
1839,,THEFT FROM AUTO,BURNABY,BUCHANAN ST : 4300 - 4399 Block,112dd761-a067-4406-bab6-83fe93b07169,1758302017730,burnaby.gis,1758302017730,burnaby.gis,1752537600000,POINT (-123.008134228 49.2674535589)
1840,,THEFT FROM AUTO,BURNABY,14TH AV /20TH ST,ebd60ba0-e5b8-4d26-ad7f-029c99a30f6f,1758302017730,burnaby.gis,1758302017730,burnaby.gis,1752624000000,POINT (-122.9554588456 49.2088034619)
1841,,BREAK & ENTER-OTHER,BURNABY,SOUTHLAWN DR : 4700 - 4899 Block,8fcbb681-7699-4f54-a393-ff22483fdcef,1758302017730,burnaby.gis,1758302017730,burnaby.gis,1752710400000,POINT (-122.9940789145 49.2701106582)
1842,,BREAK & ENTER-BUSINESS,BURNABY,EVERGREEN PL :  -  Block,a7118b3d-6812-4118-a4b3-280c204c7c45,1758302017730,burnaby.gis,1758302017730,burnaby.gis,1752710400000,POINT (-122.8934055902 49.2498620332)
1843,,THEFT OF AUTO,BURNABY,LOUGHEED HY : 4800 - 4839 Block,355df3a8-e7e4-4b55-ba33-70a1d32cb379,1758302017730,burnaby.gis,1758302017730,burnaby.gis,1752969600000,POINT (-122.9941948066 49.2656264652)
1844,,THEFT FROM AUTO,BURNABY,GREENWOOD PL /GREENWOOD ST,09c7db91-7a0c-4a78-a9bb-f9166f4ac1f8,1758302017730,burnaby.gis,1758302017730,burnaby.gis,1753056000000,POINT (-122.945618262 49.2562902688)
1845,,THEFT FROM AUTO,BURNABY,PORTLAND ST : 4460 - 4499 Block,a8771183-61b3-4dd0-902b-614dad58c30f,1758302017730,burnaby.gis,1758302017730,burnaby.gis,1753142400000,POINT (-123.0031153862 49.2121981297)
1846,,BREAK & ENTER-RESIDENCE,BURNABY,BUCKINGHAM AV /BURRIS ST,5bbd31c4-0ffd-438e-a3e9-3d4fac623496,1758302017730,burnaby.gis,1758302017730,burnaby.gis,1753056000000,POINT (-122.9572133522 49.2339477366)
1847,,THEFT FROM AUTO,BURNABY,BURNLAKE DR /WOODLAKE CT,0d81d6e9-7879-4280-8c05-4d6feff7b6bf,1758302017730,burnaby.gis,1758302017730,burnaby.gis,1753228800000,POINT (-122.9253415201 49.2489095115)
1848,,THEFT FROM AUTO,BURNABY,GRAY AV : 6800 - 7199 Block,60543fb2-7163-4f95-8122-d831cc9bb5a3,1758302017730,burnaby.gis,1758302017730,burnaby.gis,1753315200000,POINT (-122.9994960223 49.2201946313)
1849,,THEFT FROM AUTO,BURNABY,BURNLAKE DR /WINLAKE CR,0ad00378-6e40-4e7f-82b4-0e011af56916,1758302017730,burnaby.gis,1758302017730,burnaby.gis,1753401600000,POINT (-122.9340386154 49.24984716)
1850,,THEFT FROM AUTO,BURNABY,REGENT ST : 5200 - 5499 Block,8c48c215-1315-4062-8314-b0d7f30b5ceb,1758302017730,burnaby.gis,1758302017730,burnaby.gis,1753401600000,POINT (-122.9860091478 49.2583800713)
1851,,BREAK & ENTER-BUSINESS,BURNABY,MCKAY AV : 6000 - 6179 Block,63628430-488d-4cf1-acac-b78e7423ce12,1758302017730,burnaby.gis,1758302017730,burnaby.gis,1750723200000,POINT (-123.0036750259 49.2287548566)
1852,,THEFT OF AUTO,BURNABY,BERESFORD ST /SUSSEX AV,5e1d36e4-7975-47f7-b9e2-0a6a229cab9f,1758302017730,burnaby.gis,1758302017730,burnaby.gis,1753488000000,POINT (-123.0021720462 49.2246610271)
1853,,THEFT FROM AUTO,BURNABY,ESMOND AV N /OXFORD ST,ea8fe940-c7b2-420f-b411-9a6d92b07e25,1758302017730,burnaby.gis,1758302017730,burnaby.gis,1753660800000,POINT (-123.0209206949 49.2856468789)
1854,,BREAK & ENTER-BUSINESS,BURNABY,MCCONNELL CT : 4080 - 4099 Block,115d02ff-6edf-4c27-b9dd-c74fd8c2e863,1758302017730,burnaby.gis,1758302017730,burnaby.gis,1753660800000,POINT (-122.9372479067 49.2464106041)
1855,,BREAK & ENTER-OTHER,BURNABY,HALIFAX ST /WILLINGDON AV,3166048d-c586-45fa-ab00-63ac1f90e65e,1758302017730,burnaby.gis,1758302017730,burnaby.gis,1753660800000,POINT (-123.003233114 49.268026613)
1856,,THEFT FROM AUTO,BURNABY,KINGSWAY : 4800 - 4849 Block,c8944906-fbe6-4c22-a509-3d7c5c2ef0b4,1758302017730,burnaby.gis,1758302017730,burnaby.gis,1753833600000,POINT (-122.995735521 49.2272131168)
1857,,THEFT FROM AUTO,BURNABY,DAWSON ST : 4100 - 4169 Block,d2bfd38a-33d5-4927-9a9a-1fc58da6d1e1,1758302017730,burnaby.gis,1758302017730,burnaby.gis,1753833600000,POINT (-123.0133181263 49.2644790521)
1858,,THEFT OF AUTO,BURNABY,DUNDAS ST /ELLESMERE AV N,13c87585-8285-4be2-a600-4e70d2f11e77,1758302017730,burnaby.gis,1758302017730,burnaby.gis,1753920000000,POINT (-122.9821955673 49.2843642874)
1859,,THEFT FROM AUTO,BURNABY,GORDON AV /RUGBY ST,d4d32569-687e-4927-a9c8-8f1fcb59f8a9,1758302017730,burnaby.gis,1758302017730,burnaby.gis,1754006400000,POINT (-122.9599256626 49.2366893281)
1860,,THEFT OF AUTO,BURNABY,LANGLEY ST : 7700 - 7769 Block,93e52dfe-0512-4666-8db9-73cc75c93370,1758302017730,burnaby.gis,1758302017730,burnaby.gis,1754006400000,POINT (-122.9076403759 49.233027325)
1861,,THEFT OF AUTO,BURNABY,MARINE WY : 3850 - 3899 Block,3a03484f-e53f-421d-a781-77045cb2839b,1758302017730,burnaby.gis,1758302017730,burnaby.gis,1754006400000,POINT (-123.0185871679 49.2054296416)
1862,,THEFT FROM AUTO,BURNABY,KINGSWAY /MILLER AV,895a50a9-e768-47fc-a03e-3a3f80e05f91,1758302017730,burnaby.gis,1758302017730,burnaby.gis,1754092800000,POINT (-122.9950884609 49.2270023804)
1863,,THEFT FROM AUTO,BURNABY,KINGSWAY : 4750 - 4799 Block,7e526278-00c1-437f-aa34-8f1c805bb4b0,1758302017730,burnaby.gis,1758302017730,burnaby.gis,1754265600000,POINT (-122.9970398555 49.2276422243)
1864,,THEFT FROM AUTO,BURNABY,CORNERSTONE MS /TOWER RD,7e9068af-f07e-42d2-a2c3-8ebcb10abcc8,1758302017730,burnaby.gis,1758302017730,burnaby.gis,1754265600000,POINT (-122.9092073272 49.2772884322)
1865,,BREAK & ENTER-RESIDENCE,BURNABY,BURNLAKE DR : 7930 - 7999 Block,b7007467-386d-40da-b518-9b3c158b3755,1758302017730,burnaby.gis,1758302017730,burnaby.gis,1754352000000,POINT (-122.9329146748 49.2498435308)
1866,,BREAK & ENTER-OTHER,BURNABY,WAYBURNE DR : 3200 - 3699 Block,1530dea2-12df-43e6-8d20-e2c480cfdb40,1758302017730,burnaby.gis,1758302017730,burnaby.gis,1754352000000,POINT (-122.9939750791 49.2529956886)
1867,,BREAK & ENTER-BUSINESS,BURNABY,HASTINGS ST : 5500 - 5599 Block,0cceb691-d65a-46c7-8a74-23370537405f,1758302017730,burnaby.gis,1758302017730,burnaby.gis,1754265600000,POINT (-122.9829935451 49.2803336585)
1868,,THEFT FROM AUTO,BURNABY,FULTON AV /EOR - END OF ROAD,b4698bd4-5b13-4a76-9592-3d595eb367e8,1758302017730,burnaby.gis,1758302017730,burnaby.gis,1753660800000,POINT (-122.9503723419 49.2210697144)
1869,,THEFT FROM AUTO,BURNABY,BARNET RD : 8000 - 8199 Block,0569f25d-337f-4542-a00d-6c6019e3786e,1758302017730,burnaby.gis,1758302017730,burnaby.gis,1754352000000,POINT (-122.9289833712 49.289580299)
1870,,THEFT FROM AUTO,BURNABY,CASTLEWOOD CR /PATTERSON AV,b631664a-801f-46c0-933f-6e42dfab6f74,1758302017730,burnaby.gis,1758302017730,burnaby.gis,1754524800000,POINT (-123.0134924489 49.2404380001)
1871,,THEFT OF AUTO,BURNABY,MYRTLE ST : 3900 - 3999 Block,112003bc-b55b-48de-8cf1-16cd37d2ce6e,1758302017730,burnaby.gis,1758302017730,burnaby.gis,1750636800000,POINT (-123.0158869488 49.259953954)
1872,,THEFT FROM AUTO,BURNABY,KINGSWAY : 6200 - 6299 Block,dc4fe996-28e9-480e-8135-bc0ff331a9c2,1758302017730,burnaby.gis,1758302017730,burnaby.gis,1754611200000,POINT (-122.9727477664 49.220091259)
1873,,THEFT FROM AUTO,BURNABY,EAST CT : 1100 - 1199 Block,cc231fd2-b5d4-4dc4-8523-aa5a1ddd227e,1758302017730,burnaby.gis,1758302017730,burnaby.gis,1754611200000,POINT (-122.9912489817 49.2746382813)
1874,,THEFT FROM AUTO,BURNABY,IMPERIAL ST : 5600 - 5679 Block,69d6637a-1cab-4795-8b5a-beeb423f4168,1758302017730,burnaby.gis,1758302017730,burnaby.gis,1754611200000,POINT (-122.9823548988 49.2219244784)
1875,,BREAK & ENTER-OTHER,BURNABY,GILMORE AV : 1300 - 1399 Block,3d597ae4-911d-43a0-9881-77580aaa3516,1758302017730,burnaby.gis,1758302017730,burnaby.gis,1754697600000,POINT (-123.0142538179 49.2725209728)
1876,,THEFT FROM AUTO,BURNABY,JUNEAU ST : 4400 - 4499 Block,49bdbca8-a99d-4ff2-ac9c-a376343070d7,1758302017730,burnaby.gis,1758302017730,burnaby.gis,1754870400000,POINT (-123.0046312262 49.2635339543)
1877,,THEFT FROM AUTO,BURNABY,INGLETON AV /TRIUMPH ST,01f08b4d-2624-46b4-a0c7-2ddde008cde1,1758302017730,burnaby.gis,1758302017730,burnaby.gis,1754870400000,POINT (-123.0185823142 49.2838223407)
1878,,THEFT FROM AUTO,BURNABY,ROYAL OAK AV : 6800 - 6967 Block,c1bfdc46-2295-414d-b658-cb1b52b50463,1758302017730,burnaby.gis,1758302017730,burnaby.gis,1754870400000,POINT (-122.9886687111 49.2209309607)
1879,,THEFT FROM AUTO,BURNABY,CARIBOO PL : 6996 - 6999 Block,e65c95a5-0bae-4fa9-b631-2de916c5e542,1758302017730,burnaby.gis,1758302017730,burnaby.gis,1754870400000,POINT (-122.9125591978 49.2480292127)
1880,,THEFT FROM AUTO,BURNABY,JUNEAU ST : 4400 - 4499 Block,83879aba-b0df-4266-995a-1c3de42cc845,1758302017730,burnaby.gis,1758302017730,burnaby.gis,1754870400000,POINT (-123.0046312262 49.2635339543)
1881,,THEFT FROM AUTO,BURNABY,HOLDOM AV : 200 - 399 Block,36d10e81-d64e-4890-9aa5-2e75ef280662,1758302017730,burnaby.gis,1758302017730,burnaby.gis,1754870400000,POINT (-122.9809168644 49.2814467329)
1882,,THEFT FROM AUTO,BURNABY,DARWIN AV /PINE ST,4bcc19cb-9692-4333-831e-620f040198fc,1758302017730,burnaby.gis,1758302017730,burnaby.gis,1754956800000,POINT (-123.0083558235 49.2457478592)
1883,,THEFT FROM AUTO,BURNABY,ELLERSLIE AV : 2500 - 2639 Block,cd329173-8e36-4339-a2e5-5d02f494e440,1758302017730,burnaby.gis,1758302017730,burnaby.gis,1754956800000,POINT (-122.961200332 49.2612667427)
1884,,THEFT FROM AUTO,BURNABY,CARLETON AV /TRIUMPH ST,61239f93-e423-4cb0-9610-e908354d3cab,1758302017730,burnaby.gis,1758302017730,burnaby.gis,1755043200000,POINT (-123.0113623446 49.2837691451)
1885,,THEFT FROM AUTO,BURNABY,MOSCROP ST : 4080 - 4099 Block,6c0c0217-06d6-4d35-83ef-03b2d3191fcc,1758302017730,burnaby.gis,1758302017730,burnaby.gis,1755043200000,POINT (-123.0130113718 49.2429596281)
1886,,THEFT FROM AUTO,BURNABY,LYNDHURST ST /NORTH RD,09d7b30c-559b-4035-ad46-8d6551f23006,1758302017730,burnaby.gis,1758302017730,burnaby.gis,1755129600000,POINT (-122.8931263107 49.2588409799)
1887,,THEFT FROM AUTO,BURNABY,INGLETON AV /PENDER ST,c7ec2bbf-54af-43c4-9dac-83910d8d7092,1758302017730,burnaby.gis,1758302017730,burnaby.gis,1755216000000,POINT (-123.0186417386 49.280205185)
1888,,THEFT FROM AUTO,BURNABY,BUCHANAN ST /ROSSER AV,01850184-1f0f-42bc-875d-f120d9fe9067,1758302017730,burnaby.gis,1758302017730,burnaby.gis,1755216000000,POINT (-123.0059891312 49.267447096)
1889,,THEFT FROM AUTO,BURNABY,KINGSWAY : 4800 - 4849 Block,5ef67bc5-1e12-4877-9d22-6ea399f136a3,1758302017730,burnaby.gis,1758302017730,burnaby.gis,1755388800000,POINT (-122.995735521 49.2272131168)
1890,,THEFT FROM AUTO,BURNABY,BIRCHWOOD CR /GARDEN GROVE DR,4f7844be-fe54-4522-a395-2fbf4bdf3e93,1758302017730,burnaby.gis,1758302017730,burnaby.gis,1755475200000,POINT (-122.9966482999 49.2469909295)
1891,,THEFT FROM AUTO,BURNABY,GEORGIA ST /MADISON AV,732d6df0-373e-44d0-a451-d964b0643af0,1758302017730,burnaby.gis,1758302017730,burnaby.gis,1755475200000,POINT (-123.008698943 49.2783258306)
1892,,BREAK & ENTER-RESIDENCE,BURNABY,BERESFORD ST /ROYAL OAK AV,0e66554d-fae2-4f5a-888d-d5e36264b72f,1758302017730,burnaby.gis,1758302017730,burnaby.gis,1755475200000,POINT (-122.9885594775 49.2199237483)
1893,,BREAK & ENTER-OTHER,BURNABY,CASSIE AV /MAYWOOD ST,e7b1508f-1e98-4050-8cd6-2a413cfac012,1758302017730,burnaby.gis,1758302017730,burnaby.gis,1755475200000,POINT (-123.0098861879 49.2241584671)
1894,,BREAK & ENTER-BUSINESS,BURNABY,DAWSON ST /WILLINGDON AV,9bdf6ec4-69e0-45d3-8b50-26d847101a86,1758302017730,burnaby.gis,1758302017730,burnaby.gis,1755648000000,POINT (-123.0032454866 49.2644334746)
1895,,BREAK & ENTER-BUSINESS,BURNABY,BETA AV /DAWSON ST,3ef38ae6-10df-4bb2-b6db-79822a2ba801,1758302017730,burnaby.gis,1758302017730,burnaby.gis,1755648000000,POINT (-122.99762739 49.2644646569)
1896,,BREAK & ENTER-RESIDENCE,BURNABY,WAVERLEY AV : 6800 - 7199 Block,7316e80e-96f1-4fe0-a528-aaf551c081d5,1758302017730,burnaby.gis,1758302017730,burnaby.gis,1755820800000,POINT (-122.9976081997 49.2201922967)
1897,,THEFT FROM AUTO,BURNABY,NORTH FRASER WY /NORTHBROOK CT,f5df8ee7-c5ba-4688-bd5b-6b486cb999e4,1758302017730,burnaby.gis,1758302017730,burnaby.gis,1755907200000,POINT (-123.0143772596 49.2004304337)
1898,,BREAK & ENTER-BUSINESS,BURNABY,HAZEL ST /SUSSEX AV,3eec5b19-7740-4eba-b136-b48c0e6fbea6,1758302017730,burnaby.gis,1758302017730,burnaby.gis,1755475200000,POINT (-122.9985626647 49.2291479382)
1899,,BREAK & ENTER-BUSINESS,BURNABY,NORTH FRASER WY /NORTHBROOK CT,462ca5e4-cc62-49ef-ba4b-20c00f61bfdc,1758302017730,burnaby.gis,1758302017730,burnaby.gis,1755907200000,POINT (-123.0143772596 49.2004304337)
1900,,BREAK & ENTER-OTHER,BURNABY,WAYBURNE DR : 3200 - 3699 Block,64d29eb3-674b-41aa-b974-8fa98505207f,1758302017730,burnaby.gis,1758302017730,burnaby.gis,1755993600000,POINT (-122.9939750791 49.2529956886)
1901,,THEFT FROM AUTO,BURNABY,MONTECITO DR : 7200 - 7249 Block,17fd7000-7422-4771-9cd8-bef53eb45808,1758302017730,burnaby.gis,1758302017730,burnaby.gis,1756080000000,POINT (-122.9526771527 49.2638802643)
1902,,THEFT FROM AUTO,BURNABY,QUEENSTON CT : 7200 - 7399 Block,520a377c-7d4f-4bc5-8266-fc4008ef083e,1758302017730,burnaby.gis,1758302017730,burnaby.gis,1756080000000,POINT (-122.9506021745 49.2768566658)
1903,,THEFT FROM AUTO,BURNABY,KINGSWAY : 4750 - 4799 Block,6aea57bb-29e8-4869-80aa-f7fca4205bd3,1758302017730,burnaby.gis,1758302017730,burnaby.gis,1756080000000,POINT (-122.9970398555 49.2276422243)
1904,,BREAK & ENTER-OTHER,BURNABY,PANDORA ST /WARWICK AV,767b16de-faff-4c6b-978d-44f9318ec11b,1758302017730,burnaby.gis,1758302017730,burnaby.gis,1756080000000,POINT (-122.9781287366 49.2825665696)
1905,,THEFT FROM AUTO,BURNABY,DELLAWN DR /SPRINGER AV,4600a18d-d01d-406e-b7c5-e1ec88871aee,1758302017730,burnaby.gis,1758302017730,burnaby.gis,1756166400000,POINT (-122.9879076103 49.2695958676)
1906,,THEFT FROM AUTO,BURNABY,GAGLARDI WY /UNIVERSITY DR,d138d9a1-89a7-4bf4-a1f6-091611d5511d,1758302017730,burnaby.gis,1758302017730,burnaby.gis,1756166400000,POINT (-122.9200489102 49.2801262728)
1907,,THEFT FROM AUTO,BURNABY,AUBREY ST /FELL AV,eed662bf-300c-4612-805a-51640bc2b354,1758302017730,burnaby.gis,1758302017730,burnaby.gis,1756166400000,POINT (-122.9756125284 49.2734204241)
1908,,THEFT FROM AUTO,BURNABY,KINCAID ST /ROYAL OAK AV,2e7d3b66-5815-4158-962f-a75c02b7dd5a,1758302017730,burnaby.gis,1758302017730,burnaby.gis,1756166400000,POINT (-122.9890585863 49.2484400706)
1909,,THEFT FROM AUTO,BURNABY,BRIDLEWOOD CT : 7200 - 7299 Block,99a8d24d-e5c5-49f9-84b8-362109b7b7f6,1758302017730,burnaby.gis,1758302017730,burnaby.gis,1756339200000,POINT (-122.9530495317 49.2690914672)
1910,,BREAK & ENTER-RESIDENCE,BURNABY,ROYAL OAK AV /SIDLEY ST,67e9be1a-6f01-4b03-96fb-05cf4356a363,1758302017730,burnaby.gis,1758302017730,burnaby.gis,1756339200000,POINT (-122.9884478953 49.2175087666)
1911,,THEFT FROM AUTO,BURNABY,MADISON AV /WILLIAM ST,e29088c2-addb-4f6d-bdc9-47dd804d3956,1758302017730,burnaby.gis,1758302017730,burnaby.gis,1756425600000,POINT (-123.0087547279 49.2738213674)
1912,,THEFT FROM AUTO,BURNABY,GAGLARDI WY /UNIVERSITY DR,11df6ec0-73b5-452e-97e5-09c645856191,1758302017730,burnaby.gis,1758302017730,burnaby.gis,1756425600000,POINT (-122.9200489102 49.2801262728)
1913,,THEFT FROM AUTO,BURNABY,BOUNDARY RD /NITHSDALE ST,31073bb4-8a87-47fb-a08f-944fd7f72225,1758302017730,burnaby.gis,1758302017730,burnaby.gis,1756425600000,POINT (-123.0235151328 49.2515232429)
1914,,THEFT FROM AUTO,BURNABY,BERESFORD ST /DOW AV,a2a72476-bc3f-41fc-a808-9035aaa6045f,1758302017730,burnaby.gis,1758302017730,burnaby.gis,1756512000000,POINT (-123.0006679009 49.2239697003)
1915,,BREAK & ENTER-BUSINESS,BURNABY,HASTINGS ST : 5500 - 5599 Block,0f6462a7-a155-49ae-9f45-1ed51fadd7ae,1758302017730,burnaby.gis,1758302017730,burnaby.gis,1756598400000,POINT (-122.9829935451 49.2803336585)
1916,,BREAK & ENTER-BUSINESS,BURNABY,GAGLARDI WY /UNIVERSITY DR,6c19293e-27cd-4e9e-92c6-fcd187e9be86,1758302017730,burnaby.gis,1758302017730,burnaby.gis,1756598400000,POINT (-122.9200489102 49.2801262728)
1917,,BREAK & ENTER-OTHER,BURNABY,DOUGLAS RD /SPRINGER AV,75e0cc82-cc02-478c-9ca2-f0339b2b0bf2,1758302017730,burnaby.gis,1758302017730,burnaby.gis,1749168000000,POINT (-122.9883384375 49.26327735)
1918,,THEFT FROM AUTO,BURNABY,KINGSWAY /ROYAL OAK AV,13c96f34-b2ea-4884-b2b0-b99336463c68,1758302017730,burnaby.gis,1758302017730,burnaby.gis,1749254400000,POINT (-122.9889144716 49.2249674473)
1919,,BREAK & ENTER-BUSINESS,BURNABY,HASTINGS ST : 4700 - 4799 Block,69343c2b-3fe3-42f3-8c67-cede4e203be6,1758302017730,burnaby.gis,1758302017730,burnaby.gis,1749254400000,POINT (-122.9960924013 49.2809956334)
1920,,THEFT OF AUTO,BURNABY,CAMBRIDGE ST /HYTHE AV N,ee10195c-2827-45f3-aacc-9a804c9ca560,1758302017730,burnaby.gis,1758302017730,burnaby.gis,1749254400000,POINT (-122.9903799775 49.2864070498)
1921,,THEFT FROM AUTO,BURNABY,18TH AV /7TH ST,4c2847e4-cf66-40f2-b855-371a0040a086,1758302017730,burnaby.gis,1758302017730,burnaby.gis,1749254400000,POINT (-122.9373551613 49.2240494078)
1922,,THEFT FROM AUTO,BURNABY,ANTRIM AV /IMPERIAL ST,60176b25-536d-4387-adc6-3e0157f94a15,1758302017730,burnaby.gis,1758302017730,burnaby.gis,1749340800000,POINT (-122.9849667704 49.2219064319)
1923,,BREAK & ENTER-BUSINESS,BURNABY,CARIBOO RD N /NICHOLS DR,50192cb1-3204-4820-985f-35998935afed,1758302017730,burnaby.gis,1758302017730,burnaby.gis,1749427200000,POINT (-122.9145490662 49.2884873049)
1924,,THEFT FROM AUTO,BURNABY,SERVICE ST : 6000 - 6299 Block,c7875595-a16a-4d4f-a8ce-e6a8fc92412b,1758302017730,burnaby.gis,1758302017730,burnaby.gis,1749340800000,POINT (-122.974172735 49.2286229723)
1925,,THEFT OF AUTO,BURNABY,MEADOW AV /TRAPP AV,17f84639-a64a-45b6-a366-884c3f74eec2,1758302017730,burnaby.gis,1758302017730,burnaby.gis,1749427200000,POINT (-122.9631322934 49.1926196349)
1926,,BREAK & ENTER-BUSINESS,BURNABY,ELLERSLIE AV /HASTINGS ST,6548d959-19b6-4ca8-82f3-6b7db6c1c4cc,1758302017730,burnaby.gis,1758302017730,burnaby.gis,1749513600000,POINT (-122.9614021762 49.2802064689)
1927,,BREAK & ENTER-BUSINESS,BURNABY,HASTINGS ST : 4300 - 4399 Block,c38dda17-b6c9-481a-b92c-b9bc7cbf0e1b,1758302017730,burnaby.gis,1758302017730,burnaby.gis,1749427200000,POINT (-123.0072760235 49.2810297282)
1928,,THEFT FROM AUTO,BURNABY,ELGIN AV : 6400 - 6699 Block,50778605-3d4c-4f0f-aee4-45f109c4f395,1758302017730,burnaby.gis,1758302017730,burnaby.gis,1749513600000,POINT (-122.9824284817 49.2245158479)
1929,,BREAK & ENTER-OTHER,BURNABY,VENABLES ST : 4200 - 4299 Block,c6900117-4d0b-4e10-b45f-b983f9c0fdb9,1758302017730,burnaby.gis,1758302017730,burnaby.gis,1749600000000,POINT (-123.0101111193 49.2765292698)
1930,,BREAK & ENTER-BUSINESS,BURNABY,SPERLING AV : 7100 - 7199 Block,5df0f41a-64ec-478d-97a3-37c755363a3f,1758302017730,burnaby.gis,1758302017730,burnaby.gis,1749686400000,POINT (-122.9647774157 49.2189003194)
1931,,THEFT FROM AUTO,BURNABY,KINGSWAY /WILLINGDON AV,81906d2c-7b54-4c8a-a061-1c179c7544da,1758302017730,burnaby.gis,1758302017730,burnaby.gis,1749772800000,POINT (-123.0048321208 49.2302021397)
1932,,THEFT FROM AUTO,BURNABY,KINGSWAY /ROYAL OAK AV,c6ed361d-fc6e-497e-9b32-484ac6b05cf7,1758302017730,burnaby.gis,1758302017730,burnaby.gis,1749772800000,POINT (-122.9889144716 49.2249674473)
1933,,THEFT FROM AUTO,BURNABY,KINGSWAY : 4800 - 4849 Block,d78c146a-a796-4149-ac31-c649336d92df,1758302017730,burnaby.gis,1758302017730,burnaby.gis,1749859200000,POINT (-122.995735521 49.2272131168)
1934,,BREAK & ENTER-OTHER,BURNABY,GLENLYON PY : 8700 - 8899 Block,30767e43-e457-4c27-9f6c-af21c8d60251,1758302017730,burnaby.gis,1758302017730,burnaby.gis,1749945600000,POINT (-123.0100423166 49.202640938)
1935,,THEFT OF AUTO,BURNABY,BOUNDARY RD /WELLINGTON AV,975a600a-db60-44f0-b33e-4b8bcc0691c2,1758302017730,burnaby.gis,1758302017730,burnaby.gis,1750032000000,POINT (-123.023575605 49.2373715868)
1936,,BREAK & ENTER-BUSINESS,BURNABY,CANADA WY /CENTURY PARK WY,60a5ec1d-d9c7-437c-8b46-b7d1e98d914f,1758302017730,burnaby.gis,1758302017730,burnaby.gis,1750118400000,POINT (-122.9698416098 49.2425536594)
1937,,THEFT FROM AUTO,BURNABY,IMPERIAL ST /ROYAL OAK AV,031cedd2-e50f-4e64-b3f4-3beb222c274c,1758302017730,burnaby.gis,1758302017730,burnaby.gis,1750118400000,POINT (-122.9887185279 49.2219415876)
1938,,THEFT FROM AUTO,BURNABY,NORTHLAWN DR : 4600 - 4699 Block,8de496fc-a63e-4234-9f59-f5bbaa299839,1758302017730,burnaby.gis,1758302017730,burnaby.gis,1750118400000,POINT (-122.9973328502 49.2722402986)
1939,,BREAK & ENTER-RESIDENCE,BURNABY,IMPERIAL ST : 7423 - 7452 Block,9f158fce-ac7d-4f92-af75-61c630c0f5cd,1758302017730,burnaby.gis,1758302017730,burnaby.gis,1750204800000,POINT (-122.9536993069 49.2257961251)
1940,,BREAK & ENTER-BUSINESS,BURNABY,CAMERON ST /NOEL DR,af6713fe-b433-4818-8a20-21b6c40dc075,1758302017730,burnaby.gis,1758302017730,burnaby.gis,1750291200000,POINT (-122.9045883431 49.2534764438)
1941,,THEFT FROM AUTO,BURNABY,IMPERIAL ST /MACPHERSON AV,b3dbc44c-a96d-4c2b-9aaa-6f7b694bb1ff,1758302017730,burnaby.gis,1758302017730,burnaby.gis,1750291200000,POINT (-122.983071172 49.2219264503)
1942,,THEFT FROM AUTO,BURNABY,MARTIN ST /PRITCHARD AV,012b97e0-335b-45fc-b068-e88e4cb1d93f,1758302017730,burnaby.gis,1758302017730,burnaby.gis,1750291200000,POINT (-122.8984107584 49.2578971237)
1943,,THEFT FROM AUTO,BURNABY,INGLETON AV /PENDER ST,b880d248-c21e-4cae-b8fd-385938ba2e54,1758302017730,burnaby.gis,1758302017730,burnaby.gis,1750464000000,POINT (-123.0186417386 49.280205185)
1944,,THEFT FROM AUTO,BURNABY,RAMP RA /TRANS CANADA HY,eb698b8b-75f9-4fad-bef9-d6e29cc30c8c,1758302017730,burnaby.gis,1758302017730,burnaby.gis,1750464000000,POINT (-122.9115363398 49.2446924686)
1945,,THEFT FROM AUTO,BURNABY,GRANGE ST /WILSON AV,a651dff7-3bc0-4ed9-8bdb-1d2d1907632d,1758302017730,burnaby.gis,1758302017730,burnaby.gis,1750464000000,POINT (-123.0067375449 49.2323500822)
1946,,THEFT FROM AUTO,BURNABY,LOUGHEED HY : 4100 - 4299 Block,0575069c-2198-4da4-a9a4-3003468310b7,1758302017730,burnaby.gis,1758302017730,burnaby.gis,1750464000000,POINT (-123.0115123977 49.2662867556)
1947,,THEFT OF AUTO,BURNABY,ALBERT ST /WILLINGDON AV,4abee900-e4f4-4b7c-ad5d-4b26d26f10f7,1758302017730,burnaby.gis,1758302017730,burnaby.gis,1750636800000,POINT (-123.0031033471 49.2818991495)
1948,,THEFT FROM AUTO,BURNABY,JORDAN DR : 2100 - 2299 Block,bac23047-4e42-48b5-8099-5d60d880f35b,1758302017730,burnaby.gis,1758302017730,burnaby.gis,1750636800000,POINT (-122.9671068229 49.2640669578)
1949,,BREAK & ENTER-BUSINESS,BURNABY,ROYAL OAK AV : 6800 - 6967 Block,f92fcdc2-6be7-451a-a000-3e24978468e2,1758302017730,burnaby.gis,1758302017730,burnaby.gis,1750723200000,POINT (-122.9886687111 49.2209309607)
1950,,THEFT FROM AUTO,BURNABY,SMITH AV : 5600 - 5799 Block,8450040f-dd19-4cd9-aa42-0e661570a56b,1758302017730,burnaby.gis,1758302017730,burnaby.gis,1750636800000,POINT (-123.0199256258 49.2333107218)
1951,,BREAK & ENTER-BUSINESS,BURNABY,DAISY AV /SIDLEY ST,120152e4-4eda-4e59-8b43-a73576f3405c,1758302017730,burnaby.gis,1758302017730,burnaby.gis,1750896000000,POINT (-122.9794422366 49.2171680559)
1952,,THEFT FROM AUTO,BURNABY,LOUGHEED HY : 4100 - 4299 Block,a98edcfc-a5d9-47c9-bc5c-c1d2a6050139,1758302017730,burnaby.gis,1758302017730,burnaby.gis,1750896000000,POINT (-123.0115123977 49.2662867556)
1953,,THEFT OF AUTO,BURNABY,MARINE WY : 6400 - 6499 Block,6d6b3548-498c-4d6c-9c4e-29e3d6306a03,1758302017730,burnaby.gis,1758302017730,burnaby.gis,1750982400000,POINT (-122.9550537208 49.1964997915)
1954,,THEFT OF AUTO,BURNABY,DARNLEY ST : 6200 - 6399 Block,e06df8dc-0dbe-4d40-92b5-3af4ff605afe,1758302017730,burnaby.gis,1758302017730,burnaby.gis,1751068800000,POINT (-122.9728623961 49.2552329356)
1955,,BREAK & ENTER-BUSINESS,BURNABY,CONRAD ST : 7500 - 7599 Block,ffb5cfba-81ba-417a-a525-b7dbf58c0013,1758302017730,burnaby.gis,1758302017730,burnaby.gis,1751155200000,POINT (-122.9434495787 49.24609644)
1956,,BREAK & ENTER-BUSINESS,BURNABY,MAYWOOD ST /WILLINGDON AV,fca463ba-4d09-4913-a9c6-d0167cfb36ae,1758302017730,burnaby.gis,1758302017730,burnaby.gis,1751241600000,POINT (-123.0108297139 49.2245895288)
1957,,BREAK & ENTER-OTHER,BURNABY,GAGLARDI WY /UNIVERSITY DR,bebc95f3-6948-4a53-8660-12f9ad6851fa,1758302017730,burnaby.gis,1758302017730,burnaby.gis,1751241600000,POINT (-122.9200489102 49.2801262728)
1958,,BREAK & ENTER-BUSINESS,BURNABY,EVERGREEN PL :  -  Block,58d5806a-8e27-46f6-ab81-5dfe2c0f3aca,1758302017730,burnaby.gis,1758302017730,burnaby.gis,1751328000000,POINT (-122.8934055902 49.2498620332)
1959,,THEFT FROM AUTO,BURNABY,MADISON AV /NAPIER ST,ed400a08-5542-4c29-8018-ad18bbcadd89,1758302017730,burnaby.gis,1758302017730,burnaby.gis,1751414400000,POINT (-123.0087491267 49.2747254644)
1960,,THEFT FROM AUTO,BURNABY,10TH AV /MARINE DR,9f6dca4f-d213-49e6-ba4b-86370ae32342,1758302017730,burnaby.gis,1758302017730,burnaby.gis,1751500800000,POINT (-122.9605499397 49.2011497215)
1961,,THEFT FROM AUTO,BURNABY,HOWARD AV : 700 - 799 Block,20e98712-ed11-4558-9f2c-4f659022dab8,1758302017730,burnaby.gis,1758302017730,burnaby.gis,1751414400000,POINT (-122.9837147311 49.2777573888)
1962,,THEFT FROM AUTO,BURNABY,HORNE ST : 8800 - 9029 Block,cdda8fcf-ace0-47c8-89f9-5a66f98c7b43,1758302017730,burnaby.gis,1758302017730,burnaby.gis,1751500800000,POINT (-122.9064836349 49.2497773678)
1963,,THEFT FROM AUTO,BURNABY,KINGSWAY : 4700 - 4749 Block,1cf01d70-4e07-49f9-8ff2-3ccf6b23ac41,1758302017730,burnaby.gis,1758302017730,burnaby.gis,1751587200000,POINT (-122.9985077324 49.2281264308)
1964,,THEFT FROM AUTO,BURNABY,HIGHLAWN DR : 4600 - 4699 Block,61db0d2f-957c-4a50-aa6b-93d926678f9b,1758302017730,burnaby.gis,1758302017730,burnaby.gis,1751587200000,POINT (-122.9978988703 49.2700891695)
1965,,THEFT FROM AUTO,BURNABY,HIGHLAWN DR : 4600 - 4699 Block,b6094af8-3e81-4bad-97cb-4396412655d5,1758302017730,burnaby.gis,1758302017730,burnaby.gis,1751587200000,POINT (-122.9978988703 49.2700891695)
1966,,THEFT FROM AUTO,BURNABY,HASTINGS ST : 4500 - 4599 Block,8e0828ad-bb90-4c05-842f-83d7b96c74f7,1758302017730,burnaby.gis,1758302017730,burnaby.gis,1751846400000,POINT (-123.0016820774 49.2810124313)
1967,,THEFT FROM AUTO,BURNABY,18TH AV /7TH ST,84cb9743-364f-4676-897f-be53600dc95e,1758302017730,burnaby.gis,1758302017730,burnaby.gis,1751846400000,POINT (-122.9373551613 49.2240494078)
1968,,THEFT FROM AUTO,BURNABY,MAPLEHURST CI /WOODBROOK PL,798a5a06-89a5-4bd8-84aa-7642f90be9ee,1758302017730,burnaby.gis,1758302017730,burnaby.gis,1751846400000,POINT (-122.9482255705 49.2691808749)
1969,,THEFT FROM AUTO,BURNABY,IMPERIAL ST /SELLERS AV,9a2c07a7-036e-46b0-a7e1-6978629a08ee,1758302017730,burnaby.gis,1758302017730,burnaby.gis,1751760000000,POINT (-122.9816386255 49.2219225056)
1970,,THEFT OF AUTO,BURNABY,SANDERS ST : 4900 - 5059 Block,9c397b44-a24b-49ef-ae24-6089db50e52d,1758302017730,burnaby.gis,1758302017730,burnaby.gis,1751846400000,POINT (-122.9928876875 49.2279217444)
1971,,THEFT FROM AUTO,BURNABY,GEORGIA ST /WILLINGDON AV,ad5968c3-73cf-4060-84c7-c9fb642066cc,1758302017730,burnaby.gis,1758302017730,burnaby.gis,1751846400000,POINT (-123.0031675759 49.2782840661)
1972,,THEFT OF AUTO,BURNABY,DUNDAS ST /WILLINGDON AV N,a6fa00ff-9347-4d03-bb4e-2b324c7e6cfb,1758302017730,burnaby.gis,1758302017730,burnaby.gis,1751932800000,POINT (-123.0030480298 49.2846118073)
1973,,THEFT FROM AUTO,BURNABY,BRAELAWN DR /EOR - END OF ROAD,2be1c398-1a9c-49de-a2fd-320b25f7ab70,1758302017730,burnaby.gis,1758302017730,burnaby.gis,1752019200000,POINT (-122.986559643 49.2699046813)
1974,,BREAK & ENTER-OTHER,BURNABY,KEMP ST /WILSON AV,38a24c1a-39e9-443f-b803-2ac654d04478,1758302017730,burnaby.gis,1758302017730,burnaby.gis,1752105600000,POINT (-123.008529326 49.2305035309)
1975,,BREAK & ENTER-BUSINESS,BURNABY,CENTRAL BV /PATTERSON AV,b74a933c-0f16-432f-9db1-4b6367e5dc9b,1758302017730,burnaby.gis,1758302017730,burnaby.gis,1752105600000,POINT (-123.0126447256 49.2299050766)
1976,,BREAK & ENTER-BUSINESS,BURNABY,DEER LAKE PY /WILLINGDON AV,e00c7e37-38ee-4c2f-8d52-02420bc02d2b,1758302017730,burnaby.gis,1758302017730,burnaby.gis,1745971200000,POINT (-123.0033541325 49.2429313063)
1977,,THEFT FROM AUTO,BURNABY,6TH ST : 7800 - 7839 Block,a2ba4900-aaa8-4290-9f3a-14d76afa60e9,1758302017730,burnaby.gis,1758302017730,burnaby.gis,1752364800000,POINT (-122.9290510506 49.2201182862)
1978,,THEFT FROM AUTO,BURNABY,GAGLARDI WY /UNIVERSITY DR,24a4873e-dc03-4766-8c10-ad5837eb6941,1758302017730,burnaby.gis,1758302017730,burnaby.gis,1752451200000,POINT (-122.9200489102 49.2801262728)
1979,,THEFT FROM AUTO,BURNABY,VENABLES ST : 4200 - 4299 Block,3248cfdd-30d3-41b4-bf86-6bfdd000129b,1758302017730,burnaby.gis,1758302017730,burnaby.gis,1752451200000,POINT (-123.0101111193 49.2765292698)
1980,,BREAK & ENTER-BUSINESS,BURNABY,EASTLAKE DR /UNDERHILL AV,d28b9bad-c03f-49dc-b149-d9cca1a7c4d8,1758302017730,burnaby.gis,1758302017730,burnaby.gis,1752451200000,POINT (-122.927680041 49.2578003243)
1981,,BREAK & ENTER-RESIDENCE,BURNABY,LEALAND CT /WESTLAKE ST,ebbe7862-f07d-417e-b42f-48d0defd3928,1758302017730,burnaby.gis,1758302017730,burnaby.gis,1752451200000,POINT (-122.9304905188 49.2529738242)
1982,,THEFT FROM AUTO,BURNABY,GILMORE AV N /TRINITY ST,ce68c9e7-e2fd-42c1-826c-39667cc28a0b,1758302017730,burnaby.gis,1758302017730,burnaby.gis,1752624000000,POINT (-123.0139944964 49.2892089842)
1983,,BREAK & ENTER-BUSINESS,BURNABY,PHILLIPS AV /WINSTON ST,6c07fbdf-f8d0-42c1-ba11-2712b28509ba,1758302017730,burnaby.gis,1758302017730,burnaby.gis,1752624000000,POINT (-122.9487746469 49.2497051856)
1984,,THEFT FROM AUTO,BURNABY,KINGSWAY : 6200 - 6299 Block,2a13ef5a-d958-4635-a64e-bc990f5da74a,1758302017730,burnaby.gis,1758302017730,burnaby.gis,1752796800000,POINT (-122.9727477664 49.220091259)
1985,,BREAK & ENTER-OTHER,BURNABY,HALIFAX ST /WILLINGDON AV,46dd0d4f-f01b-45b0-92c1-8fdaf9316ee3,1758302017730,burnaby.gis,1758302017730,burnaby.gis,1752796800000,POINT (-123.003233114 49.268026613)
1986,,THEFT FROM AUTO,BURNABY,KINGSWAY /SUSSEX AV,2baa12b0-1fe0-4c15-849c-069cdaec50ec,1758302017730,burnaby.gis,1758302017730,burnaby.gis,1752796800000,POINT (-122.9993183432 49.2283922605)
1987,,THEFT FROM AUTO,BURNABY,BERESFORD ST /TELFORD AV,7c094884-0dba-4ef4-80be-43a33451e42d,1758302017730,burnaby.gis,1758302017730,burnaby.gis,1752883200000,POINT (-123.0033828853 49.2252182565)
1988,,BREAK & ENTER-OTHER,BURNABY,NORTHLAWN DR : 4700 - 4899 Block,cbfa1139-16b7-4773-a53a-9017f268d6c4,1758302017730,burnaby.gis,1758302017730,burnaby.gis,1752883200000,POINT (-122.9940071798 49.2728224151)
1989,,BREAK & ENTER-BUSINESS,BURNABY,CANADA WY : 4300 - 4499 Block,88baaa07-3a86-4472-8dd6-b8295d58bc5d,1758302017730,burnaby.gis,1758302017730,burnaby.gis,1753056000000,POINT (-123.0062882432 49.2546167579)
1990,,BREAK & ENTER-RESIDENCE,BURNABY,GABLE DR : 3400 - 3500 Block,303d4a04-a265-4b1f-8c8a-f63add4c250b,1758302017730,burnaby.gis,1758302017730,burnaby.gis,1753056000000,POINT (-123.0143886699 49.2526343181)
1991,,BREAK & ENTER-BUSINESS,BURNABY,CARLETON AV /HASTINGS ST,d8b8ae18-4a02-4b3e-9344-b59022fdcfd0,1758302017730,burnaby.gis,1758302017730,burnaby.gis,1753142400000,POINT (-123.0114172545 49.281042017)
1992,,THEFT FROM AUTO,BURNABY,ROYAL OAK AV /SPROTT ST,74c8af0d-1138-4905-80cd-c47aab8bab06,1758302017730,burnaby.gis,1758302017730,burnaby.gis,1753228800000,POINT (-122.9890597883 49.2500206192)
1993,,THEFT OF AUTO,BURNABY,GILPIN CR /PATTERSON AV,cc4215bf-6965-4198-bf4c-fd73d0777303,1758302017730,burnaby.gis,1758302017730,burnaby.gis,1753315200000,POINT (-123.0134895748 49.2412747368)
1994,,BREAK & ENTER-RESIDENCE,BURNABY,SPERLING AV /WALKER AV,1172c1d5-994d-425f-ad0b-75872c87e600,1758302017730,burnaby.gis,1758302017730,burnaby.gis,1753228800000,POINT (-122.9647492414 49.2299837119)
1995,,BREAK & ENTER-BUSINESS,BURNABY,GILMORE AV : 2000 - 2299 Block,4b752d41-e26f-49f3-af73-b1686d3aecba,1758302017730,burnaby.gis,1758302017730,burnaby.gis,1753660800000,POINT (-123.0142710711 49.2653169457)
1996,,THEFT FROM AUTO,BURNABY,HASTINGS ST /ROSSER AV,81c93b8f-4e15-4660-b8e1-4a8fc3c6f5d6,1758302017730,burnaby.gis,1758302017730,burnaby.gis,1752796800000,POINT (-123.0058987345 49.2810254614)
1997,,THEFT FROM AUTO,BURNABY,HASTINGS ST /SPRINGER AV,8547d16b-2a06-469c-be5e-7f9843a368d5,1758302017730,burnaby.gis,1758302017730,burnaby.gis,1753747200000,POINT (-122.98780574 49.2803501938)
1998,,THEFT FROM AUTO,BURNABY,VENABLES ST : 4200 - 4299 Block,660970c0-0d77-4191-9ef8-fadfbb9c9597,1758302017730,burnaby.gis,1758302017730,burnaby.gis,1753747200000,POINT (-123.0101111193 49.2765292698)
1999,,BREAK & ENTER-RESIDENCE,BURNABY,GOVERNMENT ST /HORNE ST,9112d0c1-f6fa-47e4-b3ca-73bbfbb8938b,1758302017730,burnaby.gis,1758302017730,burnaby.gis,1745884800000,POINT (-122.9076938438 49.2490379681)
2000,,THEFT FROM AUTO,BURNABY,WHITSELL AV : 1200 - 1399 Block,5d2ea383-68ef-4fe0-a5fa-46f7cf5cf225,1758302017730,burnaby.gis,1758302017730,burnaby.gis,1753920000000,POINT (-123.0046038315 49.2728749543)
2001,,BREAK & ENTER-RESIDENCE,BURNABY,GILMORE AV /HALIFAX ST,c16d7705-afbc-4cd1-99e8-0b5ef1842a34,1758302017730,burnaby.gis,1758302017730,burnaby.gis,1753920000000,POINT (-123.0142676896 49.2680260882)
2002,,THEFT FROM AUTO,BURNABY,CARLETON AV /FRANCES ST,52e158bf-7ae3-4af4-98a8-cfa332370f6a,1758302017730,burnaby.gis,1758302017730,burnaby.gis,1754006400000,POINT (-123.0114474486 49.2792660084)
2003,,THEFT FROM AUTO,BURNABY,HENNING DR : 3700 - 3999 Block,41bd9619-e5f9-4735-9dba-12c82870d839,1758302017730,burnaby.gis,1758302017730,burnaby.gis,1754006400000,POINT (-123.0187952592 49.2639336315)
2004,,THEFT FROM AUTO,BURNABY,IMPERIAL ST : 5600 - 5679 Block,9990fa24-6328-48d6-b3fe-8be29fa2c323,1758302017730,burnaby.gis,1758302017730,burnaby.gis,1754092800000,POINT (-122.9823548988 49.2219244784)
2005,,THEFT FROM AUTO,BURNABY,CENTRAL BV /PATTERSON AV,6e96b62a-fec8-4697-ba44-311850297022,1758302017730,burnaby.gis,1758302017730,burnaby.gis,1754092800000,POINT (-123.0126447256 49.2299050766)
2006,,THEFT FROM AUTO,BURNABY,KINGSWAY /ROYAL OAK AV,9e37738a-8677-4a66-a8b9-44307ee797a6,1758302017730,burnaby.gis,1758302017730,burnaby.gis,1754092800000,POINT (-122.9889144716 49.2249674473)
2007,,THEFT FROM AUTO,BURNABY,MAYWOOD ST : 4340 - 4369 Block,ac2b4d3a-dd34-49e9-9a62-37a97575c76e,1758302017730,burnaby.gis,1758302017730,burnaby.gis,1754092800000,POINT (-123.0069769344 49.2228231831)
2008,,THEFT FROM AUTO,BURNABY,FRANCES ST : 5200 - 5499 Block,065a8659-d5a3-4d4f-98ed-833804910c23,1758302017730,burnaby.gis,1758302017730,burnaby.gis,1754092800000,POINT (-122.9857576497 49.2791240707)
2009,,THEFT FROM AUTO,BURNABY,MADISON AV /PANDORA ST,38df4b85-d5c8-4b5f-a524-796749e2c0e2,1758302017730,burnaby.gis,1758302017730,burnaby.gis,1754179200000,POINT (-123.0086185246 49.282844332)
2010,,BREAK & ENTER-BUSINESS,BURNABY,RIVERBEND DR /WIGGINS ST,a590939e-dc5f-4123-932b-455476b61e1b,1758302017730,burnaby.gis,1758302017730,burnaby.gis,1754179200000,POINT (-122.9719837879 49.1882065775)
2011,,THEFT FROM AUTO,BURNABY,KINGSWAY : 4750 - 4799 Block,e0745aab-7141-4c7f-92a9-2eb9523412e6,1758302017730,burnaby.gis,1758302017730,burnaby.gis,1754092800000,POINT (-122.9970398555 49.2276422243)
2012,,BREAK & ENTER-BUSINESS,BURNABY,BAINBRIDGE AV /LOUGHEED HY,b102a3c7-4ab9-4a6f-8581-0ec1db6f3887,1758302017730,burnaby.gis,1758302017730,burnaby.gis,1754179200000,POINT (-122.9559637074 49.2586657732)
2013,,THEFT OF AUTO,BURNABY,GOVERNMENT RD : 7900 - 7999 Block,7e7b38a3-aa80-45a5-96a7-5a2b7e2a1096,1758302017730,burnaby.gis,1758302017730,burnaby.gis,1754179200000,POINT (-122.933516317 49.2508873823)
2014,,BREAK & ENTER-OTHER,BURNABY,CAMERON ST : 9300 - 9599 Block,38a4177d-49e7-49ad-82a7-dc05a333cfb3,1758302017730,burnaby.gis,1758302017730,burnaby.gis,1754092800000,POINT (-122.900515397 49.2534638804)
2015,,THEFT FROM AUTO,BURNABY,KINGSWAY : 4750 - 4799 Block,ae27717e-2806-4640-9f1f-a0c11513ef4d,1758302017730,burnaby.gis,1758302017730,burnaby.gis,1754265600000,POINT (-122.9970398555 49.2276422243)
2016,,BREAK & ENTER-BUSINESS,BURNABY,HASTINGS ST : 5200 - 5499 Block,04761f53-7408-4aed-ac8f-181d34c7be8a,1758302017730,burnaby.gis,1758302017730,burnaby.gis,1754265600000,POINT (-122.9857449819 49.28034389)
2017,,THEFT FROM AUTO,BURNABY,ADAIR ST : 6800 - 6899 Block,a494920f-63f3-419e-bc87-8427946cfcf7,1758302017730,burnaby.gis,1758302017730,burnaby.gis,1754265600000,POINT (-122.9618863219 49.2643596855)
2018,,BREAK & ENTER-OTHER,BURNABY,JUBILEE AV /WATLING ST,a01e12fe-8e43-4b41-9b08-5e289e3d7e3f,1758302017730,burnaby.gis,1758302017730,burnaby.gis,1754179200000,POINT (-122.9958068596 49.216637846)
2019,,THEFT FROM AUTO,BURNABY,12TH AV /COQUITLAM ST,01d0d377-fd45-45c8-9607-e22af122d8e9,1758302017730,burnaby.gis,1758302017730,burnaby.gis,1754352000000,POINT (-122.9109403419 49.2305076637)
2020,,THEFT FROM AUTO,BURNABY,BYRNE RD : 5610 - 5899 Block,6107dc18-4072-49b2-b8ce-453fe80eab57,1758302017730,burnaby.gis,1758302017730,burnaby.gis,1754352000000,POINT (-122.9796221486 49.2032760459)
2021,,THEFT FROM AUTO,BURNABY,KILREA CR /KILREA PL,5e321d3d-0b30-4b11-8795-809c525bd5cf,1758302017730,burnaby.gis,1758302017730,burnaby.gis,1754438400000,POINT (-122.944369896 49.2592131413)
2022,,THEFT OF AUTO,BURNABY,KENSINGTON AV /KITCHENER ST,595d85fe-4c21-4a7c-a3c4-c22253ea3ebe,1758302017730,burnaby.gis,1758302017730,burnaby.gis,1754438400000,POINT (-122.9700966989 49.2716018846)
2023,,THEFT FROM AUTO,BURNABY,DUNDAS ST /GROSVENOR AV N,224495d5-4c11-46aa-80c0-719cc0bb68d3,1758302017730,burnaby.gis,1758302017730,burnaby.gis,1754524800000,POINT (-122.9849580033 49.284412338)
2024,,THEFT FROM AUTO,BURNABY,CARSON ST /ROYAL OAK AV,53e232fc-99b5-4b77-abba-43f923eaa627,1758302017730,burnaby.gis,1758302017730,burnaby.gis,1754524800000,POINT (-122.9884747205 49.2094217037)
2025,,BREAK & ENTER-RESIDENCE,BURNABY,GANYMEDE PL : 8900 - 9000 Block,dce56f3f-bcdd-4555-a5a4-9254c39a23f1,1758302017730,burnaby.gis,1758302017730,burnaby.gis,1754611200000,POINT (-122.9083525299 49.2535741886)
2026,,BREAK & ENTER-BUSINESS,BURNABY,18TH AV /18TH ST,0dd7b156-1dd3-477c-9f16-4c8099cf63a7,1758302017730,burnaby.gis,1758302017730,burnaby.gis,1754524800000,POINT (-122.9558773631 49.2142450007)
2027,,THEFT FROM AUTO,BURNABY,MARKET XG : 7200 - 7399 Block,84e4bb70-7920-4a1d-ac95-b52eb09ade11,1758302017730,burnaby.gis,1758302017730,burnaby.gis,1754611200000,POINT (-122.9825966684 49.1996898364)
2028,,THEFT FROM AUTO,BURNABY,GRANGE ST /WILSON AV,6762bb80-dce2-482c-8c62-331ffd74826f,1758302017730,burnaby.gis,1758302017730,burnaby.gis,1754611200000,POINT (-123.0067375449 49.2323500822)
2029,,THEFT FROM AUTO,BURNABY,AUGUSTA AV : 1440 - 1699 Block,ab335c2f-42da-4cc5-98a4-75e9cf04ca7f,1758302017730,burnaby.gis,1758302017730,burnaby.gis,1754697600000,POINT (-122.9507667206 49.2696409197)
2030,,THEFT FROM AUTO,BURNABY,IMPERIAL ST /MERRITT AV,b9555f7e-c0b1-4b44-956f-bed902c927a6,1758302017730,burnaby.gis,1758302017730,burnaby.gis,1754611200000,POINT (-122.9802264841 49.2219185466)
2031,,THEFT FROM AUTO,BURNABY,COMMERCE CT /EOR - END OF ROAD,f7461059-278e-4d4b-ab5a-888fe0094ed7,1758302017730,burnaby.gis,1758302017730,burnaby.gis,1754697600000,POINT (-122.9150813175 49.254381419)
2032,,BREAK & ENTER-RESIDENCE,BURNABY,GLYNDE AV : 1 - 199 Block,6ac82167-1fdf-4a90-ae52-61f97bfea30c,1758302017730,burnaby.gis,1758302017730,burnaby.gis,1754784000000,POINT (-122.9891290322 49.2835492346)
2033,,THEFT FROM AUTO,BURNABY,SPRINGER AV : 1 - 199 Block,33ccfad6-55d2-44cc-acf3-1c91c341ecdb,1758302017730,burnaby.gis,1758302017730,burnaby.gis,1754870400000,POINT (-122.9877549264 49.2835336871)
2034,,THEFT FROM AUTO,BURNABY,PARKWOOD AV /PARKWOOD CR,230c399c-f7a3-44a0-8171-675da852b757,1758302017730,burnaby.gis,1758302017730,burnaby.gis,1754956800000,POINT (-123.010676694 49.2417570606)
2035,,THEFT FROM AUTO,BURNABY,PIPER AV /WINSTON ST,2f64badf-b125-41f3-ad87-16a871f3ca14,1758302017730,burnaby.gis,1758302017730,burnaby.gis,1754956800000,POINT (-122.9353633032 49.2482473006)
2036,,THEFT FROM AUTO,BURNABY,LOUGHEED HY : 4100 - 4299 Block,fa99ab7a-7007-411e-83e7-f0e4c839d9be,1758302017730,burnaby.gis,1758302017730,burnaby.gis,1754956800000,POINT (-123.0115123977 49.2662867556)
2037,,BREAK & ENTER-BUSINESS,BURNABY,GAGLARDI WY /UNIVERSITY DR,8dd29fc6-3db3-47b8-8798-620deeffc014,1758302017730,burnaby.gis,1758302017730,burnaby.gis,1752710400000,POINT (-122.9200489102 49.2801262728)
2038,,BREAK & ENTER-BUSINESS,BURNABY,UNIVERSITY DR E : -1 - 0 Block,c8fe75a5-4d25-4c22-879d-f03516d0bd3c,1758302017730,burnaby.gis,1758302017730,burnaby.gis,1754956800000,POINT (-122.9043925885 49.280104395)
2039,,BREAK & ENTER-BUSINESS,BURNABY,NORTH FRASER WY : 7700 - 8199 Block,18fa108e-bb36-4500-ab12-2d6e6beb5efb,1758302017730,burnaby.gis,1758302017730,burnaby.gis,1754956800000,POINT (-122.9819143085 49.1888616945)
2040,,THEFT FROM AUTO,BURNABY,KINGSWAY /SUSSEX AV,dc40e785-e129-4b2f-9da8-c012139ca841,1758302017730,burnaby.gis,1758302017730,burnaby.gis,1755043200000,POINT (-122.9993183432 49.2283922605)
2041,,BREAK & ENTER-RESIDENCE,BURNABY,ASH GROVE CR /FOREST GROVE DR,3bd943ed-08ba-4093-ad85-3f9a5a635f34,1758302017730,burnaby.gis,1758302017730,burnaby.gis,1755129600000,POINT (-122.9030587909 49.2647751771)
2042,,THEFT FROM AUTO,BURNABY,BOUNDARY RD /WARREN ST,997521fb-b47f-4740-90a3-91f5b2e08741,1758302017730,burnaby.gis,1758302017730,burnaby.gis,1755043200000,POINT (-123.0235748508 49.2420601519)
2043,,THEFT FROM AUTO,BURNABY,BARKER AV /SPRUCE ST,b614fb6f-96d9-4e0d-be14-edb95a4f11cc,1758302017730,burnaby.gis,1758302017730,burnaby.gis,1755043200000,POINT (-123.011105384 49.2466411405)
2044,,THEFT FROM AUTO,BURNABY,SHELLMONT ST /UNDERHILL AV,c7480134-b715-4bed-bd67-b133ed46e9a4,1758302017730,burnaby.gis,1758302017730,burnaby.gis,1755216000000,POINT (-122.9275107109 49.2662406023)
2045,,THEFT FROM AUTO,BURNABY,KINGSWAY /SUSSEX AV,a126a038-3e09-40f7-86a7-b605e4b7d33f,1758302017730,burnaby.gis,1758302017730,burnaby.gis,1755216000000,POINT (-122.9993183432 49.2283922605)
2046,,THEFT FROM AUTO,BURNABY,DOMINION ST : 3800 - 3999 Block,70ba30e0-279e-408a-8c42-db81217fb588,1758302017730,burnaby.gis,1758302017730,burnaby.gis,1755216000000,POINT (-123.0188405504 49.2563649392)
2047,,THEFT FROM AUTO,BURNABY,11TH AV : 7400 - 7899 Block,2a8292bf-81fb-417e-918a-b671341daf01,1758302017730,burnaby.gis,1758302017730,burnaby.gis,1755302400000,POINT (-122.9305249857 49.2186790439)
2048,,THEFT FROM AUTO,BURNABY,CONWAY AV : 7400 - 7599 Block,0b945f12-cde9-4694-9ee5-764a2f77fb34,1758302017730,burnaby.gis,1758302017730,burnaby.gis,1755302400000,POINT (-122.9686204688 49.2160124901)
2049,,THEFT FROM AUTO,BURNABY,BUCHANAN ST /WILLINGDON AV,f2a2c99c-7b96-42c1-9d62-403093a5ea21,1758302017730,burnaby.gis,1758302017730,burnaby.gis,1755216000000,POINT (-123.0032325194 49.2674362978)
2050,,THEFT FROM AUTO,BURNABY,GILLEY AV : 7300 - 7599 Block,e2a17545-aba0-4aa6-8225-8470988baa75,1758302017730,burnaby.gis,1758302017730,burnaby.gis,1755302400000,POINT (-122.9720258033 49.2159062621)
2051,,THEFT FROM AUTO,BURNABY,KINGSWAY /ROYAL OAK AV,e3397f34-4fe6-4c68-911e-0804d4701093,1758302017730,burnaby.gis,1758302017730,burnaby.gis,1755302400000,POINT (-122.9889144716 49.2249674473)
2052,,THEFT FROM AUTO,BURNABY,MCKAY AV : 6000 - 6179 Block,ad15b0cd-8362-4a84-b5ec-48f27021975e,1758302017730,burnaby.gis,1758302017730,burnaby.gis,1755388800000,POINT (-123.0036750259 49.2287548566)
2053,,BREAK & ENTER-RESIDENCE,BURNABY,BOUNDARY RD N : 454 - 512 Block,40e9b79e-2082-4650-97db-f732debb39ee,1758302017730,burnaby.gis,1758302017730,burnaby.gis,1755388800000,POINT (-123.0232262489 49.2894877827)
2054,,THEFT FROM AUTO,BURNABY,FRANCES ST /MADISON AV,326f82d5-43da-488f-ab74-dd64aa3103a4,1758302017730,burnaby.gis,1758302017730,burnaby.gis,1755475200000,POINT (-123.0086839072 49.2792292321)
2055,,THEFT FROM AUTO,BURNABY,KINGSWAY : 4700 - 4749 Block,0762e76d-66fb-48fa-b02b-8961c9fc4049,1758302017730,burnaby.gis,1758302017730,burnaby.gis,1755475200000,POINT (-122.9985077324 49.2281264308)
2056,,BREAK & ENTER-BUSINESS,BURNABY,COMMERCE CT /PRODUCTION WY,6f9f7320-af1a-4358-a520-3d936e601a25,1758302017730,burnaby.gis,1758302017730,burnaby.gis,1755475200000,POINT (-122.9177719146 49.255436358)
2057,,THEFT FROM AUTO,BURNABY,STILL CREEK AV : 4900 - 5999 Block,45780a40-1efd-4149-a9cf-7bf05d91d9c3,1758302017730,burnaby.gis,1758302017730,burnaby.gis,1755561600000,POINT (-122.9889793609 49.2608118812)
2058,,THEFT FROM AUTO,BURNABY,VENABLES ST : 4500 - 4599 Block,4c5069ce-b4b5-46f7-9d59-d661a0077bb0,1758302017730,burnaby.gis,1758302017730,burnaby.gis,1755561600000,POINT (-123.0017507053 49.2764706353)
2059,,BREAK & ENTER-BUSINESS,BURNABY,DOUGLAS RD : 2400 - 2499 Block,0310f13b-9511-4b53-8da3-05b51c4e9433,1758302017730,burnaby.gis,1758302017730,burnaby.gis,1755648000000,POINT (-122.98629437 49.2624918958)
2060,,THEFT FROM AUTO,BURNABY,IMPERIAL ST : 5300 - 5499 Block,05bc2e2a-c798-4956-b90e-ee7fcc4e3d52,1758302017730,burnaby.gis,1758302017730,burnaby.gis,1755648000000,POINT (-122.9860150311 49.2219077391)
2061,,THEFT FROM AUTO,BURNABY,CAMBRIDGE ST /INGLETON AV N,42548e9d-e0c0-4fcd-a44d-c59edb1aa4a5,1758302017730,burnaby.gis,1758302017730,burnaby.gis,1755734400000,POINT (-123.0185345729 49.2865306492)
2062,,BREAK & ENTER-RESIDENCE,BURNABY,IRMIN ST : 4900 - 5199 Block,3f2930cf-0b0f-4e2e-b340-0c4f771b4fe6,1758302017730,burnaby.gis,1758302017730,burnaby.gis,1755734400000,POINT (-122.9916163724 49.2155653255)
2063,,BREAK & ENTER-BUSINESS,BURNABY,BERESFORD ST : 4400 - 4429 Block,fdc5ec5e-4074-4e87-bb63-aadca95b25b4,1758302017730,burnaby.gis,1758302017730,burnaby.gis,1755820800000,POINT (-123.004269328 49.2256232167)
2064,,BREAK & ENTER-BUSINESS,BURNABY,MAYWOOD ST /TELFORD AV,d68b5dc0-21d9-4add-964c-e8d2a6556b39,1758302017730,burnaby.gis,1758302017730,burnaby.gis,1755820800000,POINT (-123.0062592576 49.2224939704)
2065,,THEFT OF AUTO,BURNABY,WINCH ST : 5700 - 6099 Block,271885a8-14a4-4990-ad8d-f19fd557d03d,1758302017730,burnaby.gis,1758302017730,burnaby.gis,1755907200000,POINT (-122.9783925393 49.2698076393)
2066,,THEFT FROM AUTO,BURNABY,LOUGHEED HY /ROSSER AV,a39a3e68-ef77-45ba-b921-1aa005ecaffb,1758302017730,burnaby.gis,1758302017730,burnaby.gis,1755907200000,POINT (-123.0059963246 49.2664946535)
2067,,BREAK & ENTER-OTHER,BURNABY,GRANT ST : 6100 - 6499 Block,cab390a9-9989-4d59-823b-679b8c2f0da9,1758302017730,burnaby.gis,1758302017730,burnaby.gis,1756080000000,POINT (-122.9728539735 49.2707056943)
2068,,BREAK & ENTER-OTHER,BURNABY,GRANGE ST /HALLEY AV,f455bad4-ec55-4dc1-87bf-ec6615d1d7d8,1758302017730,burnaby.gis,1758302017730,burnaby.gis,1756080000000,POINT (-123.0088263931 49.2328637112)
2069,,THEFT FROM AUTO,BURNABY,ALDRIN PL /KITCHENER ST,c962dcbc-9133-4653-95d0-62306c82e9f9,1758302017730,burnaby.gis,1758302017730,burnaby.gis,1756080000000,POINT (-122.9549487785 49.2715893631)
2070,,THEFT FROM AUTO,BURNABY,MADISON AV : 1600 - 1859 Block,73f93fce-08ac-4cc8-9b20-15b06e3589c0,1758302017730,burnaby.gis,1758302017730,burnaby.gis,1756166400000,POINT (-123.0087569834 49.2673469573)
2071,,THEFT FROM AUTO,BURNABY,VENABLES ST : 3900 - 3999 Block,d9d4bf18-7a98-4937-a361-53e571a291ce,1758302017730,burnaby.gis,1758302017730,burnaby.gis,1756166400000,POINT (-123.0174780426 49.276595052)
2072,,BREAK & ENTER-RESIDENCE,BURNABY,NELSON AV : 6600 - 6799 Block,cd72ce93-94fb-48bb-b71d-a3bfbf8c20a9,1758302017730,burnaby.gis,1758302017730,burnaby.gis,1756080000000,POINT (-122.9941917295 49.2226711257)
2073,,BREAK & ENTER-BUSINESS,BURNABY,SPERLING AV : 400 - 599 Block,550c92be-936a-4f44-a96c-a25f5f347a5d,1758302017730,burnaby.gis,1758302017730,burnaby.gis,1756166400000,POINT (-122.9646640057 49.2797250174)
2074,,THEFT FROM AUTO,BURNABY,GAGLARDI WY /UNIVERSITY DR,6f976953-b382-4ba8-ad2f-94e623ecc885,1758302017730,burnaby.gis,1758302017730,burnaby.gis,1756166400000,POINT (-122.9200489102 49.2801262728)
2075,,BREAK & ENTER-RESIDENCE,BURNABY,MADISON AV /NAPIER ST,58e72c7f-edde-40f5-b700-924c3cc736df,1758302017730,burnaby.gis,1758302017730,burnaby.gis,1756252800000,POINT (-123.0087491267 49.2747254644)
2076,,THEFT FROM AUTO,BURNABY,VENABLES ST : 4600 - 4899 Block,e00c8578-f537-4690-b1d7-8c2d75e0dc75,1758302017730,burnaby.gis,1758302017730,burnaby.gis,1756252800000,POINT (-122.9934528499 49.2764366319)
2077,,THEFT FROM AUTO,BURNABY,MADISON AV /NAPIER ST,5c39e919-3f3d-4a31-b3fc-d54af348d70f,1758302017730,burnaby.gis,1758302017730,burnaby.gis,1756512000000,POINT (-123.0087491267 49.2747254644)
2078,,THEFT FROM AUTO,BURNABY,EDINBURGH ST /INGLETON AV N,2b81416c-3ff3-4bed-b4a3-07c689f89fd3,1758302017730,burnaby.gis,1758302017730,burnaby.gis,1756512000000,POINT (-123.0184565665 49.2910543503)
2079,,THEFT FROM AUTO,BURNABY,CARLETON AV /NAPIER ST,865725e1-6314-434f-9ce7-00c0a1d26d19,1758302017730,burnaby.gis,1758302017730,burnaby.gis,1756598400000,POINT (-123.0115164759 49.2747537231)
2080,,THEFT OF AUTO,BURNABY,SKYLINE DR : 4450 - 4499 Block,d22f5ace-2ffa-4965-89fa-412eec9f91ee,1758302017730,burnaby.gis,1758302017730,burnaby.gis,1756598400000,POINT (-123.0039138467 49.2655485636)
2081,,THEFT FROM AUTO,BURNABY,DELTA AV : 280 - 399 Block,d6bacf6b-5b8d-4552-b1e1-e1df6c0da064,1758302017730,burnaby.gis,1758302017730,burnaby.gis,1755388800000,POINT (-122.9920793982 49.2809600099)
2082,,THEFT FROM AUTO,BURNABY,GAMMA AV /GEORGIA ST,57f1082d-2563-4cf9-b538-64c65a75100e,1761081009056,burnaby.gis,1761081009056,burnaby.gis,1756684800000,POINT (-122.9947453701 49.2782504548)
2083,,BREAK & ENTER-OTHER,BURNABY,BYRNE RD /LOWLAND DR,0e710e15-c3ed-40a2-ba58-eaa5342adeee,1761081009056,burnaby.gis,1761081009056,burnaby.gis,1756771200000,POINT (-122.997478052 49.1934128789)
2084,,THEFT FROM AUTO,BURNABY,NORFOLK ST /ROYAL OAK AV,06c5c0fb-5492-4dea-a5d2-62a87010174f,1761081009056,burnaby.gis,1761081009056,burnaby.gis,1756857600000,POINT (-122.9889965386 49.2551745058)
2085,,BREAK & ENTER-BUSINESS,BURNABY,KINGSWAY /ROYAL OAK AV,ee846aeb-7415-47d5-8376-85317158bcce,1761081009056,burnaby.gis,1761081009056,burnaby.gis,1756857600000,POINT (-122.9889144716 49.2249674473)
2086,,THEFT FROM AUTO,BURNABY,NORFOLK ST /ROYAL OAK AV,a977c5de-1eaa-406c-80c3-6579eb77a658,1761081009056,burnaby.gis,1761081009056,burnaby.gis,1756857600000,POINT (-122.9889965386 49.2551745058)
2087,,BREAK & ENTER-BUSINESS,BURNABY,EDMONDS ST : 7450 - 7499 Block,2d1fa166-5a7c-4f2d-ab0b-c8074365535e,1761081009056,burnaby.gis,1761081009056,burnaby.gis,1757030400000,POINT (-122.9459879614 49.2214212821)
2088,,THEFT OF AUTO,BURNABY,CUMBERLAND PL : 8500 - 8599 Block,93af5ef4-0585-4efc-b922-6561c8d75217,1761081009056,burnaby.gis,1761081009056,burnaby.gis,1757030400000,POINT (-122.9190081734 49.2342775304)
2089,,BREAK & ENTER-OTHER,BURNABY,AUGUSTA AV /HALIFAX ST,52acb7d8-a0e3-4041-ab8e-b209bf4f786e,1761081009056,burnaby.gis,1761081009056,burnaby.gis,1757116800000,POINT (-122.9507893391 49.2679694048)
2090,,BREAK & ENTER-RESIDENCE,BURNABY,INGLETON AV /UNION ST,e86c1385-e049-469f-93cc-2584f43a719b,1761081009056,burnaby.gis,1761081009056,burnaby.gis,1757030400000,POINT (-123.0186648292 49.2775114401)
2091,,THEFT FROM AUTO,BURNABY,MARINE DR : 6500 - 6599 Block,5373bd10-2de6-47b4-8e50-df7abf6e2074,1761081009056,burnaby.gis,1761081009056,burnaby.gis,1757376000000,POINT (-122.9561953678 49.198236478)
2092,,THEFT FROM AUTO,BURNABY,NEW VISTA PL /EOR - END OF ROAD,c0c270bb-2b80-46e5-96a2-0ebe1f786298,1761081009056,burnaby.gis,1761081009056,burnaby.gis,1757376000000,POINT (-122.9436700476 49.2233434148)
2093,,THEFT FROM AUTO,BURNABY,GEORGIA ST : 4900 - 5199 Block,0629c219-1e9c-4f70-b5d3-d454d8e8b0df,1761081009056,burnaby.gis,1761081009056,burnaby.gis,1757462400000,POINT (-122.9899723713 49.2782339227)
2094,,BREAK & ENTER-RESIDENCE,BURNABY,MIDLAWN DR /WILLINGDON AV,5f4ea9ed-1914-4a15-8fd1-7f805b7e97e4,1761081009056,burnaby.gis,1761081009056,burnaby.gis,1757376000000,POINT (-123.0032104161 49.2710522896)
2095,,THEFT FROM AUTO,BURNABY,GABLE DR : 3400 - 3500 Block,7c96980b-d845-4084-aa2f-c722068d566f,1761081009056,burnaby.gis,1761081009056,burnaby.gis,1757635200000,POINT (-123.0143886699 49.2526343181)
2096,,THEFT FROM AUTO,BURNABY,WILLINGDON AV : 6063 - 6099 Block,d941014c-c52b-4067-89f0-81147cb53dcc,1761081009056,burnaby.gis,1761081009056,burnaby.gis,1757635200000,POINT (-123.0060607615 49.2290515351)
2097,,THEFT FROM AUTO,BURNABY,16TH AV /MULBERRY PL,aeecca01-8e28-4fff-9579-bc407ac125ee,1761081009056,burnaby.gis,1761081009056,burnaby.gis,1757548800000,POINT (-122.9097748391 49.238328873)
2098,,BREAK & ENTER-BUSINESS,BURNABY,MADISON AV : 2000 - 2199 Block,682031f5-ff12-4ecd-a45b-176001e0004e,1761081009056,burnaby.gis,1761081009056,burnaby.gis,1757721600000,POINT (-123.0087631748 49.265440069)
2099,,THEFT FROM AUTO,BURNABY,PINE ST : 4100 - 4399 Block,f0557311-1f0b-465b-9b11-89dbc75f0cc7,1761081009056,burnaby.gis,1761081009056,burnaby.gis,1757721600000,POINT (-123.0076307918 49.2457496048)
2100,,THEFT FROM AUTO,BURNABY,PINE ST /SMITH AV,d9122fb7-8c85-49d8-80a4-58506b4e12d2,1761081009056,burnaby.gis,1761081009056,burnaby.gis,1757721600000,POINT (-123.0198430365 49.2461038763)
2101,,BREAK & ENTER-BUSINESS,BURNABY,WOODWAY PL /EOR - END OF ROAD,17e16c38-6079-4181-a0cd-a827b72edcd0,1761081009056,burnaby.gis,1761081009056,burnaby.gis,1757635200000,POINT (-122.9901229516 49.2666425219)
2102,,THEFT FROM AUTO,BURNABY,MALVERN AV /MORLEY ST,5f28134e-1456-4b00-a5cf-fc57c757920e,1761081009056,burnaby.gis,1761081009056,burnaby.gis,1757635200000,POINT (-122.9561681847 49.226593924)
2103,,THEFT FROM AUTO,BURNABY,BERESFORD ST /GILLEY AV,8b629899-2d40-49b6-bf57-17c2026e685c,1761081009056,burnaby.gis,1761081009056,burnaby.gis,1757894400000,POINT (-122.9720607803 49.2171032464)
2104,,THEFT FROM AUTO,BURNABY,GEORGIA ST : 5200 - 5499 Block,e18b36b8-8582-4010-b220-38c35ca4131f,1761081009056,burnaby.gis,1761081009056,burnaby.gis,1757894400000,POINT (-122.9857694778 49.2782184343)
2105,,THEFT FROM AUTO,BURNABY,NORTH FRASER WY : 3700 - 3819 Block,787c73cb-a2cf-4531-add4-6f4fbe017943,1761081009056,burnaby.gis,1761081009056,burnaby.gis,1757894400000,POINT (-123.0206726025 49.2018441273)
2106,,THEFT FROM AUTO,BURNABY,PRENTER DR : 6800 - 6899 Block,c3570ff0-2e46-4a2e-b744-6e55cd9f743e,1761081009056,burnaby.gis,1761081009056,burnaby.gis,1757894400000,POINT (-122.9616685697 49.2151050359)
2107,,THEFT FROM AUTO,BURNABY,FREDERICK AV : 6800 - 7199 Block,86f655ca-1f56-442d-879f-7c17c06e70d9,1761081009056,burnaby.gis,1761081009056,burnaby.gis,1757980800000,POINT (-123.0013798225 49.2201955947)
2108,,BREAK & ENTER-RESIDENCE,BURNABY,MCGREGOR AV /RUMBLE ST,3c461e80-0e6f-4bfb-a8a2-ea5a7bfa5dfd,1761081009056,burnaby.gis,1761081009056,burnaby.gis,1757808000000,POINT (-122.9902845916 49.2148524957)
2109,,THEFT FROM AUTO,BURNABY,13TH AV /4TH ST,1590a6aa-89d1-49c5-8c82-b111a2e9e7a4,1761081009056,burnaby.gis,1761081009056,burnaby.gis,1757980800000,POINT (-122.9276469594 49.2227835456)
2110,,THEFT FROM AUTO,BURNABY,VENABLES ST : 4500 - 4599 Block,36969a80-96e8-4ab9-a4fb-0e1ea0449e67,1761081009056,burnaby.gis,1761081009056,burnaby.gis,1758067200000,POINT (-123.0017507053 49.2764706353)
2111,,THEFT FROM AUTO,BURNABY,STILL CREEK AV : 4500 - 4599 Block,e11f49f5-b936-459b-b593-99700e709240,1761081009056,burnaby.gis,1761081009056,burnaby.gis,1758067200000,POINT (-123.0027519006 49.2601074606)
2112,,THEFT FROM AUTO,BURNABY,DUNBLANE AV /LENNOX LN,54c51b3b-5654-4b35-9a4c-e3b1cacdee1a,1761081009056,burnaby.gis,1761081009056,burnaby.gis,1758153600000,POINT (-122.9928104957 49.2235204826)
2113,,THEFT FROM AUTO,BURNABY,FELL AV : 1700 - 1799 Block,545e680b-dbeb-4021-9754-b3bef005bba2,1761081009056,burnaby.gis,1761081009056,burnaby.gis,1758067200000,POINT (-122.9756325363 49.2684463098)
2114,,THEFT OF AUTO,BURNABY,KINGSWAY /ROYAL OAK AV,5c64fe74-cc01-40f8-9f81-5ab4f0006e90,1761081009056,burnaby.gis,1761081009056,burnaby.gis,1758153600000,POINT (-122.9889144716 49.2249674473)
2115,,THEFT FROM AUTO,BURNABY,ALFRED AV /MARINE DR,ff002738-e6be-48d7-83ab-cba9da891ee8,1761081009056,burnaby.gis,1761081009056,burnaby.gis,1758153600000,POINT (-123.0164968552 49.2084624336)
2116,,THEFT FROM AUTO,BURNABY,GRANT ST /HOWARD AV,02c3026e-fd08-4681-ac01-e85caf51f8a7,1761081009056,burnaby.gis,1761081009056,burnaby.gis,1758240000000,POINT (-122.9837635625 49.2703007071)
2117,,THEFT FROM AUTO,BURNABY,KENSINGTON AV /LOCHDALE ST,92de2f80-963f-4cd2-9dfc-ba681029e0a1,1761081009056,burnaby.gis,1761081009056,burnaby.gis,1758153600000,POINT (-122.9701035606 49.2688892446)
2118,,BREAK & ENTER-OTHER,BURNABY,MCDERMOTT ST /SHERLOCK AV,1ea51394-1724-42b0-8141-1ab58d718518,1761081009056,burnaby.gis,1761081009056,burnaby.gis,1758240000000,POINT (-122.956293491 49.2695318806)
2119,,THEFT FROM AUTO,BURNABY,STILL CREEK AV : 4500 - 4599 Block,f7f6ce29-ab64-4a0b-8577-637f376cde5a,1761081009056,burnaby.gis,1761081009056,burnaby.gis,1758326400000,POINT (-123.0027519006 49.2601074606)
2120,,THEFT FROM AUTO,BURNABY,MEADOWOOD CL /MEADOWOOD DR,49605a09-f116-42e3-8ce5-0caced8e65ab,1761081009056,burnaby.gis,1761081009056,burnaby.gis,1758412800000,POINT (-122.93562694 49.2653325675)
2121,,BREAK & ENTER-RESIDENCE,BURNABY,MARINE DR : 6161 - 6199 Block,0fec1815-fcc1-42e4-af8d-1fe6964f1de0,1761081009056,burnaby.gis,1761081009056,burnaby.gis,1758412800000,POINT (-122.9669511607 49.2038993377)
2122,,THEFT FROM AUTO,BURNABY,CARRIGAN CT /EOR - END OF ROAD,f67944a3-cd03-4c6a-b123-3341c2b888ba,1761081009056,burnaby.gis,1761081009056,burnaby.gis,1758499200000,POINT (-122.9020965244 49.2492125051)
2123,,BREAK & ENTER-RESIDENCE,BURNABY,KENSINGTON AV /KITCHENER ST,a93777b0-8d75-46d1-888e-8f0d43eb2131,1761081009056,burnaby.gis,1761081009056,burnaby.gis,1758499200000,POINT (-122.9700966989 49.2716018846)
2124,,THEFT FROM AUTO,BURNABY,13TH AV /4TH ST,350b40f1-1072-4404-b719-156e064ff764,1761081009056,burnaby.gis,1761081009056,burnaby.gis,1758412800000,POINT (-122.9276469594 49.2227835456)
2125,,THEFT FROM AUTO,BURNABY,BYRNE RD : 5300 - 5499 Block,a76595be-aab2-4006-8a97-87bb097a749a,1761081009056,burnaby.gis,1761081009056,burnaby.gis,1758499200000,POINT (-122.9852189456 49.2002118737)
2126,,THEFT OF AUTO,BURNABY,BALMORAL ST : 6900 - 7099 Block,33b51c0b-781e-43e0-90e2-5b05a251040c,1761081009056,burnaby.gis,1761081009056,burnaby.gis,1758585600000,POINT (-122.9592789693 49.2202093281)
2127,,THEFT FROM AUTO,BURNABY,LOUGHEED HY : 4700 - 4739 Block,ae1cdc43-74b4-4808-99e8-7b14462ff3d7,1761081009056,burnaby.gis,1761081009056,burnaby.gis,1757721600000,POINT (-122.9969194693 49.2661525717)
2128,,THEFT FROM AUTO,BURNABY,CLAYTON CT /RUGBY ST,ab6a396b-457c-416e-9e5c-6e0ba56a0f1d,1761081009056,burnaby.gis,1761081009056,burnaby.gis,1758844800000,POINT (-122.9634690291 49.2385969214)
2129,,BREAK & ENTER-BUSINESS,BURNABY,LISTER ST /SMITH AV,0aec9f2a-f07f-43fe-b7f7-4364dbd1607f,1761081009056,burnaby.gis,1761081009056,burnaby.gis,1759017600000,POINT (-123.0197857802 49.2444038591)
2130,,THEFT FROM AUTO,BURNABY,CHARLES ST /KENSINGTON AV,93724fbd-f3e1-4e09-82cc-3a50f6957cf2,1761081009056,burnaby.gis,1761081009056,burnaby.gis,1759017600000,POINT (-122.9701061261 49.2725057653)
2131,,THEFT FROM AUTO,BURNABY,ALPHA AV : 2200 - 2499 Block,358793c4-1298-47d2-a28f-00038d1221b9,1761081009056,burnaby.gis,1761081009056,burnaby.gis,1758931200000,POINT (-123.0003944917 49.2634046617)
2132,,THEFT FROM AUTO,BURNABY,GILLEY AV : 8590 - 8699 Block,b7622635-3b57-4b1b-ba02-e94ef16ff4ab,1761081009056,burnaby.gis,1761081009056,burnaby.gis,1759104000000,POINT (-122.9763018576 49.20614653)
2133,,THEFT FROM AUTO,BURNABY,14TH AV /1ST ST,29c5ef21-b6b8-4448-9f39-34669fcba910,1761081009056,burnaby.gis,1761081009056,burnaby.gis,1759104000000,POINT (-122.9232887084 49.2264324788)
2134,,THEFT FROM AUTO,BURNABY,18TH ST : 7500 - 7559 Block,354c8dfc-967e-49dc-b869-d4151c566333,1761081009056,burnaby.gis,1761081009056,burnaby.gis,1759104000000,POINT (-122.9538089988 49.2126272599)
2135,,BREAK & ENTER-OTHER,BURNABY,BRENTLAWN DR /DELTA AV,730ac3d9-0833-49b3-a818-1547826ed2f0,1761081009056,burnaby.gis,1761081009056,burnaby.gis,1759190400000,POINT (-122.9921991754 49.2682928439)
2136,,THEFT FROM AUTO,BURNABY,NORFOLK ST : 5200 - 5999 Block,40d55af3-99ae-48fe-98e2-e8fbad17bda0,1761081009056,burnaby.gis,1761081009056,burnaby.gis,1759190400000,POINT (-122.9855332085 49.2551690309)
2137,,THEFT FROM AUTO,BURNABY,GILMORE AV N /TRINITY ST,43983515-716b-4cb7-98dc-4e0cc3f8cc8a,1761081009056,burnaby.gis,1761081009056,burnaby.gis,1756771200000,POINT (-123.0139944964 49.2892089842)
2138,,BREAK & ENTER-BUSINESS,BURNABY,GAGLARDI WY /UNIVERSITY DR,7c57870a-bc6b-4962-bf60-39989cd97c8f,1761081009056,burnaby.gis,1761081009056,burnaby.gis,1756771200000,POINT (-122.9200489102 49.2801262728)
2139,,THEFT FROM AUTO,BURNABY,HASTINGS ST : 6860 - 6899 Block,b12aee31-7901-4805-97ed-b2b56a408b2f,1761081009056,burnaby.gis,1761081009056,burnaby.gis,1756771200000,POINT (-122.9619235982 49.2802393336)
2140,,THEFT FROM AUTO,BURNABY,MCKERCHER AV : 6100 - 6199 Block,4a04d4f1-c93d-4f64-b550-a28c6799e081,1761081009056,burnaby.gis,1761081009056,burnaby.gis,1756857600000,POINT (-122.9976994742 49.2283630403)
2141,,THEFT FROM AUTO,BURNABY,CLIFF AV /NAPIER ST,7400a165-f7fd-4b20-a12b-a5b1c27a2f65,1761081009056,burnaby.gis,1761081009056,burnaby.gis,1756857600000,POINT (-122.9590106399 49.2743016392)
2142,,THEFT FROM AUTO,BURNABY,PANDORA DR : 7400 - 7469 Block,d84cc914-d347-4cef-a226-63fdf0b53621,1761081009056,burnaby.gis,1761081009056,burnaby.gis,1756857600000,POINT (-122.9487983545 49.2833618624)
2143,,THEFT FROM AUTO,BURNABY,LOUGHEED HY : 5700 - 6199 Block,fcbdfa5b-ca93-4c90-933f-b2b3529b783b,1761081009056,burnaby.gis,1761081009056,burnaby.gis,1756944000000,POINT (-122.9784609546 49.2643102772)
2144,,THEFT FROM AUTO,BURNABY,BULLER AV : 8500 - 8799 Block,92e28f12-abe6-4c5e-b9b4-47726f3737d6,1761081009056,burnaby.gis,1761081009056,burnaby.gis,1757030400000,POINT (-122.9774826863 49.206669594)
2145,,THEFT FROM AUTO,BURNABY,GILMORE AV /NAPIER ST,50a1134a-cb34-47c4-9302-d7c05d210471,1761081009056,burnaby.gis,1761081009056,burnaby.gis,1757030400000,POINT (-123.014255018 49.2747805167)
2146,,THEFT OF AUTO,BURNABY,KENNETH AV /SIDLEY ST,a9bf8860-56e5-4645-a0b5-d0ad616b5013,1761081009056,burnaby.gis,1761081009056,burnaby.gis,1757030400000,POINT (-122.9811654522 49.2171775218)
2147,,BREAK & ENTER-BUSINESS,BURNABY,MARINE WY /MARKET XG,1adc686a-5421-4ac2-8c16-82b7d9d52214,1761081009056,burnaby.gis,1761081009056,burnaby.gis,1757030400000,POINT (-122.9790371746 49.1997387596)
2148,,BREAK & ENTER-OTHER,BURNABY,CURTIS ST : 6100 - 6499 Block,b29f652e-0621-4388-8218-e24c45db1737,1761081009056,burnaby.gis,1761081009056,burnaby.gis,1757030400000,POINT (-122.9728465616 49.2752175269)
2149,,BREAK & ENTER-OTHER,BURNABY,KENSINGTON AV /LOCHDALE ST,04f2ec13-2271-423e-b636-ec760b744695,1761081009056,burnaby.gis,1761081009056,burnaby.gis,1757116800000,POINT (-122.9701035606 49.2688892446)
2150,,THEFT FROM AUTO,BURNABY,KINGSWAY : 4750 - 4799 Block,445dfb93-620f-4799-8556-ff74d97e6e9e,1761081009056,burnaby.gis,1761081009056,burnaby.gis,1757116800000,POINT (-122.9970398555 49.2276422243)
2151,,THEFT FROM AUTO,BURNABY,KEMP ST /WILSON AV,678dc618-774b-48f9-b211-b98905d4004e,1761081009056,burnaby.gis,1761081009056,burnaby.gis,1757116800000,POINT (-123.008529326 49.2305035309)
2152,,BREAK & ENTER-OTHER,BURNABY,OLIVE AV : 5890 - 5999 Block,54e6d8cf-584a-4886-932c-b0703ab11d3e,1761081009056,burnaby.gis,1761081009056,burnaby.gis,1757289600000,POINT (-123.0115688731 49.2301739184)
2153,,THEFT FROM AUTO,BURNABY,VENABLES ST /WILLINGDON AV,ad26968c-87b1-41c6-a092-479c622ce843,1761081009056,burnaby.gis,1761081009056,burnaby.gis,1757376000000,POINT (-123.0032046653 49.2764771462)
2154,,THEFT FROM AUTO,BURNABY,LOUGHEED HY : 4100 - 4299 Block,49d3ff6a-8321-492c-a9b7-82a4e6d76f8a,1761081009056,burnaby.gis,1761081009056,burnaby.gis,1757376000000,POINT (-123.0115123977 49.2662867556)
2155,,THEFT FROM AUTO,BURNABY,DAWSON ST : 4100 - 4169 Block,47a35b1d-b19b-4411-8d07-d0827a8e6077,1761081009056,burnaby.gis,1761081009056,burnaby.gis,1757376000000,POINT (-123.0133181263 49.2644790521)
2156,,THEFT FROM AUTO,BURNABY,CARLETON AV /NAPIER ST,9f8ef667-f0b6-4154-be82-d634c3af4f2f,1761081009056,burnaby.gis,1761081009056,burnaby.gis,1757462400000,POINT (-123.0115164759 49.2747537231)
2157,,THEFT FROM AUTO,BURNABY,UNION ST : 4500 - 4599 Block,896a34bd-dbd7-45f3-b1ee-8eb59ffcef3d,1761081009056,burnaby.gis,1761081009056,burnaby.gis,1757462400000,POINT (-123.0017342304 49.2773746707)
2158,,THEFT FROM AUTO,BURNABY,DOMINION ST /ROYAL OAK AV,a68fa07d-acb8-4ffd-8848-c718a3bc860c,1761081009056,burnaby.gis,1761081009056,burnaby.gis,1757548800000,POINT (-122.9889921732 49.2561375606)
2159,,THEFT FROM AUTO,BURNABY,LOUGHEED HY /NORTH RD,8c45bccf-c117-4b38-826e-d848ced6c807,1761081009056,burnaby.gis,1761081009056,burnaby.gis,1757462400000,POINT (-122.8927577593 49.2459373163)
2160,,BREAK & ENTER-RESIDENCE,BURNABY,DORCHESTER DR : 7410 - 7519 Block,0fa981b6-0aac-474b-aad0-da1a285b0dd4,1761081009056,burnaby.gis,1761081009056,burnaby.gis,1757721600000,POINT (-122.9466416366 49.2494290352)
2161,,THEFT FROM AUTO,BURNABY,LOUGHEED HY /MADISON AV,7cd54016-9e44-4ccc-996c-07e74bfb1cb2,1761081009056,burnaby.gis,1761081009056,burnaby.gis,1757894400000,POINT (-123.0087576028 49.2664228104)
2162,,THEFT FROM AUTO,BURNABY,ALASKA ST /WILLINGDON AV,695cbc35-38ed-4b21-bf19-e34cf7440301,1761081009056,burnaby.gis,1761081009056,burnaby.gis,1757894400000,POINT (-123.0032559948 49.2623692877)
2163,,THEFT OF AUTO,BURNABY,11TH AV /NEWCOMBE ST,cf8947f4-9d3c-4b79-8d81-6652e3747039,1761081009056,burnaby.gis,1761081009056,burnaby.gis,1757894400000,POINT (-122.9178747008 49.22548387)
2164,,THEFT FROM AUTO,BURNABY,GILPIN CR : 4100 - 4189 Block,aca1eb66-5ca8-44d8-9aea-209c634d0a84,1761081009056,burnaby.gis,1761081009056,burnaby.gis,1757894400000,POINT (-123.0122406987 49.2411660417)
2165,,BREAK & ENTER-BUSINESS,BURNABY,KINGSWAY : 4700 - 4749 Block,dcc9453b-094e-4f52-917b-fc337bc75f76,1761081009056,burnaby.gis,1761081009056,burnaby.gis,1757894400000,POINT (-122.9985077324 49.2281264308)
2166,,THEFT FROM AUTO,BURNABY,11TH AV /18TH ST,91be1c0d-150a-48c9-89ff-9d345a2d0f9d,1761081009056,burnaby.gis,1761081009056,burnaby.gis,1757894400000,POINT (-122.9490836093 49.2085892331)
2167,,THEFT FROM AUTO,BURNABY,BOUNDARY RD /HASTINGS ST,365c04f0-5a73-4299-b21a-2f9bb51ea0e3,1761081009056,burnaby.gis,1761081009056,burnaby.gis,1757980800000,POINT (-123.0233680146 49.2811154081)
2168,,THEFT FROM AUTO,BURNABY,EWART ST /MCGREGOR AV,1c17bc97-b79c-4cb5-bf97-eb2376530769,1761081009056,burnaby.gis,1761081009056,burnaby.gis,1757980800000,POINT (-122.9903510685 49.2103287066)
2169,,THEFT FROM AUTO,BURNABY,PENDER ST : 4700 - 4799 Block,ffe9c6c2-2431-43c9-9f9c-dabab7875032,1761081009056,burnaby.gis,1761081009056,burnaby.gis,1757980800000,POINT (-122.9961045108 49.2800648181)
2170,,THEFT FROM AUTO,BURNABY,BYRNE RD : 5610 - 5899 Block,aea19f1d-6441-4dee-8a94-ee579407cf5b,1761081009056,burnaby.gis,1761081009056,burnaby.gis,1758067200000,POINT (-122.9796221486 49.2032760459)
2171,,THEFT FROM AUTO,BURNABY,ANOLA DR /BELLWOOD AV,afa2063b-ea0b-4d5d-aaf1-8f8ddda242e0,1761081009056,burnaby.gis,1761081009056,burnaby.gis,1758153600000,POINT (-122.9887098432 49.2653590673)
2172,,THEFT FROM AUTO,BURNABY,LOUGHEED HY : 4400 - 4499 Block,b22270f4-f3da-4b4d-88d4-de35e727bb53,1761081009056,burnaby.gis,1761081009056,burnaby.gis,1758153600000,POINT (-123.0046151515 49.2664589238)
2173,,THEFT FROM AUTO,BURNABY,ADAIR ST : 6900 - 6999 Block,1f52319c-4f18-4b5e-b0f3-850da383cfd8,1761081009056,burnaby.gis,1761081009056,burnaby.gis,1758153600000,POINT (-122.9597907942 49.2643570712)
2174,,BREAK & ENTER-OTHER,BURNABY,KENSINGTON AV : 3400 - 3799 Block,f9073911-8e97-4677-add6-675cc1c5c077,1761081009056,burnaby.gis,1761081009056,burnaby.gis,1758240000000,POINT (-122.9665621342 49.2516872082)
2175,,THEFT OF AUTO,BURNABY,LEE ST : 7700 - 7799 Block,6c9546f3-c5b6-48e5-b353-e6b254e2be16,1761081009056,burnaby.gis,1761081009056,burnaby.gis,1758240000000,POINT (-122.8998307307 49.2348032702)
2176,,THEFT FROM AUTO,BURNABY,FRANCES ST : 4900 - 5199 Block,3428c85e-f168-4318-a988-3ad47bfdfb5b,1761081009056,burnaby.gis,1761081009056,burnaby.gis,1758240000000,POINT (-122.9899592932 49.2791393822)
2177,,THEFT FROM AUTO,BURNABY,GILMORE AV /NAPIER ST,7244d657-34e8-45dc-ad66-768783c972af,1761081009056,burnaby.gis,1761081009056,burnaby.gis,1758240000000,POINT (-123.014255018 49.2747805167)
2178,,THEFT FROM AUTO,BURNABY,WINLAKE CR : 3500 - 3999 Block,c3b3dbaf-6f07-4db7-a876-958c57c41742,1761081009056,burnaby.gis,1761081009056,burnaby.gis,1758240000000,POINT (-122.9335265033 49.2488675399)
2179,,THEFT FROM AUTO,BURNABY,OXFORD ST : 3700 - 3799 Block,ff29820e-05b8-4e9c-974a-b10ed186cad8,1761081009056,burnaby.gis,1761081009056,burnaby.gis,1758240000000,POINT (-123.022106586 49.2856561685)
2180,,THEFT OF AUTO,BURNABY,WESTLAWN DR : 4700 - 4729 Block,7c00629e-bfb0-4794-9b52-305183068a23,1761081009056,burnaby.gis,1761081009056,burnaby.gis,1758326400000,POINT (-122.9980853068 49.2740679519)
2181,,THEFT FROM AUTO,BURNABY,MADISON AV /VENABLES ST,2299be2b-1431-40a2-ae7e-32fb37060295,1761081009056,burnaby.gis,1761081009056,burnaby.gis,1758240000000,POINT (-123.008729013 49.2765189026)
2182,,THEFT FROM AUTO,BURNABY,LINDEN AV : 6900 - 7199 Block,0b4fe383-0717-4654-b401-a77db9d3850f,1761081009056,burnaby.gis,1761081009056,burnaby.gis,1758326400000,POINT (-122.9519575252 49.2206579825)
2183,,BREAK & ENTER-BUSINESS,BURNABY,GAGLARDI WY /UNIVERSITY DR,cddab1a9-3753-44ce-a258-68ca5cb98bc0,1761081009056,burnaby.gis,1761081009056,burnaby.gis,1758412800000,POINT (-122.9200489102 49.2801262728)
2184,,THEFT FROM AUTO,BURNABY,CARRIGAN CT /EOR - END OF ROAD,c94f9831-a91a-466b-98fc-7ef3eee1848a,1761081009056,burnaby.gis,1761081009056,burnaby.gis,1758499200000,POINT (-122.9020965244 49.2492125051)
2185,,THEFT OF AUTO,BURNABY,CARRIGAN CT /EOR - END OF ROAD,74ce0478-fd9b-4ca9-bb69-0cd4db012dc9,1761081009056,burnaby.gis,1761081009056,burnaby.gis,1758499200000,POINT (-122.9020965244 49.2492125051)
2186,,THEFT FROM AUTO,BURNABY,MCKEE ST /ROSLYN AV,582d2140-6552-4c92-9649-508564e0f60b,1761081009056,burnaby.gis,1761081009056,burnaby.gis,1758412800000,POINT (-122.9857376266 49.2112217475)
2187,,BREAK & ENTER-OTHER,BURNABY,LOUGHEED HY : 4400 - 4499 Block,aa5cb9f9-5aa6-4579-9c6c-ed05e8a36b49,1761081009056,burnaby.gis,1761081009056,burnaby.gis,1758585600000,POINT (-123.0046151515 49.2664589238)
2188,,BREAK & ENTER-BUSINESS,BURNABY,NORTH FRASER WY : 7400 - 7699 Block,cc4d330f-4ceb-40dd-8f14-24f8578c49ee,1761081009056,burnaby.gis,1761081009056,burnaby.gis,1758585600000,POINT (-122.9906068167 49.191420137)
2189,,THEFT FROM AUTO,BURNABY,HASTINGS ST : 5500 - 5599 Block,0eff9a4c-8815-4734-83cf-73f6f765fa17,1761081009056,burnaby.gis,1761081009056,burnaby.gis,1758499200000,POINT (-122.9829935451 49.2803336585)
2190,,THEFT FROM AUTO,BURNABY,DAWSON ST /DOUGLAS RD,970a8387-4b73-4f55-954b-45b08642cf53,1761081009056,burnaby.gis,1761081009056,burnaby.gis,1758585600000,POINT (-122.9895168111 49.2638579077)
2191,,THEFT FROM AUTO,BURNABY,ALMOND PL : 7400 - 7499 Block,3224d693-9c24-4214-8549-d88e31b5e977,1761081009056,burnaby.gis,1761081009056,burnaby.gis,1758758400000,POINT (-122.9056050844 49.2392812235)
2192,,THEFT FROM AUTO,BURNABY,KATHLEEN AV /KEMP ST,ca02d651-dfa1-484a-a30f-f71312c056bd,1761081009056,burnaby.gis,1761081009056,burnaby.gis,1758758400000,POINT (-123.0071477209 49.2299011169)
2193,,THEFT FROM AUTO,BURNABY,SELMA AV : 6000 - 6399 Block,bdd4b7d5-5081-40e1-9f25-2f787801e9ee,1761081009056,burnaby.gis,1761081009056,burnaby.gis,1758844800000,POINT (-122.9857356701 49.2278789762)
2194,,BREAK & ENTER-OTHER,BURNABY,ETON ST /INGLETON AV N,b5126bbe-c0d7-4f20-9b56-05ed5ea7caab,1761081009056,burnaby.gis,1761081009056,burnaby.gis,1759017600000,POINT (-123.0175357529 49.2874311716)
2195,,THEFT FROM AUTO,BURNABY,SHELLMONT ST /EOR - END OF ROAD,19bb3f7b-245f-4a30-a82b-5d2b87b1c6a1,1761081009056,burnaby.gis,1761081009056,burnaby.gis,1759017600000,POINT (-122.9205611085 49.2662351766)
2196,,THEFT FROM AUTO,BURNABY,GILLEY AV : 8700 - 8799 Block,369a3707-2f4b-40c5-b247-9354f4bdee72,1761081009056,burnaby.gis,1761081009056,burnaby.gis,1759190400000,POINT (-122.977903942 49.2055686491)
2197,,BREAK & ENTER-BUSINESS,BURNABY,GAGLARDI WY /UNIVERSITY DR,40e264b0-8fb2-4e21-919d-4b2ac5497d3b,1761081009056,burnaby.gis,1761081009056,burnaby.gis,1756684800000,POINT (-122.9200489102 49.2801262728)
2198,,THEFT FROM AUTO,BURNABY,ETON ST /INGLETON AV N,f3b83b7c-a991-4e92-930f-254240cb203f,1761081009056,burnaby.gis,1761081009056,burnaby.gis,1756771200000,POINT (-123.0175357529 49.2874311716)
2199,,THEFT FROM AUTO,BURNABY,GEORGIA ST /INGLETON AV,240263c3-8bba-4ab2-90d8-36a8b2efe191,1761081009056,burnaby.gis,1761081009056,burnaby.gis,1756771200000,POINT (-123.0186651707 49.2784165493)
2200,,BREAK & ENTER-BUSINESS,BURNABY,HAMMARSKJOLD DR : 700 - 751 Block,7c0c01e5-4d3e-4161-b05d-d21f5550be2d,1761081009056,burnaby.gis,1761081009056,burnaby.gis,1756771200000,POINT (-122.9718976711 49.2790066386)
2201,,THEFT FROM AUTO,BURNABY,PANDORA ST : 7200 - 7399 Block,e0b1d76b-70e1-43e4-9958-9c397f03372c,1761081009056,burnaby.gis,1761081009056,burnaby.gis,1756857600000,POINT (-122.9513540433 49.2824033693)
2202,,THEFT OF AUTO,BURNABY,CARLETON AV /WILLIAM ST,b273a651-5acd-4b97-8d54-7a1867113f27,1761081009056,burnaby.gis,1761081009056,burnaby.gis,1756857600000,POINT (-123.0115187959 49.2738496309)
2203,,THEFT FROM AUTO,BURNABY,HUXLEY AV /PINE ST,24eb1dc3-6371-4084-9807-b06949b50d53,1761081009056,burnaby.gis,1761081009056,burnaby.gis,1756857600000,POINT (-123.00690576 49.2457513447)
2204,,THEFT FROM AUTO,BURNABY,CURTIS ST /FELL AV,4e5052c1-9f6a-47c4-b670-1823d07966db,1761081009056,burnaby.gis,1761081009056,burnaby.gis,1756857600000,POINT (-122.9756147785 49.2752169405)
2205,,THEFT FROM AUTO,BURNABY,NORTH FRASER WY /NORTHBROOK CT,761cbd7b-5f14-43e3-b05d-214ef6fe9911,1761081009056,burnaby.gis,1761081009056,burnaby.gis,1756944000000,POINT (-123.0143772596 49.2004304337)
2206,,BREAK & ENTER-OTHER,BURNABY,ESMOND AV /HASTINGS ST,f60c7446-5ff1-4863-80ab-1ec27797b33d,1761081009056,burnaby.gis,1761081009056,burnaby.gis,1756857600000,POINT (-123.0209989182 49.2810985438)
2207,,THEFT FROM AUTO,BURNABY,UNION ST : 5200 - 5499 Block,5bc9fd3a-05c1-44d0-8739-4e7b46ffe566,1761081009056,burnaby.gis,1761081009056,burnaby.gis,1756944000000,POINT (-122.9857814939 49.2773124574)
2208,,THEFT FROM AUTO,BURNABY,MACDONALD AV N /MCGILL ST,43c5f284-876c-410c-8b90-20a36eaa7282,1761081009056,burnaby.gis,1761081009056,burnaby.gis,1757030400000,POINT (-123.0161324333 49.2883224414)
2209,,THEFT FROM AUTO,BURNABY,AUGUSTA AV : 1440 - 1699 Block,c24f9dbf-ecc1-4507-b728-980d78b26a81,1761081009056,burnaby.gis,1761081009056,burnaby.gis,1757116800000,POINT (-122.9507667206 49.2696409197)
2210,,BREAK & ENTER-OTHER,BURNABY,AUSTIN RD /GATINEAU PL,2bd57b16-b7be-41d6-a1f0-3d0a662a6247,1761081009056,burnaby.gis,1761081009056,burnaby.gis,1757116800000,POINT (-122.8958642672 49.2489876953)
2211,,THEFT FROM AUTO,BURNABY,CANADA WY /CHISELHAMPTON ST,1301ac28-5601-419a-93f2-405b96e82589,1761081009056,burnaby.gis,1761081009056,burnaby.gis,1757030400000,POINT (-122.9618100284 49.2390930374)
2212,,BREAK & ENTER-BUSINESS,BURNABY,WINLAKE CR : 3500 - 3999 Block,6b34b65a-8c11-485b-a970-24165257e110,1761081009056,burnaby.gis,1761081009056,burnaby.gis,1757203200000,POINT (-122.9335265033 49.2488675399)
2213,,THEFT FROM AUTO,BURNABY,RIDGE DR : 7230 - 7399 Block,21811f45-787e-4c2b-b3f1-2756cb48dca9,1761081009056,burnaby.gis,1761081009056,burnaby.gis,1757203200000,POINT (-122.9498057637 49.2844232117)
2214,,THEFT FROM AUTO,BURNABY,RIDGE DR : 7230 - 7399 Block,3efd5e9d-3af3-4507-9a1c-f49a127be18e,1761081009056,burnaby.gis,1761081009056,burnaby.gis,1757203200000,POINT (-122.9498057637 49.2844232117)
2215,,THEFT FROM AUTO,BURNABY,ALBERT ST : 3800 - 3899 Block,2dc729d1-1f50-4e31-a7de-eccf08ec8e4f,1761081009056,burnaby.gis,1761081009056,burnaby.gis,1757289600000,POINT (-123.0197962397 49.2820221096)
2216,,THEFT FROM AUTO,BURNABY,CANBERRA AV : 80 - 139 Block,456f34dd-2abd-4090-91d5-a9d78c7755ec,1761081009056,burnaby.gis,1761081009056,burnaby.gis,1757289600000,POINT (-122.9933170359 49.2831815422)
2217,,BREAK & ENTER-BUSINESS,BURNABY,HAZEL ST : 4700 - 4729 Block,d52d9b33-b979-4b8f-b130-1550fb759de6,1761081009056,burnaby.gis,1761081009056,burnaby.gis,1757376000000,POINT (-122.998132241 49.2290067125)
2218,,THEFT FROM AUTO,BURNABY,SPERLING AV : 4833 - 4899 Block,d6dee28b-2285-4b89-a401-fad4c1879634,1761081009056,burnaby.gis,1761081009056,burnaby.gis,1757462400000,POINT (-122.9646698627 49.2411315108)
2219,,THEFT FROM AUTO,BURNABY,WATLING ST : 4900 - 5199 Block,88eb7a8e-77bb-4da8-981d-3ee8fdce6487,1761081009056,burnaby.gis,1761081009056,burnaby.gis,1757462400000,POINT (-122.991172922 49.2164800256)
2220,,THEFT FROM AUTO,BURNABY,KENDALE CT /EOR - END OF ROAD,ae1af028-6b9b-4515-86e9-8d2c156638e3,1761081009056,burnaby.gis,1761081009056,burnaby.gis,1757462400000,POINT (-122.9671197212 49.2662469166)
2221,,THEFT FROM AUTO,BURNABY,PORTLAND ST : 5400 - 5599 Block,41bfe43c-728e-4df9-aa43-5458e0ccdae3,1761081009056,burnaby.gis,1761081009056,burnaby.gis,1757462400000,POINT (-122.9843770772 49.2121220959)
2222,,BREAK & ENTER-BUSINESS,BURNABY,MERRITT AV : 6900 - 7999 Block,d23df4ff-ef04-408d-a189-f49eca780ab5,1761081009056,burnaby.gis,1761081009056,burnaby.gis,1757462400000,POINT (-122.980237637 49.2197401432)
2223,,THEFT FROM AUTO,BURNABY,GILMORE AV N /OXFORD ST,406dee77-b944-4f72-8a2c-ea5734fbe324,1761081009056,burnaby.gis,1761081009056,burnaby.gis,1757635200000,POINT (-123.014083614 49.2855915635)
2224,,BREAK & ENTER-BUSINESS,BURNABY,KINGSWAY : 5600 - 5649 Block,4667caa3-c53e-47fb-a369-4c942a09ffa9,1761081009056,burnaby.gis,1761081009056,burnaby.gis,1757548800000,POINT (-122.98172998 49.2226807063)
2225,,THEFT FROM AUTO,BURNABY,KINGSWAY : 4750 - 4799 Block,c69b132d-3ece-4cb9-bd2f-d07446cb0d1e,1761081009056,burnaby.gis,1761081009056,burnaby.gis,1757721600000,POINT (-122.9970398555 49.2276422243)
2226,,THEFT OF AUTO,BURNABY,BERWICK ST : 6000 - 6999 Block,05a0db5c-4940-4358-a493-7984b80cbdd1,1761081009056,burnaby.gis,1761081009056,burnaby.gis,1757721600000,POINT (-122.9741703571 49.2277010169)
2227,,THEFT FROM AUTO,BURNABY,MOSCROP ST : 4080 - 4099 Block,7334908c-5fa6-4fac-9910-7ff3019d6552,1761081009056,burnaby.gis,1761081009056,burnaby.gis,1757808000000,POINT (-123.0130113718 49.2429596281)
2228,,THEFT FROM AUTO,BURNABY,CURRAGH AV /EWART ST,fb30e9f5-4f75-4166-bd21-26fc1b1949cb,1761081009056,burnaby.gis,1761081009056,burnaby.gis,1757894400000,POINT (-122.9747063044 49.2102282528)
2229,,THEFT FROM AUTO,BURNABY,CLOVERLAKE CT : 8000 - 8099 Block,a74b50c6-584d-48cf-8fe6-7731e1e147f0,1761081009056,burnaby.gis,1761081009056,burnaby.gis,1757894400000,POINT (-122.9294508098 49.2488386947)
2230,,BREAK & ENTER-OTHER,BURNABY,HOLDOM AV /KINGSLAND DR,97d280f1-3040-483f-b60c-ca28466fa34e,1761081009056,burnaby.gis,1761081009056,burnaby.gis,1757894400000,POINT (-122.9811528734 49.2626979357)
2231,,THEFT FROM AUTO,BURNABY,OXFORD ST : 3800 - 3899 Block,e795f432-db7c-49d1-b5b1-f06788c07aa0,1761081009056,burnaby.gis,1761081009056,burnaby.gis,1757894400000,POINT (-123.019734804 49.2856372351)
2232,,THEFT FROM AUTO,BURNABY,RIDGELAWN DR : 4700 - 4999 Block,1d63625a-31d9-4323-b929-4381454521ab,1761081009056,burnaby.gis,1761081009056,burnaby.gis,1758067200000,POINT (-122.9949047545 49.2674015878)
2233,,BREAK & ENTER-BUSINESS,BURNABY,HAZEL ST : 4700 - 4729 Block,e54052e2-a0ec-433f-82e7-77484276748e,1761081009056,burnaby.gis,1761081009056,burnaby.gis,1757980800000,POINT (-122.998132241 49.2290067125)
2234,,BREAK & ENTER-BUSINESS,BURNABY,SALISBURY AV : 7200 - 7299 Block,3fbe0580-c668-40d4-beae-e86d2961146d,1761081009056,burnaby.gis,1761081009056,burnaby.gis,1758153600000,POINT (-122.9575280469 49.2177667336)
2235,,THEFT FROM AUTO,BURNABY,AUGUSTA AV : 1000 - 1299 Block,883d9634-c34d-4e10-9644-b9b3864fa158,1761081009056,burnaby.gis,1761081009056,burnaby.gis,1758153600000,POINT (-122.9507104082 49.2738597769)
2236,,BREAK & ENTER-RESIDENCE,BURNABY,PANDORA ST : 3700 - 3799 Block,041273d5-7a93-4707-83cc-2b5fec5c7dab,1761081009056,burnaby.gis,1761081009056,burnaby.gis,1758153600000,POINT (-123.0221528495 49.2829437675)
2237,,THEFT FROM AUTO,BURNABY,KENSINGTON AV /LOCHDALE ST,7d14d895-09f6-4e24-bc8d-1c9e0030efb4,1761081009056,burnaby.gis,1761081009056,burnaby.gis,1758153600000,POINT (-122.9701035606 49.2688892446)
2238,,BREAK & ENTER-RESIDENCE,BURNABY,PANDORA ST /STRATFORD AV,e8f0e1b8-de50-4cc9-a36d-9f7f8dcabde2,1761081009056,burnaby.gis,1761081009056,burnaby.gis,1758240000000,POINT (-122.9767342008 49.282568068)
2239,,THEFT FROM AUTO,BURNABY,KAREN ST /YEOVIL AV,693f75ea-d6a6-40de-bcc7-f2258f52454c,1761081009056,burnaby.gis,1761081009056,burnaby.gis,1758326400000,POINT (-122.9618699297 49.2660521193)
2240,,BREAK & ENTER-BUSINESS,BURNABY,BRENTWOOD DR /DELTA AV,bdad758c-b88b-402c-80be-d1f7a599e5e6,1761081009056,burnaby.gis,1761081009056,burnaby.gis,1758326400000,POINT (-122.9922166388 49.2660633162)
2241,,THEFT FROM AUTO,BURNABY,MAGNOLIA TE /VILLAGE GR,9d31b2a0-d4c5-4f74-9b30-8e932e7eb970,1761081009056,burnaby.gis,1761081009056,burnaby.gis,1758412800000,POINT (-122.963959678 49.2160123492)
2242,,THEFT OF AUTO,BURNABY,PANDORA ST /WILLINGDON AV,e8039c5c-0144-49c0-a6f7-bb6a47dfc35f,1761081009056,burnaby.gis,1761081009056,burnaby.gis,1758412800000,POINT (-123.0030845368 49.2828049471)
2243,,THEFT OF AUTO,BURNABY,14TH AV /6TH ST,d0ea10fa-6bbc-4198-8796-c32f70517782,1761081009056,burnaby.gis,1761081009056,burnaby.gis,1758412800000,POINT (-122.9312988133 49.2218845027)
2244,,BREAK & ENTER-BUSINESS,BURNABY,BYRNE RD : 5300 - 5499 Block,1aee32ab-0db4-493c-8d38-687e9a2780c9,1761081009056,burnaby.gis,1761081009056,burnaby.gis,1758326400000,POINT (-122.9852189456 49.2002118737)
2245,,THEFT FROM AUTO,BURNABY,MULBERRY PL : 7400 - 7499 Block,cf8a5129-a463-4d15-ae00-072d7b776414,1761081009056,burnaby.gis,1761081009056,burnaby.gis,1758412800000,POINT (-122.9105405629 49.2388005155)
2246,,THEFT FROM AUTO,BURNABY,MARY AV /ROSEWOOD ST,3610a145-b44c-42d8-9c7e-19d274a101f6,1761081009056,burnaby.gis,1761081009056,burnaby.gis,1758412800000,POINT (-122.9473426369 49.2237978732)
2247,,BREAK & ENTER-BUSINESS,BURNABY,ROY ST /EOR - END OF ROAD,5a0d586c-f247-4e33-971b-e2b3ac600333,1761081009056,burnaby.gis,1761081009056,burnaby.gis,1758499200000,POINT (-122.9912394232 49.2620674234)
2248,,THEFT FROM AUTO,BURNABY,16TH AV : 7996 - 7999 Block,c2ab889e-960a-4037-a794-d18e0c80b3fd,1761081009056,burnaby.gis,1761081009056,burnaby.gis,1758412800000,POINT (-122.9314361211 49.225039218)
2249,,THEFT FROM AUTO,BURNABY,DAISY AV /SIDLEY ST,9c647384-5fc6-427d-8a53-813206a3b1be,1761081009056,burnaby.gis,1761081009056,burnaby.gis,1758585600000,POINT (-122.9794422366 49.2171680559)
2250,,THEFT FROM AUTO,BURNABY,SLOPES MS : 9100 - 9349 Block,42137de0-3eb8-4760-a88f-fe533b354fb6,1761081009056,burnaby.gis,1761081009056,burnaby.gis,1758585600000,POINT (-122.9074075148 49.2770037285)
2251,,BREAK & ENTER-OTHER,BURNABY,DOUGLAS RD /NORLAND AV,5ab7af21-1594-47bd-a57d-c6a81de32cf4,1761081009056,burnaby.gis,1761081009056,burnaby.gis,1758672000000,POINT (-122.9832666541 49.2592946656)
2252,,THEFT FROM AUTO,BURNABY,DELWOOD CT /EOR - END OF ROAD,d53532d8-a413-47a2-bb31-8665d81f3eaf,1761081009056,burnaby.gis,1761081009056,burnaby.gis,1758758400000,POINT (-122.9675554652 49.2653357089)
2253,,THEFT FROM AUTO,BURNABY,17TH AV /CUMBERLAND ST,80084fac-5de8-40c0-a74d-6d1a5686d20e,1761081009056,burnaby.gis,1761081009056,burnaby.gis,1757980800000,POINT (-122.918783954 49.2326706983)
2254,,THEFT FROM AUTO,BURNABY,REIGATE RD : 7900 - 7999 Block,92cc37bf-f9b3-4e6e-b76e-86eb911e1827,1761081009056,burnaby.gis,1761081009056,burnaby.gis,1758844800000,POINT (-122.9448940718 49.2334933431)
2255,,THEFT FROM AUTO,BURNABY,PANDORA ST /STRATFORD AV,c54cf45d-fc21-4698-86ed-95a6c1852e82,1761081009056,burnaby.gis,1761081009056,burnaby.gis,1758844800000,POINT (-122.9767342008 49.282568068)
2256,,THEFT FROM AUTO,BURNABY,KINGSWAY /MCKAY AV,f7719c14-2ad3-48e7-b047-991e0ddfd0a3,1761081009056,burnaby.gis,1761081009056,burnaby.gis,1758931200000,POINT (-123.0027710686 49.2295266554)
2257,,THEFT FROM AUTO,BURNABY,EVERGREEN PL :  -  Block,d598f074-5eab-4bf8-9b81-6bffbcd6adf9,1761081009056,burnaby.gis,1761081009056,burnaby.gis,1759017600000,POINT (-122.8934055902 49.2498620332)
2258,,THEFT FROM AUTO,BURNABY,GLEN ABBEY DR /LINDRICK CT,72b9f4d4-21ef-4681-bd67-afc7518a85f2,1761081009056,burnaby.gis,1761081009056,burnaby.gis,1759017600000,POINT (-122.9437966089 49.2721905424)
2259,,THEFT FROM AUTO,BURNABY,WILLINGDON AV : 5400 - 5599 Block,d2ff4ab7-8338-4065-ad36-d7e2c79bec8c,1761081009056,burnaby.gis,1761081009056,burnaby.gis,1759190400000,POINT (-123.0033897065 49.2345724766)
2260,,BREAK & ENTER-OTHER,BURNABY,DOUGLAS RD /SPRINGER AV,06df6901-4736-4c02-9a89-9d46230c711a,1761081009056,burnaby.gis,1761081009056,burnaby.gis,1756684800000,POINT (-122.9883384375 49.26327735)
2261,,THEFT FROM AUTO,BURNABY,KITCHENER ST : 4360 - 4399 Block,3dfee39a-27bd-4085-84ac-1b09a25e0965,1761081009056,burnaby.gis,1761081009056,burnaby.gis,1756771200000,POINT (-123.006686712 49.2719923207)
2262,,THEFT FROM AUTO,BURNABY,HASTINGS ST : 4100 - 4199 Block,b0e40e6e-e8a2-4adc-a7a6-b833f0461720,1761081009056,burnaby.gis,1761081009056,burnaby.gis,1756857600000,POINT (-123.0127977367 49.2810463007)
2263,,THEFT FROM AUTO,BURNABY,HALIFAX ST : 6280 - 6499 Block,6579ab88-363a-456d-b41f-bff8ddd0a11a,1761081009056,burnaby.gis,1761081009056,burnaby.gis,1756944000000,POINT (-122.9714253941 49.2679916755)
2264,,THEFT FROM AUTO,BURNABY,6TH ST : 7430 - 7499 Block,39503475-a937-4fb8-80c6-0608f326c493,1761081009056,burnaby.gis,1761081009056,burnaby.gis,1756944000000,POINT (-122.934139517 49.2241451757)
2265,,THEFT FROM AUTO,BURNABY,HYTHE AV /PANDORA ST,deef99ca-7e93-4ab6-a2eb-476581f42d84,1761081009056,burnaby.gis,1761081009056,burnaby.gis,1757030400000,POINT (-122.9905351733 49.2826251531)
2266,,THEFT FROM AUTO,BURNABY,MARINE DR : 5970 - 5999 Block,2b08f208-6498-4daa-a52f-7f95dd37a2a1,1761081009056,burnaby.gis,1761081009056,burnaby.gis,1757030400000,POINT (-122.9765290814 49.205108087)
2267,,THEFT FROM AUTO,BURNABY,NEVILLE ST : 5400 - 5599 Block,501080e4-5836-4af3-8297-1ef0617ac58f,1761081009056,burnaby.gis,1761081009056,burnaby.gis,1757116800000,POINT (-122.9843888791 49.2139348672)
2268,,THEFT FROM AUTO,BURNABY,DOW AV : 6600 - 6799 Block,ad1baa12-9856-4fe3-9f5d-2b72c9684fbf,1761081009056,burnaby.gis,1761081009056,burnaby.gis,1757116800000,POINT (-123.0017368244 49.2229528889)
2269,,THEFT FROM AUTO,BURNABY,FRANCES ST : 5200 - 5499 Block,6971ffc1-4596-4f86-a363-643b0e528845,1761081009056,burnaby.gis,1761081009056,burnaby.gis,1757289600000,POINT (-122.9857576497 49.2791240707)
2270,,THEFT FROM AUTO,BURNABY,NELSON AV : 5800 - 5899 Block,115d5b46-2034-4f91-9b58-3b0d9f726445,1761081009056,burnaby.gis,1761081009056,burnaby.gis,1757289600000,POINT (-122.9942080506 49.2314096761)
2271,,THEFT OF AUTO,BURNABY,CURRAGH AV /KINGSWAY,a23f77fc-67dc-464b-8b31-baa669013949,1761081009056,burnaby.gis,1761081009056,burnaby.gis,1757289600000,POINT (-122.9747859917 49.2205484099)
2272,,THEFT FROM AUTO,BURNABY,CLIFF AV : 920 - 999 Block,dacd6eae-7a86-4dcf-ae2b-2bda572268e7,1761081009056,burnaby.gis,1761081009056,burnaby.gis,1757376000000,POINT (-122.9589932681 49.2756435214)
2273,,THEFT OF AUTO,BURNABY,ALBERT ST : 3700 - 3799 Block,0847bb3f-44d4-4219-9693-b63513ae6375,1761081009056,burnaby.gis,1761081009056,burnaby.gis,1757289600000,POINT (-123.022167902 49.2820389969)
2274,,THEFT FROM AUTO,BURNABY,VENABLES ST /WILLINGDON AV,291c3f0f-6217-4ce8-b90c-9ff9a8811e08,1761081009056,burnaby.gis,1761081009056,burnaby.gis,1757376000000,POINT (-123.0032046653 49.2764771462)
2275,,THEFT FROM AUTO,BURNABY,HAZEL ST : 4500 - 4599 Block,703ba6c8-0471-498c-b186-1b9594a2d26d,1761081009056,burnaby.gis,1761081009056,burnaby.gis,1757462400000,POINT (-123.0022857332 49.2304159086)
2276,,BREAK & ENTER-RESIDENCE,BURNABY,HASTINGS ST /INVERGARRY AV,7d746fee-754d-467f-8de8-257192af0bd0,1761081009056,burnaby.gis,1761081009056,burnaby.gis,1757462400000,POINT (-122.9603513327 49.280209869)
2277,,THEFT FROM AUTO,BURNABY,KINGSWAY /WILSON AV,df0dd579-00c7-4292-baee-e49005d44a65,1761081009056,burnaby.gis,1761081009056,burnaby.gis,1757462400000,POINT (-123.0078067228 49.2311790833)
2278,,THEFT FROM AUTO,BURNABY,CENTRAL BV : 4500 - 4699 Block,1c8794ca-44c0-4a2d-8a46-4992b08e4955,1761081009056,burnaby.gis,1761081009056,burnaby.gis,1757548800000,POINT (-123.0021909882 49.2251181164)
2279,,BREAK & ENTER-OTHER,BURNABY,ALPHA AV /DAWSON ST,a724faa6-37c1-4f3b-a709-7958077ddc6c,1761081009056,burnaby.gis,1761081009056,burnaby.gis,1757635200000,POINT (-123.0003883777 49.2644637986)
2280,,BREAK & ENTER-BUSINESS,BURNABY,HASTINGS ST : 5500 - 5599 Block,ac2573dc-619a-4942-9a9c-fadb15b19635,1761081009056,burnaby.gis,1761081009056,burnaby.gis,1757721600000,POINT (-122.9829935451 49.2803336585)
2281,,BREAK & ENTER-RESIDENCE,BURNABY,DAWSON ST /GILMORE AV,59354b1e-abe3-441d-a48c-4afa25b5d7bb,1761081009056,burnaby.gis,1761081009056,burnaby.gis,1757808000000,POINT (-123.0142750075 49.2644836263)
2282,,THEFT FROM AUTO,BURNABY,VENABLES ST : 4500 - 4599 Block,a3aea794-bd18-4c2e-ac52-471ea5cf0765,1761081009056,burnaby.gis,1761081009056,burnaby.gis,1757808000000,POINT (-123.0017507053 49.2764706353)
2283,,THEFT FROM AUTO,BURNABY,ROSSER AV /WILLIAM ST,43f547b8-6016-4421-b29e-7813e46d540e,1761081009056,burnaby.gis,1761081009056,burnaby.gis,1757808000000,POINT (-123.0059926832 49.2737926186)
2284,,THEFT FROM AUTO,BURNABY,CANADA WY : 6800 - 6899 Block,719a8ef9-e409-464a-ba99-63751ab7714f,1761081009056,burnaby.gis,1761081009056,burnaby.gis,1757894400000,POINT (-122.9446692357 49.227057897)
2285,,THEFT FROM AUTO,BURNABY,CARLETON AV /LISTER CT,c24370cc-40d5-4584-bf0c-1837f17d0f49,1761081009056,burnaby.gis,1761081009056,burnaby.gis,1757894400000,POINT (-123.0125350698 49.2440293222)
2286,,BREAK & ENTER-RESIDENCE,BURNABY,SMITH AV : 4900 - 5049 Block,ee5cd9d9-3a65-43a7-8e04-2e4087551c5c,1761081009056,burnaby.gis,1761081009056,burnaby.gis,1757894400000,POINT (-123.0198474467 49.2393185162)
2287,,BREAK & ENTER-BUSINESS,BURNABY,KINGSWAY /ROYAL OAK AV,caf07bb5-8c66-4aa0-a2a8-da417ba20830,1761081009056,burnaby.gis,1761081009056,burnaby.gis,1757980800000,POINT (-122.9889144716 49.2249674473)
2288,,THEFT FROM AUTO,BURNABY,CAMBRIDGE ST /GROSVENOR AV N,d0f81acf-45c2-4c89-a515-8577b116f8d3,1761081009056,burnaby.gis,1761081009056,burnaby.gis,1757980800000,POINT (-122.9848877457 49.2863122399)
2289,,THEFT FROM AUTO,BURNABY,CARSON ST /MCGREGOR AV,71caf59b-9450-4418-82ba-5b38c051d103,1761081009056,burnaby.gis,1761081009056,burnaby.gis,1758067200000,POINT (-122.9903663113 49.2094297295)
2290,,THEFT FROM AUTO,BURNABY,BUCKINGHAM DR /GORDON AV,3d8d2ca5-2634-4b91-b5c6-d24a069f5e09,1761081009056,burnaby.gis,1761081009056,burnaby.gis,1758067200000,POINT (-122.9549098914 49.2309755567)
2291,,THEFT FROM AUTO,BURNABY,PARKCREST DR /WOOLWICH AV,49a63114-b6b4-4a18-b534-9fc7379b2f86,1761081009056,burnaby.gis,1761081009056,burnaby.gis,1758067200000,POINT (-122.9727384009 49.2662429928)
2292,,BREAK & ENTER-OTHER,BURNABY,IMPERIAL ST /SPERLING AV,14752e3e-5c5c-4ab6-a53e-f0d9410f397a,1761081009056,burnaby.gis,1761081009056,burnaby.gis,1758153600000,POINT (-122.9647641453 49.2219358664)
2293,,THEFT FROM AUTO,BURNABY,PANDORA ST : 3700 - 3799 Block,b53a8567-7fd3-46eb-ba3e-82b839d9af2d,1761081009056,burnaby.gis,1761081009056,burnaby.gis,1758153600000,POINT (-123.0221528495 49.2829437675)
2294,,THEFT FROM AUTO,BURNABY,RIDLEY DR : 1000 - 1199 Block,f130a661-8866-4625-9985-da936c65558a,1761081009056,burnaby.gis,1761081009056,burnaby.gis,1758240000000,POINT (-122.9547941719 49.2737005674)
2295,,THEFT FROM AUTO,BURNABY,INGLETON AV /PARKER ST,d572cd78-f3bb-4a4b-819d-ada7563582b7,1761081009056,burnaby.gis,1761081009056,burnaby.gis,1758326400000,POINT (-123.0186625822 49.2757072663)
2296,,BREAK & ENTER-OTHER,BURNABY,DAWSON ST /ROSSER AV,7ce9030c-fa5d-427b-b26d-8eb78c4df895,1761081009056,burnaby.gis,1761081009056,burnaby.gis,1758240000000,POINT (-123.0060103867 49.2644449191)
2297,,BREAK & ENTER-OTHER,BURNABY,CANADA WY : 4910 - 4929 Block,3499ba7b-84d8-452d-990b-3004052d8494,1761081009056,burnaby.gis,1761081009056,burnaby.gis,1758326400000,POINT (-122.975254085 49.2458008404)
2298,,THEFT FROM AUTO,BURNABY,BERESFORD ST /SALISBURY AV,bc3f537b-3e58-4b24-86b6-d80840a9f74e,1761081009056,burnaby.gis,1761081009056,burnaby.gis,1758326400000,POINT (-122.9575225705 49.2170892517)
2299,,THEFT FROM AUTO,BURNABY,KINGSWAY : 4750 - 4799 Block,98e21894-b153-433a-9637-3df48c0c9837,1761081009056,burnaby.gis,1761081009056,burnaby.gis,1758326400000,POINT (-122.9970398555 49.2276422243)
2300,,THEFT FROM AUTO,BURNABY,MACPHERSON AV /MCKEE ST,07465ed9-3b57-4b98-a64e-8b3e7ff94476,1761081009056,burnaby.gis,1761081009056,burnaby.gis,1758412800000,POINT (-122.983003414 49.2112149182)
2301,,BREAK & ENTER-BUSINESS,BURNABY,BRENTWOOD DR /DELTA AV,280e98d3-b7bd-4964-88a8-1b68947edab4,1761081009056,burnaby.gis,1761081009056,burnaby.gis,1758326400000,POINT (-122.9922166388 49.2660633162)
2302,,THEFT OF AUTO,BURNABY,KATHLEEN AV /MAYBERRY ST,d228ad6b-c617-4f01-a056-21e9d9edb1b1,1761081009056,burnaby.gis,1761081009056,burnaby.gis,1758412800000,POINT (-123.0114183426 49.2262894013)
2303,,BREAK & ENTER-RESIDENCE,BURNABY,ELLESMERE AV : 400 - 599 Block,f22a49e3-3a54-41fa-ad95-016cd846e3ec,1761081009056,burnaby.gis,1761081009056,burnaby.gis,1758499200000,POINT (-122.9823101568 49.2797182203)
2304,,THEFT FROM AUTO,BURNABY,CARRIGAN CT /EOR - END OF ROAD,2914ed25-a567-430d-b44e-7b07e902f81c,1761081009056,burnaby.gis,1761081009056,burnaby.gis,1758499200000,POINT (-122.9020965244 49.2492125051)
2305,,BREAK & ENTER-OTHER,BURNABY,DOUGLAS RD /NORLAND AV,39157ae6-75cf-43eb-8f9b-d4035c654467,1761081009056,burnaby.gis,1761081009056,burnaby.gis,1758585600000,POINT (-122.9832666541 49.2592946656)
2306,,THEFT FROM AUTO,BURNABY,DUNDAS ST /ROSSER AV N,db4ad187-89a3-4982-85a6-0b858ddffec1,1761081009056,burnaby.gis,1761081009056,burnaby.gis,1758499200000,POINT (-123.005810123 49.2846289445)
2307,,THEFT FROM AUTO,BURNABY,KITCHENER ST /MADISON AV,cac09462-f4d0-419e-a542-ad27cba28a0b,1761081009056,burnaby.gis,1761081009056,burnaby.gis,1758585600000,POINT (-123.0087586486 49.2720131481)
2308,,THEFT FROM AUTO,BURNABY,BARNET RD : 7400 - 7799 Block,6bc48e85-c8db-4f90-a1e2-0e204676aca6,1761081009056,burnaby.gis,1761081009056,burnaby.gis,1758585600000,POINT (-122.9418994534 49.2893214754)
2309,,BREAK & ENTER-RESIDENCE,BURNABY,SANDBORNE AV /STATION HILL DR,e54e2342-4894-4d29-a746-69dce0d5a206,1761081009056,burnaby.gis,1761081009056,burnaby.gis,1758585600000,POINT (-122.9621385766 49.2103810132)
2310,,BREAK & ENTER-BUSINESS,BURNABY,NORTH FRASER WY : 7400 - 7699 Block,6052b914-2d99-4826-970a-740ae3904404,1761081009056,burnaby.gis,1761081009056,burnaby.gis,1758585600000,POINT (-122.9906068167 49.191420137)
2311,,BREAK & ENTER-OTHER,BURNABY,FRASER PARK DR : 7800 - 7899 Block,7bfce9d4-6514-4b58-9b03-d1c0cdd8c190,1761081009056,burnaby.gis,1761081009056,burnaby.gis,1758499200000,POINT (-122.9899543587 49.1857024718)
2312,,THEFT FROM AUTO,BURNABY,GILPIN CR : 4190 - 4299 Block,7480b426-97ce-4f49-b2f1-8190a6b995db,1761081009056,burnaby.gis,1761081009056,burnaby.gis,1758672000000,POINT (-123.0095217153 49.2405182397)
2313,,BREAK & ENTER-OTHER,BURNABY,BILL FOX WY /EOR - END OF ROAD,b3066c28-424c-4d95-80ce-c1b900e65337,1761081009056,burnaby.gis,1761081009056,burnaby.gis,1758672000000,POINT (-122.9884283112 49.1996026536)
2314,,BREAK & ENTER-BUSINESS,BURNABY,KINGSWAY /SUSSEX AV,8329a65a-f6f1-4108-9487-759f9ca538de,1761081009056,burnaby.gis,1761081009056,burnaby.gis,1758585600000,POINT (-122.9993183432 49.2283922605)
2315,,THEFT FROM AUTO,BURNABY,6TH ST : 6200 - 6269 Block,40939510-de27-4eb4-b820-a01bc4407e88,1761081009056,burnaby.gis,1761081009056,burnaby.gis,1758844800000,POINT (-122.9482583386 49.2352016539)
2316,,THEFT OF AUTO,BURNABY,CANADA WY /GARDNER CT,70170d66-408f-4b57-a5d9-fd5f03e0d7a8,1761081009056,burnaby.gis,1761081009056,burnaby.gis,1758844800000,POINT (-122.9964489902 49.254654845)
2317,,BREAK & ENTER-BUSINESS,BURNABY,DOUGLAS RD /NORLAND AV,bc6d7317-8df4-40fd-b92b-57fc63581edd,1761081009056,burnaby.gis,1761081009056,burnaby.gis,1758844800000,POINT (-122.9832666541 49.2592946656)
2318,,THEFT FROM AUTO,BURNABY,REIGATE RD : 8030 - 8059 Block,5ee92c5c-3a20-4a07-a9b5-a7f244082511,1761081009056,burnaby.gis,1761081009056,burnaby.gis,1759017600000,POINT (-122.9425363367 49.2339448228)
2319,,BREAK & ENTER-OTHER,BURNABY,ETON ST /INGLETON AV N,796b0e8a-af86-4aa2-b1f2-86d0360cafb6,1761081009056,burnaby.gis,1761081009056,burnaby.gis,1759190400000,POINT (-123.0175357529 49.2874311716)
2320,,THEFT FROM AUTO,BURNABY,12TH AV : 6200 - 6399 Block,21753422-e674-47cb-bbb8-44d2a88d25a5,1761081009056,burnaby.gis,1761081009056,burnaby.gis,1759190400000,POINT (-122.9643019893 49.2015439592)
2321,,THEFT FROM AUTO,BURNABY,SEA AV : 1 - 39 Block,9ea30a0c-3b6f-4187-8e4f-b9f2209c676b,1762974383597,burnaby.gis,1762974383597,burnaby.gis,1759276800000,POINT (-122.9794507416 49.2841830177)
2322,,THEFT FROM AUTO,BURNABY,COLBORNE AV : 6500 - 6669 Block,a725620d-862e-4439-bf82-c24fc523f944,1762974383597,burnaby.gis,1762974383597,burnaby.gis,1759622400000,POINT (-122.9708342442 49.2243553803)
2323,,THEFT FROM AUTO,BURNABY,MEADOW AV /RIVERBEND DR,71be3c85-40a4-4b31-840b-2b5d2c59b1eb,1762974383597,burnaby.gis,1762974383597,burnaby.gis,1759622400000,POINT (-122.9619924375 49.1913763908)
2324,,THEFT FROM AUTO,BURNABY,BARTLETT CT /EOR - END OF ROAD,f8961b7b-29d1-491f-9593-71d85b807ce3,1762974383597,burnaby.gis,1762974383597,burnaby.gis,1759708800000,POINT (-122.8986089361 49.2506435682)
2325,,THEFT FROM AUTO,BURNABY,PRODUCTION WY /THUNDERBIRD CR,8d72e4b8-4e82-42b0-82d6-646aba699736,1762974383597,burnaby.gis,1762974383597,burnaby.gis,1759795200000,POINT (-122.9188668195 49.2543488586)
2326,,THEFT FROM AUTO,BURNABY,BIRCHWOOD CR /GARDEN GROVE DR,9083b771-dbeb-4989-9708-5c1bf4fc2842,1762974383597,burnaby.gis,1762974383597,burnaby.gis,1759795200000,POINT (-122.9966776577 49.2462382993)
2327,,THEFT FROM AUTO,BURNABY,DAWSON ST : 4100 - 4169 Block,4031bb80-fa28-49b4-b752-d1719b97188f,1762974383597,burnaby.gis,1762974383597,burnaby.gis,1759881600000,POINT (-123.0133181263 49.2644790521)
2328,,THEFT FROM AUTO,BURNABY,DUNDAS ST /WARWICK AV N,ca54b1ca-86be-4052-ba87-46c62a35b6ab,1762974383597,burnaby.gis,1762974383597,burnaby.gis,1759881600000,POINT (-122.9780671745 49.2842997956)
2329,,THEFT FROM AUTO,BURNABY,CANADA WY /CHISELHAMPTON ST,e64a0cd2-1296-4717-8c41-533bb3bf75f5,1762974383597,burnaby.gis,1762974383597,burnaby.gis,1759881600000,POINT (-122.9618100284 49.2390930374)
2330,,THEFT FROM AUTO,BURNABY,MADISON AV /VENABLES ST,793844f8-481e-4ac6-b3a1-a6bdc3f3549a,1762974383597,burnaby.gis,1762974383597,burnaby.gis,1759968000000,POINT (-123.008729013 49.2765189026)
2331,,BREAK & ENTER-BUSINESS,BURNABY,GILMORE DV /MANOR ST,525f9d01-0ac9-493b-83d2-f267ec5a2821,1762974383597,burnaby.gis,1762974383597,burnaby.gis,1759881600000,POINT (-123.0120163585 49.2572015171)
2332,,THEFT FROM AUTO,BURNABY,ROSEWOOD ST : 7500 - 7649 Block,03bcae26-c03c-47e3-8476-78c8196d3ab6,1762974383597,burnaby.gis,1762974383597,burnaby.gis,1759968000000,POINT (-122.9458996039 49.2245660951)
2333,,THEFT FROM AUTO,BURNABY,KINGSWAY /WILLINGDON AV,3db7ff91-5896-47f4-89d2-417bd2b31786,1762974383597,burnaby.gis,1762974383597,burnaby.gis,1759968000000,POINT (-123.0048321208 49.2302021397)
2334,,THEFT OF AUTO,BURNABY,EDMONDS ST /SALISBURY AV,9c45aa52-949e-42ff-b993-0566ef19e926,1762974383597,burnaby.gis,1762974383597,burnaby.gis,1759968000000,POINT (-122.9570515375 49.2152122957)
2335,,THEFT FROM AUTO,BURNABY,HASTINGS ST : 5700 - 5799 Block,3c2671c0-36cb-4fc8-8350-d71f81102475,1762974383597,burnaby.gis,1762974383597,burnaby.gis,1760054400000,POINT (-122.9795450082 49.2803265832)
2336,,THEFT FROM AUTO,BURNABY,CENTRAL BV : 4500 - 4699 Block,34caef8d-2ceb-49ff-876c-5566c5046c18,1762974383597,burnaby.gis,1762974383597,burnaby.gis,1760140800000,POINT (-123.0021909882 49.2251181164)
2337,,BREAK & ENTER-OTHER,BURNABY,LEDGER AV /ROBERTS ST,76f3796e-bba3-4c4b-9d68-22b99c1ffeb4,1762974383597,burnaby.gis,1762974383597,burnaby.gis,1760227200000,POINT (-122.971863271 49.2443361179)
2338,,BREAK & ENTER-BUSINESS,BURNABY,CANADA WY : 4910 - 4929 Block,ffef2064-a89c-4ee6-bcac-21a3582412a0,1762974383597,burnaby.gis,1762974383597,burnaby.gis,1760227200000,POINT (-122.975254085 49.2458008404)
2339,,BREAK & ENTER-BUSINESS,BURNABY,BYRNE RD /MEADOW AV,48cce04e-e1cd-4965-96ba-922226c5faaa,1762974383597,burnaby.gis,1762974383597,burnaby.gis,1760400000000,POINT (-122.9772831327 49.2045149743)
2340,,BREAK & ENTER-BUSINESS,BURNABY,GILMORE DV /MANOR ST,04e04988-0ec4-428b-9ee6-5055433338dd,1762974383597,burnaby.gis,1762974383597,burnaby.gis,1760400000000,POINT (-123.0120163585 49.2572015171)
2341,,THEFT FROM AUTO,BURNABY,DENT AV /GRAVELEY ST,a8791a98-60c9-4a5a-8a2b-80bc5bddfb89,1762974383597,burnaby.gis,1762974383597,burnaby.gis,1760486400000,POINT (-123.0073817599 49.2701911344)
2342,,BREAK & ENTER-BUSINESS,BURNABY,NORLAND AV : 2800 - 2899 Block,9c90c926-3d97-4b59-a097-a6bbdafbbf8f,1762974383597,burnaby.gis,1762974383597,burnaby.gis,1760400000000,POINT (-122.9791101642 49.2585801278)
2343,,BREAK & ENTER-OTHER,BURNABY,GILMORE DV /MANOR ST,c295c523-1272-4b50-8d14-57b2664df2b1,1762974383597,burnaby.gis,1762974383597,burnaby.gis,1760572800000,POINT (-123.0120163585 49.2572015171)
2344,,THEFT FROM AUTO,BURNABY,GRIMMER ST : 5000 - 5039 Block,4586ac27-7da1-49c2-a829-0cceec83ce06,1762974383597,burnaby.gis,1762974383597,burnaby.gis,1760659200000,POINT (-122.992185214 49.2241409185)
2345,,THEFT FROM AUTO,BURNABY,GILMORE AV /VENABLES ST,ca4edec0-d661-483d-b43a-f1995abcf304,1762974383597,burnaby.gis,1762974383597,burnaby.gis,1760659200000,POINT (-123.0142377038 49.2765581884)
2346,,BREAK & ENTER-OTHER,BURNABY,GILMORE DV /MANOR ST,a35826ba-6158-4843-944d-4c37cda5b879,1762974383597,burnaby.gis,1762974383597,burnaby.gis,1760572800000,POINT (-123.0120163585 49.2572015171)
2347,,BREAK & ENTER-BUSINESS,BURNABY,GRAY AV : 6800 - 7199 Block,7314d562-65fd-447b-8639-09f22e309483,1762974383597,burnaby.gis,1762974383597,burnaby.gis,1760745600000,POINT (-122.9994960223 49.2201946313)
2348,,THEFT FROM AUTO,BURNABY,WESTLAWN DR : 4700 - 4729 Block,8da593c2-7f17-4d7e-bef1-200f99fb3acf,1762974383597,burnaby.gis,1762974383597,burnaby.gis,1760745600000,POINT (-122.9980853068 49.2740679519)
2349,,BREAK & ENTER-RESIDENCE,BURNABY,RUGBY ST : 5500 - 5699 Block,bd91aeae-d6d0-4977-a000-f03211f1ae1d,1762974383597,burnaby.gis,1762974383597,burnaby.gis,1760745600000,POINT (-122.9586656035 49.2373862492)
2350,,THEFT FROM AUTO,BURNABY,UNIVERSITY DR /UNIVERSITY DR,93071681-3ee3-4b9c-8b8a-b48de6ad0e5f,1762974383597,burnaby.gis,1762974383597,burnaby.gis,1760918400000,POINT (-122.9102936844 49.2804077837)
2351,,BREAK & ENTER-BUSINESS,BURNABY,GRIMMER ST : 5200 - 5399 Block,7218587a-bb8e-499a-a34d-1128f6819755,1762974383597,burnaby.gis,1762974383597,burnaby.gis,1760918400000,POINT (-122.986715328 49.223566405)
2352,,THEFT FROM AUTO,BURNABY,RIVERBEND CT /RIVERBEND DR,c36d2327-7c03-4c87-a353-ad3c6ef25b6f,1762974383597,burnaby.gis,1762974383597,burnaby.gis,1760918400000,POINT (-122.9679315222 49.1898333858)
2353,,THEFT FROM AUTO,BURNABY,WOODWAY PL /EOR - END OF ROAD,6aeae24b-6d2f-4e61-9b3c-171efafc3560,1762974383597,burnaby.gis,1762974383597,burnaby.gis,1760918400000,POINT (-122.9901229516 49.2666425219)
2354,,BREAK & ENTER-BUSINESS,BURNABY,NORTH FRASER WY : 4300 - 5159 Block,fb2746a4-3dff-49c8-83c9-ca212b24aa0a,1762974383597,burnaby.gis,1762974383597,burnaby.gis,1761004800000,POINT (-123.0028739584 49.1998095771)
2355,,THEFT FROM AUTO,BURNABY,RAYSIDE ST /WILTON AV,5d4dfaaa-973f-4177-aec9-6d1ceb159646,1762974383597,burnaby.gis,1762974383597,burnaby.gis,1761004800000,POINT (-122.957770981 49.2382944821)
2356,,THEFT FROM AUTO,BURNABY,OXFORD ST /ROSSER AV N,5289b88d-5d94-4399-84ec-6c07873abf78,1762974383597,burnaby.gis,1762974383597,burnaby.gis,1761177600000,POINT (-123.0057887663 49.2855303163)
2357,,BREAK & ENTER-BUSINESS,BURNABY,KINGSWAY : 7200 - 7299 Block,ed216b39-f920-4e28-a3c9-ac08818dc118,1762974383597,burnaby.gis,1762974383597,burnaby.gis,1761177600000,POINT (-122.9538047756 49.2183984994)
2358,,THEFT FROM AUTO,BURNABY,HORNE ST /EOR - END OF ROAD,db75052b-a7c0-4476-84ee-bee8f38f797e,1762974383597,burnaby.gis,1762974383597,burnaby.gis,1761177600000,POINT (-122.904248352 49.2498477337)
2359,,THEFT FROM AUTO,BURNABY,ELWELL ST : 7300 - 7347 Block,28a367d9-ddc7-4bba-91bd-76ba91285277,1762974383597,burnaby.gis,1762974383597,burnaby.gis,1761177600000,POINT (-122.9535394602 49.2214814923)
2360,,THEFT FROM AUTO,BURNABY,LOUGHEED HY : 4900 - 5099 Block,238ab867-8eb0-4d9e-96f0-0b46be62d53f,1762974383597,burnaby.gis,1762974383597,burnaby.gis,1761264000000,POINT (-122.9904744868 49.2650672793)
2361,,THEFT FROM AUTO,BURNABY,AYSHIRE DR /LYTHAM PL,a1e94edd-4c09-4507-a4bc-c3bb7b4b6b20,1762974383597,burnaby.gis,1762974383597,burnaby.gis,1761264000000,POINT (-122.944684131 49.274412882)
2362,,THEFT FROM AUTO,BURNABY,KINGSWAY /SUSSEX AV,b610e7e2-2d47-432c-8f6f-d6533af49cb2,1762974383597,burnaby.gis,1762974383597,burnaby.gis,1761350400000,POINT (-122.9993183432 49.2283922605)
2363,,THEFT FROM AUTO,BURNABY,KINGSWAY /SUSSEX AV,52b7ff23-d9e9-4c2a-88e1-e24b888c7a80,1762974383597,burnaby.gis,1762974383597,burnaby.gis,1761264000000,POINT (-122.9993183432 49.2283922605)
2364,,THEFT FROM AUTO,BURNABY,ROYAL OAK AV : 6800 - 6967 Block,ef0edbf7-d8b8-4d93-9cb3-f51f9c0212a2,1762974383597,burnaby.gis,1762974383597,burnaby.gis,1761436800000,POINT (-122.9886687111 49.2209309607)
2365,,THEFT FROM AUTO,BURNABY,BERWICK ST /KISBEY AV,d95067d2-25e4-4d70-a625-e605e4fecf71,1762974383597,burnaby.gis,1762974383597,burnaby.gis,1761609600000,POINT (-122.9785649419 49.2276369679)
2366,,THEFT OF AUTO,BURNABY,CARSON ST /SUSSEX AV,dff6718b-fe8a-478b-8616-f9fed7630edd,1762974383597,burnaby.gis,1762974383597,burnaby.gis,1760572800000,POINT (-123.004955965 49.210568176)
2367,,THEFT OF AUTO,BURNABY,KINGSWAY : 4800 - 4849 Block,c979ec23-064e-42db-b984-625b51add2f2,1762974383597,burnaby.gis,1762974383597,burnaby.gis,1761782400000,POINT (-122.995735521 49.2272131168)
2368,,BREAK & ENTER-BUSINESS,BURNABY,IMPERIAL ST /NELSON AV,32d288d0-a4a7-4f71-aad2-51fa5355bbd8,1762974383597,burnaby.gis,1762974383597,burnaby.gis,1761868800000,POINT (-122.9941882005 49.2219397056)
2369,,BREAK & ENTER-BUSINESS,BURNABY,GILLEY AV /MARINE DR,933311db-5d58-4a9e-ae2f-85f6b7420b7a,1762974383597,burnaby.gis,1762974383597,burnaby.gis,1759536000000,POINT (-122.9782970678 49.2054268276)
2370,,BREAK & ENTER-BUSINESS,BURNABY,PARK CR : 7728 - 7769 Block,b0826475-d38d-4152-ab57-8c6c6a6855ec,1762974383597,burnaby.gis,1762974383597,burnaby.gis,1759708800000,POINT (-122.9489031395 49.2098801082)
2371,,THEFT FROM AUTO,BURNABY,FULWELL ST : 4900 - 5199 Block,309a6c7a-0301-4a12-a2b5-2a63b1c9b3a5,1762974383597,burnaby.gis,1762974383597,burnaby.gis,1759795200000,POINT (-122.991240573 49.252747858)
2372,,BREAK & ENTER-BUSINESS,BURNABY,MAYBERRY ST /PATTERSON AV,ddf42b02-fac2-454f-a4fc-6293dc5417e0,1762974383597,burnaby.gis,1762974383597,burnaby.gis,1759708800000,POINT (-123.0126289236 49.2268424301)
2373,,THEFT FROM AUTO,BURNABY,FAIRLAWN DR : 4600 - 4699 Block,b85b21da-38b3-4dea-8c1b-52051b8c3208,1762974383597,burnaby.gis,1762974383597,burnaby.gis,1759795200000,POINT (-122.9993116716 49.2722072623)
2374,,BREAK & ENTER-BUSINESS,BURNABY,19TH AV /CANADA WY,6f9419cf-acde-44a3-b378-1b2e55f5ce6e,1762974383597,burnaby.gis,1762974383597,burnaby.gis,1759881600000,POINT (-122.9399803247 49.2233085807)
2375,,THEFT FROM AUTO,BURNABY,GODWIN AV /HARDWICK ST,a6c1a78f-f962-47cf-bcd6-c5958948745a,1762974383597,burnaby.gis,1762974383597,burnaby.gis,1759795200000,POINT (-122.9781602332 49.2517612552)
2376,,THEFT FROM AUTO,BURNABY,KINGSWAY : 4500 - 4529 Block,f907fc92-9fad-4d1b-afb8-0cb213bf97c7,1762974383597,burnaby.gis,1762974383597,burnaby.gis,1759968000000,POINT (-123.0043533134 49.2300458871)
2377,,THEFT FROM AUTO,BURNABY,EVERGREEN PL :  -  Block,0045cf46-144a-41b6-9f74-5b284f9aef55,1762974383597,burnaby.gis,1762974383597,burnaby.gis,1759968000000,POINT (-122.8934055902 49.2498620332)
2378,,THEFT FROM AUTO,BURNABY,GRANT ST /HOLDOM AV,0d434915-38e8-4d1b-acb0-451a42e2f7b4,1762974383597,burnaby.gis,1762974383597,burnaby.gis,1760227200000,POINT (-122.9811457872 49.2707135969)
2379,,BREAK & ENTER-OTHER,BURNABY,BAINBRIDGE AV /QUEENSBRIDGE DR,3934cc6f-2d00-4faf-9a63-f6789804a895,1762974383597,burnaby.gis,1762974383597,burnaby.gis,1760227200000,POINT (-122.9559552082 49.2597678661)
2380,,THEFT FROM AUTO,BURNABY,14TH AV /4TH ST,005779dc-b234-4308-a10b-3601ec1b1601,1762974383597,burnaby.gis,1762974383597,burnaby.gis,1760227200000,POINT (-122.9284292486 49.2234077248)
2381,,THEFT FROM AUTO,BURNABY,FRANCES ST /INGLETON AV,2788a977-2210-46c3-a532-2a39b84e881b,1762974383597,burnaby.gis,1762974383597,burnaby.gis,1759881600000,POINT (-123.0186577275 49.2793148065)
2382,,THEFT OF AUTO,BURNABY,KITCHENER ST : 4200 - 4299 Block,a1ddc85b-100c-428d-86a7-df21dbdb824c,1762974383597,burnaby.gis,1762974383597,burnaby.gis,1760486400000,POINT (-123.0104208237 49.2720292802)
2383,,THEFT FROM AUTO,BURNABY,SILVER AV : 6300 - 6599 Block,af0628bc-bd26-4114-9d58-0fe9f53289f6,1762974383597,burnaby.gis,1762974383597,burnaby.gis,1760572800000,POINT (-123.0065973802 49.2246702316)
2384,,THEFT FROM AUTO,BURNABY,DUNDAS ST /MACDONALD AV N,77d55aa6-57e4-4ead-9982-c43f6b8c04ce,1762974383597,burnaby.gis,1762974383597,burnaby.gis,1760572800000,POINT (-123.0161973125 49.2847072971)
2385,,THEFT FROM AUTO,BURNABY,16TH AV : 7300 - 7369 Block,bed586d9-3cb4-43e5-911b-dfef96b8bb72,1762974383597,burnaby.gis,1762974383597,burnaby.gis,1760572800000,POINT (-122.9468124914 49.2169204262)
2386,,BREAK & ENTER-RESIDENCE,BURNABY,ALBERT ST /CARLETON AV,d59151a8-572a-4c11-a44a-eb457ae07ca0,1762974383597,burnaby.gis,1762974383597,burnaby.gis,1760486400000,POINT (-123.011398381 49.2819735817)
2387,,THEFT FROM AUTO,BURNABY,MIDLAWN DR : 4561 - 4599 Block,6c610575-6901-47ea-ba7b-0d36b4aef27f,1762974383597,burnaby.gis,1762974383597,burnaby.gis,1760745600000,POINT (-123.0003157993 49.2710403481)
2388,,THEFT FROM AUTO,BURNABY,KENSINGTON AV /LOCHDALE ST,09eb7acb-cb49-4e18-be87-ceaafdc94ca9,1762974383597,burnaby.gis,1762974383597,burnaby.gis,1760918400000,POINT (-122.9701035606 49.2688892446)
2389,,THEFT FROM AUTO,BURNABY,HASTINGS ST /MACDONALD AV,425b4610-8c6c-4d8d-9280-c6e7c20e2445,1762974383597,burnaby.gis,1762974383597,burnaby.gis,1760918400000,POINT (-123.0162542962 49.2810659162)
2390,,THEFT FROM AUTO,BURNABY,BURKE ST : 4410 - 4499 Block,fae8bb33-c8ae-4648-acee-3401563f9cde,1762974383597,burnaby.gis,1762974383597,burnaby.gis,1760918400000,POINT (-123.0045467156 49.2369264465)
2391,,THEFT OF AUTO,BURNABY,EDMONDS ST : 7400 - 7449 Block,4044a8c5-330f-4dcc-965e-74b92d3f4ad0,1762974383597,burnaby.gis,1762974383597,burnaby.gis,1760918400000,POINT (-122.9479201308 49.2203921398)
2392,,BREAK & ENTER-OTHER,BURNABY,KINGSWAY : 4800 - 4849 Block,6e8ab814-6539-4e86-9640-abbc75c0442d,1762974383597,burnaby.gis,1762974383597,burnaby.gis,1760918400000,POINT (-122.995735521 49.2272131168)
2393,,THEFT FROM AUTO,BURNABY,LAWRENCE ST /PHILLIPS AV,ff111fb9-ecda-464c-bf14-9f3bd7467c49,1762974383597,burnaby.gis,1762974383597,burnaby.gis,1761091200000,POINT (-122.9486677509 49.258718024)
2394,,THEFT FROM AUTO,BURNABY,YALE ST : 3700 - 3799 Block,abf7edbe-d45b-4789-a9b0-2a1a3249addb,1762974383597,burnaby.gis,1762974383597,burnaby.gis,1761091200000,POINT (-123.0220290252 49.2901788122)
2395,,THEFT FROM AUTO,BURNABY,BONSOR AV : 6500 - 6599 Block,34803f43-2b0f-46fe-9262-909ebff33303,1762974383597,burnaby.gis,1762974383597,burnaby.gis,1761004800000,POINT (-122.9977513508 49.2242542572)
2396,,THEFT FROM AUTO,BURNABY,UNION ST : 6000 - 6599 Block,f3f47192-ddb1-4006-ad46-ee1e9db73576,1762974383597,burnaby.gis,1762974383597,burnaby.gis,1761091200000,POINT (-122.9684656107 49.2777982166)
2397,,BREAK & ENTER-OTHER,BURNABY,MADISON AV N /OXFORD ST,b39e8a84-1aca-4f66-bc19-ee1633420a2e,1762974383597,burnaby.gis,1762974383597,burnaby.gis,1761177600000,POINT (-123.0085535178 49.2855536675)
2398,,THEFT FROM AUTO,BURNABY,SARDIS ST : 4700 - 4899 Block,fb9c1636-0286-401b-8057-22bfd644489a,1762974383597,burnaby.gis,1762974383597,burnaby.gis,1760745600000,POINT (-122.9960157868 49.2334126008)
2399,,THEFT FROM AUTO,BURNABY,DOUGLAS RD : 2400 - 2499 Block,7b1aad51-0fdc-4028-8325-aaf63905347d,1762974383597,burnaby.gis,1762974383597,burnaby.gis,1761264000000,POINT (-122.98629437 49.2624918958)
2400,,BREAK & ENTER-BUSINESS,BURNABY,HALIFAX ST /WILLINGDON AV,64ef1790-7fe7-491a-9956-2f3d1c8d2fb3,1762974383597,burnaby.gis,1762974383597,burnaby.gis,1761350400000,POINT (-123.003233114 49.268026613)
2401,,THEFT FROM AUTO,BURNABY,VENABLES ST : 4200 - 4299 Block,61acd865-052e-4391-93b6-0fca34d58523,1762974383597,burnaby.gis,1762974383597,burnaby.gis,1761350400000,POINT (-123.0101111193 49.2765292698)
2402,,BREAK & ENTER-RESIDENCE,BURNABY,LINWOOD ST /SMITH AV,83022b4e-635b-4cb8-adae-7fd45acf1e91,1762974383597,burnaby.gis,1762974383597,burnaby.gis,1761436800000,POINT (-123.0197680368 49.2532963782)
2403,,BREAK & ENTER-RESIDENCE,BURNABY,BERESFORD ST /MARLBOROUGH AV,1982272d-40ca-44b7-9195-4e59b045f812,1762974383597,burnaby.gis,1762974383597,burnaby.gis,1761523200000,POINT (-122.9912295202 49.2204705996)
2404,,THEFT OF AUTO,BURNABY,16TH AV /1ST ST,2159c4ae-bc19-409f-8172-536c494f6b57,1762974383597,burnaby.gis,1762974383597,burnaby.gis,1761609600000,POINT (-122.9252214814 49.2279522637)
2405,,THEFT OF AUTO,BURNABY,ANOLA DR /DELTA AV,b977929e-921e-4b8c-8c74-03c17570ba5d,1762974383597,burnaby.gis,1762974383597,burnaby.gis,1760745600000,POINT (-122.99222205 49.2654633526)
2406,,THEFT OF AUTO,BURNABY,WOODWAY PL /EOR - END OF ROAD,bd2da83a-a09c-43db-a02d-a2acea6f8614,1762974383597,burnaby.gis,1762974383597,burnaby.gis,1761264000000,POINT (-122.9901229516 49.2666425219)
2407,,THEFT OF AUTO,BURNABY,FULTON AV : 7000 - 7199 Block,250e309b-7adc-445a-8dc1-75b09b57edd1,1762974383597,burnaby.gis,1762974383597,burnaby.gis,1761609600000,POINT (-122.9499416362 49.2207221873)
2408,,THEFT FROM AUTO,BURNABY,MAYWOOD ST : 4260 - 4299 Block,5a043255-6551-44a4-98f1-2af2ef658796,1762974383597,burnaby.gis,1762974383597,burnaby.gis,1761696000000,POINT (-123.0094340545 49.2239516707)
2409,,THEFT FROM AUTO,BURNABY,IRMIN ST /WAVERLEY AV,612539b1-b6d3-4e99-8788-1e0ff565cbdc,1762974383597,burnaby.gis,1762974383597,burnaby.gis,1761696000000,POINT (-122.9975395963 49.2157382668)
2410,,THEFT FROM AUTO,BURNABY,WAYBURNE DR : 3200 - 3699 Block,75b3bdc3-8403-4c31-90cf-41ea19ec95d7,1762974383597,burnaby.gis,1762974383597,burnaby.gis,1761696000000,POINT (-122.9939750791 49.2529956886)
2411,,BREAK & ENTER-BUSINESS,BURNABY,BURNLAKE DR : 8100 - 8222 Block,10a6b132-08be-4d08-9dcb-5dbaea1b2ec6,1762974383597,burnaby.gis,1762974383597,burnaby.gis,1761696000000,POINT (-122.9271943854 49.2488541706)
2412,,THEFT FROM AUTO,BURNABY,BRANTFORD AV : 6300 - 6799 Block,f68b933d-3399-4065-b2d3-8ed9a0f668be,1762974383597,burnaby.gis,1762974383597,burnaby.gis,1761782400000,POINT (-122.967796518 49.2245031573)
2413,,THEFT FROM AUTO,BURNABY,BAYTREE CT /GILPIN ST,d6974276-6509-4411-8ea1-407a818e1eca,1762974383597,burnaby.gis,1762974383597,burnaby.gis,1761782400000,POINT (-122.9871161705 49.2418550492)
2414,,THEFT FROM AUTO,BURNABY,JERSEY AV /SANDELL ST,24e39c8c-8707-44f6-9019-8c0ff5cbb557,1762974383597,burnaby.gis,1762974383597,burnaby.gis,1761868800000,POINT (-123.0170261817 49.2339775208)
2415,,THEFT FROM AUTO,BURNABY,HASTINGS ST /SPRINGER AV,cdc99429-8bc2-483e-9178-528836ae7d94,1762974383597,burnaby.gis,1762974383597,burnaby.gis,1761868800000,POINT (-122.98780574 49.2803501938)
2416,,BREAK & ENTER-BUSINESS,BURNABY,PIPER AV /WINSTON ST,52064656-c388-42a2-b0c3-a2332d579615,1762974383597,burnaby.gis,1762974383597,burnaby.gis,1761868800000,POINT (-122.9353633032 49.2482473006)
2417,,THEFT FROM AUTO,BURNABY,SILVER AV : 6300 - 6599 Block,4a240c4b-2732-44b7-ba0a-48c238a11060,1762974383597,burnaby.gis,1762974383597,burnaby.gis,1759363200000,POINT (-123.0065973802 49.2246702316)
2418,,THEFT FROM AUTO,BURNABY,LOUGHEED HY : 4100 - 4299 Block,7eb9c84d-918d-467c-8bec-0e911432e268,1762974383597,burnaby.gis,1762974383597,burnaby.gis,1759363200000,POINT (-123.0115123977 49.2662867556)
2419,,THEFT FROM AUTO,BURNABY,EDMONDS ST /SALISBURY AV,f46ce89c-d1a8-471c-9449-672e581a23fc,1762974383597,burnaby.gis,1762974383597,burnaby.gis,1759363200000,POINT (-122.9570515375 49.2152122957)
2420,,THEFT FROM AUTO,BURNABY,LOUGHEED HY : 4100 - 4299 Block,010eafd5-ccec-4041-bab5-14c38b061e65,1762974383597,burnaby.gis,1762974383597,burnaby.gis,1759449600000,POINT (-123.0115123977 49.2662867556)
2421,,THEFT FROM AUTO,BURNABY,DUNDAS ST /GAMMA AV N,7617a2a4-ee9a-4818-90db-2db653e096e6,1762974383597,burnaby.gis,1762974383597,burnaby.gis,1759622400000,POINT (-122.9946383818 49.2845586836)
2422,,THEFT FROM AUTO,BURNABY,DUTHIE AV : 1800 - 1899 Block,3fbac1e2-64a1-42da-a1bc-69ba6dfbe6cb,1762974383597,burnaby.gis,1762974383597,burnaby.gis,1759708800000,POINT (-122.9533600027 49.2674855352)
2423,,THEFT FROM AUTO,BURNABY,15TH AV : 7900 - 7999 Block,3c858bda-cb5f-45f6-a9a4-137692e7ed04,1762974383597,burnaby.gis,1762974383597,burnaby.gis,1759708800000,POINT (-122.9306784525 49.223290223)
2424,,THEFT FROM AUTO,BURNABY,LOUGHEED HY : 4100 - 4299 Block,a0c9f1a0-e581-45c0-ae0a-c9bd8095f9da,1762974383597,burnaby.gis,1762974383597,burnaby.gis,1759795200000,POINT (-123.0115123977 49.2662867556)
2425,,BREAK & ENTER-OTHER,BURNABY,CANADA WY /KENSINGTON AV,b247f81c-afcc-4c7c-a4f8-84c60d1aa838,1762974383597,burnaby.gis,1762974383597,burnaby.gis,1759881600000,POINT (-122.9685427032 49.2417566885)
2426,,BREAK & ENTER-BUSINESS,BURNABY,GILMORE DV /MANOR ST,fd6606cf-8d8d-463f-b035-4a4b2e70002a,1762974383597,burnaby.gis,1762974383597,burnaby.gis,1759968000000,POINT (-123.0120163585 49.2572015171)
2427,,THEFT FROM AUTO,BURNABY,11TH AV /18TH ST,6811e08b-6117-4f4d-8f9d-30d069c98f3a,1762974383597,burnaby.gis,1762974383597,burnaby.gis,1759968000000,POINT (-122.9490836093 49.2085892331)
2428,,BREAK & ENTER-BUSINESS,BURNABY,LOUGHEED HY : 4500 - 4599 Block,5d51ee2e-1d13-4d39-a31a-07c18d4e132b,1762974383597,burnaby.gis,1762974383597,burnaby.gis,1759968000000,POINT (-123.001803509 49.2663734997)
2429,,THEFT FROM AUTO,BURNABY,COMMERCE CT /PRODUCTION WY,485c1649-85dd-4f96-975f-e37c89b397d3,1762974383597,burnaby.gis,1762974383597,burnaby.gis,1760054400000,POINT (-122.9177719146 49.255436358)
2430,,THEFT FROM AUTO,BURNABY,KITCHENER ST : 6500 - 6699 Block,5854558e-b471-49d8-bcfa-531682ce10ba,1762974383597,burnaby.gis,1762974383597,burnaby.gis,1760054400000,POINT (-122.9673592104 49.2715985773)
2431,,THEFT FROM AUTO,BURNABY,GREENALL AV /MARINE WY,d6993715-1de4-4629-9e0a-a3a448412b48,1762974383597,burnaby.gis,1762974383597,burnaby.gis,1760140800000,POINT (-123.0179050736 49.2054302445)
2432,,THEFT OF AUTO,BURNABY,DAWSON ST /GILMORE AV,428bcc4a-1c92-4342-ab3a-23fb9341ddf0,1762974383597,burnaby.gis,1762974383597,burnaby.gis,1760140800000,POINT (-123.0142750075 49.2644836263)
2433,,BREAK & ENTER-BUSINESS,BURNABY,MOORCROFT CT /EOR - END OF ROAD,2834ea09-5d15-4608-b884-5e221b9a82e2,1762974383597,burnaby.gis,1762974383597,burnaby.gis,1760313600000,POINT (-122.9618153136 49.2594319088)
2434,,THEFT FROM AUTO,BURNABY,KINGSWAY : 5600 - 5649 Block,5614b61d-1578-4dd2-b5cf-5c6fc12c1215,1762974383597,burnaby.gis,1762974383597,burnaby.gis,1760227200000,POINT (-122.98172998 49.2226807063)
2435,,THEFT OF AUTO,BURNABY,GILMORE AV /REGENT ST,3e8ae978-16f4-47cc-8a2d-1ab2aae39aa5,1762974383597,burnaby.gis,1762974383597,burnaby.gis,1760486400000,POINT (-123.0139513134 49.2590302045)
2436,,THEFT FROM AUTO,BURNABY,BYRNE RD /MEADOW AV,cf3fcab0-5e7f-452c-aab0-d9683a456b8d,1762974383597,burnaby.gis,1762974383597,burnaby.gis,1760486400000,POINT (-122.9772831327 49.2045149743)
2437,,BREAK & ENTER-BUSINESS,BURNABY,KINGSWAY : 4092 - 4099 Block,afcb2d1e-9973-41c6-bce0-8eb853268db9,1762974383597,burnaby.gis,1762974383597,burnaby.gis,1760400000000,POINT (-123.0140004808 49.2327928526)
2438,,THEFT FROM AUTO,BURNABY,BYRNE RD : 5300 - 5499 Block,9f37c13f-0890-4034-97e8-f4b40a91428d,1762974383597,burnaby.gis,1762974383597,burnaby.gis,1760486400000,POINT (-122.9852189456 49.2002118737)
2439,,THEFT FROM AUTO,BURNABY,GAGLARDI WY /UNIVERSITY DR,393ea82d-f46b-445d-90d3-4a1b816b88cd,1762974383597,burnaby.gis,1762974383597,burnaby.gis,1760572800000,POINT (-122.9200489102 49.2801262728)
2440,,THEFT OF AUTO,BURNABY,BALMORAL ST /SALISBURY AV,93db9850-833c-441c-ad2e-14231d01a37e,1762974383597,burnaby.gis,1762974383597,burnaby.gis,1760572800000,POINT (-122.9575535684 49.2202093159)
2441,,THEFT FROM AUTO,BURNABY,LOUGHEED HY : 4500 - 4599 Block,81468e8c-fc8e-4609-badb-1a52e5c11789,1762974383597,burnaby.gis,1762974383597,burnaby.gis,1760486400000,POINT (-123.001803509 49.2663734997)
2442,,BREAK & ENTER-BUSINESS,BURNABY,NORLAND AV : 2800 - 2899 Block,b0113fac-ab0c-447a-abcc-758fefe754b2,1762974383597,burnaby.gis,1762974383597,burnaby.gis,1760400000000,POINT (-122.9791101642 49.2585801278)
2443,,THEFT FROM AUTO,BURNABY,KINGSWAY : 5590 - 5599 Block,4471bd28-3707-4a6c-b40e-a88661f98b19,1762974383597,burnaby.gis,1762974383597,burnaby.gis,1760486400000,POINT (-122.9827470445 49.2229950114)
2444,,BREAK & ENTER-OTHER,BURNABY,GILMORE DV /MANOR ST,40f4c4ca-11f8-4aa7-be04-3876b8008d99,1762974383597,burnaby.gis,1762974383597,burnaby.gis,1760486400000,POINT (-123.0120163585 49.2572015171)
2445,,BREAK & ENTER-RESIDENCE,BURNABY,SUMAS ST : 5900 - 6099 Block,11af3ec5-c263-43e5-9136-855f7287db1a,1762974383597,burnaby.gis,1762974383597,burnaby.gis,1760832000000,POINT (-122.9773050082 49.2662091241)
2446,,THEFT FROM AUTO,BURNABY,BURNFIELD CR : 8110 - 8229 Block,94d09ad1-cb08-4240-9249-d0110f3b25dc,1762974383597,burnaby.gis,1762974383597,burnaby.gis,1760832000000,POINT (-122.9456885556 49.2348732174)
2447,,THEFT OF AUTO,BURNABY,GRAVELEY ST /ROSSER AV,b6a1fa40-47e6-4bd8-b91b-df6807175834,1762974383597,burnaby.gis,1762974383597,burnaby.gis,1760918400000,POINT (-123.0060000085 49.2701780818)
2448,,THEFT FROM AUTO,BURNABY,HALIFAX ST /WARWICK AV,3b18b231-53bf-46c6-8665-c4c799a105c2,1762974383597,burnaby.gis,1762974383597,burnaby.gis,1761004800000,POINT (-122.9785375355 49.2679981416)
2449,,THEFT OF AUTO,BURNABY,14TH AV /NEWCOMBE ST,e72b42a6-19e7-4b57-b651-1e8e5dd0f15c,1762974383597,burnaby.gis,1762974383597,burnaby.gis,1759449600000,POINT (-122.9207986854 49.2278033954)
2450,,THEFT OF AUTO,BURNABY,16TH AV /MARY AV,b9b2716d-c8a5-4e1e-9a74-68c8369b1bd1,1762974383597,burnaby.gis,1762974383597,burnaby.gis,1761091200000,POINT (-122.9419630704 49.2194979826)
2451,,THEFT FROM AUTO,BURNABY,MADISON AV N /OXFORD ST,d7571801-edac-4980-ab16-f613af844ace,1762974383597,burnaby.gis,1762974383597,burnaby.gis,1761177600000,POINT (-123.0085535178 49.2855536675)
2452,,THEFT FROM AUTO,BURNABY,4TH ST : 7350 - 7399 Block,7717e659-13cb-4128-8186-b3ea292d89aa,1762974383597,burnaby.gis,1762974383597,burnaby.gis,1761264000000,POINT (-122.9327137397 49.2268250648)
2453,,THEFT FROM AUTO,BURNABY,HALSTON CT /WILTSHIRE PL,a58ffc25-a0fb-4c28-87fe-6f4ce2fe92c5,1762974383597,burnaby.gis,1762974383597,burnaby.gis,1761264000000,POINT (-122.9051252548 49.2481131892)
2454,,THEFT OF AUTO,BURNABY,GILMORE DV /MANOR ST,5d8de1f1-2172-4308-a156-b89e7f3ed0c5,1762974383597,burnaby.gis,1762974383597,burnaby.gis,1761350400000,POINT (-123.0120163585 49.2572015171)
2455,,BREAK & ENTER-BUSINESS,BURNABY,HAZEL ST : 4730 - 4799 Block,b3b819b8-0066-4767-96c7-c62408d4d784,1762974383597,burnaby.gis,1762974383597,burnaby.gis,1761436800000,POINT (-122.9970456459 49.2286500434)
2456,,THEFT FROM AUTO,BURNABY,15TH AV /6TH ST,530df764-6d33-44e7-8443-17552d4b0ae3,1762974383597,burnaby.gis,1762974383597,burnaby.gis,1761523200000,POINT (-122.9321201679 49.2225301192)
2457,,BREAK & ENTER-OTHER,BURNABY,ROYAL OAK AV : 6800 - 6967 Block,554c23ce-7322-4ce9-8062-da33ff844140,1762974383597,burnaby.gis,1762974383597,burnaby.gis,1761523200000,POINT (-122.9886687111 49.2209309607)
2458,,THEFT FROM AUTO,BURNABY,DUNNEDIN ST /KENSINGTON AV,47f94959-3ef8-42b0-b2c1-388329e4639f,1762974383597,burnaby.gis,1762974383597,burnaby.gis,1761523200000,POINT (-122.9700699393 49.2760861455)
2459,,BREAK & ENTER-BUSINESS,BURNABY,KINGSWAY /MCKAY AV,993d4865-435d-4e44-bd37-5500d9a67d52,1762974383597,burnaby.gis,1762974383597,burnaby.gis,1761523200000,POINT (-123.0027710686 49.2295266554)
2460,,THEFT FROM AUTO,BURNABY,LOUGHEED HY : 4100 - 4299 Block,47d92f08-8c44-4939-8e35-acc8ea9647ea,1762974383597,burnaby.gis,1762974383597,burnaby.gis,1761696000000,POINT (-123.0115123977 49.2662867556)
2461,,THEFT FROM AUTO,BURNABY,BRIGHTON AV /GOVERNMENT RD,5ca3f200-8b74-4be4-abe4-3fa08346147e,1762974383597,burnaby.gis,1762974383597,burnaby.gis,1761782400000,POINT (-122.9189853385 49.2508112569)
2462,,THEFT FROM AUTO,BURNABY,BELL AV /SALISH CT,a78e66f4-32a9-4303-b877-2f7ace3e7f2a,1762974383597,burnaby.gis,1762974383597,burnaby.gis,1761782400000,POINT (-122.9042942022 49.2526094537)
2463,,THEFT FROM AUTO,BURNABY,ELSOM AV : 5800 - 5899 Block,aaf06736-7c47-439f-8517-5d82832deaba,1762974383597,burnaby.gis,1762974383597,burnaby.gis,1761868800000,POINT (-123.0004630708 49.2314016248)
2464,,BREAK & ENTER-BUSINESS,BURNABY,PIPER AV /WINSTON ST,5fc17003-004d-4018-bb42-ceb93ad8f6e8,1762974383597,burnaby.gis,1762974383597,burnaby.gis,1761868800000,POINT (-122.9353633032 49.2482473006)
2465,,BREAK & ENTER-BUSINESS,BURNABY,DAWSON ST /WILLINGDON AV,fab01eb3-5990-416f-a29d-faaab39b42ec,1762974383597,burnaby.gis,1762974383597,burnaby.gis,1761782400000,POINT (-123.0032454866 49.2644334746)
2466,,THEFT FROM AUTO,BURNABY,DUNDAS ST /ESMOND AV N,520b6a26-acb8-4001-9e58-b8ffe7b32b1e,1762974383597,burnaby.gis,1762974383597,burnaby.gis,1759276800000,POINT (-123.0209370719 49.2847433452)
2467,,THEFT FROM AUTO,BURNABY,ROYAL OAK AV : 5630 - 5879 Block,264f4af7-8f04-4c15-8781-447fe5e928a9,1762974383597,burnaby.gis,1762974383597,burnaby.gis,1759363200000,POINT (-122.9889185448 49.2319784934)
2468,,THEFT FROM AUTO,BURNABY,STILL CREEK AV : 4500 - 4599 Block,cf4f4403-2e9c-4d4b-b06a-4a7601499610,1762974383597,burnaby.gis,1762974383597,burnaby.gis,1759363200000,POINT (-123.0027519006 49.2601074606)
2469,,BREAK & ENTER-BUSINESS,BURNABY,KINGSWAY /SUSSEX AV,c84e0a11-7d3b-4ba9-9916-7f2f418980ac,1762974383597,burnaby.gis,1762974383597,burnaby.gis,1759363200000,POINT (-122.9993183432 49.2283922605)
2470,,THEFT FROM AUTO,BURNABY,MARY AV /VISTA CR,1452a1bb-d870-4f2f-a77e-8b0399ace550,1762974383597,burnaby.gis,1762974383597,burnaby.gis,1759363200000,POINT (-122.9457981624 49.2225536576)
2471,,THEFT FROM AUTO,BURNABY,ALLMAN ST : 7700 - 7899 Block,ccaf2b15-4051-4be8-a928-5ceb21e9843c,1762974383597,burnaby.gis,1762974383597,burnaby.gis,1759363200000,POINT (-122.950664868 49.2347099226)
2472,,THEFT FROM AUTO,BURNABY,KINGSWAY : 4800 - 4849 Block,7005c6f9-3b27-432f-83f6-1703b860d061,1762974383597,burnaby.gis,1762974383597,burnaby.gis,1759449600000,POINT (-122.995735521 49.2272131168)
2473,,BREAK & ENTER-RESIDENCE,BURNABY,ELLESMERE AV : 1 - 199 Block,cd56eb4d-2f0a-444e-86e6-55b0ee974eca,1762974383597,burnaby.gis,1762974383597,burnaby.gis,1759363200000,POINT (-122.9822346852 49.2834704548)
2474,,BREAK & ENTER-BUSINESS,BURNABY,DAWSON ST /GILMORE AV,280058e2-1cfd-45a1-9e77-a5f29534cc23,1762974383597,burnaby.gis,1762974383597,burnaby.gis,1759449600000,POINT (-123.0142750075 49.2644836263)
2475,,THEFT FROM AUTO,BURNABY,LOUGHEED HY : 4100 - 4299 Block,392ad64d-a10a-46f4-9332-92604dda46d7,1762974383597,burnaby.gis,1762974383597,burnaby.gis,1759449600000,POINT (-123.0115123977 49.2662867556)
2476,,BREAK & ENTER-BUSINESS,BURNABY,IMPERIAL ST /NELSON AV,d80a884f-0531-4b0f-b62d-22c0812c1e7f,1762974383597,burnaby.gis,1762974383597,burnaby.gis,1759363200000,POINT (-122.9941882005 49.2219397056)
2477,,BREAK & ENTER-BUSINESS,BURNABY,DAWSON ST /ROSSER AV,ef1cb064-222f-47c0-a34f-ed15237a7e0a,1762974383597,burnaby.gis,1762974383597,burnaby.gis,1759622400000,POINT (-123.0060103867 49.2644449191)
2478,,BREAK & ENTER-OTHER,BURNABY,DOUGLAS RD /SPRINGER AV,5a271c6b-a190-46a0-8ea2-239da6b4be74,1762974383597,burnaby.gis,1762974383597,burnaby.gis,1759622400000,POINT (-122.9883384375 49.26327735)
2479,,THEFT FROM AUTO,BURNABY,DELTA AV : 1700 - 1759 Block,7c8743ad-282c-43f2-98bd-09b6369d1fa3,1762974383597,burnaby.gis,1762974383597,burnaby.gis,1759622400000,POINT (-122.9921955098 49.2687451284)
2480,,THEFT FROM AUTO,BURNABY,KALYK AV : 3400 - 3599 Block,b3be9446-9339-4d5f-b195-740725739b41,1762974383597,burnaby.gis,1762974383597,burnaby.gis,1759708800000,POINT (-123.0131388416 49.2535786027)
2481,,THEFT FROM AUTO,BURNABY,AUBREY ST /SPERLING AV,bec928cc-5bf5-4f34-af5d-739c827f84d0,1762974383597,burnaby.gis,1762974383597,burnaby.gis,1759795200000,POINT (-122.9646466625 49.2733980457)
2482,,THEFT FROM AUTO,BURNABY,BOUNDARY RD /HASTINGS ST,37113a07-a488-446b-aef7-8c092babb230,1762974383597,burnaby.gis,1762974383597,burnaby.gis,1759881600000,POINT (-123.0233680146 49.2811154081)
2483,,BREAK & ENTER-OTHER,BURNABY,BRIGHTON AV /GOVERNMENT RD,eabf04ac-3d09-4b2c-9b4a-b50bfeadf7e3,1762974383597,burnaby.gis,1762974383597,burnaby.gis,1759881600000,POINT (-122.9189853385 49.2508112569)
2484,,THEFT FROM AUTO,BURNABY,UNION ST : 6000 - 6599 Block,b60d15f7-9ffa-4f45-9650-6584cf7fba3b,1762974383597,burnaby.gis,1762974383597,burnaby.gis,1759881600000,POINT (-122.9684656107 49.2777982166)
2485,,BREAK & ENTER-OTHER,BURNABY,MADISON AV : 2200 - 2399 Block,5e587676-ae07-4dd2-bb35-df34feb03a93,1762974383597,burnaby.gis,1762974383597,burnaby.gis,1759968000000,POINT (-123.0087722205 49.2633635403)
2486,,THEFT FROM AUTO,BURNABY,EAGLES DR /EOR - END OF ROAD,b98d008d-04d1-48eb-85e9-9e35bd5e4695,1762974383597,burnaby.gis,1762974383597,burnaby.gis,1760054400000,POINT (-122.9663992246 49.2324501665)
2487,,THEFT FROM AUTO,BURNABY,GILMORE AV : 1810 - 1999 Block,463acad3-c35a-42b3-bab7-88bfa254eceb,1762974383597,burnaby.gis,1762974383597,burnaby.gis,1760054400000,POINT (-123.0142674133 49.2670881767)
2488,,THEFT FROM AUTO,BURNABY,14TH AV : 7900 - 7999 Block,e7b6e16f-62f4-4398-b34e-e6e92b56cfb0,1762974383597,burnaby.gis,1762974383597,burnaby.gis,1760227200000,POINT (-122.9298638721 49.2226459765)
2489,,BREAK & ENTER-BUSINESS,BURNABY,SILVER DR : 6000 - 6069 Block,715e7c45-aee1-4c51-996f-6b1f8e151fcb,1762974383597,burnaby.gis,1762974383597,burnaby.gis,1760227200000,POINT (-123.0022303841 49.2288643729)
2490,,THEFT OF AUTO,BURNABY,GILMORE AV : 2000 - 2299 Block,a7765182-c4fa-41b0-aa16-ae2eba6db5ae,1762974383597,burnaby.gis,1762974383597,burnaby.gis,1760227200000,POINT (-123.0142710711 49.2653169457)
2491,,THEFT FROM AUTO,BURNABY,HAZEL ST : 4830 - 4899 Block,78e9f911-3cda-4a08-9136-53dab6175613,1762974383597,burnaby.gis,1762974383597,burnaby.gis,1760313600000,POINT (-122.9946476058 49.227933637)
2492,,BREAK & ENTER-BUSINESS,BURNABY,BERESFORD ST /DAISY AV,432c3aa3-ce0a-4a35-afd3-a01a5ef5a3b6,1762974383597,burnaby.gis,1762974383597,burnaby.gis,1760400000000,POINT (-122.9794335663 49.2180529869)
2493,,BREAK & ENTER-BUSINESS,BURNABY,MOORCROFT CT /EOR - END OF ROAD,48cf3d6a-0369-4fc1-881c-dbf1ab37fffc,1762974383597,burnaby.gis,1762974383597,burnaby.gis,1760400000000,POINT (-122.9618153136 49.2594319088)
2494,,THEFT FROM AUTO,BURNABY,GAMMA AV /UNION ST,ba6f0aa8-0f47-404e-a3c3-f745d723664e,1762974383597,burnaby.gis,1762974383597,burnaby.gis,1760400000000,POINT (-122.9947575173 49.2773453415)
2495,,THEFT FROM AUTO,BURNABY,BRYANT ST : 6000 - 6099 Block,3f79fe7b-e2ed-4907-afe7-c0e0272e57c1,1762974383597,burnaby.gis,1762974383597,burnaby.gis,1760400000000,POINT (-122.9755521068 49.2249388649)
2496,,THEFT FROM AUTO,BURNABY,REGENT ST : 4000 - 4099 Block,dbb8c590-beb9-41d1-bd3b-d445116e8182,1762974383597,burnaby.gis,1762974383597,burnaby.gis,1760486400000,POINT (-123.0145694447 49.2590361891)
2497,,BREAK & ENTER-OTHER,BURNABY,BROADWAY /KINGSFORD AV,314ca3d0-2de9-4b7c-a709-c76d1939d0fd,1762974383597,burnaby.gis,1762974383597,burnaby.gis,1760400000000,POINT (-122.9625119336 49.2614776284)
2498,,BREAK & ENTER-BUSINESS,BURNABY,KATHLEEN AV /KEMP ST,a270a7dc-380d-47af-88de-c8b6fdb9c565,1762974383597,burnaby.gis,1762974383597,burnaby.gis,1760486400000,POINT (-123.0071477209 49.2299011169)
2499,,THEFT FROM AUTO,BURNABY,CANADA WY /GARDNER CT,eb7cde4d-0533-4333-803b-8dda6783afe0,1762974383597,burnaby.gis,1762974383597,burnaby.gis,1760486400000,POINT (-122.9964489902 49.254654845)
2500,,THEFT FROM AUTO,BURNABY,GREEN CT : 1900 - 1999 Block,c9bba07a-2c89-48f8-adf3-6bfc227edf2c,1762974383597,burnaby.gis,1762974383597,burnaby.gis,1760572800000,POINT (-123.0043628073 49.267211866)
2501,,THEFT OF AUTO,BURNABY,DOMINION ST /ROYAL OAK AV,2e1b7971-9729-4bd9-8116-08cc116d66eb,1762974383597,burnaby.gis,1762974383597,burnaby.gis,1760572800000,POINT (-122.9889921732 49.2561375606)
2502,,THEFT OF AUTO,BURNABY,HOLLY ST /MARY AV,0d697335-5024-4ba2-ab9a-13542ba1cba6,1762974383597,burnaby.gis,1762974383597,burnaby.gis,1760572800000,POINT (-122.9465689076 49.2231761634)
2503,,THEFT OF AUTO,BURNABY,CLIFF AV /GIBSON ST,bba592a0-a9a4-48bd-81f6-07d5624aa190,1762974383597,burnaby.gis,1762974383597,burnaby.gis,1760572800000,POINT (-122.9591322884 49.2635854768)
2504,,BREAK & ENTER-BUSINESS,BURNABY,NORLAND AV : 2800 - 2899 Block,e3d082a7-11ef-478e-a54f-ff92c1e895c2,1762974383597,burnaby.gis,1762974383597,burnaby.gis,1760400000000,POINT (-122.9791101642 49.2585801278)
2505,,THEFT FROM AUTO,BURNABY,BERESFORD ST : 4400 - 4429 Block,6de95992-cbc7-4880-bca4-f043dcc5d24d,1762974383597,burnaby.gis,1762974383597,burnaby.gis,1760572800000,POINT (-123.004269328 49.2256232167)
2506,,THEFT OF AUTO,BURNABY,MAYWOOD ST /TELFORD AV,ec47909f-457f-4f49-8d5c-455650332f44,1762974383597,burnaby.gis,1762974383597,burnaby.gis,1760659200000,POINT (-123.0062592576 49.2224939704)
2507,,BREAK & ENTER-RESIDENCE,BURNABY,BURNFIELD CR /FIELD PL,abe4c3c8-8a31-4ebb-b0d9-73c5596dd78b,1762974383597,burnaby.gis,1762974383597,burnaby.gis,1760745600000,POINT (-122.9464659777 49.234897615)
2508,,THEFT FROM AUTO,BURNABY,STRATFORD AV N : 1 - 199 Block,fa25f384-6c21-45b4-8fd0-63cb71932a49,1762974383597,burnaby.gis,1762974383597,burnaby.gis,1760832000000,POINT (-122.9766621842 49.2852264956)
2509,,THEFT FROM AUTO,BURNABY,17TH AV /18TH ST,eb9812b4-613d-4adb-8ea2-46d189e204b7,1762974383597,burnaby.gis,1762974383597,burnaby.gis,1760918400000,POINT (-122.9549667013 49.2135179456)
2510,,THEFT FROM AUTO,BURNABY,GEORGIA ST : 4800 - 4899 Block,bb2414b1-b757-463b-a271-b673b338db7c,1762974383597,burnaby.gis,1762974383597,burnaby.gis,1760918400000,POINT (-122.9934301357 49.27824544)
2511,,BREAK & ENTER-OTHER,BURNABY,CAMERON ST : 9300 - 9599 Block,52924570-55a1-4d7a-b518-324e4524255d,1762974383597,burnaby.gis,1762974383597,burnaby.gis,1760918400000,POINT (-122.900515397 49.2534638804)
2512,,BREAK & ENTER-OTHER,BURNABY,CANADA WY /WEDGEWOOD ST,eb5f5104-2d4a-4874-9a01-d9a0fc7a210d,1762974383597,burnaby.gis,1762974383597,burnaby.gis,1760918400000,POINT (-122.9416607224 49.2246006195)
2513,,THEFT FROM AUTO,BURNABY,14TH AV /GRIFFITHS DR,6dd08daf-1d4e-40fc-821c-35292483c5cc,1762974383597,burnaby.gis,1762974383597,burnaby.gis,1760918400000,POINT (-122.9537306314 49.2097596465)
2514,,THEFT FROM AUTO,BURNABY,BOUNDARY RD N /OXFORD ST,662149af-c285-4b87-9fbb-2d19e4501ca2,1762974383597,burnaby.gis,1762974383597,burnaby.gis,1761091200000,POINT (-123.0232924776 49.285665446)
2515,,THEFT FROM AUTO,BURNABY,KINGSWAY /PATTERSON AV,b809a25e-f1a8-468b-94b6-8086e11a518e,1762974383597,burnaby.gis,1762974383597,burnaby.gis,1761091200000,POINT (-123.0126604992 49.2326425152)
2516,,BREAK & ENTER-RESIDENCE,BURNABY,BAINBRIDGE AV /QUEENSBRIDGE DR,3a6a08c9-bc78-4c9a-b5ea-d3832dbb523e,1762974383597,burnaby.gis,1762974383597,burnaby.gis,1761177600000,POINT (-122.9559552082 49.2597678661)
2517,,THEFT FROM AUTO,BURNABY,NELSON AV : 6500 - 6589 Block,f3c3ff41-248f-4993-9231-72daee0b6d69,1762974383597,burnaby.gis,1762974383597,burnaby.gis,1761264000000,POINT (-122.994200878 49.224358858)
2518,,THEFT FROM AUTO,BURNABY,GILPIN CR /PARKWOOD AV,8e501fc9-f197-42d5-978e-2ef0fc386faf,1762974383597,burnaby.gis,1762974383597,burnaby.gis,1761177600000,POINT (-123.011024968 49.2409497466)
2519,,BREAK & ENTER-BUSINESS,BURNABY,EMILY ST /EOR - END OF ROAD,b0eec1f4-482d-42a3-8eba-9f5b1bffd047,1762974383597,burnaby.gis,1762974383597,burnaby.gis,1761264000000,POINT (-122.9843107697 49.187624408)
2520,,THEFT FROM AUTO,BURNABY,GOLETA DR /HALIFAX ST,113cb891-ac0a-4e4b-b7df-1c5f766674c3,1762974383597,burnaby.gis,1762974383597,burnaby.gis,1761264000000,POINT (-122.949658102 49.2679681668)
2521,,THEFT FROM AUTO,BURNABY,BURNWOOD DR /GREYSTONE DR,8e4369af-fc78-452b-b575-9f2b4f82d24b,1762974383597,burnaby.gis,1762974383597,burnaby.gis,1761264000000,POINT (-122.9452315955 49.2703005889)
2522,,BREAK & ENTER-OTHER,BURNABY,MARLBOROUGH AV : 6560 - 6599 Block,39c7e661-3cc7-426f-ad27-98d24b5071e4,1762974383597,burnaby.gis,1762974383597,burnaby.gis,1761350400000,POINT (-122.9915566105 49.2237668255)
2523,,BREAK & ENTER-RESIDENCE,BURNABY,CAMBRIDGE ST /INGLETON AV N,b6b37475-62cc-4c67-8598-68ba9bb8cd28,1762974383597,burnaby.gis,1762974383597,burnaby.gis,1761264000000,POINT (-123.0185345729 49.2865306492)
2524,,THEFT FROM AUTO,BURNABY,MAYWOOD ST /WILLINGDON AV,95d9512c-ecd9-4257-b317-ed4b3e071d3c,1762974383597,burnaby.gis,1762974383597,burnaby.gis,1761436800000,POINT (-123.0108297139 49.2245895288)
2525,,BREAK & ENTER-BUSINESS,BURNABY,DAWSON ST /MADISON AV,30440bb7-4842-428d-94cd-d05a0b2741ca,1762974383597,burnaby.gis,1762974383597,burnaby.gis,1761436800000,POINT (-123.0087687469 49.2644573274)
2526,,THEFT OF AUTO,BURNABY,WOODWAY PL /EOR - END OF ROAD,563773b9-b035-45b0-8fd9-eeb7cc15892b,1762974383597,burnaby.gis,1762974383597,burnaby.gis,1761436800000,POINT (-122.9901229516 49.2666425219)
2527,,THEFT FROM AUTO,BURNABY,CLINTON ST /MACPHERSON AV,9408a957-bb71-4626-943f-c6b923ed2ab3,1762974383597,burnaby.gis,1762974383597,burnaby.gis,1761609600000,POINT (-122.9830227515 49.2130155737)
2528,,BREAK & ENTER-RESIDENCE,BURNABY,ETON ST /INGLETON AV N,f55f842f-39f5-48de-9637-e9eabdf5e396,1762974383597,burnaby.gis,1762974383597,burnaby.gis,1761782400000,POINT (-123.0175357529 49.2874311716)
2529,,THEFT FROM AUTO,BURNABY,19TH AV : 7900 - 7999 Block,67d7b609-383b-4212-96d9-ab7b5865dada,1762974383597,burnaby.gis,1762974383597,burnaby.gis,1761868800000,POINT (-122.9344127062 49.2262660485)
2530,,THEFT FROM AUTO,BURNABY,CARIBOO DR /CARIBOO RD,ced9fec3-0e25-4284-b13c-20c63fcacc75,1762974383597,burnaby.gis,1762974383597,burnaby.gis,1760140800000,POINT (-122.9088189769 49.2428951393)
2531,,THEFT OF AUTO,BURNABY,BALMORAL ST /SALISBURY AV,33c9eb7e-d8e6-4f0f-894b-85007bbda385,1765909532268,burnaby.gis,1765909532268,burnaby.gis,1761955200000,POINT (-122.9575535684 49.2202093159)
2532,,BREAK & ENTER-OTHER,BURNABY,HOLDOM AV : 800 - 999 Block,653161a2-6274-481a-8f33-85f598f113b0,1765909532268,burnaby.gis,1765909532268,burnaby.gis,1761955200000,POINT (-122.9809767429 49.2763872122)
2533,,THEFT FROM AUTO,BURNABY,11TH AV /4TH ST,4ccd598e-cb99-40ae-a7ce-02f981f7dd91,1765909532268,burnaby.gis,1765909532268,burnaby.gis,1761955200000,POINT (-122.9257017578 49.2212739609)
2534,,THEFT OF AUTO,BURNABY,2ND AV /INGLETON AV,7a0f779b-1b34-4384-a9cc-c11aaa4489ac,1765909532268,burnaby.gis,1765909532268,burnaby.gis,1761955200000,POINT (-123.0187063669 49.2684723305)
2535,,THEFT FROM AUTO,BURNABY,BOUNDARY RD : 6000 - 6199 Block,a1ceb547-bb9f-4351-b95a-4201821202e6,1765909532268,burnaby.gis,1765909532268,burnaby.gis,1761955200000,POINT (-123.0235289532 49.2286676031)
2536,,THEFT FROM AUTO,BURNABY,KEITH ST /ROYAL OAK AV,dacbe060-de96-4d28-a8fe-279b4a8552d6,1765909532268,burnaby.gis,1765909532268,burnaby.gis,1762041600000,POINT (-122.9884703043 49.2077206361)
2537,,BREAK & ENTER-OTHER,BURNABY,IMPERIAL ST /JUBILEE AV,8cd0804f-0d2f-4195-9953-10c4e5e206c4,1765909532268,burnaby.gis,1765909532268,burnaby.gis,1762041600000,POINT (-122.9958882663 49.221939196)
2538,,THEFT FROM AUTO,BURNABY,EDINBURGH ST /GILMORE AV N,11bf202a-2d70-4287-9959-4186bee36dfe,1765909532268,burnaby.gis,1765909532268,burnaby.gis,1762041600000,POINT (-123.0139509766 49.2910176912)
2539,,THEFT FROM AUTO,BURNABY,CARLETON AV /HASTINGS ST,365e3176-a68a-4a6b-a2d4-dee91a80b1d2,1765909532268,burnaby.gis,1765909532268,burnaby.gis,1761955200000,POINT (-123.0114172545 49.281042017)
2540,,BREAK & ENTER-OTHER,BURNABY,GILMORE AV : 2300 - 2599 Block,56943c18-e316-42be-b4f4-266ff2b6e601,1765909532268,burnaby.gis,1765909532268,burnaby.gis,1762128000000,POINT (-123.0142825703 49.2626651008)
2541,,THEFT FROM AUTO,BURNABY,MADISON AV /NAPIER ST,044e83f1-b8be-4950-89a7-a68f1df605b7,1765909532268,burnaby.gis,1765909532268,burnaby.gis,1762128000000,POINT (-123.0087491267 49.2747254644)
2542,,THEFT OF AUTO,BURNABY,YALE ST : 4100 - 4199 Block,a462812b-a4cf-43ff-9fae-4f0729a422bb,1765909532268,burnaby.gis,1765909532268,burnaby.gis,1762128000000,POINT (-123.0125933304 49.2901029036)
2543,,BREAK & ENTER-BUSINESS,BURNABY,BERESFORD ST /DAISY AV,ac84a987-cbb2-4ff4-949e-3fb59f79aad8,1765909532268,burnaby.gis,1765909532268,burnaby.gis,1762128000000,POINT (-122.9794335663 49.2180529869)
2544,,THEFT FROM AUTO,BURNABY,GAMMA AV N : 200 - 399 Block,10ddabb4-312b-4040-866f-e9001c2f50f2,1765909532268,burnaby.gis,1765909532268,burnaby.gis,1762128000000,POINT (-122.9945928472 49.2877693619)
2545,,BREAK & ENTER-OTHER,BURNABY,MARLBOROUGH AV : 6560 - 6599 Block,7661a1d8-31ae-46b4-a318-888dcb415c10,1765909532268,burnaby.gis,1765909532268,burnaby.gis,1762128000000,POINT (-122.9915566105 49.2237668255)
2546,,THEFT FROM AUTO,BURNABY,CENTAURUS DR /VEGA CT,7ac480e4-9460-4d0d-8c05-07b7ad885d5a,1765909532268,burnaby.gis,1765909532268,burnaby.gis,1762128000000,POINT (-122.9090569824 49.2571366325)
2547,,THEFT OF AUTO,BURNABY,NORFOLK ST /SUMNER AV,dc0f9c25-ecba-44b6-a5bc-5e8671b78488,1765909532268,burnaby.gis,1765909532268,burnaby.gis,1762128000000,POINT (-123.0082989287 49.2553915495)
2548,,BREAK & ENTER-BUSINESS,BURNABY,WILLINGDON AV : 4800 - 4849 Block,2f84adb6-1b91-4ec5-b05b-c9f04374d00a,1765909532268,burnaby.gis,1765909532268,burnaby.gis,1762128000000,POINT (-123.0033720995 49.2413768942)
2549,,THEFT FROM AUTO,BURNABY,WESTLAKE ST : 8150 - 8189 Block,5c4ca8ab-ae7a-4f62-b9c9-789a0a7aeb39,1765909532268,burnaby.gis,1765909532268,burnaby.gis,1762214400000,POINT (-122.9268620702 49.2529555419)
2550,,THEFT FROM AUTO,BURNABY,DELTA AV /UNION ST,5ec821bd-8df0-41fd-8ab6-1f76c911dce3,1765909532268,burnaby.gis,1765909532268,burnaby.gis,1762214400000,POINT (-122.992124362 49.2773370103)
2551,,BREAK & ENTER-OTHER,BURNABY,ETON ST : 4200 - 4299 Block,eeb03376-343b-43df-9f1c-cfab222d793e,1765909532268,burnaby.gis,1765909532268,burnaby.gis,1762214400000,POINT (-123.0098919635 49.2873732558)
2552,,THEFT FROM AUTO,BURNABY,STILL CREEK AV : 4500 - 4599 Block,822aafff-df7f-4842-affd-7b4a28e4c098,1765909532268,burnaby.gis,1765909532268,burnaby.gis,1762214400000,POINT (-123.0027519006 49.2601074606)
2553,,THEFT FROM AUTO,BURNABY,KATHLEEN AV /KEMP ST,01554084-edca-43ad-8c08-e09d539bab90,1765909532268,burnaby.gis,1765909532268,burnaby.gis,1762214400000,POINT (-123.0071477209 49.2299011169)
2554,,THEFT OF AUTO,BURNABY,PARKER ST : 3700 - 3739 Block,a4431463-f161-44e2-a225-246b2bf65e8f,1765909532268,burnaby.gis,1765909532268,burnaby.gis,1762214400000,POINT (-123.0226677027 49.2757492994)
2555,,BREAK & ENTER-OTHER,BURNABY,ALBERT ST : 4400 - 4499 Block,4cd5be22-a3fe-4e1b-a522-dbbf5d3106c4,1765909532268,burnaby.gis,1765909532268,burnaby.gis,1762214400000,POINT (-123.0044877322 49.2819087653)
2556,,BREAK & ENTER-OTHER,BURNABY,GILMORE AV N /YALE ST,2db79707-f680-439a-8ccc-65ccdc671e28,1765909532268,burnaby.gis,1765909532268,burnaby.gis,1762214400000,POINT (-123.0139805963 49.2901128613)
2557,,THEFT FROM AUTO,BURNABY,DELTA AV /FRANCES ST,52a39a54-1522-45ba-a1e5-d75c752c92b2,1765909532268,burnaby.gis,1765909532268,burnaby.gis,1762214400000,POINT (-122.9921025897 49.2791448369)
2558,,THEFT FROM AUTO,BURNABY,VENABLES ST : 4900 - 5199 Block,c9fac3f0-eca5-484b-8b06-0837c0b46deb,1765909532268,burnaby.gis,1765909532268,burnaby.gis,1762214400000,POINT (-122.9899928545 49.2764221948)
2559,,THEFT FROM AUTO,BURNABY,KINGSWAY /SUSSEX AV,a8543b25-67f1-42c9-9d21-0264ca0b0fb2,1765909532268,burnaby.gis,1765909532268,burnaby.gis,1762128000000,POINT (-122.9993183432 49.2283922605)
2560,,THEFT FROM AUTO,BURNABY,SOUTHWOOD ST : 4100 - 4299 Block,2e37cf7a-8e22-41e9-943c-dbff3e77aa1d,1765909532268,burnaby.gis,1765909532268,burnaby.gis,1762214400000,POINT (-123.0105300898 49.2134712157)
2561,,BREAK & ENTER-RESIDENCE,BURNABY,IMPERIAL ST : 5050 - 5092 Block,d0d441af-0494-4743-8dd7-cc0e54d45c34,1765909532268,burnaby.gis,1765909532268,burnaby.gis,1762300800000,POINT (-122.9911000854 49.2219429105)
2562,,THEFT FROM AUTO,BURNABY,ABBEY AV /SARDIS ST,50b656c6-1690-4beb-9e6a-a0227c3e17d4,1765909532268,burnaby.gis,1765909532268,burnaby.gis,1762300800000,POINT (-123.0062422341 49.2342118628)
2563,,BREAK & ENTER-BUSINESS,BURNABY,IMPERIAL ST /JUBILEE AV,3c7010a7-2a22-4994-be0e-185fc79ec3ea,1765909532268,burnaby.gis,1765909532268,burnaby.gis,1762128000000,POINT (-122.9958882663 49.221939196)
2564,,THEFT FROM AUTO,BURNABY,KINGSWAY : 4310 - 4429 Block,f725ceee-741e-4971-b78d-2b284f0abae8,1765909532268,burnaby.gis,1765909532268,burnaby.gis,1762300800000,POINT (-123.0070570437 49.2309327117)
2565,,THEFT FROM AUTO,BURNABY,CANADA WY /WEDGEWOOD ST,33063c3c-b909-493f-b312-330c4a5d4399,1765909532268,burnaby.gis,1765909532268,burnaby.gis,1762300800000,POINT (-122.9416607224 49.2246006195)
2566,,THEFT FROM AUTO,BURNABY,SILVER AV : 6300 - 6599 Block,97507a06-17d4-4ad5-b578-7f8d35ecd0e0,1765909532268,burnaby.gis,1765909532268,burnaby.gis,1762300800000,POINT (-123.0065973802 49.2246702316)
2567,,THEFT FROM AUTO,BURNABY,KINGSBOROUGH ST /MCKAY AV,50dd1d95-81f3-4889-8cc4-77a585e28720,1765909532268,burnaby.gis,1765909532268,burnaby.gis,1762214400000,POINT (-123.0045256503 49.2279559386)
2568,,THEFT FROM AUTO,BURNABY,DOMINION ST /SUMNER AV,fc186942-7385-4b0d-9cc3-40a3ec887c05,1765909532268,burnaby.gis,1765909532268,burnaby.gis,1762300800000,POINT (-123.0082886172 49.2562942612)
2569,,BREAK & ENTER-BUSINESS,BURNABY,KINGSWAY /MACPHERSON AV,1113a1a9-1a54-418c-8e78-70444f5c0dec,1765909532268,burnaby.gis,1765909532268,burnaby.gis,1762128000000,POINT (-122.983064096 49.2230963281)
2570,,THEFT FROM AUTO,BURNABY,KINGSWAY : 4310 - 4429 Block,4e82d142-dfcb-496a-a273-d65c0d2a6f14,1765909532268,burnaby.gis,1765909532268,burnaby.gis,1762300800000,POINT (-123.0070570437 49.2309327117)
2571,,THEFT FROM AUTO,BURNABY,KINGSWAY /SUSSEX AV,3d9bb246-f51e-4044-bbc7-dea179d8fe0a,1765909532268,burnaby.gis,1765909532268,burnaby.gis,1762387200000,POINT (-122.9993183432 49.2283922605)
2572,,THEFT FROM AUTO,BURNABY,PATRICK ST /ROSLYN AV,1ab682fe-1f88-45a8-8296-e9051fabe926,1765909532268,burnaby.gis,1765909532268,burnaby.gis,1762387200000,POINT (-122.9857612922 49.2085179067)
2573,,THEFT FROM AUTO,BURNABY,IRMIN ST /MCKAY AV,17ef69ce-9648-4915-b523-95b9eae2390e,1765909532268,burnaby.gis,1765909532268,burnaby.gis,1762387200000,POINT (-123.0086750185 49.2157377946)
2574,,THEFT FROM AUTO,BURNABY,LOUGHEED HY /NORTH RD,8d52b484-7a49-4413-bde6-2c81a7bbd2c5,1765909532268,burnaby.gis,1765909532268,burnaby.gis,1762387200000,POINT (-122.8927577593 49.2459373163)
2575,,BREAK & ENTER-OTHER,BURNABY,WALTHAM AV : 6100 - 6199 Block,1140f2d1-c8c7-4627-bf02-6910f3c48218,1765909532268,burnaby.gis,1765909532268,burnaby.gis,1762387200000,POINT (-122.9763483309 49.2281427707)
2576,,THEFT FROM AUTO,BURNABY,KINGSWAY : 4750 - 4799 Block,beef1487-1ab9-413f-b73d-1be5b2e2b78a,1765909532268,burnaby.gis,1765909532268,burnaby.gis,1762387200000,POINT (-122.9970398555 49.2276422243)
2577,,BREAK & ENTER-BUSINESS,BURNABY,RIVERBEND CT /EOR - END OF ROAD,6fe2287b-a15a-4658-8666-c36ff1a8c6f7,1765909532268,burnaby.gis,1765909532268,burnaby.gis,1762387200000,POINT (-122.9664716663 49.1885508885)
2578,,THEFT FROM AUTO,BURNABY,MAUREEN CR : 7100 - 7199 Block,c5eb2e9a-180b-4d8b-8f2c-720307fd0b52,1765909532268,burnaby.gis,1765909532268,burnaby.gis,1762473600000,POINT (-122.9545384794 49.2794638314)
2579,,BREAK & ENTER-OTHER,BURNABY,KINGSWAY : 4430 - 4499 Block,dbcd3721-14eb-4bed-80a1-f7770e1ec020,1765909532268,burnaby.gis,1765909532268,burnaby.gis,1762387200000,POINT (-123.0055697428 49.2304442398)
2580,,THEFT FROM AUTO,BURNABY,MAYBERRY ST /PATTERSON AV,c14cde69-8535-4f07-9cc4-b511bc0bdb5d,1765909532268,burnaby.gis,1765909532268,burnaby.gis,1762473600000,POINT (-123.0126289236 49.2268424301)
2581,,THEFT FROM AUTO,BURNABY,HASTINGS ST /MAUREEN CR,3abab54e-15cc-445e-835f-30a427ddde92,1765909532268,burnaby.gis,1765909532268,burnaby.gis,1762473600000,POINT (-122.9559292561 49.2803556325)
2582,,THEFT FROM AUTO,BURNABY,CENTRAL BV /PATTERSON AV,2878827c-9223-46ae-abf5-9297eee41162,1765909532268,burnaby.gis,1765909532268,burnaby.gis,1762473600000,POINT (-123.0126447256 49.2299050766)
2583,,THEFT FROM AUTO,BURNABY,DUNBLANE AV : 6600 - 6799 Block,c112c1e6-5f28-418c-85f2-421c07c94b60,1765909532268,burnaby.gis,1765909532268,burnaby.gis,1762473600000,POINT (-122.9928082 49.2227305364)
2584,,THEFT OF AUTO,BURNABY,NEWTON ST : 4900 - 5049 Block,217617fe-65c3-4ba9-9852-7ad10fc88dd7,1765909532268,burnaby.gis,1765909532268,burnaby.gis,1762473600000,POINT (-122.9928844037 49.226970304)
2585,,THEFT FROM AUTO,BURNABY,PENDER ST : 4200 - 4299 Block,b9eae0a6-ee2a-4cc9-959a-3ee25f9f043e,1765909532268,burnaby.gis,1765909532268,burnaby.gis,1762473600000,POINT (-123.0100505573 49.28014283)
2586,,BREAK & ENTER-BUSINESS,BURNABY,VENTURE ST : 7800 - 7999 Block,74dbc7c9-243b-4f22-bf95-fe9a9d3486af,1765909532268,burnaby.gis,1765909532268,burnaby.gis,1762387200000,POINT (-122.9365270124 49.2577057153)
2587,,BREAK & ENTER-RESIDENCE,BURNABY,LINDEN AV : 6900 - 7199 Block,db5d8a6e-bea5-4189-b9e4-cdb31cb2bd47,1765909532268,burnaby.gis,1765909532268,burnaby.gis,1762387200000,POINT (-122.9519575252 49.2206579825)
2588,,THEFT FROM AUTO,BURNABY,HAZEL ST : 4730 - 4799 Block,dcf9bedf-bf23-47ba-bcc0-3696f63009e2,1765909532268,burnaby.gis,1765909532268,burnaby.gis,1762387200000,POINT (-122.9970456459 49.2286500434)
2589,,THEFT FROM AUTO,BURNABY,KINGSWAY : 4310 - 4429 Block,45d21cb3-9d5b-4a37-a821-a80a6a04a6d7,1765909532268,burnaby.gis,1765909532268,burnaby.gis,1762387200000,POINT (-123.0070570437 49.2309327117)
2590,,BREAK & ENTER-BUSINESS,BURNABY,BERESFORD ST /ROYAL OAK AV,4e1db252-7177-40ad-bab3-bf0597b74c76,1765909532268,burnaby.gis,1765909532268,burnaby.gis,1762473600000,POINT (-122.9885594775 49.2199237483)
2591,,THEFT FROM AUTO,BURNABY,NEW HAVEN CL : 8400 - 8499 Block,52fb1e75-bd1e-43a3-980f-c064eefbfdee,1765909532268,burnaby.gis,1765909532268,burnaby.gis,1762560000000,POINT (-123.0084487215 49.2087455447)
2592,,BREAK & ENTER-BUSINESS,BURNABY,BULLER AV /KINGSWAY,01ee5be6-07a2-4bdc-8f8a-7dc7eac9194b,1765909532268,burnaby.gis,1765909532268,burnaby.gis,1762560000000,POINT (-122.9775293635 49.2213447534)
2593,,THEFT FROM AUTO,BURNABY,MONARCH ST : 5300 - 5559 Block,50986dc6-7387-4e4c-b464-ff66d29e9300,1765909532268,burnaby.gis,1765909532268,burnaby.gis,1762560000000,POINT (-122.9849914771 49.2448607993)
2594,,BREAK & ENTER-RESIDENCE,BURNABY,NEVILLE ST : 6100 - 6299 Block,9dbef9d0-3e70-4744-9d0b-9404e5488d70,1765909532268,burnaby.gis,1765909532268,burnaby.gis,1762560000000,POINT (-122.9733650203 49.2138320456)
2595,,THEFT FROM AUTO,BURNABY,STILL CREEK AV : 4500 - 4599 Block,9c22c3ca-4f2f-4cd2-b1c2-5e778eb8efd1,1765909532268,burnaby.gis,1765909532268,burnaby.gis,1762646400000,POINT (-123.0027519006 49.2601074606)
2596,,THEFT FROM AUTO,BURNABY,VENABLES ST /WILLINGDON AV,d7d3b57e-0c60-457a-9bc7-d1da6d91e194,1765909532268,burnaby.gis,1765909532268,burnaby.gis,1762560000000,POINT (-123.0032046653 49.2764771462)
2597,,THEFT FROM AUTO,BURNABY,KINGSWAY : 4900 - 5029 Block,32dbf85c-ccb5-4263-a102-ab97b0002d2f,1765909532268,burnaby.gis,1765909532268,burnaby.gis,1762646400000,POINT (-122.9928888742 49.2262762279)
2598,,THEFT FROM AUTO,BURNABY,BOND ST /CHESHAM AV,3849a233-d624-45c3-a6dc-2cda7697eb38,1765909532268,burnaby.gis,1765909532268,burnaby.gis,1762732800000,POINT (-123.0186644487 49.2355240292)
2599,,BREAK & ENTER-BUSINESS,BURNABY,GAGLARDI WY /UNIVERSITY DR,9f115e7f-7ed2-4b92-b8e4-917e5d6dbdad,1765909532268,burnaby.gis,1765909532268,burnaby.gis,1762387200000,POINT (-122.9200489102 49.2801262728)
2600,,THEFT FROM AUTO,BURNABY,GRANT ST /MADISON AV,f5bf6964-7b00-4ed7-bf21-76f68f7e7cfa,1765909532268,burnaby.gis,1765909532268,burnaby.gis,1762732800000,POINT (-123.0087605859 49.2711086134)
2601,,THEFT FROM AUTO,BURNABY,ELSOM AV /GRANGE ST,8a6fa3c0-7bf9-4aa5-8ff0-dd9bb12af2eb,1765909532268,burnaby.gis,1765909532268,burnaby.gis,1762819200000,POINT (-123.0004219955 49.23065529)
2602,,BREAK & ENTER-RESIDENCE,BURNABY,CAMBRIDGE ST /GROSVENOR AV N,1763adda-9584-4ea4-9ffd-36745d8ad04f,1765909532268,burnaby.gis,1765909532268,burnaby.gis,1762819200000,POINT (-122.9848877457 49.2863122399)
2603,,BREAK & ENTER-RESIDENCE,BURNABY,GROSVENOR AV N : 1 - 199 Block,344ad108-9b19-43f4-83da-112207a5fb4c,1765909532268,burnaby.gis,1765909532268,burnaby.gis,1762819200000,POINT (-122.9849228752 49.285362289)
2604,,BREAK & ENTER-OTHER,BURNABY,KINGSWAY /MILLER AV,1e38b26a-8ef1-4f57-bff2-9b50d1887c86,1765909532268,burnaby.gis,1765909532268,burnaby.gis,1762819200000,POINT (-122.9950884609 49.2270023804)
2605,,THEFT FROM AUTO,BURNABY,DUNDAS ST /ELLESMERE AV N,bc170e6c-64ce-4a44-a19d-d09994171810,1765909532268,burnaby.gis,1765909532268,burnaby.gis,1762819200000,POINT (-122.9821955673 49.2843642874)
2606,,THEFT FROM AUTO,BURNABY,KINGSWAY : 4900 - 5029 Block,4bea003d-5f3d-492b-93d5-1b64a176fe84,1765909532268,burnaby.gis,1765909532268,burnaby.gis,1762819200000,POINT (-122.9928888742 49.2262762279)
2607,,BREAK & ENTER-RESIDENCE,BURNABY,19TH AV : 7200 - 7449 Block,983eaa19-9ccf-4abd-8a5a-167e84257023,1765909532268,burnaby.gis,1765909532268,burnaby.gis,1762819200000,POINT (-122.9478207865 49.2194137767)
2608,,THEFT FROM AUTO,BURNABY,GLENWOOD DR /TRAPP AV,b9188055-964b-4a49-8e46-7ef721572329,1765909532268,burnaby.gis,1765909532268,burnaby.gis,1762905600000,POINT (-122.9673325432 49.1917103718)
2609,,BREAK & ENTER-OTHER,BURNABY,GAMMA AV /HASTINGS ST,d7d10e3c-d410-45ac-82c3-3d4a5611b292,1765909532268,burnaby.gis,1765909532268,burnaby.gis,1762732800000,POINT (-122.9947089516 49.2809856691)
2610,,THEFT FROM AUTO,BURNABY,MIRA PL : 2900 - 3000 Block,91023cfc-b7f6-4479-a7e7-9ab5a1e08cf6,1765909532268,burnaby.gis,1765909532268,burnaby.gis,1762905600000,POINT (-122.9101293494 49.2576691386)
2611,,THEFT FROM AUTO,BURNABY,16TH AV : 7700 - 7799 Block,4fdf7f8e-13cd-41b3-9b63-c7f0eaf7f2e5,1765909532268,burnaby.gis,1765909532268,burnaby.gis,1762905600000,POINT (-122.936790065 49.2221963103)
2612,,THEFT FROM AUTO,BURNABY,CARIBOO RD /HOLMES ST,b1f04f36-b436-445a-adc6-44d228fea63a,1765909532268,burnaby.gis,1765909532268,burnaby.gis,1762905600000,POINT (-122.9041437063 49.23543767)
2613,,THEFT OF AUTO,BURNABY,LOWLAND DR : 7400 - 7499 Block,f54bd1d5-51b2-4a7f-aef8-726e746db0da,1765909532268,burnaby.gis,1765909532268,burnaby.gis,1762905600000,POINT (-122.9959003112 49.1921792649)
2614,,THEFT FROM AUTO,BURNABY,ALPHA AV : 2200 - 2499 Block,50efd2c4-ca26-44f7-8e16-1741f0469a77,1765909532268,burnaby.gis,1765909532268,burnaby.gis,1762905600000,POINT (-123.0003944917 49.2634046617)
2615,,THEFT FROM AUTO,BURNABY,STILL CREEK AV /STILL CREEK DR,ba16bc7a-0de2-496e-9cb1-840173d3065d,1765909532268,burnaby.gis,1765909532268,burnaby.gis,1762905600000,POINT (-122.9977859164 49.261692627)
2616,,THEFT FROM AUTO,BURNABY,FREDERICK AV /VICTORY ST,3014b9dd-6278-424a-a6af-e98116df3065,1765909532268,burnaby.gis,1765909532268,burnaby.gis,1762905600000,POINT (-123.0013482563 49.2184511961)
2617,,THEFT FROM AUTO,BURNABY,13TH AV /4TH ST,662bdf04-35c3-47c0-85bb-8fd3867cfe3b,1765909532268,burnaby.gis,1765909532268,burnaby.gis,1762992000000,POINT (-122.9276469594 49.2227835456)
2618,,THEFT FROM AUTO,BURNABY,MEADOW AV /TRAPP AV,87d00755-5b7d-4b96-bc76-18ace6d81c12,1765909532268,burnaby.gis,1765909532268,burnaby.gis,1762732800000,POINT (-122.9631322934 49.1926196349)
2619,,THEFT FROM AUTO,BURNABY,KINGSWAY : 4310 - 4429 Block,880f0b24-15f1-4f24-864f-862c2cdf1e7d,1765909532268,burnaby.gis,1765909532268,burnaby.gis,1762732800000,POINT (-123.0070570437 49.2309327117)
2620,,THEFT FROM AUTO,BURNABY,NEVILLE ST : 6300 - 6999 Block,d884bad5-83e9-4e41-9edc-bb5a54aab7af,1765909532268,burnaby.gis,1765909532268,burnaby.gis,1762992000000,POINT (-122.9696519581 49.2138103979)
2621,,THEFT FROM AUTO,BURNABY,NORLAND AV : 2900 - 3199 Block,9ed53c09-1307-4165-b851-c43e94ebb71f,1765909532268,burnaby.gis,1765909532268,burnaby.gis,1763078400000,POINT (-122.9767441101 49.2565513366)
2622,,THEFT FROM AUTO,BURNABY,GAMMA AV /HASTINGS ST,a947a070-92b7-40cd-949d-15e0e0123109,1765909532268,burnaby.gis,1765909532268,burnaby.gis,1763078400000,POINT (-122.9947089516 49.2809856691)
2623,,BREAK & ENTER-BUSINESS,BURNABY,ALPHA AV : 2200 - 2499 Block,65bb46c0-1948-4f16-b325-835a04c34b14,1765909532268,burnaby.gis,1765909532268,burnaby.gis,1762992000000,POINT (-123.0003944917 49.2634046617)
2624,,THEFT FROM AUTO,BURNABY,ROYAL OAK AV /RUMBLE ST,01b44156-fa5f-4259-9138-6d5fb29fc9fd,1765909532268,burnaby.gis,1765909532268,burnaby.gis,1763078400000,POINT (-122.9884841411 49.2148495668)
2625,,THEFT FROM AUTO,BURNABY,GAMMA AV /HASTINGS ST,f3835275-9635-4c37-8fee-943b4284ee28,1765909532268,burnaby.gis,1765909532268,burnaby.gis,1763078400000,POINT (-122.9947089516 49.2809856691)
2626,,BREAK & ENTER-RESIDENCE,BURNABY,BUXTON CT : 4600 - 4699 Block,cb9fab3e-6084-444b-a4ed-c1c6773cdb2d,1765909532268,burnaby.gis,1765909532268,burnaby.gis,1763164800000,POINT (-122.9995150229 49.2346542873)
2627,,BREAK & ENTER-RESIDENCE,BURNABY,BOUNDARY RD /TRIUMPH ST,29f0bfc6-dee6-4ff8-8d05-eea7b3c10c9b,1765909532268,burnaby.gis,1765909532268,burnaby.gis,1763164800000,POINT (-123.023322166 49.2838571395)
2628,,BREAK & ENTER-RESIDENCE,BURNABY,HUNTER ST /LAKEDALE AV,2fecf119-c47f-4f8c-99a1-72bc5903bd44,1765909532268,burnaby.gis,1765909532268,burnaby.gis,1763078400000,POINT (-122.9261762923 49.2519964885)
2629,,BREAK & ENTER-BUSINESS,BURNABY,CAMERON ST /NORTH RD,8a94c98e-398c-4d94-8a18-7223577ae049,1765909532268,burnaby.gis,1765909532268,burnaby.gis,1763251200000,POINT (-122.8929934508 49.2534130119)
2630,,THEFT OF AUTO,BURNABY,KINGSWAY : 4800 - 4849 Block,e3359b89-9003-4652-934b-19db5a925763,1765909532268,burnaby.gis,1765909532268,burnaby.gis,1763164800000,POINT (-122.995735521 49.2272131168)
2631,,THEFT FROM AUTO,BURNABY,15TH AV /2ND ST,7796bc09-cff3-4b0f-9efb-313708628f6e,1765909532268,burnaby.gis,1765909532268,burnaby.gis,1763337600000,POINT (-122.9262500227 49.2261234896)
2632,,BREAK & ENTER-OTHER,BURNABY,HALIFAX ST /WILLINGDON AV,fa6c3e98-fb30-478c-90e7-e9b31f1ce6c2,1765909532268,burnaby.gis,1765909532268,burnaby.gis,1763337600000,POINT (-123.003233114 49.268026613)
2633,,THEFT OF AUTO,BURNABY,NORLAND AV /SPROTT ST,49950ad6-1e27-427e-80ae-0713561bae44,1765909532268,burnaby.gis,1765909532268,burnaby.gis,1763337600000,POINT (-122.9708259658 49.2499427775)
2634,,THEFT FROM AUTO,BURNABY,FELL AV /LOCHDALE ST,39bf3ac8-a429-47b1-8bbd-c0df438074c7,1765909532268,burnaby.gis,1765909532268,burnaby.gis,1763337600000,POINT (-122.9756336226 49.2688985222)
2635,,THEFT FROM AUTO,BURNABY,DAWSON ST /GILMORE AV,ad0a74f0-88c3-49f3-b5cd-e5d5b63d64e4,1765909532268,burnaby.gis,1765909532268,burnaby.gis,1763337600000,POINT (-123.0142750075 49.2644836263)
2636,,BREAK & ENTER-RESIDENCE,BURNABY,VICTORY ST : 4000 - 4199 Block,f97c23c4-283f-4ddf-9471-d474a67b2ea1,1765909532268,burnaby.gis,1765909532268,burnaby.gis,1763337600000,POINT (-123.0115004662 49.2184078906)
2637,,THEFT FROM AUTO,BURNABY,BURNWOOD DR /GREYSTONE DR,d6c320b6-1c3d-4d75-b0b8-ec06e9b2d97d,1765909532268,burnaby.gis,1765909532268,burnaby.gis,1763078400000,POINT (-122.9452315955 49.2703005889)
2638,,THEFT FROM AUTO,BURNABY,PENDER ST : 4700 - 4799 Block,894d0f9d-a439-46c3-b409-815edc3d77c0,1765909532268,burnaby.gis,1765909532268,burnaby.gis,1763337600000,POINT (-122.9961045108 49.2800648181)
2639,,THEFT FROM AUTO,BURNABY,DAWSON ST /MADISON AV,d7d403b0-b5f8-4381-9e38-ec7f7a90be15,1765909532268,burnaby.gis,1765909532268,burnaby.gis,1763337600000,POINT (-123.0087687469 49.2644573274)
2640,,BREAK & ENTER-BUSINESS,BURNABY,BYRNE RD : 5300 - 5499 Block,332057ad-cfa7-4003-8d2f-6ff20c1aae36,1765909532268,burnaby.gis,1765909532268,burnaby.gis,1763337600000,POINT (-122.9852189456 49.2002118737)
2641,,BREAK & ENTER-RESIDENCE,BURNABY,HASZARD ST /MALVERN AV,f0e27571-ea3a-4b8a-b845-495d009a2b15,1765909532268,burnaby.gis,1765909532268,burnaby.gis,1763251200000,POINT (-122.9640261407 49.2327650808)
2642,,BREAK & ENTER-OTHER,BURNABY,MARINE DR /ROYAL OAK AV,6090a541-c77f-45c3-96a5-f9e60dc1d36b,1765909532268,burnaby.gis,1765909532268,burnaby.gis,1763337600000,POINT (-122.988455368 49.2067654653)
2643,,THEFT FROM AUTO,BURNABY,BURNWOOD DR /GREYSTONE DR,0d916f9a-6a55-4252-8b5d-38fa6980e806,1765909532268,burnaby.gis,1765909532268,burnaby.gis,1763337600000,POINT (-122.9452315955 49.2703005889)
2644,,THEFT FROM AUTO,BURNABY,MAYWOOD ST /TELFORD AV,28c2cad3-3773-4db7-b53d-06d809f71dc7,1765909532268,burnaby.gis,1765909532268,burnaby.gis,1763337600000,POINT (-123.0062592576 49.2224939704)
2645,,BREAK & ENTER-BUSINESS,BURNABY,LOUGHEED HY : 4700 - 4739 Block,0e35f0f6-a9cc-4199-8628-2dcf69110e26,1765909532268,burnaby.gis,1765909532268,burnaby.gis,1763424000000,POINT (-122.9969194693 49.2661525717)
2646,,THEFT FROM AUTO,BURNABY,DOUGLAS RD : 2800 - 2899 Block,e6a48333-ac2e-4a78-a3ea-47d47e86f1cb,1765909532268,burnaby.gis,1765909532268,burnaby.gis,1763424000000,POINT (-122.983152103 49.2588348023)
2647,,BREAK & ENTER-BUSINESS,BURNABY,GILMORE DV /MANOR ST,0a06cab2-6d33-473a-b2f1-3a5cab718ee1,1765909532268,burnaby.gis,1765909532268,burnaby.gis,1763251200000,POINT (-123.0120163585 49.2572015171)
2648,,BREAK & ENTER-RESIDENCE,BURNABY,NEVILLE ST /ROYAL OAK AV,cdf71651-f7c0-4266-a53f-0605b5ec7e21,1765909532268,burnaby.gis,1765909532268,burnaby.gis,1763337600000,POINT (-122.9884808652 49.213925919)
2649,,THEFT FROM AUTO,BURNABY,BURNWOOD DR /GREYSTONE DR,76e50570-5ba9-48b3-b527-f7f14f3c4e69,1765909532268,burnaby.gis,1765909532268,burnaby.gis,1763424000000,POINT (-122.9452315955 49.2703005889)
2650,,THEFT FROM AUTO,BURNABY,HEATHDALE DR : 1600 - 1799 Block,65ab70af-8702-44b3-aace-d442aa5afe94,1765909532268,burnaby.gis,1765909532268,burnaby.gis,1763424000000,POINT (-122.9845293835 49.269112986)
2651,,BREAK & ENTER-BUSINESS,BURNABY,JUNEAU ST : 4400 - 4499 Block,526672ba-de00-4f93-bd6b-f9493315d7f7,1765909532268,burnaby.gis,1765909532268,burnaby.gis,1763424000000,POINT (-123.0046312262 49.2635339543)
2652,,THEFT FROM AUTO,BURNABY,GEORGIA ST : 4000 - 4099 Block,738bb014-23e5-4eed-b1da-aed137fbde8d,1765909532268,burnaby.gis,1765909532268,burnaby.gis,1763424000000,POINT (-123.0152576687 49.2783764674)
2653,,THEFT FROM AUTO,BURNABY,DUNBLANE AV : 6600 - 6799 Block,8b7b4f41-3242-41de-a7d9-e07c85b0d924,1765909532268,burnaby.gis,1765909532268,burnaby.gis,1763510400000,POINT (-122.9928082 49.2227305364)
2654,,BREAK & ENTER-RESIDENCE,BURNABY,LOCHDALE ST : 6500 - 6699 Block,0b5fb7a9-2bd8-4908-9736-7b0dfe3b2faf,1765909532268,burnaby.gis,1765909532268,burnaby.gis,1763510400000,POINT (-122.9673564004 49.268886037)
2655,,BREAK & ENTER-BUSINESS,BURNABY,GRANGE ST /HALLEY AV,f8a0ad5f-260f-4261-9219-606ad492f1d0,1765909532268,burnaby.gis,1765909532268,burnaby.gis,1763424000000,POINT (-123.0088263931 49.2328637112)
2656,,BREAK & ENTER-RESIDENCE,BURNABY,PATTERSON AV : 6100 - 6299 Block,ac2a101e-b972-462b-9598-fe3e723868cb,1765909532268,burnaby.gis,1765909532268,burnaby.gis,1763510400000,POINT (-123.0126352028 49.2281506425)
2657,,BREAK & ENTER-OTHER,BURNABY,WINSTON ST : 7900 - 8199 Block,df1917df-3005-4f59-8880-d4e78e163bb2,1765909532268,burnaby.gis,1765909532268,burnaby.gis,1763510400000,POINT (-122.9303505591 49.2482299738)
2658,,THEFT FROM AUTO,BURNABY,NORTH FRASER WY : 3700 - 3819 Block,b66790db-4674-4412-982b-41c521859f95,1765909532268,burnaby.gis,1765909532268,burnaby.gis,1763424000000,POINT (-123.0206726025 49.2018441273)
2659,,THEFT FROM AUTO,BURNABY,FORGLEN DR /MAITLAND ST,47d9bc01-3504-4cde-a108-b7c151d881c0,1765909532268,burnaby.gis,1765909532268,burnaby.gis,1763510400000,POINT (-122.9900565637 49.2310054089)
2660,,BREAK & ENTER-RESIDENCE,BURNABY,EVERGREEN PL :  -  Block,8a840cb4-12e6-4a47-85b9-0776e88c63a9,1765909532268,burnaby.gis,1765909532268,burnaby.gis,1763424000000,POINT (-122.8934055902 49.2498620332)
2661,,THEFT OF AUTO,BURNABY,KILREA CR : 7530 - 7699 Block,973f1ba4-9e90-4008-a1ce-c8b68a97458a,1765909532268,burnaby.gis,1765909532268,burnaby.gis,1763596800000,POINT (-122.9428687779 49.2592184527)
2662,,THEFT OF AUTO,BURNABY,21ST AV /GRIFFITHS DR,8e399d8a-31a4-43c2-9e9c-2da4e38c5f8f,1765909532268,burnaby.gis,1765909532268,burnaby.gis,1763596800000,POINT (-122.9598429326 49.2146960583)
2663,,BREAK & ENTER-RESIDENCE,BURNABY,KATHLEEN AV /MAYBERRY ST,91c0f976-70d3-42f7-8d14-fe9538f35fba,1765909532268,burnaby.gis,1765909532268,burnaby.gis,1763596800000,POINT (-123.0114183426 49.2262894013)
2664,,THEFT OF AUTO,BURNABY,13TH AV : 8200 - 8299 Block,75b9e0e0-29fb-44ba-ad21-461cb25b77b0,1765909532268,burnaby.gis,1765909532268,burnaby.gis,1763596800000,POINT (-122.921072307 49.2263428059)
2665,,THEFT FROM AUTO,BURNABY,ELWELL ST /GRIFFITHS AV,9655425c-0dc0-4e13-b198-ce9650da6e83,1765909532268,burnaby.gis,1765909532268,burnaby.gis,1763337600000,POINT (-122.9610131428 49.2210925474)
2666,,THEFT FROM AUTO,BURNABY,GARDEN GROVE DR : 4000 - 4099 Block,6477c3da-cefa-4807-abb7-94868c2b93b0,1765909532268,burnaby.gis,1765909532268,burnaby.gis,1763596800000,POINT (-122.9964541374 49.2473177759)
2667,,BREAK & ENTER-BUSINESS,BURNABY,KINGSWAY : 4900 - 5029 Block,532d2ba9-df0d-49b8-8c37-69daa4d55ac4,1765909532268,burnaby.gis,1765909532268,burnaby.gis,1763596800000,POINT (-122.9928888742 49.2262762279)
2668,,BREAK & ENTER-OTHER,BURNABY,ALBERT ST : 4400 - 4499 Block,b6b29f1b-f9c5-438a-a740-442776bc304e,1765909532268,burnaby.gis,1765909532268,burnaby.gis,1763510400000,POINT (-123.0044877322 49.2819087653)
2669,,THEFT FROM AUTO,BURNABY,BETA AV /WILLINGDON GR,c243be72-0a5b-410c-8002-38bcd234224f,1765909532268,burnaby.gis,1765909532268,burnaby.gis,1763596800000,POINT (-122.99799612 49.2559462441)
2670,,THEFT FROM AUTO,BURNABY,BYRNE RD : 4600 - 4649 Block,9fd15713-f8bb-41e8-92b5-c9fbc3161f4a,1765909532268,burnaby.gis,1765909532268,burnaby.gis,1763596800000,POINT (-122.9978923452 49.1931280849)
2671,,THEFT FROM AUTO,BURNABY,BONSOR AV : 6500 - 6599 Block,6172c174-ab21-45a7-b309-77528a889d18,1765909532268,burnaby.gis,1765909532268,burnaby.gis,1763596800000,POINT (-122.9977513508 49.2242542572)
2672,,THEFT FROM AUTO,BURNABY,LOUGHEED HY : 4100 - 4299 Block,52e9d951-3697-4f3a-b3ea-52e23e586c03,1765909532268,burnaby.gis,1765909532268,burnaby.gis,1763683200000,POINT (-123.0115123977 49.2662867556)
2673,,THEFT FROM AUTO,BURNABY,BOUNDARY RD /NAPIER ST,db789e66-389f-42ca-8e78-a3dc8a96825a,1765909532268,burnaby.gis,1765909532268,burnaby.gis,1763683200000,POINT (-123.0234116844 49.2748146895)
2674,,THEFT FROM AUTO,BURNABY,JERSEY AV /KINGSWAY,342ff354-60cd-4dc2-bca7-19d178a66415,1765909532268,burnaby.gis,1765909532268,burnaby.gis,1763683200000,POINT (-123.0170320148 49.2327580852)
2675,,BREAK & ENTER-BUSINESS,BURNABY,KINGSWAY /SUSSEX AV,e0316458-2e8e-4f48-af13-614271823592,1765909532268,burnaby.gis,1765909532268,burnaby.gis,1763683200000,POINT (-122.9993183432 49.2283922605)
2676,,THEFT FROM AUTO,BURNABY,KINGSWAY /SUSSEX AV,c3ad2a11-bec9-4ecd-9139-91744aeb029a,1765909532268,burnaby.gis,1765909532268,burnaby.gis,1763596800000,POINT (-122.9993183432 49.2283922605)
2677,,THEFT FROM AUTO,BURNABY,ARMSTRONG AV : 8555 - 8599 Block,abc823aa-4701-4132-8023-25959cdc68dc,1765909532268,burnaby.gis,1765909532268,burnaby.gis,1763683200000,POINT (-122.9127156647 49.2310229464)
2678,,BREAK & ENTER-OTHER,BURNABY,EDMONDS ST : 7700 - 7899 Block,ef2884ab-b8be-4293-ab80-3d980f2fbd40,1765909532268,burnaby.gis,1765909532268,burnaby.gis,1763683200000,POINT (-122.9389726127 49.2251607965)
2679,,THEFT FROM AUTO,BURNABY,BUCHANAN ST /ROSSER AV,acfee6ca-bf13-4762-995a-95e6e3895748,1765909532268,burnaby.gis,1765909532268,burnaby.gis,1763683200000,POINT (-123.0059891312 49.267447096)
2680,,THEFT FROM AUTO,BURNABY,HENNING DR : 3700 - 3999 Block,16866adc-ad6e-4835-8cb1-445892258556,1765909532268,burnaby.gis,1765909532268,burnaby.gis,1763769600000,POINT (-123.0187952592 49.2639336315)
2681,,THEFT FROM AUTO,BURNABY,HIGHLAND CT /UNIVERSITY CR,cddebbcd-1975-4886-9cc4-a9196efb5324,1765909532268,burnaby.gis,1765909532268,burnaby.gis,1763856000000,POINT (-122.910417322 49.2789247808)
2682,,THEFT FROM AUTO,BURNABY,ARTHUR AV /CLINTON ST,33aa7d7c-afcf-4ec0-b227-23bda6049d41,1765909532268,burnaby.gis,1765909532268,burnaby.gis,1763856000000,POINT (-122.9921058207 49.2129551753)
2683,,THEFT FROM AUTO,BURNABY,HALSTON CT /WILTSHIRE PL,a829362d-f7e4-435f-8c41-b2ffe866fc7a,1765909532268,burnaby.gis,1765909532268,burnaby.gis,1763856000000,POINT (-122.9051252548 49.2481131892)
2684,,THEFT FROM AUTO,BURNABY,MARTIN ST : 9500 - 9699 Block,77769eb5-8ff4-401c-b426-447eafbf69aa,1765909532268,burnaby.gis,1765909532268,burnaby.gis,1763856000000,POINT (-122.8990801563 49.2578999036)
2685,,THEFT FROM AUTO,BURNABY,WEDGEWOOD ST : 7700 - 7899 Block,962e02e3-663b-46f9-a709-ef6e31993276,1765909532268,burnaby.gis,1765909532268,burnaby.gis,1763942400000,POINT (-122.9396836848 49.2256075587)
2686,,BREAK & ENTER-BUSINESS,BURNABY,HASTINGS ST : 3900 - 3999 Block,c18d1232-e55b-46cd-95bb-5176a4aef37e,1765909532268,burnaby.gis,1765909532268,burnaby.gis,1763942400000,POINT (-123.0174382283 49.2810739518)
2687,,THEFT FROM AUTO,BURNABY,BRANDON ST /INMAN AV,37d17eff-f526-4915-b500-a689225cb229,1765909532268,burnaby.gis,1765909532268,burnaby.gis,1763942400000,POINT (-123.0158455431 49.2383984245)
2688,,BREAK & ENTER-OTHER,BURNABY,NORTH FRASER WY : 4300 - 5159 Block,feaee665-8ecc-4ad3-bd95-47599261a134,1765909532268,burnaby.gis,1765909532268,burnaby.gis,1763942400000,POINT (-123.0028739584 49.1998095771)
2689,,THEFT FROM AUTO,BURNABY,NORTH FRASER CR /NORTH FRASER CR,cc6e0407-31f8-4d0d-8592-604087310c5d,1765909532268,burnaby.gis,1765909532268,burnaby.gis,1763856000000,POINT (-123.0069434919 49.1995382468)
2690,,THEFT FROM AUTO,BURNABY,NEWTON ST : 4900 - 5049 Block,f8484998-019e-4a4b-ad4f-25d5ed9683de,1765909532268,burnaby.gis,1765909532268,burnaby.gis,1763942400000,POINT (-122.9928844037 49.226970304)
2691,,THEFT OF AUTO,BURNABY,KINGSWAY : 7310 - 7375 Block,3c8233d3-9aa2-45c5-b9a0-bdd12ca146bb,1765909532268,burnaby.gis,1765909532268,burnaby.gis,1763942400000,POINT (-122.9505891494 49.2183037863)
2692,,THEFT OF AUTO,BURNABY,KINGSWAY : 7300 - 7303 Block,be71cf9f-d984-46d4-a835-f3135779d9b3,1765909532268,burnaby.gis,1765909532268,burnaby.gis,1763942400000,POINT (-122.9521729831 49.2183544657)
2693,,BREAK & ENTER-RESIDENCE,BURNABY,GRAVELEY ST : 4100 - 4290 Block,330c71a9-f732-47ca-8e49-67074ffcb6c3,1765909532268,burnaby.gis,1765909532268,burnaby.gis,1764028800000,POINT (-123.0107884475 49.2702249522)
2694,,THEFT OF AUTO,BURNABY,SATURNA DR : 9100 - 9199 Block,51310316-f473-42bd-b5b9-5e5b25dd0014,1765909532268,burnaby.gis,1765909532268,burnaby.gis,1764028800000,POINT (-122.9057506031 49.2591371314)
2695,,THEFT FROM AUTO,BURNABY,GEORGIA ST /WILLINGDON AV,16e9941b-bf51-41ca-b366-676fc6fc231f,1765909532268,burnaby.gis,1765909532268,burnaby.gis,1764028800000,POINT (-123.0031675759 49.2782840661)
2696,,THEFT FROM AUTO,BURNABY,DEER LAKE AV /DEER LAKE PY,3cada137-e807-4bdd-9c71-b599cd5ba0f8,1765909532268,burnaby.gis,1765909532268,burnaby.gis,1764028800000,POINT (-122.9756293757 49.2418006177)
2697,,THEFT FROM AUTO,BURNABY,BOOTH AV /GRAFTON ST,87a567cc-3dd3-44d8-a15c-28d4a4473ece,1765909532268,burnaby.gis,1765909532268,burnaby.gis,1764028800000,POINT (-122.9991304143 49.2321538087)
2698,,THEFT FROM AUTO,BURNABY,BURKE ST /SUSSEX AV,bcc53076-1469-4d3f-8013-3a6b54172e42,1765909532268,burnaby.gis,1765909532268,burnaby.gis,1764028800000,POINT (-122.9978438405 49.2370321933)
2699,,THEFT FROM AUTO,BURNABY,BOOTH AV : 5800 - 5999 Block,28cc1872-9e05-4f53-b569-d2ac69bbea2f,1765909532268,burnaby.gis,1765909532268,burnaby.gis,1764028800000,POINT (-122.9991241502 49.2312417446)
2700,,BREAK & ENTER-BUSINESS,BURNABY,DAWSON ST /MADISON AV,48cc72b3-91f0-4d8d-8c9e-8ec2f3bf553f,1765909532268,burnaby.gis,1765909532268,burnaby.gis,1764028800000,POINT (-123.0087687469 49.2644573274)
2701,,THEFT FROM AUTO,BURNABY,MEADOWOOD DR /MEADOWOOD PK,39f9a69e-5122-4980-909c-f79756368d7c,1765909532268,burnaby.gis,1765909532268,burnaby.gis,1764028800000,POINT (-122.9336940924 49.2639912013)
2702,,BREAK & ENTER-BUSINESS,BURNABY,FRASER REACH CT /RIVERBEND DR,a766d42c-ba65-4a25-af13-21a99a8f0105,1765909532268,burnaby.gis,1765909532268,burnaby.gis,1763942400000,POINT (-122.9754901491 49.1877703738)
2703,,THEFT FROM AUTO,BURNABY,KINGSWAY : 4700 - 4749 Block,709d57d8-575d-40da-bbe6-2ad1ddb0b221,1765909532268,burnaby.gis,1765909532268,burnaby.gis,1764028800000,POINT (-122.9985077324 49.2281264308)
2704,,THEFT FROM AUTO,BURNABY,LOUGHEED HY : 4100 - 4299 Block,8c5d90d1-1f49-477e-a1a5-5b7a12bc7742,1765909532268,burnaby.gis,1765909532268,burnaby.gis,1764028800000,POINT (-123.0115123977 49.2662867556)
2705,,THEFT FROM AUTO,BURNABY,CAPITOL DR /GLYNDE AV,fa2767f0-d3ba-4688-864f-c03c96047615,1765909532268,burnaby.gis,1765909532268,burnaby.gis,1764115200000,POINT (-122.9891943083 49.2808246372)
2706,,THEFT FROM AUTO,BURNABY,MCKEE ST : 5800 - 5899 Block,32537467-b734-49cf-9a01-482b128a88f2,1765909532268,burnaby.gis,1765909532268,burnaby.gis,1764115200000,POINT (-122.9781881578 49.2111620231)
2707,,BREAK & ENTER-BUSINESS,BURNABY,BUCHANAN ST : 4300 - 4399 Block,143592e9-d665-4c1c-8c42-a807cdaf90e8,1765909532268,burnaby.gis,1765909532268,burnaby.gis,1764115200000,POINT (-123.008134228 49.2674535589)
2708,,THEFT FROM AUTO,BURNABY,FIR ST /HALLEY AV,81808726-0250-4e82-861a-cbf9d538e8fe,1765909532268,burnaby.gis,1765909532268,burnaby.gis,1764115200000,POINT (-123.0097475688 49.2447599314)
2709,,THEFT FROM AUTO,BURNABY,CANADA WY /NURSERY ST,d1e4d832-64db-4649-bea0-39712bf6bbb9,1765909532268,burnaby.gis,1765909532268,burnaby.gis,1764201600000,POINT (-122.9536310421 49.2347186942)
2710,,THEFT FROM AUTO,BURNABY,MACDONALD AV /VENABLES ST,293ac580-1efa-4430-a78c-f5295413f7e2,1765909532268,burnaby.gis,1765909532268,burnaby.gis,1764201600000,POINT (-123.0162957856 49.2765813609)
2711,,THEFT FROM AUTO,BURNABY,ALASKA ST : 4400 - 4499 Block,aee93bf0-cf1e-49f5-9efe-994effc35daf,1765909532268,burnaby.gis,1765909532268,burnaby.gis,1764115200000,POINT (-123.0048714016 49.2627618695)
2712,,BREAK & ENTER-BUSINESS,BURNABY,IMPERIAL ST /SELLERS AV,c63b7b81-51b1-4eda-b136-fa5821e0ed2f,1765909532268,burnaby.gis,1765909532268,burnaby.gis,1764201600000,POINT (-122.9816386255 49.2219225056)
2713,,THEFT FROM AUTO,BURNABY,STILL CREEK AV : 4500 - 4599 Block,da6eab4e-4e69-4506-b1e5-d6c6681305ea,1765909532268,burnaby.gis,1765909532268,burnaby.gis,1764115200000,POINT (-123.0027519006 49.2601074606)
2714,,THEFT FROM AUTO,BURNABY,TARALAWN CT : 1400 - 1659 Block,83c3f984-74fd-4ea0-807f-b1e71a94052f,1765909532268,burnaby.gis,1765909532268,burnaby.gis,1764288000000,POINT (-122.9907021565 49.2702835008)
2715,,THEFT FROM AUTO,BURNABY,ESMOND AV : 800 - 899 Block,1c3dbba9-59a7-4d37-b2d8-5837392c5c7d,1765909532268,burnaby.gis,1765909532268,burnaby.gis,1764288000000,POINT (-123.0210331119 49.2770876247)
2716,,THEFT FROM AUTO,BURNABY,CANADA WY /SMITH AV,0ccd5717-6ae0-44a9-9a3a-2a317544adcc,1765909532268,burnaby.gis,1765909532268,burnaby.gis,1764374400000,POINT (-123.0197560464 49.2546944624)
2717,,BREAK & ENTER-RESIDENCE,BURNABY,GRANT ST /KENSINGTON AV,1512f2a6-4c2c-420c-8673-ea3bf36f7682,1765909532268,burnaby.gis,1765909532268,burnaby.gis,1764374400000,POINT (-122.9700956487 49.2707018977)
2718,,THEFT FROM AUTO,BURNABY,ALDERWOOD CR /DARWIN AV,7b023545-abbd-4440-a309-839f8e75ed6b,1765909532268,burnaby.gis,1765909532268,burnaby.gis,1764374400000,POINT (-123.0080280404 49.2424219474)
2719,,THEFT FROM AUTO,BURNABY,14TH AV : 7100 - 7133 Block,804470cf-5ecd-4313-bae5-0df0293deec8,1765909532268,burnaby.gis,1765909532268,burnaby.gis,1764374400000,POINT (-122.950703519 49.2124291215)
2720,,THEFT FROM AUTO,BURNABY,BESSBOROUGH DR : 4800 - 4851 Block,0df22cfe-fb67-4fbb-8bcb-40698367d546,1765909532268,burnaby.gis,1765909532268,burnaby.gis,1764374400000,POINT (-122.9940449019 49.2868813231)
2721,,THEFT FROM AUTO,BURNABY,14TH AV /18TH ST,07741bd8-da41-4ba0-a380-6f2303eb2b13,1765909532268,burnaby.gis,1765909532268,burnaby.gis,1764374400000,POINT (-122.9523996041 49.2115031217)
2722,,THEFT FROM AUTO,BURNABY,15TH AV : 7900 - 7999 Block,0e55f824-1320-41d5-a9df-bc7ad60060a5,1765909532268,burnaby.gis,1765909532268,burnaby.gis,1764374400000,POINT (-122.9306784525 49.223290223)
2723,,THEFT FROM AUTO,BURNABY,ALBERT ST /BETA AV,96809207-8270-4e7e-88f3-fbe395351415,1765909532268,burnaby.gis,1765909532268,burnaby.gis,1764374400000,POINT (-122.9974658459 49.2818731191)
2724,,THEFT FROM AUTO,BURNABY,ALBERT ST : 4800 - 4829 Block,f5dd3e45-2a8c-4661-b9be-44720b2cc073,1765909532268,burnaby.gis,1765909532268,burnaby.gis,1764374400000,POINT (-122.994015801 49.2818644971)
2725,,THEFT FROM AUTO,BURNABY,BEEDIE ST /LOWLAND DR,567cbabb-f083-4bdd-9477-64ca7e32a17a,1765909532268,burnaby.gis,1765909532268,burnaby.gis,1764460800000,POINT (-122.9943226489 49.1909456291)
2726,,THEFT FROM AUTO,BURNABY,DORSET ST /SHIRLEY AV,11cb1760-115c-4118-9de4-d1126c573b59,1765909532268,burnaby.gis,1765909532268,burnaby.gis,1764460800000,POINT (-122.9810864329 49.2208304869)
2727,,THEFT FROM AUTO,BURNABY,FRANCES ST : 4500 - 4599 Block,e5a0142b-afc5-4ce6-989b-fdf89d06370e,1765909532268,burnaby.gis,1765909532268,burnaby.gis,1764460800000,POINT (-123.0017075666 49.2791816379)
2728,,THEFT FROM AUTO,BURNABY,GREENALL AV /SOUTHWOOD ST,4c12a617-dd89-442f-bbe3-6d66704c8549,1765909532268,burnaby.gis,1765909532268,burnaby.gis,1764460800000,POINT (-123.0179668693 49.2138212862)
2729,,THEFT OF AUTO,BURNABY,GRIMMER ST : 5100 - 5199 Block,d17265b0-18e0-4b49-89c9-f0be27577eb6,1765909532268,burnaby.gis,1765909532268,burnaby.gis,1764460800000,POINT (-122.9896038024 49.223388547)
2730,,BREAK & ENTER-BUSINESS,BURNABY,MOORCROFT CT /EOR - END OF ROAD,a5651d7a-f33e-4ea2-9886-a517b825a5eb,1765909532268,burnaby.gis,1765909532268,burnaby.gis,1764460800000,POINT (-122.9618153136 49.2594319088)
2731,,THEFT OF AUTO,BURNABY,BURLINGTON AV /IMPERIAL ST,e7701fad-bc72-43d3-8811-7a61fee27cd1,1765909532268,burnaby.gis,1765909532268,burnaby.gis,1764460800000,POINT (-122.9906501211 49.2219421999)
2732,,BREAK & ENTER-BUSINESS,BURNABY,BYRNE RD : 5300 - 5499 Block,59ce16b6-10a0-4295-adb7-de7041d2f8ef,1765909532268,burnaby.gis,1765909532268,burnaby.gis,1763337600000,POINT (-122.9852189456 49.2002118737)
2733,,THEFT FROM AUTO,BURNABY,11TH AV /NEWCOMBE ST,4457f999-e5ea-4028-9958-9664cb2c11e3,1765909532268,burnaby.gis,1765909532268,burnaby.gis,1762041600000,POINT (-122.9178747008 49.22548387)
2734,,THEFT FROM AUTO,BURNABY,EDMONDS ST /SALISBURY AV,52b21aec-70ea-4a67-ae95-662b000090a6,1768848556061,burnaby.gis,1768848556061,burnaby.gis,1764633600000,POINT (-122.9570515375 49.2152122957)
2735,,THEFT FROM AUTO,BURNABY,NORTH FRASER WY : 3700 - 3819 Block,85532719-2ce5-4edc-a44b-19053e294a6f,1768848556061,burnaby.gis,1768848556061,burnaby.gis,1764633600000,POINT (-123.0206726025 49.2018441273)
2736,,THEFT FROM AUTO,BURNABY,BURFORD ST /GRIFFITHS AV,891e142b-a364-4d29-9202-39a300d6c084,1768848556061,burnaby.gis,1768848556061,burnaby.gis,1764806400000,POINT (-122.9610136842 49.2239483395)
2737,,BREAK & ENTER-RESIDENCE,BURNABY,ESMOND AV : 3100 - 3199 Block,4a702307-fc90-4d1b-81cf-aee13fcc48ec,1768848556061,burnaby.gis,1768848556061,burnaby.gis,1764806400000,POINT (-123.0216896988 49.2559406355)
2738,,BREAK & ENTER-BUSINESS,BURNABY,HAZEL ST /SUSSEX AV,e73f4606-b0b0-4643-85e4-fb640c41d3c7,1768848556061,burnaby.gis,1768848556061,burnaby.gis,1764892800000,POINT (-122.9985626647 49.2291479382)
2739,,BREAK & ENTER-OTHER,BURNABY,EDMONDS ST : 7700 - 7899 Block,417263f2-5d14-4eab-96de-ea4b4c4a9f74,1768848556061,burnaby.gis,1768848556061,burnaby.gis,1764892800000,POINT (-122.9389726127 49.2251607965)
2740,,THEFT OF AUTO,BURNABY,BOUNDARY RD /FOREST ST,4a0feee5-a248-4f7b-b886-97bc46314692,1768848556061,burnaby.gis,1768848556061,burnaby.gis,1764979200000,POINT (-123.0235468845 49.2479293557)
2741,,BREAK & ENTER-OTHER,BURNABY,MARLBOROUGH AV : 6560 - 6599 Block,a473d66a-7886-4268-8d55-797f268e37af,1768848556061,burnaby.gis,1768848556061,burnaby.gis,1764979200000,POINT (-122.9915566105 49.2237668255)
2742,,BREAK & ENTER-OTHER,BURNABY,CURRAGH AV /IRMIN ST,4fba2a13-baaa-44a6-a612-687dbbe3036c,1768848556061,burnaby.gis,1768848556061,burnaby.gis,1764892800000,POINT (-122.9747432368 49.2156611217)
2743,,BREAK & ENTER-BUSINESS,BURNABY,PIPER AV /WINSTON ST,b1f15e07-00cc-4519-b7ba-14f8ea7d6068,1768848556061,burnaby.gis,1768848556061,burnaby.gis,1765065600000,POINT (-122.9353633032 49.2482473006)
2744,,BREAK & ENTER-BUSINESS,BURNABY,CENTRAL BV : 4500 - 4699 Block,2eb0d19a-a5dd-4bb5-977a-512faa168257,1768848556061,burnaby.gis,1768848556061,burnaby.gis,1765152000000,POINT (-123.0021909882 49.2251181164)
2745,,THEFT FROM AUTO,BURNABY,MAITLAND ST : 4800 - 4859 Block,564e7d7b-22d3-44c8-b181-9ca1cb6bd2b8,1768848556061,burnaby.gis,1768848556061,burnaby.gis,1765152000000,POINT (-122.9957523957 49.230910648)
2746,,BREAK & ENTER-OTHER,BURNABY,PANDORA DR /RIDGEVIEW DR,1b0cd2c8-d28d-4487-87f5-3d321ba7402d,1768848556061,burnaby.gis,1768848556061,burnaby.gis,1765152000000,POINT (-122.9482900151 49.284316828)
2747,,BREAK & ENTER-OTHER,BURNABY,GROSVENOR AV N : 1 - 199 Block,2050e561-27e0-4481-b6d8-08e15b3eb792,1768848556061,burnaby.gis,1768848556061,burnaby.gis,1765238400000,POINT (-122.9849228752 49.285362289)
2748,,THEFT FROM AUTO,BURNABY,HASTINGS ST : 7000 - 7039 Block,a51c9ea7-2ef1-4891-893f-0feb60dde2ca,1768848556061,burnaby.gis,1768848556061,burnaby.gis,1765238400000,POINT (-122.9579898304 49.2803598015)
2749,,THEFT FROM AUTO,BURNABY,BUCHANAN ST /FELL AV,015952bc-2f17-4b0b-9f65-1879cd56cf9d,1768848556061,burnaby.gis,1768848556061,burnaby.gis,1765411200000,POINT (-122.975635057 49.2671005171)
2750,,BREAK & ENTER-BUSINESS,BURNABY,INMAN AV /THURSTON ST,1fa68d60-04f3-421f-a740-2321fba4eeba,1768848556061,burnaby.gis,1768848556061,burnaby.gis,1765411200000,POINT (-123.015847886 49.2347841579)
2751,,THEFT FROM AUTO,BURNABY,MAYWOOD ST /TELFORD AV,4d0ff419-85fe-481f-8c01-6a435d890131,1768848556061,burnaby.gis,1768848556061,burnaby.gis,1765497600000,POINT (-123.0062592576 49.2224939704)
2752,,BREAK & ENTER-OTHER,BURNABY,BURLINGTON AV : 6500 - 6599 Block,7f6dda96-6444-490c-b6a1-603cdda051ae,1768848556061,burnaby.gis,1768848556061,burnaby.gis,1765584000000,POINT (-122.9903071307 49.2244056278)
2753,,THEFT OF AUTO,BURNABY,GOLETA DR /HALIFAX ST,ee6665b7-a9dc-457c-bf9b-9f852324723c,1768848556061,burnaby.gis,1768848556061,burnaby.gis,1765584000000,POINT (-122.949658102 49.2679681668)
2754,,BREAK & ENTER-OTHER,BURNABY,DAWSON ST : 5000 - 6299 Block,70d9f401-1b22-42b4-ab28-dd75fe28f5bc,1768848556061,burnaby.gis,1768848556061,burnaby.gis,1765670400000,POINT (-122.9745869205 49.2648552393)
2755,,THEFT FROM AUTO,BURNABY,BRAELAWN DR : 5430 - 5599 Block,82312e91-76e0-4700-a492-40a8fe2723ae,1768848556061,burnaby.gis,1768848556061,burnaby.gis,1765670400000,POINT (-122.9865400122 49.2684453273)
2756,,BREAK & ENTER-OTHER,BURNABY,DORCHESTER DR : 7520 - 7561 Block,4479cbc3-62f1-4a0e-8e6c-41df1e054a56,1768848556061,burnaby.gis,1768848556061,burnaby.gis,1765756800000,POINT (-122.9440884572 49.2491403347)
2757,,THEFT FROM AUTO,BURNABY,DUNNEDIN ST /INVERGARRY AV,ac76e723-f618-46aa-a1ab-ff6020937f15,1768848556061,burnaby.gis,1768848556061,burnaby.gis,1765756800000,POINT (-122.9603395925 49.2760770118)
2758,,BREAK & ENTER-OTHER,BURNABY,NOEL DR : 2800 - 2859 Block,3ab78857-505b-4e42-b2ea-89eecd861839,1768848556061,burnaby.gis,1768848556061,burnaby.gis,1765843200000,POINT (-122.8992020653 49.2584513516)
2759,,BREAK & ENTER-RESIDENCE,BURNABY,CARRIGAN CT /EOR - END OF ROAD,651b143c-b82e-4c60-8012-0cec878967c0,1768848556061,burnaby.gis,1768848556061,burnaby.gis,1765843200000,POINT (-122.9020965244 49.2492125051)
2760,,THEFT FROM AUTO,BURNABY,HOWARD AV /UNION ST,fe999b91-b057-42ff-95f1-586f81bf6e66,1768848556061,burnaby.gis,1768848556061,burnaby.gis,1765843200000,POINT (-122.983720348 49.2773053416)
2761,,BREAK & ENTER-BUSINESS,BURNABY,SKYLINE DR : 4450 - 4499 Block,2ba6b3a8-097a-42ca-a5ff-2451be1b6970,1768848556061,burnaby.gis,1768848556061,burnaby.gis,1765843200000,POINT (-123.0039138467 49.2655485636)
2762,,THEFT FROM AUTO,BURNABY,BELCARRA DR /CLIFF AV,0400e7e4-6fc9-4f6b-b3f5-0ae885076484,1768848556061,burnaby.gis,1768848556061,burnaby.gis,1765843200000,POINT (-122.9589036748 49.2836002628)
2763,,THEFT FROM AUTO,BURNABY,14TH AV : 7400 - 7499 Block,33d99d0d-5b34-494d-8be7-b9a0da98ea6f,1768848556061,burnaby.gis,1768848556061,burnaby.gis,1765929600000,POINT (-122.9415053667 49.2172512887)
2764,,BREAK & ENTER-BUSINESS,BURNABY,DAWSON ST /MADISON AV,b53e07fa-ec3d-4648-88b2-3e176a77e402,1768848556061,burnaby.gis,1768848556061,burnaby.gis,1765929600000,POINT (-123.0087687469 49.2644573274)
2765,,BREAK & ENTER-RESIDENCE,BURNABY,GORDON PL /EOR - END OF ROAD,ac2ba64c-e8f5-411f-8a01-1f79e11fe0a9,1768848556061,burnaby.gis,1768848556061,burnaby.gis,1765929600000,POINT (-122.9519674142 49.2299511694)
2766,,THEFT FROM AUTO,BURNABY,CENTAURUS CI : 8700 - 8799 Block,a6106fd1-fa52-4fcd-8565-7c015a60c149,1768848556061,burnaby.gis,1768848556061,burnaby.gis,1766016000000,POINT (-122.9070368352 49.2597144248)
2767,,BREAK & ENTER-BUSINESS,BURNABY,NORTH FRASER WY /NORTHBROOK CT,016b565b-ffae-431f-813d-0f2a58079312,1768848556061,burnaby.gis,1768848556061,burnaby.gis,1766102400000,POINT (-123.0143772596 49.2004304337)
2768,,THEFT OF AUTO,BURNABY,REGENT ST : 5500 - 5599 Block,a17791d7-4993-4f31-89c3-159af2517cd3,1768848556061,burnaby.gis,1768848556061,burnaby.gis,1766016000000,POINT (-122.9826880394 49.2583729986)
2769,,THEFT FROM AUTO,BURNABY,PINE ST /SMITH AV,54b8cbb2-a9f7-4bd9-b6a9-a061b97ef5d4,1768848556061,burnaby.gis,1768848556061,burnaby.gis,1766102400000,POINT (-123.0198430365 49.2461038763)
2770,,BREAK & ENTER-BUSINESS,BURNABY,PHILLIPS AV : 1400 - 1799 Block,0366b093-9323-4972-b4e8-9f3aa3cb4c5d,1768848556061,burnaby.gis,1768848556061,burnaby.gis,1765929600000,POINT (-122.9467771635 49.2681775709)
2771,,BREAK & ENTER-OTHER,BURNABY,CHARING CT : 6300 - 6499 Block,7ba6e83c-6be7-447f-b54d-63575ec0bbef,1768848556061,burnaby.gis,1768848556061,burnaby.gis,1766016000000,POINT (-122.9543927928 49.2292349567)
2772,,BREAK & ENTER-OTHER,BURNABY,WILDWOOD CR : 4300 - 4499 Block,57e48738-9a98-4f3e-8e85-fbdecfc7314a,1768848556061,burnaby.gis,1768848556061,burnaby.gis,1766016000000,POINT (-123.0055766046 49.2400442017)
2773,,THEFT FROM AUTO,BURNABY,ANOLA DR /BELLWOOD AV,dcc3530c-b633-4e48-85b9-ad9e296a66e3,1768848556061,burnaby.gis,1768848556061,burnaby.gis,1766102400000,POINT (-122.9887098432 49.2653590673)
2774,,THEFT FROM AUTO,BURNABY,16TH AV : 7370 - 7429 Block,95720e7d-fd49-46f5-82a6-6bad0919dfff,1768848556061,burnaby.gis,1768848556061,burnaby.gis,1766102400000,POINT (-122.9448808375 49.2179471327)
2775,,BREAK & ENTER-BUSINESS,BURNABY,BELLWOOD AV : 1900 - 2099 Block,d6c3181d-d81d-4cbb-9f1f-985c5a5793c8,1768848556061,burnaby.gis,1768848556061,burnaby.gis,1766102400000,POINT (-122.9887009936 49.2662852053)
2776,,BREAK & ENTER-BUSINESS,BURNABY,GAGLARDI WY /UNIVERSITY DR,c57ed537-dd20-482e-b2d7-999b1dc3ba17,1768848556061,burnaby.gis,1768848556061,burnaby.gis,1766275200000,POINT (-122.9200489102 49.2801262728)
2777,,THEFT FROM AUTO,BURNABY,BARTLETT CT /EOR - END OF ROAD,c051f86c-1d16-4cf5-8b59-e24a3f51fbd7,1768848556061,burnaby.gis,1768848556061,burnaby.gis,1766361600000,POINT (-122.8986089361 49.2506435682)
2778,,THEFT FROM AUTO,BURNABY,ELWELL ST : 7700 - 7749 Block,8e886ff9-e60b-479d-b6d5-ccbf731d1a01,1768848556061,burnaby.gis,1768848556061,burnaby.gis,1766534400000,POINT (-122.9437075194 49.2269298822)
2779,,THEFT FROM AUTO,BURNABY,FOREST GROVE DR : 8700 - 8799 Block,b37ca049-dffe-4bc4-bd79-5e5b7bffa2d2,1768848556061,burnaby.gis,1768848556061,burnaby.gis,1766707200000,POINT (-122.9110832879 49.2636574719)
2780,,THEFT FROM AUTO,BURNABY,GRAY AV /WATLING ST,96aa6066-b3bd-47ce-9915-07aaa00fa76e,1768848556061,burnaby.gis,1768848556061,burnaby.gis,1766707200000,POINT (-122.9994398173 49.2166420819)
2781,,THEFT FROM AUTO,BURNABY,DUNDAS ST /MACDONALD AV N,dd4ce870-7528-4555-b095-13837bb83dd1,1768848556061,burnaby.gis,1768848556061,burnaby.gis,1766880000000,POINT (-123.0161973125 49.2847072971)
2782,,BREAK & ENTER-OTHER,BURNABY,MARLBOROUGH AV : 6560 - 6599 Block,aefa1714-7354-4da9-972d-aa345d7f851f,1768848556061,burnaby.gis,1768848556061,burnaby.gis,1767052800000,POINT (-122.9915566105 49.2237668255)
2783,,THEFT FROM AUTO,BURNABY,SARDIS CR : 4920 - 5799 Block,072f2c96-9cb5-4c60-a80b-177114adcb0c,1768848556061,burnaby.gis,1768848556061,burnaby.gis,1767052800000,POINT (-122.9928183931 49.2330119319)
2784,,BREAK & ENTER-BUSINESS,BURNABY,KINGSWAY : 5782 - 5799 Block,a6d71fdb-4bdd-4292-ab60-11d77fb48b97,1768848556061,burnaby.gis,1768848556061,burnaby.gis,1767052800000,POINT (-122.9791021925 49.2218534365)
2785,,THEFT FROM AUTO,BURNABY,BALMORAL ST /GRIFFITHS AV,9767fc28-0436-4748-af98-a4827e16842c,1768848556061,burnaby.gis,1768848556061,burnaby.gis,1767139200000,POINT (-122.9610043702 49.2202093165)
2786,,THEFT FROM AUTO,BURNABY,BERESFORD ST /TELFORD AV,e8cbf1df-633e-40f7-989a-8f68d5c13c38,1768848556061,burnaby.gis,1768848556061,burnaby.gis,1764547200000,POINT (-123.0033828853 49.2252182565)
2787,,THEFT FROM AUTO,BURNABY,11TH AV /18TH ST,620c3647-f20d-480c-96a6-82929e97ad25,1768848556061,burnaby.gis,1768848556061,burnaby.gis,1764633600000,POINT (-122.9490836093 49.2085892331)
2788,,THEFT FROM AUTO,BURNABY,NAPIER ST : 3900 - 3999 Block,9e215165-98af-413b-8eb4-29cb195844cc,1768848556061,burnaby.gis,1768848556061,burnaby.gis,1764633600000,POINT (-123.0174808181 49.2747934447)
2789,,THEFT OF AUTO,BURNABY,FIR ST /MACDONALD AV,28ed1174-36e4-44a9-ad30-03b11fa797ad,1768848556061,burnaby.gis,1768848556061,burnaby.gis,1764720000000,POINT (-123.0152804593 49.2451145244)
2790,,THEFT FROM AUTO,BURNABY,OAKDALE RD : 5800 - 5999 Block,b2365417-9dec-47bd-ab4d-c5b9d95563d3,1768848556061,burnaby.gis,1768848556061,burnaby.gis,1764720000000,POINT (-122.9857288709 49.2303318746)
2791,,BREAK & ENTER-BUSINESS,BURNABY,HALIFAX ST /WILLINGDON AV,8326ccac-8ab9-47de-a542-e5e72de3cff0,1768848556061,burnaby.gis,1768848556061,burnaby.gis,1764633600000,POINT (-123.003233114 49.268026613)
2792,,BREAK & ENTER-BUSINESS,BURNABY,BYRNE RD : 5300 - 5499 Block,962a1327-cc3d-497e-8f96-7392a77c3e21,1768848556061,burnaby.gis,1768848556061,burnaby.gis,1764633600000,POINT (-122.9852189456 49.2002118737)
2793,,THEFT FROM AUTO,BURNABY,ELMWOOD ST /INGLETON AV,d947f848-e2a8-4c3e-9577-8fd7b6fc7196,1768848556061,burnaby.gis,1768848556061,burnaby.gis,1764892800000,POINT (-123.0174267196 49.2506281499)
2794,,BREAK & ENTER-RESIDENCE,BURNABY,GORDON AV /RUGBY ST,e7eaf106-f98b-4db9-9f05-664158de26ec,1768848556061,burnaby.gis,1768848556061,burnaby.gis,1764892800000,POINT (-122.9599256626 49.2366893281)
2795,,THEFT FROM AUTO,BURNABY,NORTH RD /RATHBURN DR,39685d09-cba8-472b-a185-a34846278d06,1768848556061,burnaby.gis,1768848556061,burnaby.gis,1764979200000,POINT (-122.8932304029 49.2657150915)
2796,,THEFT FROM AUTO,BURNABY,19TH AV : 8000 - 8099 Block,dc7cd2bd-62ae-4e7c-bdd8-1842a37bec28,1768848556061,burnaby.gis,1768848556061,burnaby.gis,1764979200000,POINT (-122.9317602885 49.2282703525)
2797,,BREAK & ENTER-BUSINESS,BURNABY,BYRNE RD : 5300 - 5499 Block,64d7db28-6371-4553-9432-fe4fa92a5fae,1768848556061,burnaby.gis,1768848556061,burnaby.gis,1764979200000,POINT (-122.9852189456 49.2002118737)
2798,,THEFT FROM AUTO,BURNABY,DORSET ST /SELLERS AV,0a7d8bf9-14b1-444f-ad2d-8b183465f7c0,1768848556061,burnaby.gis,1768848556061,burnaby.gis,1765065600000,POINT (-122.981642588 49.2208302127)
2799,,THEFT OF AUTO,BURNABY,GILMORE AV /REGENT ST,44270ea7-cde1-412d-a72a-6db2acf3216a,1768848556061,burnaby.gis,1768848556061,burnaby.gis,1765065600000,POINT (-123.0139513134 49.2590302045)
2800,,BREAK & ENTER-OTHER,BURNABY,BOUNDARY RD /CARDIFF ST,bfce04f1-083c-4650-807f-25b4cb6c75c4,1768848556061,burnaby.gis,1768848556061,burnaby.gis,1765152000000,POINT (-123.023575347 49.2409672128)
2801,,THEFT FROM AUTO,BURNABY,BROADWAY /BUCHANAN DR,51bec9f3-b640-4ef3-a235-3bed5ab93dac,1768848556061,burnaby.gis,1768848556061,burnaby.gis,1765324800000,POINT (-122.9850389636 49.2663591653)
2802,,THEFT OF AUTO,BURNABY,14TH AV /6TH ST,b4f363f9-d351-4d99-88af-f14255358af5,1768848556061,burnaby.gis,1768848556061,burnaby.gis,1765584000000,POINT (-122.9312988133 49.2218845027)
2803,,BREAK & ENTER-RESIDENCE,BURNABY,GRANT ST /KENSINGTON AV,b8052b20-3c1c-43e5-ab51-fe98b20d4215,1768848556061,burnaby.gis,1768848556061,burnaby.gis,1765584000000,POINT (-122.9700956487 49.2707018977)
2804,,BREAK & ENTER-BUSINESS,BURNABY,GILMORE AV /HASTINGS ST,2d00cf38-0108-43fd-a0ec-b36473733da8,1768848556061,burnaby.gis,1768848556061,burnaby.gis,1765584000000,POINT (-123.0141782161 49.2810509775)
2805,,BREAK & ENTER-OTHER,BURNABY,KINGSWAY /SUSSEX AV,d660ad40-3da4-4b06-ac5a-fd73d5aa3e8d,1768848556061,burnaby.gis,1768848556061,burnaby.gis,1765670400000,POINT (-122.9993183432 49.2283922605)
2806,,THEFT FROM AUTO,BURNABY,GRANT ST /MADISON AV,dce506db-5fee-488e-9334-293e84732dfc,1768848556061,burnaby.gis,1768848556061,burnaby.gis,1765756800000,POINT (-123.0087605859 49.2711086134)
2807,,THEFT FROM AUTO,BURNABY,HOLDOM AV N : 1 - 199 Block,64adeae1-bbe8-4ba6-9b40-4393872e1248,1768848556061,burnaby.gis,1768848556061,burnaby.gis,1765843200000,POINT (-122.9807765563 49.2853131337)
2808,,BREAK & ENTER-RESIDENCE,BURNABY,BELCARRA DR /CLIFF AV,2c2b9db7-10ac-4f84-8ed3-63c83c1aaaf5,1768848556061,burnaby.gis,1768848556061,burnaby.gis,1765843200000,POINT (-122.9589036748 49.2836002628)
2809,,THEFT FROM AUTO,BURNABY,17TH AV : 7500 - 7699 Block,9bbd0d18-71ef-400a-bec2-cd69a671fec1,1768848556061,burnaby.gis,1768848556061,burnaby.gis,1766016000000,POINT (-122.9406597948 49.2211580567)
2810,,THEFT FROM AUTO,BURNABY,AUBREY ST /PINEHURST DR,e2495b44-73fc-42f6-a04b-3f551c43f114,1768848556061,burnaby.gis,1768848556061,burnaby.gis,1766102400000,POINT (-122.9407579773 49.2733652902)
2811,,THEFT OF AUTO,BURNABY,16TH AV : 7370 - 7429 Block,09bf9e1b-263c-4711-8339-74252770f85c,1768848556061,burnaby.gis,1768848556061,burnaby.gis,1766102400000,POINT (-122.9448808375 49.2179471327)
2812,,BREAK & ENTER-BUSINESS,BURNABY,CURTIS ST /SPERLING AV,75a2d466-9b0d-49d6-ac27-4f783ac895f5,1768848556061,burnaby.gis,1768848556061,burnaby.gis,1766016000000,POINT (-122.9646406702 49.2752134218)
2813,,THEFT FROM AUTO,BURNABY,16TH AV : 7370 - 7429 Block,90ce96a8-68f5-41bc-86cb-c4e66e0d553a,1768848556061,burnaby.gis,1768848556061,burnaby.gis,1766102400000,POINT (-122.9448808375 49.2179471327)
2814,,THEFT FROM AUTO,BURNABY,GILMORE AV /PENDER ST,603f3d4f-ef3c-41b5-9180-2b0e00f82f27,1768848556061,burnaby.gis,1768848556061,burnaby.gis,1766102400000,POINT (-123.0141942086 49.2801739674)
2815,,THEFT OF AUTO,BURNABY,NORTH RD : 3600 - 3999 Block,8dd15fee-f213-4f73-9cc7-da04197658d2,1768848556061,burnaby.gis,1768848556061,burnaby.gis,1766188800000,POINT (-122.8929117169 49.24857588)
2816,,THEFT FROM AUTO,BURNABY,LOUGHEED HY : 4800 - 4839 Block,061de250-bdc4-4dd3-92e9-404696d493cf,1768848556061,burnaby.gis,1768848556061,burnaby.gis,1766275200000,POINT (-122.9941948066 49.2656264652)
2817,,THEFT OF AUTO,BURNABY,LAUREL ST : 3800 - 3999 Block,429bc4a5-3111-43ee-b3c0-82dd77842efb,1768848556061,burnaby.gis,1768848556061,burnaby.gis,1766275200000,POINT (-123.0191845763 49.2541881435)
2818,,BREAK & ENTER-BUSINESS,BURNABY,GAGLARDI WY /UNIVERSITY DR,2636634f-1194-441c-adf7-5ef3b1e5ce97,1768848556061,burnaby.gis,1768848556061,burnaby.gis,1766275200000,POINT (-122.9200489102 49.2801262728)
2819,,THEFT FROM AUTO,BURNABY,SANDELL ST /SMITH AV,8e4a2e8b-7f10-4b38-8e4a-d52bbb3bbd90,1768848556061,burnaby.gis,1768848556061,burnaby.gis,1766361600000,POINT (-123.0199152525 49.2340703032)
2820,,THEFT OF AUTO,BURNABY,ACACIA AV : 6600 - 6899 Block,f557d397-10fd-4042-84cb-b2906088cc27,1768848556061,burnaby.gis,1768848556061,burnaby.gis,1766361600000,POINT (-122.9499719428 49.225572081)
2821,,THEFT OF AUTO,BURNABY,EWART ST /ROYAL OAK AV,7d2b83b2-81d9-4aeb-903d-353efa63753a,1768848556061,burnaby.gis,1768848556061,burnaby.gis,1766361600000,POINT (-122.9884672682 49.2103172433)
2822,,THEFT FROM AUTO,BURNABY,CARRIGAN CT /EOR - END OF ROAD,117e51e5-8d5b-4d5f-9e82-53340268ffe5,1768848556061,burnaby.gis,1768848556061,burnaby.gis,1766361600000,POINT (-122.9020965244 49.2492125051)
2823,,BREAK & ENTER-BUSINESS,BURNABY,11TH AV : 8200 - 8299 Block,21086bd2-bf4c-4a42-81c4-8702da5249e6,1768848556061,burnaby.gis,1768848556061,burnaby.gis,1766448000000,POINT (-122.9197838941 49.2244682105)
2824,,THEFT OF AUTO,BURNABY,1ST AV /INGLETON AV,983730db-5dfd-4d8d-984e-6b3141697937,1768848556061,burnaby.gis,1768848556061,burnaby.gis,1766448000000,POINT (-123.0187014816 49.2693729999)
2825,,THEFT FROM AUTO,BURNABY,ESMOND AV /GEORGIA ST,c189da13-58ae-4b6f-9ebe-83be8f05e3a4,1768848556061,burnaby.gis,1768848556061,burnaby.gis,1766448000000,POINT (-123.0210323754 49.2784437459)
2826,,BREAK & ENTER-OTHER,BURNABY,MARTIN ST /PRITCHARD AV,71615d30-f588-420e-a9c1-58534b6a89ef,1768848556061,burnaby.gis,1768848556061,burnaby.gis,1766534400000,POINT (-122.8984107584 49.2578971237)
2827,,THEFT OF AUTO,BURNABY,14TH AV /KINGSWAY,20486050-7b00-49b7-b7e1-d742b8a01d82,1768848556061,burnaby.gis,1768848556061,burnaby.gis,1766534400000,POINT (-122.9428958681 49.2165249576)
2828,,THEFT OF AUTO,BURNABY,14TH AV /CUMBERLAND ST,f7f659b6-1d29-4e61-b17d-504a04ad163f,1768848556061,burnaby.gis,1768848556061,burnaby.gis,1766534400000,POINT (-122.9162245713 49.2306131719)
2829,,THEFT OF AUTO,BURNABY,BYRNE RD : 5100 - 5219 Block,202bc3c2-668a-4075-ad5f-36373586efb8,1768848556061,burnaby.gis,1768848556061,burnaby.gis,1766707200000,POINT (-122.9886519463 49.1983162349)
2830,,THEFT FROM AUTO,BURNABY,KINGSWAY : 4750 - 4799 Block,056ec9de-c169-42bf-b74a-bc4166b43f54,1768848556061,burnaby.gis,1768848556061,burnaby.gis,1766707200000,POINT (-122.9970398555 49.2276422243)
2831,,THEFT FROM AUTO,BURNABY,KINGSWAY /SUSSEX AV,e15f77f7-d81d-44d8-9587-82d2104de5c8,1768848556061,burnaby.gis,1768848556061,burnaby.gis,1766707200000,POINT (-122.9993183432 49.2283922605)
2832,,BREAK & ENTER-OTHER,BURNABY,KITCHENER ST /ROSSER AV,81856704-84cb-4752-87d8-7c1ed7d5366c,1768848556061,burnaby.gis,1768848556061,burnaby.gis,1766707200000,POINT (-123.0059960821 49.2719852883)
2833,,THEFT FROM AUTO,BURNABY,CARLETON AV /PANDORA ST,99e8fad2-db31-4196-a5c7-bc9c3ee9a563,1768848556061,burnaby.gis,1768848556061,burnaby.gis,1766880000000,POINT (-123.011380476 49.2828647096)
2834,,BREAK & ENTER-BUSINESS,BURNABY,LAKE CITY WY : 3300 - 3399 Block,68d640e2-12c6-4aab-9974-8b0f7c4d6bd0,1768848556061,burnaby.gis,1768848556061,burnaby.gis,1766793600000,POINT (-122.9379783721 49.2548805446)
2835,,THEFT FROM AUTO,BURNABY,WILLINGDON AV : 3300 - 3999 Block,5b3e8f32-f085-41ad-843f-292bfb620557,1768848556061,burnaby.gis,1768848556061,burnaby.gis,1766966400000,POINT (-123.0043093237 49.2511783217)
2836,,BREAK & ENTER-BUSINESS,BURNABY,HASTINGS ST /WILLINGDON AV,d585c1fd-e0a0-41f7-8acf-c728361667fb,1768848556061,burnaby.gis,1768848556061,burnaby.gis,1766966400000,POINT (-123.0031244391 49.2810168929)
2837,,THEFT FROM AUTO,BURNABY,CLINTON ST : 6100 - 6299 Block,c4a70459-5499-471f-a255-5425b70c0096,1768848556061,burnaby.gis,1768848556061,burnaby.gis,1767052800000,POINT (-122.9733473479 49.2129269453)
2838,,BREAK & ENTER-OTHER,BURNABY,SPRINGER AV : 2100 - 2299 Block,b89bacb7-f2b2-48f6-b9e7-c6f1f4475028,1768848556061,burnaby.gis,1768848556061,burnaby.gis,1767052800000,POINT (-122.9875814608 49.2641270059)
2839,,BREAK & ENTER-BUSINESS,BURNABY,KINGSWAY : 4430 - 4499 Block,321ef000-5180-4ecc-a869-c078dc85c1a5,1768848556061,burnaby.gis,1768848556061,burnaby.gis,1767139200000,POINT (-123.0055697428 49.2304442398)
2840,,THEFT FROM AUTO,BURNABY,BURNWOOD DR /GREYSTONE DR,552c85ac-9761-45e5-9ea9-9a66742d4467,1768848556061,burnaby.gis,1768848556061,burnaby.gis,1766016000000,POINT (-122.9452315955 49.2703005889)
2841,,BREAK & ENTER-BUSINESS,BURNABY,KINGSWAY /SPERLING AV,dadaa45b-3789-4f59-8b37-99e97396634f,1768848556061,burnaby.gis,1768848556061,burnaby.gis,1764547200000,POINT (-122.9647800599 49.2184640083)
2842,,THEFT FROM AUTO,BURNABY,11TH AV : 7200 - 7259 Block,3da04da9-b4a1-4397-9e31-d9a0fbae1857,1768848556061,burnaby.gis,1768848556061,burnaby.gis,1764547200000,POINT (-122.944423944 49.2111211474)
2843,,BREAK & ENTER-BUSINESS,BURNABY,KINGSBOROUGH ST /MCKAY AV,64bee039-b56c-4d05-a62e-1acad4766e1b,1768848556061,burnaby.gis,1768848556061,burnaby.gis,1764547200000,POINT (-123.0045256503 49.2279559386)
2844,,THEFT OF AUTO,BURNABY,MIDLAWN DR /WESTLAWN DR,6688f803-122c-4a8d-bf6c-d75f6fc9ec00,1768848556061,burnaby.gis,1768848556061,burnaby.gis,1764547200000,POINT (-123.0010061177 49.2710429323)
2845,,THEFT FROM AUTO,BURNABY,RIDGE DR /EOR - END OF ROAD,6173cf02-d045-490d-bfd9-27319f3235b3,1768848556061,burnaby.gis,1768848556061,burnaby.gis,1764633600000,POINT (-122.9486203273 49.2866099152)
2846,,THEFT FROM AUTO,BURNABY,SHEPHERD ST /SUSSEX AV,37d6ca0d-cb1d-49ba-b335-839ee82d3f87,1768848556061,burnaby.gis,1768848556061,burnaby.gis,1764633600000,POINT (-122.997793838 49.2324094553)
2847,,THEFT OF AUTO,BURNABY,ALBERT ST : 3700 - 3799 Block,2f263835-5676-4a4c-adbc-8de91e017588,1768848556061,burnaby.gis,1768848556061,burnaby.gis,1764720000000,POINT (-123.022167902 49.2820389969)
2848,,THEFT FROM AUTO,BURNABY,GILMORE AV /NAPIER ST,c664601e-fc5e-4f0c-b659-7b3eb2f9c67e,1768848556061,burnaby.gis,1768848556061,burnaby.gis,1764633600000,POINT (-123.014255018 49.2747805167)
2849,,THEFT FROM AUTO,BURNABY,SUSSEX AV : 5500 - 5569 Block,905abb6f-d702-4af7-9bd5-69b0d1120017,1768848556061,burnaby.gis,1768848556061,burnaby.gis,1764806400000,POINT (-122.9978147016 49.2341009694)
2850,,THEFT OF AUTO,BURNABY,MARINE DR /ROYAL OAK AV,1a5db885-4584-4a1e-8e17-d01ed46e216c,1768848556061,burnaby.gis,1768848556061,burnaby.gis,1764806400000,POINT (-122.988455368 49.2067654653)
2851,,THEFT FROM AUTO,BURNABY,MACPHERSON AV : 7100 - 7499 Block,47e550b4-aa06-4ebd-a66c-d66282798bc6,1768848556061,burnaby.gis,1768848556061,burnaby.gis,1764892800000,POINT (-122.9828301013 49.2171923498)
2852,,BREAK & ENTER-RESIDENCE,BURNABY,EWART ST /MCGREGOR AV,79515068-2e89-49eb-8f3f-64f6abcc681d,1768848556061,burnaby.gis,1768848556061,burnaby.gis,1764892800000,POINT (-122.9903510685 49.2103287066)
2853,,THEFT FROM AUTO,BURNABY,PORTLAND ST : 4460 - 4499 Block,eee6dfa4-07a3-4e9a-a27b-dcac7ea34049,1768848556061,burnaby.gis,1768848556061,burnaby.gis,1764979200000,POINT (-123.0031153862 49.2121981297)
2854,,THEFT FROM AUTO,BURNABY,NOLAN ST /RUSSELL AV,099b1994-a194-40a3-81da-82d61c22aea2,1768848556061,burnaby.gis,1768848556061,burnaby.gis,1765152000000,POINT (-122.979233772 49.2229716817)
2855,,THEFT FROM AUTO,BURNABY,BURKE ST : 4640 - 4699 Block,14486a12-8e15-4c90-9ee5-8951a5798fa1,1768848556061,burnaby.gis,1768848556061,burnaby.gis,1765152000000,POINT (-122.9988756733 49.2370277463)
2856,,BREAK & ENTER-BUSINESS,BURNABY,GLENLYON PY /EOR - END OF POAD,9e1c2d1d-06f5-48c5-a7dd-4e16fd73e042,1768848556061,burnaby.gis,1768848556061,burnaby.gis,1765152000000,POINT (-123.0074402255 49.2074658637)
2857,,BREAK & ENTER-BUSINESS,BURNABY,CLAYTON AV : 7900 - 7949 Block,377e7df2-87ed-423f-9ebf-e94ca7771a92,1768848556061,burnaby.gis,1768848556061,burnaby.gis,1765324800000,POINT (-122.9566365774 49.2413042629)
2858,,THEFT OF AUTO,BURNABY,ALBERT ST /DELTA AV,f6d659e1-14e1-431a-95eb-d74c4664a5a1,1768848556061,burnaby.gis,1768848556061,burnaby.gis,1765411200000,POINT (-122.9920680984 49.2818534485)
2859,,BREAK & ENTER-BUSINESS,BURNABY,BYRNE RD : 5100 - 5219 Block,ec0bb828-e89e-41ed-9a58-249b2a6f649a,1768848556061,burnaby.gis,1768848556061,burnaby.gis,1765324800000,POINT (-122.9886519463 49.1983162349)
2860,,THEFT FROM AUTO,BURNABY,NAPIER ST : 4600 - 4999 Block,a2bfc6de-29fe-4b8f-b7f6-777f1edec6ba,1768848556061,burnaby.gis,1768848556061,burnaby.gis,1765497600000,POINT (-122.9989338635 49.274653371)
2861,,THEFT OF AUTO,BURNABY,ALPHA AV : 2200 - 2499 Block,9f00bb2b-6fb4-4a88-9358-c90db6909798,1768848556061,burnaby.gis,1768848556061,burnaby.gis,1765411200000,POINT (-123.0003944917 49.2634046617)
2862,,THEFT OF AUTO,BURNABY,GEORGIA ST /SPRINGER AV,1758ed7e-9c01-442d-8390-c9f385c3a773,1768848556061,burnaby.gis,1768848556061,burnaby.gis,1765497600000,POINT (-122.9878298415 49.2782273962)
2863,,THEFT FROM AUTO,BURNABY,STATION HILL DR : 6800 - 6839 Block,77d4b978-a661-4f4e-9a84-ac706f35f70b,1768848556061,burnaby.gis,1768848556061,burnaby.gis,1765497600000,POINT (-122.960999557 49.2110059152)
2864,,THEFT FROM AUTO,BURNABY,BOND ST /PATTERSON AV,5816c5d1-4c9b-420d-a0b9-22afeebe8fe3,1768848556061,burnaby.gis,1768848556061,burnaby.gis,1765584000000,POINT (-123.0134990058 49.2355134761)
2865,,BREAK & ENTER-OTHER,BURNABY,PATTERSON AV : 5600 - 5639 Block,2ed60a7d-4660-49c7-a6dd-6bf4abf6f220,1768848556061,burnaby.gis,1768848556061,burnaby.gis,1765670400000,POINT (-123.0135046438 49.2334603318)
2866,,THEFT FROM AUTO,BURNABY,HOWARD AV : 1580 - 1799 Block,82f21c21-efd4-4a62-ae70-d8e485614736,1768848556061,burnaby.gis,1768848556061,burnaby.gis,1765756800000,POINT (-122.9837686663 49.269153141)
2867,,THEFT OF AUTO,BURNABY,CANADA WY : 7012 - 7199 Block,b410c508-ef7d-462c-9da1-a6e048252917,1768848556061,burnaby.gis,1768848556061,burnaby.gis,1765843200000,POINT (-122.9422875129 49.2251066228)
2868,,THEFT FROM AUTO,BURNABY,DELTA AV /HALIFAX ST,9b116b9c-dee5-40a9-878a-c8cbc47fc900,1768848556061,burnaby.gis,1768848556061,burnaby.gis,1765929600000,POINT (-122.9922012709 49.2680138288)
2869,,THEFT FROM AUTO,BURNABY,ALPHA AV /HASTINGS ST,bb4a0bbd-153c-4a66-9554-a0ba59359938,1768848556061,burnaby.gis,1768848556061,burnaby.gis,1766102400000,POINT (-123.000239716 49.2810079518)
2870,,THEFT FROM AUTO,BURNABY,KINGSWAY /SUSSEX AV,dbb55328-77e7-41f7-89bd-dafd8e905ecb,1768848556061,burnaby.gis,1768848556061,burnaby.gis,1766016000000,POINT (-122.9993183432 49.2283922605)
2871,,THEFT FROM AUTO,BURNABY,COLDICUTT ST : 7660 - 7699 Block,b19a3132-213a-4547-977c-17ec1d951209,1768848556061,burnaby.gis,1768848556061,burnaby.gis,1766188800000,POINT (-122.9098527264 49.2335354928)
2872,,BREAK & ENTER-OTHER,BURNABY,KINGSWAY /MILLER AV,c58ae75d-725d-486f-952a-9dfd1d0274c2,1768848556061,burnaby.gis,1768848556061,burnaby.gis,1766102400000,POINT (-122.9950884609 49.2270023804)
2873,,THEFT FROM AUTO,BURNABY,VENABLES ST : 4600 - 4899 Block,ac9d4c3b-4711-4364-9fcd-9e7082b97da2,1768848556061,burnaby.gis,1768848556061,burnaby.gis,1766361600000,POINT (-122.9934528499 49.2764366319)
2874,,THEFT OF AUTO,BURNABY,14TH AV : 7500 - 7559 Block,afd66ebd-ef94-455e-a16b-5525b483d26c,1768848556061,burnaby.gis,1768848556061,burnaby.gis,1766448000000,POINT (-122.9394930708 49.2183130117)
2875,,THEFT OF AUTO,BURNABY,CONWAY AV : 7400 - 7599 Block,da2a1a2f-9ef8-4eef-bd90-4f199a9207d3,1768848556061,burnaby.gis,1768848556061,burnaby.gis,1766448000000,POINT (-122.9686204688 49.2160124901)
2876,,THEFT FROM AUTO,BURNABY,EDINBURGH ST : 4000 - 4999 Block,d75e6d9d-f33b-458b-875b-a952417da764,1768848556061,burnaby.gis,1768848556061,burnaby.gis,1766534400000,POINT (-123.0150182884 49.2910264495)
2877,,THEFT FROM AUTO,BURNABY,KINGSWAY /SUSSEX AV,c9d50d82-085b-4c84-a733-603a30af5ca7,1768848556061,burnaby.gis,1768848556061,burnaby.gis,1766534400000,POINT (-122.9993183432 49.2283922605)
2878,,BREAK & ENTER-BUSINESS,BURNABY,PALM AV /EOR - END OF ROAD,6391453e-3758-4dab-8ac4-57c35c05f9d5,1768848556061,burnaby.gis,1768848556061,burnaby.gis,1766707200000,POINT (-122.986967332 49.2200771342)
2879,,BREAK & ENTER-OTHER,BURNABY,HASTINGS ST : 4000 - 4099 Block,837785af-8ab6-42fd-a5d2-45dac823fbc6,1768848556061,burnaby.gis,1768848556061,burnaby.gis,1766707200000,POINT (-123.015216256 49.2810584515)
2880,,THEFT FROM AUTO,BURNABY,KINGSWAY /MILLER AV,9de8f763-b769-40a4-8880-39eb3890cdab,1768848556061,burnaby.gis,1768848556061,burnaby.gis,1766707200000,POINT (-122.9950884609 49.2270023804)
2881,,THEFT FROM AUTO,BURNABY,KINGSWAY : 4750 - 4799 Block,933e35f0-3188-47a5-93b9-7d50cd14e306,1768848556061,burnaby.gis,1768848556061,burnaby.gis,1766707200000,POINT (-122.9970398555 49.2276422243)
2882,,THEFT OF AUTO,BURNABY,EGLINTON ST /MAHON AV,f1fd766a-125d-49b9-a27e-499bb2ba1a5a,1768848556061,burnaby.gis,1768848556061,burnaby.gis,1766707200000,POINT (-122.9817510441 49.2429384109)
2883,,BREAK & ENTER-OTHER,BURNABY,MEADOW AV /TRAPP AV,504f5edd-a082-46a2-9f36-4c9952841f4c,1768848556061,burnaby.gis,1768848556061,burnaby.gis,1766880000000,POINT (-122.9631322934 49.1926196349)
2884,,BREAK & ENTER-BUSINESS,BURNABY,GAMMA AV /HASTINGS ST,062d3776-59d0-498e-82fb-9c1b412439c0,1768848556061,burnaby.gis,1768848556061,burnaby.gis,1766966400000,POINT (-122.9947089516 49.2809856691)
2885,,THEFT FROM AUTO,BURNABY,MARINE DR /STRATHEARN AV,e5df0da0-26d0-4db1-a7ea-55cdb04406b7,1768848556061,burnaby.gis,1768848556061,burnaby.gis,1766966400000,POINT (-123.0006007819 49.208126663)
2886,,BREAK & ENTER-BUSINESS,BURNABY,CANADA WY : 6800 - 6899 Block,218e4c03-a2b4-4461-827d-c4dec89b5f92,1768848556061,burnaby.gis,1768848556061,burnaby.gis,1767139200000,POINT (-122.9446692357 49.227057897)
2887,,BREAK & ENTER-RESIDENCE,BURNABY,BARKER AV : 5600 - 5699 Block,70853f75-dca5-4b29-97da-033fc4a9bd45,1768848556061,burnaby.gis,1768848556061,burnaby.gis,1767052800000,POINT (-123.0110878874 49.2334561608)
2888,,THEFT FROM AUTO,BURNABY,BERESFORD ST /SUSSEX AV,0df80065-53f9-4dfa-b3dd-643a55320a73,1768848556061,burnaby.gis,1768848556061,burnaby.gis,1766707200000,POINT (-123.0021720462 49.2246610271)
2889,,THEFT FROM AUTO,BURNABY,JUNEAU ST : 4400 - 4499 Block,60be53f8-8da3-4da1-bd55-236045b3a9cd,1768848556061,burnaby.gis,1768848556061,burnaby.gis,1764547200000,POINT (-123.0046312262 49.2635339543)
2890,,THEFT FROM AUTO,BURNABY,OAKMOUNT CR : 5200 - 5249 Block,8289a7b3-4af8-467f-aea5-983363fb07e4,1768848556061,burnaby.gis,1768848556061,burnaby.gis,1764633600000,POINT (-122.9840008533 49.2323977132)
2891,,THEFT FROM AUTO,BURNABY,MEADEDALE DR /SPRINGDALE CT,fdf8bac1-8065-4376-88b2-b8d25a2b5628,1768848556061,burnaby.gis,1768848556061,burnaby.gis,1764720000000,POINT (-122.986605642 49.2745922624)
2892,,BREAK & ENTER-BUSINESS,BURNABY,BYRNE RD : 5300 - 5499 Block,ab10fcea-10ca-497d-8f73-7573c6b8d3a8,1768848556061,burnaby.gis,1768848556061,burnaby.gis,1764892800000,POINT (-122.9852189456 49.2002118737)
2893,,THEFT FROM AUTO,BURNABY,16TH ST /18TH AV,12f18055-6e6b-4826-a8c2-3c311705c894,1768848556061,burnaby.gis,1768848556061,burnaby.gis,1764979200000,POINT (-122.9526094358 49.2161973716)
2894,,BREAK & ENTER-BUSINESS,BURNABY,BONNEVILLE PL : 3600 - 3699 Block,f6bbd533-9eef-40de-b701-cf21dd2b70ea,1768848556061,burnaby.gis,1768848556061,burnaby.gis,1765065600000,POINT (-122.9152153877 49.2511582735)
2895,,BREAK & ENTER-BUSINESS,BURNABY,EDMONDS ST : 7700 - 7899 Block,ec65e889-57da-4781-bde4-337af5558998,1768848556061,burnaby.gis,1768848556061,burnaby.gis,1765324800000,POINT (-122.9389726127 49.2251607965)
2896,,BREAK & ENTER-OTHER,BURNABY,HASTINGS ST : 4700 - 4799 Block,9cf535b6-9ad8-4d01-b830-2f143806b320,1768848556061,burnaby.gis,1768848556061,burnaby.gis,1765152000000,POINT (-122.9960924013 49.2809956334)
2897,,THEFT OF AUTO,BURNABY,BETA AV /FAIRLAWN DR,9b711ee0-f81a-44a2-9b80-3acb3e8a5c7a,1768848556061,burnaby.gis,1768848556061,burnaby.gis,1765324800000,POINT (-122.9962065032 49.2736941394)
2898,,THEFT FROM AUTO,BURNABY,BETA AV /FAIRLAWN DR,3223fe97-13bc-4f06-90dc-7649d392f068,1768848556061,burnaby.gis,1768848556061,burnaby.gis,1765411200000,POINT (-122.9962065032 49.2736941394)
2899,,THEFT FROM AUTO,BURNABY,HASTINGS ST : 4400 - 4499 Block,a1afbbb8-84ee-4f12-b672-9675bceaf7e0,1768848556061,burnaby.gis,1768848556061,burnaby.gis,1765411200000,POINT (-123.0045115867 49.281021186)
2900,,THEFT OF AUTO,BURNABY,GAGLARDI WY /UNIVERSITY DR,d35c0a17-5e7b-44bc-b047-62cd7ab129da,1768848556061,burnaby.gis,1768848556061,burnaby.gis,1765238400000,POINT (-122.9200489102 49.2801262728)
2901,,THEFT OF AUTO,BURNABY,BRENTLAWN DR /WILLINGDON AV,e9e45b9a-6cf7-4c0b-876a-b8e8b4bb92c5,1768848556061,burnaby.gis,1768848556061,burnaby.gis,1765324800000,POINT (-123.0032150272 49.270147467)
2902,,THEFT OF AUTO,BURNABY,GILMORE AV N /OXFORD ST,b634f8a2-b542-4b1f-a6f7-3461ad3b0b4d,1768848556061,burnaby.gis,1768848556061,burnaby.gis,1765411200000,POINT (-123.014083614 49.2855915635)
2903,,BREAK & ENTER-RESIDENCE,BURNABY,ALBERT ST /CARLETON AV,d529dfe4-cf44-4443-b8b8-22f2eb058a20,1768848556061,burnaby.gis,1768848556061,burnaby.gis,1765584000000,POINT (-123.011398381 49.2819735817)
2904,,BREAK & ENTER-BUSINESS,BURNABY,STATION ST : 6070 - 60179 Block,ae1e6564-9e3b-4bb0-bb92-11b53dfc785b,1768848556061,burnaby.gis,1768848556061,burnaby.gis,1765497600000,POINT (-123.0021897598 49.2276709023)
2905,,THEFT FROM AUTO,BURNABY,GEORGIA ST /GILMORE AV,a5d09980-0bd4-4157-a2a7-fa5f8999b682,1768848556061,burnaby.gis,1768848556061,burnaby.gis,1765756800000,POINT (-123.0142158174 49.2783640828)
2906,,THEFT FROM AUTO,BURNABY,IMPERIAL ST /WAVERLEY AV,58595c39-f788-4246-bdd2-1615fb1bcff9,1768848556061,burnaby.gis,1768848556061,burnaby.gis,1765756800000,POINT (-122.9976369959 49.221935579)
2907,,THEFT FROM AUTO,BURNABY,CAPELLA DR : 9100 - 9199 Block,0abf6faa-3bfe-4e62-8a10-9f491292acd7,1768848556061,burnaby.gis,1768848556061,burnaby.gis,1765670400000,POINT (-122.9041405816 49.2604210346)
2908,,BREAK & ENTER-BUSINESS,BURNABY,DAWSON ST /MADISON AV,8a5dcee6-7c82-4e86-93ee-886a93a3173a,1768848556061,burnaby.gis,1768848556061,burnaby.gis,1765756800000,POINT (-123.0087687469 49.2644573274)
2909,,THEFT FROM AUTO,BURNABY,BERESFORD ST : 4470 - 4499 Block,38def8b2-e3f6-450c-b885-6ec86c55b0d2,1768848556061,burnaby.gis,1768848556061,burnaby.gis,1765756800000,POINT (-123.0027774617 49.224939644)
2910,,THEFT FROM AUTO,BURNABY,FRASERWOOD CT /NORTH FRASER WY,97d5bcf1-6d1e-414f-95ac-068f8dfbe60d,1768848556061,burnaby.gis,1768848556061,burnaby.gis,1765756800000,POINT (-123.0182000968 49.2013005039)
2911,,THEFT FROM AUTO,BURNABY,WILLINGDON AV : 6500 - 6799 Block,dc814d9e-fa9a-475a-a130-912b4cad021a,1768848556061,burnaby.gis,1768848556061,burnaby.gis,1765843200000,POINT (-123.010872448 49.223095983)
2912,,BREAK & ENTER-BUSINESS,BURNABY,HASTINGS ST /KENSINGTON AV,b9a9949e-ab6e-43de-8781-278debb97fe1,1768848556061,burnaby.gis,1768848556061,burnaby.gis,1765843200000,POINT (-122.9700195753 49.2803479289)
2913,,BREAK & ENTER-OTHER,BURNABY,CURTIS ST /FELL AV,db8c31c4-2261-45d6-85a6-465477536317,1768848556061,burnaby.gis,1768848556061,burnaby.gis,1765843200000,POINT (-122.9756147785 49.2752169405)
2914,,THEFT FROM AUTO,BURNABY,BROADWAY : 7070 - 7111 Block,63a56b60-63c1-478b-bab5-b46a3ac071e6,1768848556061,burnaby.gis,1768848556061,burnaby.gis,1765929600000,POINT (-122.9566304822 49.2614954922)
2915,,THEFT FROM AUTO,BURNABY,HASTINGS ST : 5000 - 5199 Block,63673669-a87a-4515-80ed-644a4f656cd8,1768848556061,burnaby.gis,1768848556061,burnaby.gis,1765929600000,POINT (-122.9892074069 49.2803536045)
2916,,THEFT OF AUTO,BURNABY,WILLINGDON AV : 3300 - 3999 Block,ed513fd0-7ce8-4c3e-8095-29a3afe052b7,1768848556061,burnaby.gis,1768848556061,burnaby.gis,1766016000000,POINT (-123.0043093237 49.2511783217)
2917,,THEFT FROM AUTO,BURNABY,BURKE ST : 3890 - 3899 Block,fba03305-9877-4775-8ab3-cc48ca7e148d,1768848556061,burnaby.gis,1768848556061,burnaby.gis,1766102400000,POINT (-123.0180836457 49.236967909)
2918,,THEFT FROM AUTO,BURNABY,16TH AV : 7370 - 7429 Block,3dbac0a8-fd19-4593-9bdd-8970d5f645e8,1768848556061,burnaby.gis,1768848556061,burnaby.gis,1766102400000,POINT (-122.9448808375 49.2179471327)
2919,,THEFT FROM AUTO,BURNABY,GRAFTON ST : 4610 - 4649 Block,e8220ec9-ae2a-4b8d-ba6b-4954d5358697,1768848556061,burnaby.gis,1768848556061,burnaby.gis,1766188800000,POINT (-122.9998172809 49.2321508849)
2920,,BREAK & ENTER-BUSINESS,BURNABY,NORTH FRASER WY : 7700 - 8199 Block,95fb08d8-504b-45bd-8eed-919c02705ccb,1768848556061,burnaby.gis,1768848556061,burnaby.gis,1766361600000,POINT (-122.9819143085 49.1888616945)
2921,,THEFT FROM AUTO,BURNABY,VICTORY ST : 4300 - 4349 Block,1fea327b-9d0e-4d44-ab0d-f03797f6902e,1768848556061,burnaby.gis,1768848556061,burnaby.gis,1766448000000,POINT (-123.0077420081 49.2183944779)
2922,,THEFT FROM AUTO,BURNABY,GEORGIA ST : 5200 - 5499 Block,73515346-a19d-45f7-b688-ea21898829f5,1768848556061,burnaby.gis,1768848556061,burnaby.gis,1766448000000,POINT (-122.9857694778 49.2782184343)
2923,,THEFT FROM AUTO,BURNABY,FULTON AV /IMPERIAL ST,5106d827-600b-4d52-b27a-5c0618d0a89d,1768848556061,burnaby.gis,1768848556061,burnaby.gis,1766448000000,POINT (-122.9551689547 49.2250224224)
2924,,THEFT FROM AUTO,BURNABY,MOUNTVIEW PL : 2600 - 2699 Block,e1efa3c6-daa4-4448-a236-bcec17cc7594,1768848556061,burnaby.gis,1768848556061,burnaby.gis,1766534400000,POINT (-122.8969650547 49.2597602919)
2925,,BREAK & ENTER-BUSINESS,BURNABY,6TH ST : 7840 - 7899 Block,05c35b65-8b18-4789-a6f2-0aaa7ef1c25e,1768848556061,burnaby.gis,1768848556061,burnaby.gis,1766534400000,POINT (-122.9280852099 49.2193480884)
2926,,THEFT OF AUTO,BURNABY,BULLER AV /CARSON ST,fdee76e8-0976-4e5b-af56-9b96efb8c7c2,1768848556061,burnaby.gis,1768848556061,burnaby.gis,1766620800000,POINT (-122.9774653988 49.2093466007)
2927,,THEFT FROM AUTO,BURNABY,FOREST GROVE DR /MORNINGSIDE LN,ecf4ccef-4b17-4b6e-bca5-0f51c3e3586f,1768848556061,burnaby.gis,1768848556061,burnaby.gis,1766620800000,POINT (-122.9080272126 49.262212686)
2928,,BREAK & ENTER-BUSINESS,BURNABY,GILMORE AV /LOUGHEED HY,1e3bdb3b-c267-4a3a-a6df-746b4f44879e,1768848556061,burnaby.gis,1768848556061,burnaby.gis,1766707200000,POINT (-123.0142671346 49.266150265)
2929,,THEFT FROM AUTO,BURNABY,KINGSWAY /SUSSEX AV,9f35cc5f-272a-483d-bee3-7c0116fb566a,1768848556061,burnaby.gis,1768848556061,burnaby.gis,1766707200000,POINT (-122.9993183432 49.2283922605)
2930,,THEFT FROM AUTO,BURNABY,KINGSWAY /MCKAY AV,d75a2f0c-3def-40c8-880c-dc08c70d0755,1768848556061,burnaby.gis,1768848556061,burnaby.gis,1766707200000,POINT (-123.0027710686 49.2295266554)
2931,,THEFT FROM AUTO,BURNABY,MAHON AV : 4280 - 4399 Block,3cd2cf29-d6f1-45e0-a2d5-c8d93c4de1c4,1768848556061,burnaby.gis,1768848556061,burnaby.gis,1766707200000,POINT (-122.9818049289 49.2452397032)
2932,,BREAK & ENTER-RESIDENCE,BURNABY,MALVERN AV /PUNNETT CL,228e3de4-0da5-44ff-960d-a2a6a1c33965,1768848556061,burnaby.gis,1768848556061,burnaby.gis,1766707200000,POINT (-122.9628325273 49.2318410582)
2933,,THEFT FROM AUTO,BURNABY,KITCHENER ST /WILLINGDON AV,eddac3c8-0768-4c9f-a053-5791284bd6f9,1768848556061,burnaby.gis,1768848556061,burnaby.gis,1766793600000,POINT (-123.003205284 49.2719574576)
2934,,THEFT FROM AUTO,BURNABY,KINGSWAY : 4750 - 4799 Block,0b3bb97d-17b7-4810-a7b5-313feca648dc,1768848556061,burnaby.gis,1768848556061,burnaby.gis,1766966400000,POINT (-122.9970398555 49.2276422243)
2935,,BREAK & ENTER-OTHER,BURNABY,CAPELLA DR : 9100 - 9199 Block,9701139e-52d9-4f54-8424-08817b0ce86c,1768848556061,burnaby.gis,1768848556061,burnaby.gis,1766880000000,POINT (-122.9041405816 49.2604210346)
2936,,THEFT OF AUTO,BURNABY,MCCONNELL CT : 4080 - 4099 Block,b96719ef-9796-4379-82d1-3bfc04ee979b,1768848556061,burnaby.gis,1768848556061,burnaby.gis,1767052800000,POINT (-122.9372479067 49.2464106041)
2937,,THEFT FROM AUTO,BURNABY,HALIFAX ST /WILLINGDON AV,51751a95-392f-4d98-8fac-db75230724f1,1768848556061,burnaby.gis,1768848556061,burnaby.gis,1767052800000,POINT (-123.003233114 49.268026613)
2938,,BREAK & ENTER-BUSINESS,BURNABY,11TH AV : 8200 - 8299 Block,ca28bd66-1ea7-490b-92e3-5c8b22785be7,1768848556061,burnaby.gis,1768848556061,burnaby.gis,1767052800000,POINT (-122.9197838941 49.2244682105)
2939,,THEFT OF AUTO,BURNABY,ENTERPRISE ST : 7800 - 8099 Block,1b9f7e0f-73ea-47e5-8453-0d0aacc02256,1768848556061,burnaby.gis,1768848556061,burnaby.gis,1767052800000,POINT (-122.932546247 49.255493736)
2940,,THEFT FROM AUTO,BURNABY,SANDBORNE AV /STATION HILL DR,2109c6d0-ae2c-48b9-ad36-cc0480adca0d,1768848556061,burnaby.gis,1768848556061,burnaby.gis,1767139200000,POINT (-122.9621385766 49.2103810132)
2941,,THEFT FROM AUTO,BURNABY,PATTERSON AV /PRICE CR,36b20ab6-ef54-41f9-a930-8640545d6f23,1768848556061,burnaby.gis,1768848556061,burnaby.gis,1767139200000,POINT (-123.0134953255 49.2395979589)
2942,,THEFT FROM AUTO,BURNABY,MYRTLE ST : 3900 - 3999 Block,d4045125-b14e-488d-8d3f-2bfc46096477,1768848556061,burnaby.gis,1768848556061,burnaby.gis,1767139200000,POINT (-123.0158869488 49.259953954)
2943,,THEFT FROM AUTO,BURNABY,VICTORY ST /WILLINGDON AV,be9845eb-8801-4e22-896e-f970c9f6ed92,1770943555404,burnaby.gis,1770943555404,burnaby.gis,1767225600000,POINT (-123.0105680497 49.2184045565)
2944,,THEFT FROM AUTO,BURNABY,BELLWOOD AV : 1900 - 2099 Block,861e3c58-5103-4a0f-8c4b-22d39c7e6161,1770943555404,burnaby.gis,1770943555404,burnaby.gis,1767312000000,POINT (-122.9887009936 49.2662852053)
2945,,BREAK & ENTER-OTHER,BURNABY,CLAYTON AV : 7900 - 7949 Block,c91bc35b-3766-43d7-94b1-4cee3cc205ce,1770943555404,burnaby.gis,1770943555404,burnaby.gis,1767312000000,POINT (-122.9566365774 49.2413042629)
2946,,THEFT FROM AUTO,BURNABY,NELSON AV : 6000 - 6199 Block,44a1e9a3-e1d1-4f82-b873-0733365bf7aa,1770943555404,burnaby.gis,1770943555404,burnaby.gis,1767398400000,POINT (-122.9942089505 49.2289176777)
2947,,THEFT FROM AUTO,BURNABY,GRETA ST /MCKAY AV,1bf3a0fb-b4f6-4230-8008-7bdfdc31b923,1770943555404,burnaby.gis,1770943555404,burnaby.gis,1767484800000,POINT (-123.00872453 49.2193304159)
2948,,BREAK & ENTER-BUSINESS,BURNABY,ROYAL OAK AV /SPROTT ST,5ea5fd73-af3a-47fb-87ef-5501d24d4c08,1770943555404,burnaby.gis,1770943555404,burnaby.gis,1767312000000,POINT (-122.9890597883 49.2500206192)
2949,,BREAK & ENTER-BUSINESS,BURNABY,NORTH FRASER WY /NORTHBROOK CT,7d11af75-9be5-4ed8-aed0-185c539f3dd6,1770943555404,burnaby.gis,1770943555404,burnaby.gis,1767571200000,POINT (-123.0143772596 49.2004304337)
2950,,BREAK & ENTER-OTHER,BURNABY,HAMMARSKJOLD DR : 700 - 751 Block,b3ebf8bd-1999-44e6-af1d-50069deeae1c,1770943555404,burnaby.gis,1770943555404,burnaby.gis,1767398400000,POINT (-122.9718976711 49.2790066386)
2951,,BREAK & ENTER-BUSINESS,BURNABY,ROYAL OAK AV /SPROTT ST,3ebf94ed-ad73-4fc7-938c-6b36d271a86d,1770943555404,burnaby.gis,1770943555404,burnaby.gis,1767657600000,POINT (-122.9890597883 49.2500206192)
2952,,THEFT FROM AUTO,BURNABY,16TH AV /ENDERSBY ST,3be92e0d-fd2c-4856-b2e3-2664f19f053b,1770943555404,burnaby.gis,1770943555404,burnaby.gis,1767657600000,POINT (-122.9167977316 49.2324726201)
2953,,THEFT FROM AUTO,BURNABY,CENTRAL BV : 4500 - 4699 Block,7adba14b-1747-4760-b8fd-cfa304e2d390,1770943555404,burnaby.gis,1770943555404,burnaby.gis,1767744000000,POINT (-123.0021909882 49.2251181164)
2954,,THEFT FROM AUTO,BURNABY,KINGSWAY : 4750 - 4799 Block,7b7e0572-1106-484e-83ee-9052fae4b20e,1770943555404,burnaby.gis,1770943555404,burnaby.gis,1767744000000,POINT (-122.9970398555 49.2276422243)
2955,,THEFT FROM AUTO,BURNABY,SARDIS ST : 4600 - 4639 Block,e4b2c9b1-919e-474e-a441-d2fb5e2ba484,1770943555404,burnaby.gis,1770943555404,burnaby.gis,1767830400000,POINT (-122.9999941533 49.2337705771)
2956,,BREAK & ENTER-RESIDENCE,BURNABY,FELL AV /KITCHENER ST,4c5db71a-7669-4091-a040-3f6336d48214,1770943555404,burnaby.gis,1770943555404,burnaby.gis,1767830400000,POINT (-122.9755909013 49.2716104181)
2957,,THEFT FROM AUTO,BURNABY,GILMORE AV /PENDER ST,045ba62e-9b2f-43c8-a2ad-1c7c73744576,1770943555404,burnaby.gis,1770943555404,burnaby.gis,1767830400000,POINT (-123.0141942086 49.2801739674)
2958,,BREAK & ENTER-OTHER,BURNABY,GEORGIA ST : 4400 - 4499 Block,789df466-294e-40ef-9554-c4282c3fe7d2,1770943555404,burnaby.gis,1770943555404,burnaby.gis,1768089600000,POINT (-123.0045521185 49.2782933322)
2959,,THEFT FROM AUTO,BURNABY,BOUNDARY RD /PENDER ST,64a0a7b0-6bbd-4a01-b80b-7559c44dd5aa,1770943555404,burnaby.gis,1770943555404,burnaby.gis,1768176000000,POINT (-123.0233822712 49.2802393043)
2960,,BREAK & ENTER-BUSINESS,BURNABY,EDMONDS ST : 7400 - 7449 Block,b34d1043-b631-4cd2-aab3-ff8830552198,1770943555404,burnaby.gis,1770943555404,burnaby.gis,1768262400000,POINT (-122.9479201308 49.2203921398)
2961,,THEFT OF AUTO,BURNABY,ROYAL OAK AV : 6800 - 6967 Block,b0fccc5e-3e60-4ebf-9169-4edb2e95f51d,1770943555404,burnaby.gis,1770943555404,burnaby.gis,1768521600000,POINT (-122.9886687111 49.2209309607)
2962,,THEFT OF AUTO,BURNABY,CARLETON AV /WILLIAM ST,296010ae-95ca-4002-ba7e-f9893ef8a624,1770943555404,burnaby.gis,1770943555404,burnaby.gis,1768521600000,POINT (-123.0115187959 49.2738496309)
2963,,THEFT FROM AUTO,BURNABY,FREDERICK AV /IMPERIAL ST,1f6353e0-cf2b-4fa0-b140-8706fbdb5c31,1770943555404,burnaby.gis,1770943555404,burnaby.gis,1768521600000,POINT (-123.0014113906 49.2219399929)
2964,,THEFT FROM AUTO,BURNABY,MCKAY AV : 6000 - 6179 Block,54c651ae-90bd-4cb8-9233-ace78e30137d,1770943555404,burnaby.gis,1770943555404,burnaby.gis,1768521600000,POINT (-123.0036750259 49.2287548566)
2965,,THEFT FROM AUTO,BURNABY,LARKFIELD DR /EOR - END OF ROAD,1c67fb1e-cb8d-4e66-9195-0499f5cd09c8,1770943555404,burnaby.gis,1770943555404,burnaby.gis,1768780800000,POINT (-122.9131009485 49.2643747949)
2966,,THEFT OF AUTO,BURNABY,TELFORD AV : 6400 - 6699 Block,5b81d9fb-5c48-4e86-bede-75305859414d,1770943555404,burnaby.gis,1770943555404,burnaby.gis,1768780800000,POINT (-123.0048211102 49.2238561222)
2967,,THEFT OF AUTO,BURNABY,DOMINION ST /WESTMINSTER AV,b7881351-b090-497a-913a-bc1b709e8cad,1770943555404,burnaby.gis,1770943555404,burnaby.gis,1768867200000,POINT (-122.9934126465 49.2563334189)
2968,,THEFT FROM AUTO,BURNABY,17TH AV /LEESIDE ST,4ae0f78a-48d5-4bf7-b53f-e368ab8782b1,1770943555404,burnaby.gis,1770943555404,burnaby.gis,1768608000000,POINT (-122.9539098337 49.2140885406)
2969,,THEFT FROM AUTO,BURNABY,OAKDALE RD : 5800 - 5999 Block,892481ae-dc68-4b12-b557-95ab21b19bb4,1770943555404,burnaby.gis,1770943555404,burnaby.gis,1768867200000,POINT (-122.9857288709 49.2303318746)
2970,,THEFT FROM AUTO,BURNABY,BYRNEPARK DR /SOUTHWYNDE AV,d31c295b-3943-42dc-b526-5f4e101f75d3,1770943555404,burnaby.gis,1770943555404,burnaby.gis,1768953600000,POINT (-122.9665473565 49.2084235555)
2971,,THEFT OF AUTO,BURNABY,FULTON AV : 6600 - 6899 Block,428595e8-e5e4-419d-8796-36d56fd481e1,1770943555404,burnaby.gis,1770943555404,burnaby.gis,1769212800000,POINT (-122.9535177723 49.2236936687)
2972,,BREAK & ENTER-OTHER,BURNABY,GEORGIA ST /GILMORE AV,1660694d-d448-4a3b-b1ca-b3b2ff8b8917,1770943555404,burnaby.gis,1770943555404,burnaby.gis,1769212800000,POINT (-123.0142158174 49.2783640828)
2973,,BREAK & ENTER-RESIDENCE,BURNABY,ESMOND AV /HASTINGS ST,7ec6f208-4505-4d2e-9047-f80f447d3944,1770943555404,burnaby.gis,1770943555404,burnaby.gis,1769299200000,POINT (-123.0209989182 49.2810985438)
2974,,BREAK & ENTER-BUSINESS,BURNABY,EDMONDS ST : 7100 - 7199 Block,29c95fff-ddad-4865-aeba-9de5b7eaddfe,1770943555404,burnaby.gis,1770943555404,burnaby.gis,1769299200000,POINT (-122.9553542284 49.2161233584)
2975,,THEFT FROM AUTO,BURNABY,DOUGLAS RD : 3500 - 3589 Block,dbe2cd1e-01b6-4d13-b003-0314b725b112,1770943555404,burnaby.gis,1770943555404,burnaby.gis,1769385600000,POINT (-122.9818103243 49.2522918981)
2976,,THEFT FROM AUTO,BURNABY,HALL AV : 6963 - 6999 Block,9ce08b12-986d-420f-a459-6efe2475fd8a,1770943555404,burnaby.gis,1770943555404,burnaby.gis,1769385600000,POINT (-122.9549053044 49.2204487824)
2977,,THEFT FROM AUTO,BURNABY,HALIFAX ST : 6650 - 6699 Block,a005911a-9df6-46a4-b35c-c1443aa1b76e,1770943555404,burnaby.gis,1770943555404,burnaby.gis,1769731200000,POINT (-122.9654087343 49.2679843579)
2978,,THEFT OF AUTO,BURNABY,MAGNOLIA TE /VILLAGE GR,383fdf24-5577-499e-8d66-8e2b6646c4d7,1770943555404,burnaby.gis,1770943555404,burnaby.gis,1769731200000,POINT (-122.963959678 49.2160123492)
2979,,THEFT FROM AUTO,BURNABY,PRODUCTION WY /THUNDERBIRD CR,5d7b143a-d3f6-4aa0-8b11-cb49631c225c,1770943555404,burnaby.gis,1770943555404,burnaby.gis,1769817600000,POINT (-122.9188668195 49.2543488586)
2980,,BREAK & ENTER-RESIDENCE,BURNABY,BUCKINGHAM AV /CLAYTON AV,51a3af4e-8419-420d-9d9c-f2929926c739,1770943555404,burnaby.gis,1770943555404,burnaby.gis,1769817600000,POINT (-122.9634071812 49.2366650514)
2981,,BREAK & ENTER-OTHER,BURNABY,GRASSMERE ST /SUSSEX AV,b4a4bc05-49f8-41f8-8331-663a26951a14,1770943555404,burnaby.gis,1770943555404,burnaby.gis,1767225600000,POINT (-122.9978599758 49.2386484521)
2982,,THEFT FROM AUTO,BURNABY,CLIFF AV /CURTIS ST,0f155a8c-ce98-4393-a763-7050b4221c4e,1770943555404,burnaby.gis,1770943555404,burnaby.gis,1767312000000,POINT (-122.9589973064 49.2752084529)
2983,,THEFT OF AUTO,BURNABY,STILL CREEK DR : 4410 - 4499 Block,fe6285d7-0f0e-4a72-8318-9229c99facbd,1770943555404,burnaby.gis,1770943555404,burnaby.gis,1767398400000,POINT (-123.0048715819 49.2617504436)
2984,,THEFT OF AUTO,BURNABY,CURRAGH AV /KINGSWAY,d3ed90c1-8bed-40d9-a6ff-0da1362860db,1770943555404,burnaby.gis,1770943555404,burnaby.gis,1767484800000,POINT (-122.9747859917 49.2205484099)
2985,,THEFT FROM AUTO,BURNABY,WILLINGDON AV : 900 - 999 Block,bd0214f4-799a-46fd-af54-ef8135c2dfff,1770943555404,burnaby.gis,1770943555404,burnaby.gis,1767657600000,POINT (-123.0031999239 49.2760273319)
2986,,BREAK & ENTER-BUSINESS,BURNABY,BARTLETT CT /EOR - END OF ROAD,c87234ee-0cab-48ca-a5a8-a7a53b190281,1770943555404,burnaby.gis,1770943555404,burnaby.gis,1767744000000,POINT (-122.8986089361 49.2506435682)
2987,,BREAK & ENTER-RESIDENCE,BURNABY,DOUGLAS RD : 3400 - 3499 Block,6343ad9b-5ee1-4a7c-99ff-66d0da490fd4,1770943555404,burnaby.gis,1770943555404,burnaby.gis,1767830400000,POINT (-122.9819362396 49.2531208886)
2988,,THEFT FROM AUTO,BURNABY,LOUGHEED HY /NORTH RD,b4dfea46-5461-4f75-9c10-f406a357463a,1770943555404,burnaby.gis,1770943555404,burnaby.gis,1767916800000,POINT (-122.8927577593 49.2459373163)
2989,,BREAK & ENTER-BUSINESS,BURNABY,GORING ST /HOLDOM AV,86ccb1dd-db43-46dc-acb9-a0c2a6348864,1770943555404,burnaby.gis,1770943555404,burnaby.gis,1767916800000,POINT (-122.9811892263 49.2633946269)
2990,,BREAK & ENTER-BUSINESS,BURNABY,NORTH FRASER WY /NORTHBROOK CT,9743cc19-49ff-4335-8000-cab03221aab6,1770943555404,burnaby.gis,1770943555404,burnaby.gis,1768003200000,POINT (-123.0143772596 49.2004304337)
2991,,BREAK & ENTER-OTHER,BURNABY,CAMBRIDGE ST /HYTHE AV N,cffb621e-e56a-464d-8c19-7ba63c3e7afc,1770943555404,burnaby.gis,1770943555404,burnaby.gis,1768089600000,POINT (-122.9903799775 49.2864070498)
2992,,BREAK & ENTER-BUSINESS,BURNABY,KINGSWAY /SUSSEX AV,78465aef-6e43-475c-b5bc-5e91c54b663c,1770943555404,burnaby.gis,1770943555404,burnaby.gis,1768089600000,POINT (-122.9993183432 49.2283922605)
2993,,THEFT OF AUTO,BURNABY,ALASKA ST : 4500 - 4599 Block,1f1c161b-70c2-4a7a-9e45-713180baa131,1770943555404,burnaby.gis,1770943555404,burnaby.gis,1767916800000,POINT (-123.0018284007 49.262362923)
2994,,BREAK & ENTER-BUSINESS,BURNABY,GRIMMER ST : 5200 - 5399 Block,5b5a664f-c611-44e5-9433-0869b75ccb21,1770943555404,burnaby.gis,1770943555404,burnaby.gis,1768176000000,POINT (-122.986715328 49.223566405)
2995,,THEFT FROM AUTO,BURNABY,SILVER DR : 6090 - 6179 Block,fa943c61-7562-495c-bd93-2319de236975,1770943555404,burnaby.gis,1770943555404,burnaby.gis,1768176000000,POINT (-123.003234548 49.2279571012)
2996,,THEFT FROM AUTO,BURNABY,DELTA AV /WESTLAWN DR,2f9d67f1-ef7f-409d-ae9b-7a4516e520f9,1770943555404,burnaby.gis,1770943555404,burnaby.gis,1768262400000,POINT (-122.9921512247 49.2746014606)
2997,,THEFT FROM AUTO,BURNABY,BENNETT ST /BRIEF ST,2024a44f-9ab1-4fb1-b4e9-5f104899cc00,1770943555404,burnaby.gis,1770943555404,burnaby.gis,1768262400000,POINT (-122.996947308 49.2250057783)
2998,,THEFT FROM AUTO,BURNABY,EMPIRE DR : 5400 - 5499 Block,cb3aa453-0424-4261-ad21-b954fbc74f92,1770943555404,burnaby.gis,1770943555404,burnaby.gis,1768348800000,POINT (-122.9842839679 49.2807391995)
2999,,BREAK & ENTER-OTHER,BURNABY,DORCHESTER DR : 7410 - 7519 Block,6abd7a9d-caf4-4680-a2a2-160f60eb2304,1770943555404,burnaby.gis,1770943555404,burnaby.gis,1768435200000,POINT (-122.9466416366 49.2494290352)
3000,,BREAK & ENTER-BUSINESS,BURNABY,NORTH FRASER WY /NORTHBROOK CT,d69de61c-ec45-4a5d-8897-fa4047e8f090,1770943555404,burnaby.gis,1770943555404,burnaby.gis,1768521600000,POINT (-123.0143772596 49.2004304337)
3001,,THEFT FROM AUTO,BURNABY,GLYNDE AV N : 1 - 199 Block,118f44e2-93a3-4056-80b6-50c49c4a3676,1770943555404,burnaby.gis,1770943555404,burnaby.gis,1768608000000,POINT (-122.9890471857 49.2854334634)
3002,,THEFT FROM AUTO,BURNABY,ALBERT ST /INGLETON AV,9e381c53-972e-40d0-9538-03ea88946a7b,1770943555404,burnaby.gis,1770943555404,burnaby.gis,1768694400000,POINT (-123.0186094104 49.2820138188)
3003,,BREAK & ENTER-BUSINESS,BURNABY,HORNE ST : 8800 - 9029 Block,364b4e07-c530-4ca7-ae5a-53b6be214e3e,1770943555404,burnaby.gis,1770943555404,burnaby.gis,1768694400000,POINT (-122.9064836349 49.2497773678)
3004,,THEFT FROM AUTO,BURNABY,BETA AV : 2200 - 2299 Block,ee7da1d6-fd6e-450d-9e6c-48f5bd82b90c,1770943555404,burnaby.gis,1770943555404,burnaby.gis,1769299200000,POINT (-122.9976309449 49.2640033139)
3005,,BREAK & ENTER-BUSINESS,BURNABY,6TH ST : 7550 - 7599 Block,467015c7-6652-46bc-8d1c-37daf4535a7b,1770943555404,burnaby.gis,1770943555404,burnaby.gis,1769385600000,POINT (-122.9325208997 49.2228533144)
3006,,THEFT OF AUTO,BURNABY,GILMORE AV : 2690 - 2699 Block,511c9d61-9b83-4150-a9fa-8f2360550b13,1770943555404,burnaby.gis,1770943555404,burnaby.gis,1769385600000,POINT (-123.0139527113 49.2602012742)
3007,,THEFT FROM AUTO,BURNABY,VARLEY ST /WELSLEY DR,5dc2c261-52b3-4ffc-b781-c7e6ba7ced24,1770943555404,burnaby.gis,1770943555404,burnaby.gis,1769472000000,POINT (-122.946777129 49.2330936241)
3008,,THEFT OF AUTO,BURNABY,EXPRESS ST : 7800 - 7899 Block,c7c10a82-01e6-4ce9-871d-8ac233edf073,1770943555404,burnaby.gis,1770943555404,burnaby.gis,1769472000000,POINT (-122.9363653724 49.2596181517)
3009,,THEFT FROM AUTO,BURNABY,6TH ST : 7300 - 7359 Block,6bc06a7b-4043-4882-b04c-9dea004fcce1,1770943555404,burnaby.gis,1770943555404,burnaby.gis,1769472000000,POINT (-122.9363561311 49.2259073702)
3010,,THEFT FROM AUTO,BURNABY,CANADA WY /CURLE AV,eff0fbe0-3be4-4148-a83b-bf7de1143213,1770943555404,burnaby.gis,1770943555404,burnaby.gis,1769558400000,POINT (-123.0151123715 49.2546712511)
3011,,THEFT FROM AUTO,BURNABY,BELL AV /HUNTER ST,bf4c19cd-a7e3-4569-8358-356425e0e54e,1770943555404,burnaby.gis,1770943555404,burnaby.gis,1769558400000,POINT (-122.9042809533 49.25187841)
3012,,BREAK & ENTER-BUSINESS,BURNABY,KINGSWAY : 5780 - 5781 Block,b457adb2-7ace-41d1-a915-11c3c6540acb,1770943555404,burnaby.gis,1770943555404,burnaby.gis,1769558400000,POINT (-122.9794428088 49.2219633326)
3013,,THEFT FROM AUTO,BURNABY,BERESFORD ST /TELFORD AV,b1eecbd9-6da7-4f83-bab9-453f012b0089,1770943555404,burnaby.gis,1770943555404,burnaby.gis,1769731200000,POINT (-123.0033828853 49.2252182565)
3014,,THEFT FROM AUTO,BURNABY,MAGNOLIA TE /VILLAGE GR,99e3e2e3-74cb-47b4-85fd-52b508eeb390,1770943555404,burnaby.gis,1770943555404,burnaby.gis,1769731200000,POINT (-122.963959678 49.2160123492)
3015,,THEFT FROM AUTO,BURNABY,MADISON AV : 1300 - 1399 Block,11c6121e-f886-47ff-bff1-6bc1d1ad94e4,1770943555404,burnaby.gis,1770943555404,burnaby.gis,1769731200000,POINT (-123.0087576816 49.2724650378)
3016,,THEFT FROM AUTO,BURNABY,DUNBLANE AV /VICTORY ST,79285371-ad9a-40a5-8b98-9ef7c5232a0d,1770943555404,burnaby.gis,1770943555404,burnaby.gis,1769817600000,POINT (-122.9927486445 49.2184620435)
3017,,THEFT OF AUTO,BURNABY,BRANTFORD AV /STANLEY ST,22d9f28b-77e5-43fc-b67f-4ce0a9397828,1770943555404,burnaby.gis,1770943555404,burnaby.gis,1767225600000,POINT (-122.9677952247 49.2270733222)
3018,,THEFT FROM AUTO,BURNABY,KINGSWAY /SUSSEX AV,37c6eb80-a45b-4873-9946-f351b75ab7e7,1770943555404,burnaby.gis,1770943555404,burnaby.gis,1767225600000,POINT (-122.9993183432 49.2283922605)
3019,,THEFT FROM AUTO,BURNABY,KINGSWAY /SUSSEX AV,dbcb898c-06e2-4360-a301-8c6389108024,1770943555404,burnaby.gis,1770943555404,burnaby.gis,1767225600000,POINT (-122.9993183432 49.2283922605)
3020,,THEFT OF AUTO,BURNABY,1ST AV /INGLETON AV,94fad37b-aa2e-4b45-a95d-c3596e961b90,1770943555404,burnaby.gis,1770943555404,burnaby.gis,1767312000000,POINT (-123.0187014816 49.2693729999)
3021,,THEFT FROM AUTO,BURNABY,ARCOLA ST /GRIFFITHS AV,f804f1c3-6d48-4c7a-876b-bee9ba79889e,1770943555404,burnaby.gis,1770943555404,burnaby.gis,1767225600000,POINT (-122.9609982638 49.219315802)
3022,,BREAK & ENTER-OTHER,BURNABY,BYRNE RD /LOWLAND DR,9457d959-d5a9-4a64-aac8-5c7fce299f70,1770943555404,burnaby.gis,1770943555404,burnaby.gis,1767484800000,POINT (-122.997478052 49.1934128789)
3023,,THEFT OF AUTO,BURNABY,MAYWOOD ST /SILVER AV,773ec0d6-d6ce-44ca-9a4f-d334ce2a80d1,1770943555404,burnaby.gis,1770943555404,burnaby.gis,1767571200000,POINT (-123.0076946208 49.2231523914)
3024,,THEFT FROM AUTO,BURNABY,KINGSWAY /MILLER AV,6dfcdb95-f2da-4a8f-8ebc-065ea77b4b1f,1770943555404,burnaby.gis,1770943555404,burnaby.gis,1767657600000,POINT (-122.9950884609 49.2270023804)
3025,,BREAK & ENTER-BUSINESS,BURNABY,LAKE CITY WY /VENTURE ST,164ac5d5-1577-40e6-a8b5-0169d97987d3,1770943555404,burnaby.gis,1770943555404,burnaby.gis,1767657600000,POINT (-122.93794261 49.2577132626)
3026,,BREAK & ENTER-BUSINESS,BURNABY,BERESFORD ST : 6300 - 6499 Block,67b4126d-d6bf-4171-a49e-310a186145ec,1770943555404,burnaby.gis,1770943555404,burnaby.gis,1767657600000,POINT (-122.9703369355 49.2170479779)
3027,,THEFT FROM AUTO,BURNABY,GAGLARDI WY /UNIVERSITY DR,6a65a2eb-8551-4cee-aff9-55f4fcf8a0b3,1770943555404,burnaby.gis,1770943555404,burnaby.gis,1767657600000,POINT (-122.9200489102 49.2801262728)
3028,,BREAK & ENTER-BUSINESS,BURNABY,TRANS CANADA HY : -1 - 0 Block,9d2f7ed3-88b3-4ab2-9525-314bb3877177,1770943555404,burnaby.gis,1770943555404,burnaby.gis,1767744000000,POINT (-122.9718345072 49.2479051061)
3029,,THEFT FROM AUTO,BURNABY,NORTH RD : 4400 - 4599 Block,8c01d890-f4af-40e9-9f77-6704a1341bb5,1770943555404,burnaby.gis,1770943555404,burnaby.gis,1767830400000,POINT (-122.8926593026 49.2437014474)
3030,,BREAK & ENTER-BUSINESS,BURNABY,RIVERBEND CT /RIVERBEND DR,7a7cec47-a010-44a3-8cfd-388907e87c9d,1770943555404,burnaby.gis,1770943555404,burnaby.gis,1767916800000,POINT (-122.9679315222 49.1898333858)
3031,,BREAK & ENTER-BUSINESS,BURNABY,GILMORE AV /HASTINGS ST,773bc82e-f49d-4cc9-b1f3-553007d05ebc,1770943555404,burnaby.gis,1770943555404,burnaby.gis,1768003200000,POINT (-123.0141782161 49.2810509775)
3032,,THEFT FROM AUTO,BURNABY,CAMERON ST /NOEL DR,77e4c7fd-cbcb-45bd-854a-d02925e98c16,1770943555404,burnaby.gis,1770943555404,burnaby.gis,1768089600000,POINT (-122.9045883431 49.2534764438)
3033,,THEFT FROM AUTO,BURNABY,EAST CT : 1100 - 1199 Block,505098c6-e7c3-4d21-b382-6b3fdd9e3735,1770943555404,burnaby.gis,1770943555404,burnaby.gis,1768089600000,POINT (-122.9912489817 49.2746382813)
3034,,THEFT OF AUTO,BURNABY,KINGSWAY /ROYAL OAK AV,3bcc5d12-5eac-424a-ace6-28f0ecc01e53,1770943555404,burnaby.gis,1770943555404,burnaby.gis,1768089600000,POINT (-122.9889144716 49.2249674473)
3035,,THEFT FROM AUTO,BURNABY,KINGSWAY /SUSSEX AV,bd908009-0e2e-4b00-a2fd-058fdee5ea21,1770943555404,burnaby.gis,1770943555404,burnaby.gis,1768089600000,POINT (-122.9993183432 49.2283922605)
3036,,BREAK & ENTER-BUSINESS,BURNABY,HASTINGS ST /ROSSER AV,efca4a1b-fcce-45bc-8368-49ea5601ef4f,1770943555404,burnaby.gis,1770943555404,burnaby.gis,1768089600000,POINT (-123.0058987345 49.2810254614)
3037,,THEFT FROM AUTO,BURNABY,CANADA WY : 4792 - 4839 Block,e480a8f4-f472-4565-92e6-e35b8c5f1195,1770943555404,burnaby.gis,1770943555404,burnaby.gis,1768262400000,POINT (-122.9851738169 49.2500031996)
3038,,BREAK & ENTER-BUSINESS,BURNABY,CAMERON ST /NORTH RD,e1c7829c-3ec7-4069-9472-edacb434b0cc,1770943555404,burnaby.gis,1770943555404,burnaby.gis,1768262400000,POINT (-122.8929934508 49.2534130119)
3039,,THEFT FROM AUTO,BURNABY,AUSTIN RD /GATINEAU PL,13b17a4b-eac0-4dab-9797-bedd72494bfc,1770943555404,burnaby.gis,1770943555404,burnaby.gis,1768348800000,POINT (-122.8958642672 49.2489876953)
3040,,BREAK & ENTER-OTHER,BURNABY,BOUNDARY RD /CARDIFF ST,34569bb7-510f-4f52-8315-2ced1b720e38,1770943555404,burnaby.gis,1770943555404,burnaby.gis,1768435200000,POINT (-123.023575347 49.2409672128)
3041,,THEFT FROM AUTO,BURNABY,WINCH ST : 6500 - 6699 Block,74e7ee5f-cab8-4b40-96d5-306274f41e15,1770943555404,burnaby.gis,1770943555404,burnaby.gis,1768435200000,POINT (-122.9673577232 49.2697908972)
3042,,THEFT FROM AUTO,BURNABY,BULLER AV : 6800 - 7299 Block,71ff3e1f-5ba6-41ac-980e-d01051df7ef8,1770943555404,burnaby.gis,1770943555404,burnaby.gis,1768435200000,POINT (-122.9775361009 49.2205482777)
3043,,THEFT FROM AUTO,BURNABY,KINGSWAY /SUSSEX AV,1573a880-c754-4d66-be9b-723af7d43b77,1770943555404,burnaby.gis,1770943555404,burnaby.gis,1768435200000,POINT (-122.9993183432 49.2283922605)
3044,,THEFT FROM AUTO,BURNABY,DOMINION ST /SUMNER AV,96f4e2aa-9f6c-4b73-ba21-4985cb4c17f3,1770943555404,burnaby.gis,1770943555404,burnaby.gis,1768521600000,POINT (-123.0082886172 49.2562942612)
3045,,THEFT FROM AUTO,BURNABY,GORING ST : 5300 - 5699 Block,958742b8-97e5-4aa9-8232-b55da067f87a,1770943555404,burnaby.gis,1770943555404,burnaby.gis,1768521600000,POINT (-122.9842200806 49.2634172985)
3046,,BREAK & ENTER-BUSINESS,BURNABY,NORTH FRASER WY : 7700 - 8199 Block,00dc0d44-fc63-4372-8056-11dc2dc536ab,1770943555404,burnaby.gis,1770943555404,burnaby.gis,1768521600000,POINT (-122.9819143085 49.1888616945)
3047,,THEFT FROM AUTO,BURNABY,MAYWOOD ST /TELFORD AV,77275844-838c-4c50-99e6-ea023c3e7ef3,1770943555404,burnaby.gis,1770943555404,burnaby.gis,1768608000000,POINT (-123.0062592576 49.2224939704)
3048,,THEFT FROM AUTO,BURNABY,WINNIFRED ST : 4100 - 4299 Block,17253afd-8dfa-46b3-909e-1ef0246a2a7e,1770943555404,burnaby.gis,1770943555404,burnaby.gis,1768780800000,POINT (-123.0105544963 49.2112468461)
3049,,BREAK & ENTER-BUSINESS,BURNABY,BROADWAY /FOREST GROVE DR,d3eba9b6-4b20-4f01-a210-a35983884549,1770943555404,burnaby.gis,1770943555404,burnaby.gis,1768780800000,POINT (-122.9145127159 49.2609140343)
3050,,THEFT FROM AUTO,BURNABY,STILL CREEK AV /STILL CREEK DR,ca8d86a8-ce4a-4494-beda-9c9ba7212915,1770943555404,burnaby.gis,1770943555404,burnaby.gis,1767312000000,POINT (-123.005985594 49.2609897122)
3051,,THEFT FROM AUTO,BURNABY,HUMPHRIES AV /IMPERIAL ST,9d9618fd-b16e-41e9-8e11-682ccf830822,1770943555404,burnaby.gis,1770943555404,burnaby.gis,1768953600000,POINT (-122.9531312299 49.2260935151)
3052,,THEFT FROM AUTO,BURNABY,SOUTHWYNDE AV : 7380 - 7499 Block,b2c8ed20-3abc-4ab0-9194-1e71ccdb0a09,1770943555404,burnaby.gis,1770943555404,burnaby.gis,1768953600000,POINT (-122.9651999483 49.2076477299)
3053,,BREAK & ENTER-OTHER,BURNABY,CASSIE AV : 6100 - 6499 Block,eadf07c3-7796-45f9-930c-03836c552b53,1770943555404,burnaby.gis,1770943555404,burnaby.gis,1768953600000,POINT (-123.0084459154 49.2255149187)
3054,,THEFT FROM AUTO,BURNABY,EDMONDS ST : 7300 - 7321 Block,b83545e5-0b5e-441b-a638-6d0ec9b48f15,1770943555404,burnaby.gis,1770943555404,burnaby.gis,1769126400000,POINT (-122.9512494223 49.2186188572)
3055,,THEFT FROM AUTO,BURNABY,SERVICE ST /WALTHAM AV,0c6f61a4-003e-42be-acdd-77f0ad1cb6f6,1770943555404,burnaby.gis,1770943555404,burnaby.gis,1769212800000,POINT (-122.9763494177 49.2286188144)
3056,,THEFT OF AUTO,BURNABY,AUSTIN RD /GATINEAU PL,e5175ceb-88d6-41c6-b46a-8503f897d5fb,1770943555404,burnaby.gis,1770943555404,burnaby.gis,1769212800000,POINT (-122.8958642672 49.2489876953)
3057,,THEFT FROM AUTO,BURNABY,HALLEY AV /SPRUCE ST,9c74dcfe-cc22-4bcf-84af-47502ef56cb0,1770943555404,burnaby.gis,1770943555404,burnaby.gis,1769299200000,POINT (-123.0097254553 49.2466385199)
3058,,THEFT FROM AUTO,BURNABY,KNEALE PL : 6700 - 6799 Block,e29ea5bb-40d6-4c12-a22d-fcf707e01ddc,1770943555404,burnaby.gis,1770943555404,burnaby.gis,1769299200000,POINT (-122.9631422283 49.2605808849)
3059,,THEFT OF AUTO,BURNABY,EDMONDS ST : 7100 - 7199 Block,6f9d64be-9c60-47ad-a3f9-e59edba6d4b7,1770943555404,burnaby.gis,1770943555404,burnaby.gis,1769299200000,POINT (-122.9553542284 49.2161233584)
3060,,BREAK & ENTER-BUSINESS,BURNABY,KINGSWAY : 4430 - 4499 Block,104d482f-220b-490e-8ca3-138fe10c25b5,1770943555404,burnaby.gis,1770943555404,burnaby.gis,1769385600000,POINT (-123.0055697428 49.2304442398)
3061,,THEFT FROM AUTO,BURNABY,LOUGHEED HY : 4100 - 4299 Block,8bc2d1bd-ab94-4f6e-a4bd-0819883547c7,1770943555404,burnaby.gis,1770943555404,burnaby.gis,1769558400000,POINT (-123.0115123977 49.2662867556)
3062,,THEFT FROM AUTO,BURNABY,KINGSWAY /SUSSEX AV,74205a8a-0360-4378-93a7-cdd3d7d3e799,1770943555404,burnaby.gis,1770943555404,burnaby.gis,1769558400000,POINT (-122.9993183432 49.2283922605)
3063,,THEFT FROM AUTO,BURNABY,SHEPHERD ST : 4700 - 4899 Block,148acbf9-929d-4fb2-b9d7-f702bc4ec49a,1770943555404,burnaby.gis,1770943555404,burnaby.gis,1769644800000,POINT (-122.9960017051 49.2324099334)
3064,,BREAK & ENTER-BUSINESS,BURNABY,HENNING DR : 3700 - 3999 Block,94403c36-b518-4f7a-9cef-3b0d6944453e,1770943555404,burnaby.gis,1770943555404,burnaby.gis,1769644800000,POINT (-123.0187952592 49.2639336315)
3065,,BREAK & ENTER-RESIDENCE,BURNABY,MARINE DR /STRATHEARN AV,ea0e996c-5d6d-4471-a100-010691f09395,1770943555404,burnaby.gis,1770943555404,burnaby.gis,1769731200000,POINT (-123.0006007819 49.208126663)
3066,,THEFT FROM AUTO,BURNABY,MCGILL ST : 4000 - 4099 Block,0330ca05-7297-418c-b178-b427d81341d0,1770943555404,burnaby.gis,1770943555404,burnaby.gis,1769731200000,POINT (-123.0150743432 49.2883138407)
3067,,THEFT FROM AUTO,BURNABY,KINGSWAY : 4800 - 4849 Block,648ff556-cd68-4a8d-bfdf-c31e84b68b4a,1770943555404,burnaby.gis,1770943555404,burnaby.gis,1769644800000,POINT (-122.995735521 49.2272131168)
3068,,THEFT FROM AUTO,BURNABY,BETA AV /BRENTLAWN DR,265fcfac-96c4-4e24-ac05-4017d8fbb88a,1770943555404,burnaby.gis,1770943555404,burnaby.gis,1767225600000,POINT (-122.9971542013 49.2683147873)
3069,,THEFT FROM AUTO,BURNABY,BUCHANAN ST /HOLDOM AV,e4829cb0-4c0f-40e4-b821-8520defac8af,1770943555404,burnaby.gis,1770943555404,burnaby.gis,1767225600000,POINT (-122.9811634453 49.267074044)
3070,,BREAK & ENTER-BUSINESS,BURNABY,CANADA WY : 4500 - 4519 Block,61375745-6bd1-482c-af2d-e3b8e38115cc,1770943555404,burnaby.gis,1770943555404,burnaby.gis,1767225600000,POINT (-123.0027166346 49.2546157817)
3071,,THEFT OF AUTO,BURNABY,DUNDAS ST /HOLDOM AV N,c14fb4ee-1b15-4c79-8f01-f63ac4718714,1770943555404,burnaby.gis,1770943555404,burnaby.gis,1767398400000,POINT (-122.9808198515 49.2843404063)
3072,,THEFT FROM AUTO,BURNABY,HURST ST /PATTERSON AV,907024c0-a3c7-40f3-a990-6efa9ac92701,1770943555404,burnaby.gis,1770943555404,burnaby.gis,1767484800000,POINT (-123.0125224076 49.2202674241)
3073,,THEFT FROM AUTO,BURNABY,MIDLAWN DR : 4600 - 4609 Block,03971bb1-d24c-4a39-b95a-6ee488b21b39,1770943555404,burnaby.gis,1770943555404,burnaby.gis,1767484800000,POINT (-122.9992969005 49.2710403626)
3074,,THEFT FROM AUTO,BURNABY,14TH AV : 7500 - 7559 Block,bcdab042-5f2f-4765-8f3f-cadc14416710,1770943555404,burnaby.gis,1770943555404,burnaby.gis,1767571200000,POINT (-122.9394930708 49.2183130117)
3075,,BREAK & ENTER-BUSINESS,BURNABY,UNIVERSITY DR /UNIVERSITY DR,3e2c0ad6-345f-46c7-9cab-0d482e5f3314,1770943555404,burnaby.gis,1770943555404,burnaby.gis,1767571200000,POINT (-122.9102936844 49.2804077837)
3076,,THEFT OF AUTO,BURNABY,CANADA WY /EDMONDS ST,5ecf5917-4d75-4119-add6-c84d32cc91e2,1770943555404,burnaby.gis,1770943555404,burnaby.gis,1767571200000,POINT (-122.9409922067 49.2240818118)
3077,,BREAK & ENTER-OTHER,BURNABY,WILLINGDON AV : 3300 - 3999 Block,73a9b2e5-e88e-45f8-85f9-37737ddbbf1e,1770943555404,burnaby.gis,1770943555404,burnaby.gis,1767657600000,POINT (-123.0043093237 49.2511783217)
3078,,BREAK & ENTER-OTHER,BURNABY,MCKAY AV : 6000 - 6179 Block,b6b164e2-0db1-4b3d-b13c-5ed9a897c157,1770943555404,burnaby.gis,1770943555404,burnaby.gis,1767830400000,POINT (-123.0036750259 49.2287548566)
3079,,THEFT OF AUTO,BURNABY,WRIGHT ST : 7600 - 7659 Block,9a132fef-6eb0-42ba-933b-ea3dc9685970,1770943555404,burnaby.gis,1770943555404,burnaby.gis,1767916800000,POINT (-122.9191197311 49.2293672058)
3080,,BREAK & ENTER-BUSINESS,BURNABY,DUNBLANE AV /IMPERIAL ST,1d518609-4334-40a3-9d29-1beb37bdbc1e,1770943555404,burnaby.gis,1770943555404,burnaby.gis,1768003200000,POINT (-122.9928057678 49.2219405903)
3081,,BREAK & ENTER-OTHER,BURNABY,MARLBOROUGH AV : 6560 - 6599 Block,ad88078a-6c58-4f17-8e36-68919dc65092,1770943555404,burnaby.gis,1770943555404,burnaby.gis,1768089600000,POINT (-122.9915566105 49.2237668255)
3082,,THEFT FROM AUTO,BURNABY,CARRIGAN CT /EOR - END OF ROAD,8108d6a5-a1ce-4e61-b458-756ab4ae3cde,1770943555404,burnaby.gis,1770943555404,burnaby.gis,1768176000000,POINT (-122.9020965244 49.2492125051)
3083,,BREAK & ENTER-OTHER,BURNABY,GRASSMERE ST /SUSSEX AV,18c89134-180d-42a0-b221-1b2d9fd5484f,1770943555404,burnaby.gis,1770943555404,burnaby.gis,1768089600000,POINT (-122.9978599758 49.2386484521)
3084,,BREAK & ENTER-OTHER,BURNABY,KINGSWAY /SUSSEX AV,cb07a852-aae6-44a5-aff1-29863ae8d2fc,1770943555404,burnaby.gis,1770943555404,burnaby.gis,1768176000000,POINT (-122.9993183432 49.2283922605)
3085,,THEFT FROM AUTO,BURNABY,EMPIRE DR : 4850 - 4889 Block,f235d548-e8f2-4b8d-a371-7d24a80a6ab5,1770943555404,burnaby.gis,1770943555404,burnaby.gis,1768089600000,POINT (-122.9932268431 49.2850014719)
3086,,BREAK & ENTER-OTHER,BURNABY,BRENTLAWN DR : 4600 - 4699 Block,6a372907-778b-48b7-af84-bb138ecf6334,1770943555404,burnaby.gis,1770943555404,burnaby.gis,1768176000000,POINT (-122.9985298841 49.2692248861)
3087,,THEFT FROM AUTO,BURNABY,KITCHENER ST : 6100 - 6499 Block,ea6ad186-b5c5-4c57-9b22-836518cd74f4,1770943555404,burnaby.gis,1770943555404,burnaby.gis,1768262400000,POINT (-122.9728437999 49.271606184)
3088,,BREAK & ENTER-BUSINESS,BURNABY,BOUNDARY RD /LOUGHEED HY,b7349147-9a09-411e-807c-4ffade4b3bd9,1770943555404,burnaby.gis,1770943555404,burnaby.gis,1768262400000,POINT (-123.0234563535 49.2656637898)
3089,,BREAK & ENTER-RESIDENCE,BURNABY,16TH ST /17TH AV,e2f41a06-0342-484f-8a4a-c511b8798477,1770943555404,burnaby.gis,1770943555404,burnaby.gis,1768348800000,POINT (-122.9515552524 49.2153596071)
3090,,THEFT FROM AUTO,BURNABY,SUSSEX AV : 6200 - 6799 Block,dc8e03a9-c73a-4c87-86be-3d012182eb04,1770943555404,burnaby.gis,1770943555404,burnaby.gis,1768348800000,POINT (-123.0036076467 49.223299409)
3091,,THEFT FROM AUTO,BURNABY,STILL CREEK AV : 4800 - 4899 Block,dcf7d53b-e12e-42af-a96c-bceff21b1e04,1770943555404,burnaby.gis,1770943555404,burnaby.gis,1768435200000,POINT (-122.9939782836 49.260825568)
3092,,BREAK & ENTER-OTHER,BURNABY,DOUGLAS RD /SPRINGER AV,67ce9309-e83a-423d-87f5-f3e125f87ee0,1770943555404,burnaby.gis,1770943555404,burnaby.gis,1768435200000,POINT (-122.9883384375 49.26327735)
3093,,BREAK & ENTER-BUSINESS,BURNABY,MADISON AV /WILLIAM ST,e9458294-99fe-48e7-8c90-afb0c079675d,1770943555404,burnaby.gis,1770943555404,burnaby.gis,1768521600000,POINT (-123.0087547279 49.2738213674)
3094,,BREAK & ENTER-RESIDENCE,BURNABY,CARNEGIE ST /DUNCAN AV,67bbabe1-17e4-4702-9ad5-88b57312054b,1770943555404,burnaby.gis,1770943555404,burnaby.gis,1768435200000,POINT (-122.9623016115 49.2769246401)
3095,,THEFT FROM AUTO,BURNABY,GOVERNMENT ST : 9000 - 9099 Block,5aafb3bb-25a1-4c60-a888-6df7b0866838,1770943555404,burnaby.gis,1770943555404,burnaby.gis,1768521600000,POINT (-122.9048862879 49.2465497313)
3096,,THEFT FROM AUTO,BURNABY,ALBERT ST /GILMORE AV,37953a93-636a-41d1-a0ee-c6d63f9014e0,1770943555404,burnaby.gis,1770943555404,burnaby.gis,1768608000000,POINT (-123.0141631001 49.2819912628)
3097,,BREAK & ENTER-BUSINESS,BURNABY,NORTH FRASER WY /NORTHBROOK CT,cf4cd262-41e5-40c2-853c-735444b29444,1770943555404,burnaby.gis,1770943555404,burnaby.gis,1768694400000,POINT (-123.0143772596 49.2004304337)
3098,,THEFT FROM AUTO,BURNABY,DOUGLAS RD /REGENT ST,a2489a40-e040-4f18-8822-80c5ca45b65d,1770943555404,burnaby.gis,1770943555404,burnaby.gis,1768780800000,POINT (-122.9830375541 49.2583749388)
3099,,THEFT FROM AUTO,BURNABY,BALMORAL ST /GRIFFITHS AV,710d4670-7a99-4922-a7ad-8b8f535fd606,1770943555404,burnaby.gis,1770943555404,burnaby.gis,1768780800000,POINT (-122.9610043702 49.2202093165)
3100,,BREAK & ENTER-OTHER,BURNABY,GAGLARDI WY /UNIVERSITY DR,5641690f-3f90-4869-8cfd-44db72594de7,1770943555404,burnaby.gis,1770943555404,burnaby.gis,1768780800000,POINT (-122.9200489102 49.2801262728)
3101,,BREAK & ENTER-BUSINESS,BURNABY,GAGLARDI WY /UNIVERSITY DR,40fd2eee-25b3-48c2-9b33-e655e4eafed4,1770943555404,burnaby.gis,1770943555404,burnaby.gis,1768867200000,POINT (-122.9200489102 49.2801262728)
3102,,THEFT FROM AUTO,BURNABY,KINGSWAY /SUSSEX AV,0c2614e7-8433-484c-b4a3-dd61f8329664,1770943555404,burnaby.gis,1770943555404,burnaby.gis,1768953600000,POINT (-122.9993183432 49.2283922605)
3103,,BREAK & ENTER-OTHER,BURNABY,BYRNE RD /LOWLAND DR,e75d703d-de99-4099-9f93-bb14a8b36fdf,1770943555404,burnaby.gis,1770943555404,burnaby.gis,1769040000000,POINT (-122.997478052 49.1934128789)
3104,,THEFT FROM AUTO,BURNABY,STILL CREEK AV : 4500 - 4599 Block,f98e8448-0b18-4f11-816f-04869658e868,1770943555404,burnaby.gis,1770943555404,burnaby.gis,1769040000000,POINT (-123.0027519006 49.2601074606)
3105,,BREAK & ENTER-BUSINESS,BURNABY,KINGSWAY : 4220 - 4309 Block,2d25a228-630e-4d98-a70d-0a2ba61e6a80,1770943555404,burnaby.gis,1770943555404,burnaby.gis,1769212800000,POINT (-123.0087968864 49.231505349)
3106,,THEFT FROM AUTO,BURNABY,IMPERIAL ST /LINDEN AV,c114f5ae-a1ed-41d2-83e0-755d8dada770,1770943555404,burnaby.gis,1770943555404,burnaby.gis,1769212800000,POINT (-122.9561851652 49.2244844574)
3107,,THEFT FROM AUTO,BURNABY,ALASKA ST /WILLINGDON AV,aa7a2f13-e8b6-4351-badf-9afa3e44522e,1770943555404,burnaby.gis,1770943555404,burnaby.gis,1769385600000,POINT (-123.0032559948 49.2623692877)
3108,,THEFT FROM AUTO,BURNABY,WILSON AV : 6100 - 6299 Block,91ed9335-ae23-42c2-86fd-2578cfd38d15,1770943555404,burnaby.gis,1770943555404,burnaby.gis,1769385600000,POINT (-123.0115884294 49.2276490289)
3109,,BREAK & ENTER-BUSINESS,BURNABY,ANTRIM AV /DORSET ST,8a8c974e-9836-48d3-a324-070fb73a9bc4,1770943555404,burnaby.gis,1770943555404,burnaby.gis,1769212800000,POINT (-122.9849099498 49.2207880773)
3110,,BREAK & ENTER-BUSINESS,BURNABY,DENBIGH AV /KINGSWAY,bfd09a81-4d35-469f-977e-c7befd825c73,1770943555404,burnaby.gis,1770943555404,burnaby.gis,1769558400000,POINT (-122.9842266348 49.2234676446)
3111,,THEFT OF AUTO,BURNABY,ARCOLA ST /SALISBURY AV,b876a467-8d0e-4bb2-a462-df7cb0ce3fc6,1770943555404,burnaby.gis,1770943555404,burnaby.gis,1769558400000,POINT (-122.957543815 49.2193161407)
3112,,THEFT FROM AUTO,BURNABY,HALSTON CT /WILTSHIRE PL,c04ebeaf-7382-466f-800f-54e7c7b47868,1770943555404,burnaby.gis,1770943555404,burnaby.gis,1769644800000,POINT (-122.9051252548 49.2481131892)
3113,,THEFT OF AUTO,BURNABY,INLET DR : 7000 - 7099 Block,397f319b-eb5d-4795-b866-ddaaf5e33336,1770943555404,burnaby.gis,1770943555404,burnaby.gis,1767571200000,POINT (-122.9574724806 49.2813941744)
3114,,THEFT FROM AUTO,BURNABY,BOND ST /BOOTH AV,35b7af93-1dfa-4094-9c5b-fd1f87554018,1770943555404,burnaby.gis,1770943555404,burnaby.gis,1769817600000,POINT (-122.9991643595 49.2354024455)
3115,,THEFT FROM AUTO,BURNABY,CARIBOO RD : 7450 - 7499 Block,bb81062f-ec39-4b2e-bcf3-795ce2ca5161,1773332134464,burnaby.gis,1773332134464,burnaby.gis,1769990400000,POINT (-122.9071547904 49.2393681011)
3116,,THEFT FROM AUTO,BURNABY,PIPER AV /WINSTON ST,0717e9b1-ca75-4d46-b94d-aab3bcff6cc6,1773332134464,burnaby.gis,1773332134464,burnaby.gis,1769990400000,POINT (-122.9353633032 49.2482473006)
3117,,THEFT FROM AUTO,BURNABY,AVONDALE ST /SMITH AV,3dfbf2cd-6321-4f70-a97b-08b2e4b46d6c,1773332134464,burnaby.gis,1773332134464,burnaby.gis,1770076800000,POINT (-123.0197676658 49.2524025625)
3118,,THEFT FROM AUTO,BURNABY,GABLE DR : 3400 - 3500 Block,250eb79f-c31c-43d1-92cc-76ac87d9d626,1773332134464,burnaby.gis,1773332134464,burnaby.gis,1770076800000,POINT (-123.0143886699 49.2526343181)
3119,,THEFT FROM AUTO,BURNABY,BYRNE RD : 4600 - 4649 Block,b3e1aefb-c77d-4157-ad60-4cd71f30043c,1773332134464,burnaby.gis,1773332134464,burnaby.gis,1770163200000,POINT (-122.9978923452 49.1931280849)
3120,,THEFT FROM AUTO,BURNABY,MACPHERSON AV : 7000 - 7089 Block,001466d8-4cd9-49ac-bfc7-e45558e20c62,1773332134464,burnaby.gis,1773332134464,burnaby.gis,1770163200000,POINT (-122.9829547926 49.2195970363)
3121,,BREAK & ENTER-BUSINESS,BURNABY,CARDSTON CT : 9300 - 9499 Block,b5cff5cc-083c-4364-971e-f41d556931bc,1773332134464,burnaby.gis,1773332134464,burnaby.gis,1770163200000,POINT (-122.9004138405 49.2480967471)
3122,,THEFT FROM AUTO,BURNABY,LOUGHEED HY : 4500 - 4599 Block,bff70b56-e34f-4599-8c5d-23e7b7387219,1773332134464,burnaby.gis,1773332134464,burnaby.gis,1770163200000,POINT (-123.001803509 49.2663734997)
3123,,BREAK & ENTER-OTHER,BURNABY,CURLE AV : 4000 - 4999 Block,99616b85-76bc-4c73-8f15-5371408fd5d2,1773332134464,burnaby.gis,1773332134464,burnaby.gis,1770163200000,POINT (-123.0143655728 49.2518178349)
3124,,BREAK & ENTER-BUSINESS,BURNABY,KINGSWAY : 7850 - 7879 Block,1ff0ff9c-111e-4225-a5a2-fa935778bf85,1773332134464,burnaby.gis,1773332134464,burnaby.gis,1770076800000,POINT (-122.9383879683 49.2137692172)
3125,,BREAK & ENTER-OTHER,BURNABY,DELTA AV : 1300 - 1499 Block,b47f12a2-7640-4a60-9116-f6b551647717,1773332134464,burnaby.gis,1773332134464,burnaby.gis,1770249600000,POINT (-122.992175142 49.2714578658)
3126,,THEFT FROM AUTO,BURNABY,11TH AV /18TH ST,f9385c3e-498f-4fe0-8cc2-965fc645a33b,1773332134464,burnaby.gis,1773332134464,burnaby.gis,1770163200000,POINT (-122.9490836093 49.2085892331)
3127,,BREAK & ENTER-OTHER,BURNABY,16TH AV /NEWCOMBE ST,77c7d1d8-fbea-4f53-8317-87f6b687eba5,1773332134464,burnaby.gis,1773332134464,burnaby.gis,1770163200000,POINT (-122.9227291269 49.2293244544)
3128,,BREAK & ENTER-OTHER,BURNABY,CURLE AV /KALYK AV,a7ab0b62-11dd-4bfa-98a3-8449b752a0df,1773332134464,burnaby.gis,1773332134464,burnaby.gis,1770336000000,POINT (-123.0131449945 49.25181341)
3129,,THEFT FROM AUTO,BURNABY,MACPHERSON AV : 7100 - 7499 Block,b48ece25-da72-4d1f-a144-5ab0a7aaf021,1773332134464,burnaby.gis,1773332134464,burnaby.gis,1770336000000,POINT (-122.9828301013 49.2171923498)
3130,,THEFT FROM AUTO,BURNABY,CARIBOO RD : 7450 - 7499 Block,8a8b9f3f-5271-49b5-a233-0a7890934752,1773332134464,burnaby.gis,1773332134464,burnaby.gis,1770163200000,POINT (-122.9071547904 49.2393681011)
3131,,THEFT FROM AUTO,BURNABY,SMITH AV /THURSTON ST,d6e7c9d4-d0b7-4ee3-b6aa-dfa6318febcb,1773332134464,burnaby.gis,1773332134464,burnaby.gis,1770422400000,POINT (-123.0199044826 49.234852418)
3132,,THEFT FROM AUTO,BURNABY,MONTECITO DR : 7340 - 7399 Block,3196f305-fc1b-4d9a-97c4-d5c2cfe545d8,1773332134464,burnaby.gis,1773332134464,burnaby.gis,1770508800000,POINT (-122.9488182345 49.2637925682)
3133,,BREAK & ENTER-BUSINESS,BURNABY,GAGLARDI WY /UNIVERSITY DR,0dfc4a8c-c2bb-45b9-ba05-c92d58d4cd0c,1773332134464,burnaby.gis,1773332134464,burnaby.gis,1770508800000,POINT (-122.9200489102 49.2801262728)
3134,,THEFT FROM AUTO,BURNABY,BRENTWOOD DR /DELTA AV,0926e582-cddc-43ba-ba40-f49b941ae390,1773332134464,burnaby.gis,1773332134464,burnaby.gis,1770508800000,POINT (-122.9922166388 49.2660633162)
3135,,THEFT FROM AUTO,BURNABY,BOUNDARY RD /NORTH FRASER WY,59db2f8a-edb8-45ea-a44d-4512edca5b06,1773332134464,burnaby.gis,1773332134464,burnaby.gis,1770508800000,POINT (-123.022954035 49.202596484)
3136,,THEFT FROM AUTO,BURNABY,FRANCES ST : 4100 - 4199 Block,2dc1f563-37d3-4b7f-9961-33cba230feb6,1773332134464,burnaby.gis,1773332134464,burnaby.gis,1770595200000,POINT (-123.012829114 49.2792612573)
3137,,THEFT FROM AUTO,BURNABY,BUFFALO DR /LYNNDALE CR,55a572ec-8a40-48b6-968f-01b9c907fe2a,1773332134464,burnaby.gis,1773332134464,burnaby.gis,1770595200000,POINT (-122.9502072789 49.2528970374)
3138,,THEFT FROM AUTO,BURNABY,ESMOND AV /FRANCES ST,ce95a5d6-dc70-48bd-87f6-ae252a5abeec,1773332134464,burnaby.gis,1773332134464,burnaby.gis,1770595200000,POINT (-123.0210275029 49.2793183558)
3139,,BREAK & ENTER-RESIDENCE,BURNABY,PATTERSON AV : 5700 - 5999 Block,33df7313-a944-4b23-bc4c-e42f2a05c1d9,1773332134464,burnaby.gis,1773332134464,burnaby.gis,1770595200000,POINT (-123.0126526121 49.2312737961)
3140,,BREAK & ENTER-BUSINESS,BURNABY,CARRIGAN CT /EOR - END OF ROAD,38c4736d-b923-48d5-aebd-c08c0d13427b,1773332134464,burnaby.gis,1773332134464,burnaby.gis,1770595200000,POINT (-122.9020965244 49.2492125051)
3141,,BREAK & ENTER-BUSINESS,BURNABY,INMAN AV : 5500 - 5699 Block,aa5de61d-13b8-404c-ac59-a79156441b98,1773332134464,burnaby.gis,1773332134464,burnaby.gis,1770681600000,POINT (-123.0158506806 49.2338082262)
3142,,BREAK & ENTER-OTHER,BURNABY,CASSIE AV : 6100 - 6499 Block,ba2b64eb-40ec-4ae1-9d30-0c6418df1dbb,1773332134464,burnaby.gis,1773332134464,burnaby.gis,1770595200000,POINT (-123.0084459154 49.2255149187)
3143,,THEFT OF AUTO,BURNABY,GRANDVIEW HY : 4100 - 4199 Block,2a9a1f1a-a689-4b17-baad-f4d043bad2c3,1773332134464,burnaby.gis,1773332134464,burnaby.gis,1770854400000,POINT (-123.0130016205 49.258116487)
3144,,BREAK & ENTER-RESIDENCE,BURNABY,WAVERLEY AV : 6800 - 7199 Block,484d655b-43a4-41ee-a1cc-b4c0e8392c05,1773332134464,burnaby.gis,1773332134464,burnaby.gis,1770681600000,POINT (-122.9976081997 49.2201922967)
3145,,BREAK & ENTER-BUSINESS,BURNABY,WILLINGDON AV : 6400 - 6499 Block,1a2cf21a-6453-4b9e-b94f-7bf80afef396,1773332134464,burnaby.gis,1773332134464,burnaby.gis,1770940800000,POINT (-123.0103209483 49.2250664793)
3146,,THEFT FROM AUTO,BURNABY,MCKAY AV : 6000 - 6179 Block,a3491f6b-dc37-450f-b4b2-ce9e252be1f9,1773332134464,burnaby.gis,1773332134464,burnaby.gis,1771200000000,POINT (-123.0036750259 49.2287548566)
3147,,THEFT FROM AUTO,BURNABY,KINGSWAY /ROYAL OAK AV,5252554d-af43-46f1-bf3b-f98bfc67d783,1773332134464,burnaby.gis,1773332134464,burnaby.gis,1771200000000,POINT (-122.9889144716 49.2249674473)
3148,,THEFT FROM AUTO,BURNABY,NORTH RD /ROCHESTER ST,5488c504-6707-4442-9b13-0682b35c16b9,1773332134464,burnaby.gis,1773332134464,burnaby.gis,1771200000000,POINT (-122.8926799603 49.2446382159)
3149,,BREAK & ENTER-OTHER,BURNABY,WILLINGDON AV : 6200 - 6399 Block,14f96a27-091b-41b1-89c9-14cd90fd624e,1773332134464,burnaby.gis,1773332134464,burnaby.gis,1771200000000,POINT (-123.0088767186 49.2264257366)
3150,,BREAK & ENTER-OTHER,BURNABY,KINGSWAY /SMITH AV,fd84949c-eeaa-4eb0-b903-84574c307611,1773332134464,burnaby.gis,1773332134464,burnaby.gis,1771200000000,POINT (-123.019866464 49.2325527146)
3151,,THEFT FROM AUTO,BURNABY,KEMP ST /WILSON AV,f5eb2fa4-107e-4ef2-b153-292182def195,1773332134464,burnaby.gis,1773332134464,burnaby.gis,1771286400000,POINT (-123.008529326 49.2305035309)
3152,,BREAK & ENTER-RESIDENCE,BURNABY,DUTHIE AV : 300 - 399 Block,9b866a60-e173-4791-b6c2-a23442d21ac9,1773332134464,burnaby.gis,1773332134464,burnaby.gis,1771372800000,POINT (-122.9533872918 49.2808818001)
3153,,THEFT OF AUTO,BURNABY,HOLLY ST /MARY AV,237bdb05-cb02-40fa-b3c9-feb73bfc7cad,1773332134464,burnaby.gis,1773332134464,burnaby.gis,1771372800000,POINT (-122.9465689076 49.2231761634)
3154,,THEFT FROM AUTO,BURNABY,HASTINGS ST : 4400 - 4499 Block,d6805023-a161-47be-92cc-9b15a703fead,1773332134464,burnaby.gis,1773332134464,burnaby.gis,1771372800000,POINT (-123.0045115867 49.281021186)
3155,,THEFT FROM AUTO,BURNABY,CARSON PL /NELSON AV,c05c643b-ce4d-4a33-8355-af58f1ca41dc,1773332134464,burnaby.gis,1773332134464,burnaby.gis,1771459200000,POINT (-122.9945291199 49.209627457)
3156,,THEFT FROM AUTO,BURNABY,DOUGLAS RD : 2400 - 2499 Block,d568fd21-75e8-4103-9342-fdc8f25d675d,1773332134464,burnaby.gis,1773332134464,burnaby.gis,1771459200000,POINT (-122.98629437 49.2624918958)
3157,,THEFT FROM AUTO,BURNABY,SELMA AV : 6400 - 6599 Block,2692bdbe-346a-4d4c-bf0b-13a735f24b74,1773332134464,burnaby.gis,1773332134464,burnaby.gis,1771459200000,POINT (-122.9857403982 49.2256040513)
3158,,BREAK & ENTER-BUSINESS,BURNABY,MARKET XG /MARKET XG,1c6d8d97-5304-4205-8a85-8230b33d501e,1773332134464,burnaby.gis,1773332134464,burnaby.gis,1771632000000,POINT (-122.9811206619 49.1985350112)
3159,,BREAK & ENTER-BUSINESS,BURNABY,BENNETT ST /MARLBOROUGH AV,aa84b387-bc3e-43d6-ba65-3a81fdade09d,1773332134464,burnaby.gis,1773332134464,burnaby.gis,1771632000000,POINT (-122.9915574811 49.2251886185)
3160,,BREAK & ENTER-BUSINESS,BURNABY,HALSTON CT /WILTSHIRE PL,9355b634-acd4-44fd-a3a6-af25e751c9f5,1773332134464,burnaby.gis,1773332134464,burnaby.gis,1771804800000,POINT (-122.9051252548 49.2481131892)
3161,,THEFT FROM AUTO,BURNABY,PIONEER AVE /EOR - END OF ROAD,e21dc078-8fab-441a-b975-a501f099ab42,1773332134464,burnaby.gis,1773332134464,burnaby.gis,1771804800000,POINT (-123.0027434992 49.2305635129)
3162,,THEFT FROM AUTO,BURNABY,PANDORA ST : 7200 - 7399 Block,a7a9eee8-3cec-447c-833d-a1ca96326e1a,1773332134464,burnaby.gis,1773332134464,burnaby.gis,1771891200000,POINT (-122.9513540433 49.2824033693)
3163,,THEFT FROM AUTO,BURNABY,DORSET ST /SELLERS AV,ccee3484-7bf5-483b-8394-d63cf5152ba7,1773332134464,burnaby.gis,1773332134464,burnaby.gis,1772064000000,POINT (-122.981642588 49.2208302127)
3164,,THEFT FROM AUTO,BURNABY,ALBERT ST /DELTA AV,f15cf954-0213-4151-88ff-6ed0ac89ad4b,1773332134464,burnaby.gis,1773332134464,burnaby.gis,1772150400000,POINT (-122.9920680984 49.2818534485)
3165,,THEFT FROM AUTO,BURNABY,AUSTIN RD /GATINEAU PL,501c8e6b-fde5-4c58-b0a4-d42f15b79838,1773332134464,burnaby.gis,1773332134464,burnaby.gis,1772150400000,POINT (-122.8958642672 49.2489876953)
3166,,THEFT OF AUTO,BURNABY,BERESFORD ST : 4400 - 4429 Block,81e4cd9b-4722-4ac2-bf52-d75715e3983e,1773332134464,burnaby.gis,1773332134464,burnaby.gis,1772236800000,POINT (-123.004269328 49.2256232167)
3167,,BREAK & ENTER-BUSINESS,BURNABY,HASTINGS ST /WILLINGDON AV,18b87ad5-affd-4f12-a528-d4699c431c37,1773332134464,burnaby.gis,1773332134464,burnaby.gis,1769904000000,POINT (-123.0031244391 49.2810168929)
3168,,THEFT FROM AUTO,BURNABY,KINGSWAY /SUSSEX AV,06d14351-fe28-48d2-8f83-1dc367ab90ce,1773332134464,burnaby.gis,1773332134464,burnaby.gis,1769904000000,POINT (-122.9993183432 49.2283922605)
3169,,THEFT FROM AUTO,BURNABY,SKYLINE DR : 4450 - 4499 Block,348d22d7-0c44-434f-88b7-7a8a20936baf,1773332134464,burnaby.gis,1773332134464,burnaby.gis,1769990400000,POINT (-123.0039138467 49.2655485636)
3170,,THEFT FROM AUTO,BURNABY,MARINE DR : 6040 - 6059 Block,4b5757c9-70dd-453c-9b66-8c6b35a35273,1773332134464,burnaby.gis,1773332134464,burnaby.gis,1769990400000,POINT (-122.9742620865 49.2049859799)
3171,,THEFT FROM AUTO,BURNABY,BERESFORD ST /DAISY AV,f2b2f4b6-0c71-40fc-a9e5-e30e06ff6577,1773332134464,burnaby.gis,1773332134464,burnaby.gis,1769990400000,POINT (-122.9794335663 49.2180529869)
3172,,THEFT FROM AUTO,BURNABY,CARIBOO DR /CARIBOO RD,6c846a0e-bcd8-427b-9aa6-2ef9b6d8de75,1773332134464,burnaby.gis,1773332134464,burnaby.gis,1770076800000,POINT (-122.9088189769 49.2428951393)
3173,,THEFT FROM AUTO,BURNABY,CARLETON AV : 4377 - 4399 Block,a586b842-e891-4d7b-852c-9127fb91fedd,1773332134464,burnaby.gis,1773332134464,burnaby.gis,1770076800000,POINT (-123.0125253549 49.2449321499)
3174,,BREAK & ENTER-BUSINESS,BURNABY,NORTH RD : 4200 - 4399 Block,6acd3561-3923-47cf-9b3b-cce7c6f41a45,1773332134464,burnaby.gis,1773332134464,burnaby.gis,1769990400000,POINT (-122.8927057401 49.2452880557)
3175,,THEFT FROM AUTO,BURNABY,CARIBOO DR /CARIBOO RD,7dbf25e5-8a41-4e7b-acf5-ce55031e9d01,1773332134464,burnaby.gis,1773332134464,burnaby.gis,1770076800000,POINT (-122.9088189769 49.2428951393)
3176,,THEFT FROM AUTO,BURNABY,ETON ST /INGLETON AV N,290ba3f5-96f9-427e-9ab8-b1c8669e4a54,1773332134464,burnaby.gis,1773332134464,burnaby.gis,1769990400000,POINT (-123.0175357529 49.2874311716)
3177,,THEFT FROM AUTO,BURNABY,WALKER AV : 6600 - 6699 Block,4c005c46-3d09-465a-9d1c-dac4f38401ec,1773332134464,burnaby.gis,1773332134464,burnaby.gis,1770163200000,POINT (-122.9565876475 49.223460031)
3178,,THEFT FROM AUTO,BURNABY,AUBREY ST /BURNWOOD DR,00804583-0bc1-4411-bcad-2ec085dafaf3,1773332134464,burnaby.gis,1773332134464,burnaby.gis,1770163200000,POINT (-122.9460878676 49.27338979)
3179,,BREAK & ENTER-RESIDENCE,BURNABY,GILPIN ST /ROYAL OAK AV,48a51c1a-6e64-4c02-90c7-44b217662ffc,1773332134464,burnaby.gis,1773332134464,burnaby.gis,1770163200000,POINT (-122.9890272181 49.2418627743)
3180,,THEFT FROM AUTO,BURNABY,BURLINGTON AV /GRIMMER ST,51e97b83-5790-41d4-a37e-db5af1cbaf1f,1773332134464,burnaby.gis,1773332134464,burnaby.gis,1770076800000,POINT (-122.9903012564 49.2233889257)
3181,,BREAK & ENTER-OTHER,BURNABY,CURTIS ST /SPERLING AV,e9c7725e-818f-4012-a0ec-13b3ea7e72c6,1773332134464,burnaby.gis,1773332134464,burnaby.gis,1770249600000,POINT (-122.9646406702 49.2752134218)
3182,,THEFT FROM AUTO,BURNABY,ABBEY AV : 5430 - 5599 Block,a6eacd86-bbd4-4793-8ec4-d4d1fa7d5219,1773332134464,burnaby.gis,1773332134464,burnaby.gis,1770249600000,POINT (-123.0061847446 49.2347307195)
3183,,THEFT FROM AUTO,BURNABY,DAVIES ST : 7700 - 7799 Block,291f3bbe-1a25-41f7-8925-cac1f669aaa6,1773332134464,burnaby.gis,1773332134464,burnaby.gis,1770249600000,POINT (-122.9369602919 49.2172165722)
3184,,BREAK & ENTER-OTHER,BURNABY,CURLE AV : 4000 - 4999 Block,1b21dd72-8b63-48a1-aa5c-b5a130b297bc,1773332134464,burnaby.gis,1773332134464,burnaby.gis,1770336000000,POINT (-123.0143655728 49.2518178349)
3185,,THEFT FROM AUTO,BURNABY,UNIVERSITY CR : 9500 - 9599 Block,c0aaa010-7088-4c66-93c3-50094f22b815,1773332134464,burnaby.gis,1773332134464,burnaby.gis,1770336000000,POINT (-122.9076109555 49.2759830687)
3186,,THEFT FROM AUTO,BURNABY,BERESFORD ST /DOW AV,49483351-b6e1-45c5-b68b-58512f9eba15,1773332134464,burnaby.gis,1773332134464,burnaby.gis,1770336000000,POINT (-123.0006679009 49.2239697003)
3187,,THEFT FROM AUTO,BURNABY,KINGSBOROUGH ST /MCKAY AV,fb7668eb-65a0-46cb-af98-c62b47af7f29,1773332134464,burnaby.gis,1773332134464,burnaby.gis,1770336000000,POINT (-123.0045256503 49.2279559386)
3188,,BREAK & ENTER-BUSINESS,BURNABY,FULTON AV : 7000 - 7199 Block,3b921469-ccf0-4a18-aa81-693826035a5c,1773332134464,burnaby.gis,1773332134464,burnaby.gis,1770336000000,POINT (-122.9499416362 49.2207221873)
3189,,THEFT FROM AUTO,BURNABY,BOUNDARY RD : 2560 - 2599 Block,f1cbf98d-f900-4c27-bef4-95f0a78f3f8a,1773332134464,burnaby.gis,1773332134464,burnaby.gis,1770422400000,POINT (-123.0234853033 49.2614580097)
3190,,THEFT FROM AUTO,BURNABY,ERICKSON DR /EOR - END OF ROAD,9cb4152f-fa0c-4ce2-94c6-62332dd936ef,1773332134464,burnaby.gis,1773332134464,burnaby.gis,1770508800000,POINT (-122.9006222523 49.2527508989)
3191,,BREAK & ENTER-BUSINESS,BURNABY,KINGSWAY /SUSSEX AV,abe70d09-551b-44ad-9a85-175d6044c007,1773332134464,burnaby.gis,1773332134464,burnaby.gis,1770508800000,POINT (-122.9993183432 49.2283922605)
3192,,THEFT FROM AUTO,BURNABY,PIONEER AVE /EOR - END OF ROAD,fabbce7b-41ff-49ad-8242-6a5aa39417fa,1773332134464,burnaby.gis,1773332134464,burnaby.gis,1770681600000,POINT (-123.0027434992 49.2305635129)
3193,,THEFT OF AUTO,BURNABY,BERESFORD ST /GRIFFITHS DR,97c0de8c-c836-4b56-8f53-4635e506faf1,1773332134464,burnaby.gis,1773332134464,burnaby.gis,1770681600000,POINT (-122.9609796849 49.2167430998)
3194,,BREAK & ENTER-OTHER,BURNABY,KINGSWAY /SMITH AV,afc635e6-2f86-4948-9a47-32bab3e564d8,1773332134464,burnaby.gis,1773332134464,burnaby.gis,1770681600000,POINT (-123.019866464 49.2325527146)
3195,,BREAK & ENTER-OTHER,BURNABY,FRANCES ST : 7000 - 7999 Block,5b858d6c-27fe-4494-83e0-66444b06fac7,1773332134464,burnaby.gis,1773332134464,burnaby.gis,1770681600000,POINT (-122.9526919668 49.2789540304)
3196,,THEFT FROM AUTO,BURNABY,BUCHANAN ST /ROSSER AV,54ce182f-e42a-49c6-810d-2de6149324e3,1773332134464,burnaby.gis,1773332134464,burnaby.gis,1770768000000,POINT (-123.0059891312 49.267447096)
3197,,THEFT FROM AUTO,BURNABY,UNIVERSITY CR : 9100 - 9399 Block,e3c97fb9-40eb-4f4b-ac3d-e40cf028e141,1773332134464,burnaby.gis,1773332134464,burnaby.gis,1770768000000,POINT (-122.9059277151 49.2796556107)
3198,,THEFT OF AUTO,BURNABY,HYTHE AV N : 200 - 499 Block,bfff24c1-5616-46d4-b303-5998441055be,1773332134464,burnaby.gis,1773332134464,burnaby.gis,1770768000000,POINT (-122.9902978714 49.2880814186)
3199,,BREAK & ENTER-OTHER,BURNABY,ESMOND AV /HASTINGS ST,cf20a5cc-7cee-47da-a586-189a14fe70b5,1773332134464,burnaby.gis,1773332134464,burnaby.gis,1770854400000,POINT (-123.0209989182 49.2810985438)
3200,,THEFT FROM AUTO,BURNABY,CARLETON AV N /DUNDAS ST,f376dee3-aa33-4357-84f5-095c07481d1a,1773332134464,burnaby.gis,1773332134464,burnaby.gis,1770854400000,POINT (-123.0113400198 49.2846722153)
3201,,THEFT FROM AUTO,BURNABY,CANADA WY /SPERLING AV,a114696f-abb7-4faa-b3d9-98d2748d9899,1773332134464,burnaby.gis,1773332134464,burnaby.gis,1770854400000,POINT (-122.9646771586 49.2397830157)
3202,,BREAK & ENTER-RESIDENCE,BURNABY,ALPHA AV /UNION ST,24f941f3-a4b4-4586-857d-521ed00dc354,1773332134464,burnaby.gis,1773332134464,burnaby.gis,1770854400000,POINT (-123.0002857453 49.2773683127)
3203,,THEFT OF AUTO,BURNABY,WILLINGDON AV : 6400 - 6499 Block,85e57f87-86b3-4301-b9c2-cbc0e6170776,1773332134464,burnaby.gis,1773332134464,burnaby.gis,1770940800000,POINT (-123.0103209483 49.2250664793)
3204,,BREAK & ENTER-BUSINESS,BURNABY,BARTLETT CT /EOR - END OF ROAD,53568930-85a8-4f67-8859-7a7b0de8e03a,1773332134464,burnaby.gis,1773332134464,burnaby.gis,1771027200000,POINT (-122.8986089361 49.2506435682)
3205,,THEFT FROM AUTO,BURNABY,CARNEGIE ST : 6880 - 6999 Block,951e44b4-baac-4743-b367-471ff699c779,1773332134464,burnaby.gis,1773332134464,burnaby.gis,1771200000000,POINT (-122.9613231297 49.2769236247)
3206,,THEFT OF AUTO,BURNABY,WINSTON ST : 7200 - 7399 Block,6e1cefb7-a427-4da9-b639-cda115070d03,1773332134464,burnaby.gis,1773332134464,burnaby.gis,1771200000000,POINT (-122.9526344913 49.2499906743)
3207,,THEFT FROM AUTO,BURNABY,MCKAY AV : 6000 - 6179 Block,918fbb7f-b6f0-46c6-9701-2a79d9b6e90d,1773332134464,burnaby.gis,1773332134464,burnaby.gis,1771200000000,POINT (-123.0036750259 49.2287548566)
3208,,THEFT OF AUTO,BURNABY,BERESFORD ST : 5700 - 5739 Block,d19c7b74-4711-4f8f-9b11-4d4e28d25899,1773332134464,burnaby.gis,1773332134464,burnaby.gis,1771286400000,POINT (-122.9806627626 49.2187359915)
3209,,BREAK & ENTER-OTHER,BURNABY,GILMORE AV : 2000 - 2299 Block,73e572f7-4fbb-43e9-8db5-284a7bc58825,1773332134464,burnaby.gis,1773332134464,burnaby.gis,1771286400000,POINT (-123.0142710711 49.2653169457)
3210,,BREAK & ENTER-RESIDENCE,BURNABY,RANDOLPH AV : 6500 - 6999 Block,a1a7a02f-9498-49cf-9093-7ac72c5e25b5,1773332134464,burnaby.gis,1773332134464,burnaby.gis,1771372800000,POINT (-122.9733595521 49.2234810391)
3211,,BREAK & ENTER-OTHER,BURNABY,GILMORE AV : 2300 - 2599 Block,0a0c341c-ae38-4b92-8b13-b394015110d7,1773332134464,burnaby.gis,1773332134464,burnaby.gis,1771459200000,POINT (-123.0142825703 49.2626651008)
3212,,THEFT FROM AUTO,BURNABY,ROSSER AV : 1200 - 1299 Block,3f9aed2e-38d7-444a-a052-270a3e3a4d6d,1773332134464,burnaby.gis,1773332134464,burnaby.gis,1771459200000,POINT (-123.0059939563 49.2733403882)
3213,,THEFT FROM AUTO,BURNABY,HOWARD AV : 1320 - 1429 Block,ee69a1ff-6f68-46f5-b3e9-7abf9eec6bf6,1773332134464,burnaby.gis,1773332134464,burnaby.gis,1771545600000,POINT (-122.9837586282 49.2717067405)
3214,,BREAK & ENTER-BUSINESS,BURNABY,CARRIGAN CT : 3900 - 3999 Block,2544e096-3e90-4ecc-93f8-0634cfaad53f,1773332134464,burnaby.gis,1773332134464,burnaby.gis,1771545600000,POINT (-122.9019949649 49.2486617331)
3215,,BREAK & ENTER-RESIDENCE,BURNABY,HASZARD ST : 7525 - 7599 Block,99c62a88-8a53-4341-b33b-53ce869d5e2b,1773332134464,burnaby.gis,1773332134464,burnaby.gis,1771718400000,POINT (-122.9599852509 49.2349700048)
3216,,THEFT FROM AUTO,BURNABY,LOUGHEED HY /NORTH RD,de86e579-b29c-487a-87a4-a5faff4932a7,1773332134464,burnaby.gis,1773332134464,burnaby.gis,1771804800000,POINT (-122.8927577593 49.2459373163)
3217,,BREAK & ENTER-RESIDENCE,BURNABY,DAWSON ST : 4700 - 4819 Block,c9c6e6fb-4b37-4b20-a701-d8cb0ab1da0f,1773332134464,burnaby.gis,1773332134464,burnaby.gis,1771804800000,POINT (-122.9962995144 49.2642840901)
3218,,THEFT FROM AUTO,BURNABY,KINGSWAY /WILLINGDON AV,3618f544-ef61-4232-912a-89738d888b3e,1773332134464,burnaby.gis,1773332134464,burnaby.gis,1771804800000,POINT (-123.0048321208 49.2302021397)
3219,,THEFT FROM AUTO,BURNABY,DICKENS ST : 6000 - 6299 Block,502d766b-7dfa-43b5-97dd-c3201aa0af21,1773332134464,burnaby.gis,1773332134464,burnaby.gis,1771891200000,POINT (-122.9741645146 49.2267747054)
3220,,BREAK & ENTER-BUSINESS,BURNABY,BETA AV /EOR - END OF ROAD,22bb4759-c1e7-4280-836e-12dabeaff9e0,1773332134464,burnaby.gis,1773332134464,burnaby.gis,1771977600000,POINT (-122.9979793496 49.2566296269)
3221,,THEFT OF AUTO,BURNABY,WILLINGDON AV : 1600 - 1799 Block,c0e36663-7de4-48dd-9caf-f04f31c9afcc,1773332134464,burnaby.gis,1773332134464,burnaby.gis,1772150400000,POINT (-123.0032240583 49.26908704)
3222,,THEFT FROM AUTO,BURNABY,VENABLES ST /WILLINGDON AV,45f10104-442a-4264-987c-e51149ab1583,1773332134464,burnaby.gis,1773332134464,burnaby.gis,1772150400000,POINT (-123.0032046653 49.2764771462)
3223,,BREAK & ENTER-OTHER,BURNABY,KINGSWAY /SMITH AV,3d1ad71f-e40b-4cdb-a435-01ad89bb8e57,1773332134464,burnaby.gis,1773332134464,burnaby.gis,1772236800000,POINT (-123.019866464 49.2325527146)
3224,,BREAK & ENTER-RESIDENCE,BURNABY,CANADA WY : 6930 - 6983 Block,708f4001-bb28-4ef2-9c7f-2b6e5dd429b8,1773332134464,burnaby.gis,1773332134464,burnaby.gis,1769990400000,POINT (-122.9436366168 49.2261975406)
3225,,THEFT FROM AUTO,BURNABY,11TH AV /COQUITLAM ST,97ea14fd-f6c0-4dad-931c-fa85cad7e8d9,1773332134464,burnaby.gis,1773332134464,burnaby.gis,1770076800000,POINT (-122.9099748577 49.2297222411)
3226,,THEFT FROM AUTO,BURNABY,11TH AV /17TH ST,1a6e5c8e-09f2-4379-8226-55d78495d48d,1773332134464,burnaby.gis,1773332134464,burnaby.gis,1770076800000,POINT (-122.9471681836 49.2096250125)
3227,,THEFT FROM AUTO,BURNABY,KERN AV /PORTLAND ST,05ce5d71-1023-46e5-8adb-503a2ed6be30,1773332134464,burnaby.gis,1773332134464,burnaby.gis,1770163200000,POINT (-122.9695094647 49.2120195036)
3228,,BREAK & ENTER-BUSINESS,BURNABY,GREENWOOD ST : 6900 - 7099 Block,d7d33a85-21be-4883-a33e-aec094906e03,1773332134464,burnaby.gis,1773332134464,burnaby.gis,1770163200000,POINT (-122.9591021023 49.2562681984)
3229,,BREAK & ENTER-BUSINESS,BURNABY,KINGSWAY : 7850 - 7879 Block,671b791d-b7b4-48c5-8f33-5dc6ce88fc4c,1773332134464,burnaby.gis,1773332134464,burnaby.gis,1770249600000,POINT (-122.9383879683 49.2137692172)
3230,,THEFT FROM AUTO,BURNABY,CURLE AV /KALYK AV,067ee271-af3d-45b8-b840-2c5d6dc25d1b,1773332134464,burnaby.gis,1773332134464,burnaby.gis,1770336000000,POINT (-123.0131449945 49.25181341)
3231,,THEFT FROM AUTO,BURNABY,CURLE AV /KALYK AV,0807d00f-0a25-4ee4-8a64-3d792d0eabfd,1773332134464,burnaby.gis,1773332134464,burnaby.gis,1770336000000,POINT (-123.0131449945 49.25181341)
3232,,THEFT OF AUTO,BURNABY,CURTIS ST : 6500 - 6649 Block,d74df6d2-4550-4f45-80ee-48f336ea2fb4,1773332134464,burnaby.gis,1773332134464,burnaby.gis,1770422400000,POINT (-122.9679498196 49.2752165631)
3233,,BREAK & ENTER-OTHER,BURNABY,NORTH FRASER WY : 7400 - 7699 Block,c2cd88b8-a2f9-4f74-96e8-baab8bb088de,1773332134464,burnaby.gis,1773332134464,burnaby.gis,1770336000000,POINT (-122.9906068167 49.191420137)
3234,,THEFT OF AUTO,BURNABY,BUCHANAN ST /HOLDOM AV,d8e5bbe9-ff89-4fb5-bbd3-3e4d87f1d874,1773332134464,burnaby.gis,1773332134464,burnaby.gis,1770422400000,POINT (-122.9811634453 49.267074044)
3235,,THEFT FROM AUTO,BURNABY,BRENTWOOD DR /DELTA AV,aa9928b7-c992-40b5-a2b1-74297efb80d5,1773332134464,burnaby.gis,1773332134464,burnaby.gis,1770508800000,POINT (-122.9922166388 49.2660633162)
3236,,THEFT FROM AUTO,BURNABY,GEORGIA ST : 4300 - 4399 Block,15991398-e0e2-4f7f-9061-5d8af09f74ec,1773332134464,burnaby.gis,1773332134464,burnaby.gis,1770508800000,POINT (-123.007317802 49.2783142143)
3237,,BREAK & ENTER-BUSINESS,BURNABY,SANDBORNE AV /SOUTHPOINT DR,d23b7f39-7ad3-4987-b5e7-1660a58c8b2a,1773332134464,burnaby.gis,1773332134464,burnaby.gis,1770595200000,POINT (-122.9601990664 49.2088379199)
3238,,THEFT FROM AUTO,BURNABY,AUGUSTA AV /EDNOR CR,05e1300b-ecb1-4438-906e-53124bf3c3e4,1773332134464,burnaby.gis,1773332134464,burnaby.gis,1770595200000,POINT (-122.9507268911 49.2725109857)
3239,,BREAK & ENTER-OTHER,BURNABY,BERESFORD ST /GRIFFITHS DR,bd974697-3cf1-4e7f-8014-26f0791e73ad,1773332134464,burnaby.gis,1773332134464,burnaby.gis,1770595200000,POINT (-122.9609796849 49.2167430998)
3240,,BREAK & ENTER-BUSINESS,BURNABY,EDMONDS ST : 7600 - 7699 Block,e655e461-1ee0-4bc7-8b73-3d3197cde8b3,1773332134464,burnaby.gis,1773332134464,burnaby.gis,1770681600000,POINT (-122.9420720844 49.2235067085)
3241,,THEFT FROM AUTO,BURNABY,JUNEAU ST /ROSSER AV,276b3502-a00c-4354-84de-d4e6d4365764,1773332134464,burnaby.gis,1773332134464,burnaby.gis,1770768000000,POINT (-123.0060133097 49.263539142)
3242,,THEFT FROM AUTO,BURNABY,BUCHANAN ST /ROSSER AV,81af9231-8f0e-4338-8d5f-84d6e14358bb,1773332134464,burnaby.gis,1773332134464,burnaby.gis,1770768000000,POINT (-123.0059891312 49.267447096)
3243,,THEFT FROM AUTO,BURNABY,LOUGHEED HY : 4100 - 4299 Block,7f1db0f6-5a1f-41f6-9b53-28afa0259382,1773332134464,burnaby.gis,1773332134464,burnaby.gis,1770768000000,POINT (-123.0115123977 49.2662867556)
3244,,THEFT FROM AUTO,BURNABY,SLOPES MS : 9100 - 9349 Block,ee46544a-b353-43c3-af31-9fda52a46a6b,1773332134464,burnaby.gis,1773332134464,burnaby.gis,1770854400000,POINT (-122.9074075148 49.2770037285)
3245,,THEFT FROM AUTO,BURNABY,KINGSWAY : 4800 - 4849 Block,462c22d7-22af-4141-a6e0-f22e645459ff,1773332134464,burnaby.gis,1773332134464,burnaby.gis,1770681600000,POINT (-122.995735521 49.2272131168)
3246,,THEFT FROM AUTO,BURNABY,18TH AV : 8200 - 8299 Block,c012c17c-2a5d-4b29-9a69-d6e8be067c10,1773332134464,burnaby.gis,1773332134464,burnaby.gis,1771113600000,POINT (-122.9258968902 49.2301583818)
3247,,BREAK & ENTER-BUSINESS,BURNABY,HASTINGS ST : 4000 - 4099 Block,9857a4e6-383c-440e-90b0-192d674e4a94,1773332134464,burnaby.gis,1773332134464,burnaby.gis,1771113600000,POINT (-123.015216256 49.2810584515)
3248,,THEFT FROM AUTO,BURNABY,LOUGHEED HY : 4800 - 4839 Block,04e37db1-3f52-4d05-9e7f-fccabb877eac,1773332134464,burnaby.gis,1773332134464,burnaby.gis,1771113600000,POINT (-122.9941948066 49.2656264652)
3249,,THEFT FROM AUTO,BURNABY,CLIFF AV : 400 - 799 Block,52c3a25a-f835-4576-b2a9-06ab8b9f98d5,1773332134464,burnaby.gis,1773332134464,burnaby.gis,1771200000000,POINT (-122.9589549115 49.2790058067)
3250,,THEFT FROM AUTO,BURNABY,BROADWAY : 5400 - 5699 Block,06cd634d-4da7-4da3-8cec-9a0813a6834b,1773332134464,burnaby.gis,1773332134464,burnaby.gis,1771286400000,POINT (-122.9831020606 49.2660603734)
3251,,THEFT FROM AUTO,BURNABY,HORNE ST /PENTLAND CT,7131004d-8ddd-42b6-8064-be7e81e871a4,1773332134464,burnaby.gis,1773332134464,burnaby.gis,1771459200000,POINT (-122.9047858707 49.249850665)
3252,,THEFT FROM AUTO,BURNABY,TELFORD AV : 6400 - 6699 Block,bf46fe8c-7835-409a-b072-56d0488e2c78,1773332134464,burnaby.gis,1773332134464,burnaby.gis,1771459200000,POINT (-123.0048211102 49.2238561222)
3253,,THEFT FROM AUTO,BURNABY,CRESTLAWN DR /PARKLAWN DR,42ac5d3d-e39e-4bf2-8df8-32e5684c9363,1773332134464,burnaby.gis,1773332134464,burnaby.gis,1771459200000,POINT (-122.9893163844 49.2726570291)
3254,,THEFT FROM AUTO,BURNABY,CARIBOO RD : 7640 - 7654 Block,a2fc0ae2-9592-447b-ba39-b9ca15143281,1773332134464,burnaby.gis,1773332134464,burnaby.gis,1771459200000,POINT (-122.9055165363 49.2365018998)
3255,,BREAK & ENTER-BUSINESS,BURNABY,TRAPP AV /EOR - END OF ROAD,3e62309c-b47b-4b08-9113-9df73caa6c7e,1773332134464,burnaby.gis,1773332134464,burnaby.gis,1771372800000,POINT (-122.9701544207 49.1910262387)
3256,,BREAK & ENTER-RESIDENCE,BURNABY,PANDORA ST /STRATFORD AV,e2ce5ea5-6e1c-418a-8a33-1f07590ae03a,1773332134464,burnaby.gis,1773332134464,burnaby.gis,1771545600000,POINT (-122.9767342008 49.282568068)
3257,,THEFT FROM AUTO,BURNABY,ESMOND AV N /YALE ST,e83286f6-7756-4735-986e-6311e9ac389d,1773332134464,burnaby.gis,1773332134464,burnaby.gis,1771545600000,POINT (-123.0208435095 49.2901691913)
3258,,BREAK & ENTER-RESIDENCE,BURNABY,NEVILLE ST /ROSLYN AV,400e3e5a-495d-4c38-849f-e1bad593a884,1773332134464,burnaby.gis,1773332134464,burnaby.gis,1771718400000,POINT (-122.9857484774 49.2139475253)
3259,,BREAK & ENTER-RESIDENCE,BURNABY,CHELSEA CT /EOR - END OF ROAD,2d22f436-ec29-407f-bc99-73dc2d91a63d,1773332134464,burnaby.gis,1773332134464,burnaby.gis,1771718400000,POINT (-122.9433938651 49.2497241249)
3260,,THEFT FROM AUTO,BURNABY,BETA AV /UNION ST,5f478cd8-51c6-4577-888d-be8a7854b4cc,1773332134464,burnaby.gis,1773332134464,burnaby.gis,1771718400000,POINT (-122.9975064402 49.2773553193)
3261,,THEFT FROM AUTO,BURNABY,DELLAWN DR /SPRINGER AV,efe21fbe-a60e-4975-ac06-ea7cf15a1f43,1773332134464,burnaby.gis,1773332134464,burnaby.gis,1771718400000,POINT (-122.9879076103 49.2695958676)
3262,,THEFT FROM AUTO,BURNABY,GRAFTON ST /PIONEER AV,1c1f2a95-5ed6-4032-b057-c444855a7363,1773332134464,burnaby.gis,1773332134464,burnaby.gis,1771632000000,POINT (-123.0019822186 49.23214349)
3263,,THEFT FROM AUTO,BURNABY,DUNDAS ST /HOLDOM AV N,1bcb4b6d-9ed7-4848-8e2f-d09a7b8bdfba,1773332134464,burnaby.gis,1773332134464,burnaby.gis,1771718400000,POINT (-122.9808198515 49.2843404063)
3264,,BREAK & ENTER-RESIDENCE,BURNABY,GOVERNMENT RD /VANSON AV,da18c29d-ff61-4121-867f-7e02ece0d648,1773332134464,burnaby.gis,1773332134464,burnaby.gis,1771632000000,POINT (-122.9317531137 49.2508781977)
3265,,THEFT FROM AUTO,BURNABY,RIDGE DR /EOR - END OF ROAD,772d6b24-ddd0-45c3-afb3-ea3bc922dd4a,1773332134464,burnaby.gis,1773332134464,burnaby.gis,1771891200000,POINT (-122.9486203273 49.2866099152)
3266,,THEFT FROM AUTO,BURNABY,FOREST GROVE DR : 8700 - 8799 Block,62ce9fa6-39b1-4f59-8bb8-40e97ce8a28c,1773332134464,burnaby.gis,1773332134464,burnaby.gis,1771891200000,POINT (-122.9110832879 49.2636574719)
3267,,THEFT FROM AUTO,BURNABY,CURTIS ST : 7480 - 7529 Block,10277d75-da64-4f8c-8695-527657fe302e,1773332134464,burnaby.gis,1773332134464,burnaby.gis,1771977600000,POINT (-122.945563479 49.2752109043)
3268,,THEFT FROM AUTO,BURNABY,NORLAND AV /SPROTT ST,3da241c4-8082-43e3-b3f5-950ae1e2c215,1773332134464,burnaby.gis,1773332134464,burnaby.gis,1771977600000,POINT (-122.9708259658 49.2499427775)
3269,,THEFT FROM AUTO,BURNABY,WILLINGDON AV : 6500 - 6799 Block,96429bde-2160-4526-bfb2-67c4f40cfe9b,1773332134464,burnaby.gis,1773332134464,burnaby.gis,1771891200000,POINT (-123.010872448 49.223095983)
3270,,THEFT OF AUTO,BURNABY,WINSTON ST : 7200 - 7399 Block,3a5f959e-345b-464f-8352-8c903efc1bef,1773332134464,burnaby.gis,1773332134464,burnaby.gis,1772064000000,POINT (-122.9526344913 49.2499906743)
3271,,THEFT FROM AUTO,BURNABY,AUBREY ST /AYSHIRE DR,626b6b1c-9f0b-476f-900b-94367b0c4bcb,1773332134464,burnaby.gis,1773332134464,burnaby.gis,1771977600000,POINT (-122.9429456017 49.2733748008)
3272,,THEFT FROM AUTO,BURNABY,LOUGHEED HY /ROSSER AV,9dd5dbb4-525c-42a1-a61a-5dcf369dd585,1773332134464,burnaby.gis,1773332134464,burnaby.gis,1772064000000,POINT (-123.0059963246 49.2664946535)
3273,,THEFT FROM AUTO,BURNABY,15TH AV /WRIGHT ST,22bc949e-046f-4168-8dce-51c2ed864498,1773332134464,burnaby.gis,1773332134464,burnaby.gis,1772236800000,POINT (-122.9196072769 49.2297574999)
3274,,THEFT FROM AUTO,BURNABY,PATTERSON AV : 4800 - 4859 Block,a664a64d-aa27-42f3-8c61-a85ac392e0ce,1773332134464,burnaby.gis,1773332134464,burnaby.gis,1772236800000,POINT (-123.0134910108 49.2408563685)
3275,,THEFT FROM AUTO,BURNABY,EDMONDS ST /KINGSWAY,10aa41a9-f700-4762-b3cb-aee430949821,1773332134464,burnaby.gis,1773332134464,burnaby.gis,1769904000000,POINT (-122.9516462542 49.2183357976)
3276,,THEFT FROM AUTO,BURNABY,14TH AV /MARY AV,cf6d841f-cfa2-48a2-8d2a-fa72683276c6,1773332134464,burnaby.gis,1773332134464,burnaby.gis,1769990400000,POINT (-122.9401148244 49.2179776029)
3277,,THEFT FROM AUTO,BURNABY,18TH ST : 7600 - 7799 Block,dc22b797-d4a9-49bb-b02b-39573222a6a6,1773332134464,burnaby.gis,1773332134464,burnaby.gis,1769990400000,POINT (-122.9508696165 49.2100018212)
3278,,THEFT FROM AUTO,BURNABY,DAWSON ST : 4100 - 4169 Block,959a3b39-6a7a-4584-95aa-41b8715758cc,1773332134464,burnaby.gis,1773332134464,burnaby.gis,1770076800000,POINT (-123.0133181263 49.2644790521)
3279,,BREAK & ENTER-OTHER,BURNABY,LINWOOD ST /SMITH AV,8f5fdfea-ea9a-4c2e-812e-2a6ac3b8fc10,1773332134464,burnaby.gis,1773332134464,burnaby.gis,1770076800000,POINT (-123.0197680368 49.2532963782)
3280,,BREAK & ENTER-RESIDENCE,BURNABY,CURLE AV : 4000 - 4999 Block,9d4e949a-5e6f-4f75-a878-8ac0ea1c229f,1773332134464,burnaby.gis,1773332134464,burnaby.gis,1770163200000,POINT (-123.0143655728 49.2518178349)
3281,,THEFT FROM AUTO,BURNABY,MACPHERSON AV : 7100 - 7499 Block,bbf61b16-ed47-4086-b28a-2322a65c8bcb,1773332134464,burnaby.gis,1773332134464,burnaby.gis,1770336000000,POINT (-122.9828301013 49.2171923498)
3282,,BREAK & ENTER-BUSINESS,BURNABY,HASTINGS ST : 6100 - 6299 Block,5973f81f-ba6c-4107-96ab-58cef04ae3d1,1773332134464,burnaby.gis,1773332134464,burnaby.gis,1770422400000,POINT (-122.9745220373 49.280341842)
3283,,BREAK & ENTER-RESIDENCE,BURNABY,CHERRYWOOD CR /PATTERSON AV,66daa163-b008-4590-8f44-68b183fec34f,1773332134464,burnaby.gis,1773332134464,burnaby.gis,1770336000000,POINT (-123.013497932 49.23790931)
3284,,THEFT FROM AUTO,BURNABY,STILL CREEK DR : 4500 - 4599 Block,0561cbc7-dde6-473b-954c-dda6c23f2e13,1773332134464,burnaby.gis,1773332134464,burnaby.gis,1770422400000,POINT (-123.0027676048 49.2618225811)
3285,,THEFT FROM AUTO,BURNABY,SELMA AV : 6000 - 6399 Block,52d1b725-bf0d-40e1-b441-6981ce4fc89b,1773332134464,burnaby.gis,1773332134464,burnaby.gis,1770422400000,POINT (-122.9857356701 49.2278789762)
3286,,THEFT FROM AUTO,BURNABY,DUTHIE AV : 200 - 299 Block,51bc0c3c-3078-49f9-9614-3cb5da0a60f7,1773332134464,burnaby.gis,1773332134464,burnaby.gis,1770508800000,POINT (-122.9533804696 49.2819141167)
3287,,THEFT FROM AUTO,BURNABY,SOUTHWYNDE AV : 7380 - 7499 Block,e0805a5e-f30c-4a50-a4b2-f0f0cc792747,1773332134464,burnaby.gis,1773332134464,burnaby.gis,1770595200000,POINT (-122.9651999483 49.2076477299)
3288,,BREAK & ENTER-RESIDENCE,BURNABY,HUMPHRIES CT : 7540 - 7549 Block,ef8b1329-0fa6-4eac-9f92-2ab01eeb962b,1773332134464,burnaby.gis,1773332134464,burnaby.gis,1770595200000,POINT (-122.9422543783 49.2182212924)
3289,,BREAK & ENTER-RESIDENCE,BURNABY,CANADA WY : 6930 - 6983 Block,e3bdf6a9-3353-4ab5-9469-ed9bc063ec78,1773332134464,burnaby.gis,1773332134464,burnaby.gis,1770681600000,POINT (-122.9436366168 49.2261975406)
3290,,THEFT FROM AUTO,BURNABY,INMAN AV : 5500 - 5699 Block,1223dac0-4f95-4359-8506-88a017841066,1773332134464,burnaby.gis,1773332134464,burnaby.gis,1770681600000,POINT (-123.0158506806 49.2338082262)
3291,,BREAK & ENTER-RESIDENCE,BURNABY,MCKEE ST : 5600 - 5799 Block,d5008409-4d02-4af9-9683-dd8105736a24,1773332134464,burnaby.gis,1773332134464,burnaby.gis,1770854400000,POINT (-122.9812819885 49.2111969346)
3292,,THEFT FROM AUTO,BURNABY,CALVIN CT : 500 - 699 Block,63b98acd-6984-46ad-9070-d05e14e3311b,1773332134464,burnaby.gis,1773332134464,burnaby.gis,1771200000000,POINT (-122.957484129 49.2784038723)
3293,,THEFT OF AUTO,BURNABY,GRANT ST : 4000 - 4009 Block,0664deff-592e-4395-a155-41e7546c4ef3,1773332134464,burnaby.gis,1773332134464,burnaby.gis,1771286400000,POINT (-123.0158424494 49.2711764946)
3294,,THEFT FROM AUTO,BURNABY,REGENT ST : 5200 - 5499 Block,c9073254-c9e8-4fd6-b5c5-d20cf0469629,1773332134464,burnaby.gis,1773332134464,burnaby.gis,1771372800000,POINT (-122.9860091478 49.2583800713)
3295,,BREAK & ENTER-RESIDENCE,BURNABY,FELL AV : 200 - 399 Block,f471012e-3424-4c56-98fc-a20e87b7fde4,1773332134464,burnaby.gis,1773332134464,burnaby.gis,1771372800000,POINT (-122.9755324891 49.2814533312)
3296,,BREAK & ENTER-BUSINESS,BURNABY,CARDSTON CT : 9300 - 9499 Block,23a81d14-c88e-4b5b-b64d-e8532be88c9b,1773332134464,burnaby.gis,1773332134464,burnaby.gis,1771372800000,POINT (-122.9004138405 49.2480967471)
3297,,BREAK & ENTER-BUSINESS,BURNABY,HALSTON CT /WILTSHIRE PL,736f1755-a635-495e-a1bc-880688fe0c3e,1773332134464,burnaby.gis,1773332134464,burnaby.gis,1771459200000,POINT (-122.9051252548 49.2481131892)
3298,,THEFT FROM AUTO,BURNABY,KINGSWAY : 4800 - 4849 Block,b25576fc-8a86-4a7c-b95e-4896bbd7e563,1773332134464,burnaby.gis,1773332134464,burnaby.gis,1771459200000,POINT (-122.995735521 49.2272131168)
3299,,BREAK & ENTER-BUSINESS,BURNABY,LYNDHURST ST /NORTH RD,70bec33b-1f8f-4c64-bf93-45c918af269a,1773332134464,burnaby.gis,1773332134464,burnaby.gis,1771459200000,POINT (-122.8931263107 49.2588409799)
3300,,THEFT FROM AUTO,BURNABY,BURKE ST /ELSOM AV,91f0f40c-f4c9-4053-9323-977424fa39ef,1773332134464,burnaby.gis,1773332134464,burnaby.gis,1771632000000,POINT (-123.0011981469 49.2370177917)
3301,,BREAK & ENTER-OTHER,BURNABY,KINGSWAY /MCKAY AV,287cf03b-257b-4ae5-b7a0-3472776d78ea,1773332134464,burnaby.gis,1773332134464,burnaby.gis,1771632000000,POINT (-123.0027710686 49.2295266554)
3302,,THEFT FROM AUTO,BURNABY,ADAIR ST /CLIFF AV,82142f0f-42f3-429a-b9df-9629bc4353d7,1773332134464,burnaby.gis,1773332134464,burnaby.gis,1771632000000,POINT (-122.9591045017 49.2643563038)
3303,,THEFT FROM AUTO,BURNABY,HALIFAX ST /ROSSER AV,4e8891ed-ff81-45e0-9c18-452b3545aae2,1773332134464,burnaby.gis,1773332134464,burnaby.gis,1771632000000,POINT (-123.0059871245 49.2680497358)
3304,,BREAK & ENTER-RESIDENCE,BURNABY,COLLEEN ST : 7400 - 7439 Block,e18da26e-88b6-4275-b04a-bf8f36efff0e,1773332134464,burnaby.gis,1773332134464,burnaby.gis,1771718400000,POINT (-122.9481254689 49.251928079)
3305,,THEFT FROM AUTO,BURNABY,LAKEFIELD DR : 7900 - 8199 Block,e3c8237f-ef62-477a-a5ad-dfe03a194bdc,1773332134464,burnaby.gis,1773332134464,burnaby.gis,1771718400000,POINT (-122.9441779998 49.2364550761)
3306,,THEFT OF AUTO,BURNABY,MAITLAND ST /MCMURRAY AV,b744a91a-9933-432f-a11b-daaa78ad46c4,1773332134464,burnaby.gis,1773332134464,burnaby.gis,1771718400000,POINT (-122.9963945124 49.2309101735)
3307,,THEFT FROM AUTO,BURNABY,DUTHIE AV : 1990 - 2079 Block,2751c2bd-16f6-4656-82a1-92c2f8da3c8f,1773332134464,burnaby.gis,1773332134464,burnaby.gis,1771804800000,POINT (-122.953379266 49.2657832644)
3308,,BREAK & ENTER-BUSINESS,BURNABY,DAWSON ST : 4700 - 4819 Block,bfb75442-d4e9-4f72-af2a-0d12ba3fd713,1773332134464,burnaby.gis,1773332134464,burnaby.gis,1771804800000,POINT (-122.9962995144 49.2642840901)
3309,,BREAK & ENTER-BUSINESS,BURNABY,BETA AV /DAWSON ST,38e77652-99a9-472c-b0ea-513f9fd3dac5,1773332134464,burnaby.gis,1773332134464,burnaby.gis,1771891200000,POINT (-122.99762739 49.2644646569)
3310,,THEFT FROM AUTO,BURNABY,NITHSDALE ST : 3700 - 3799 Block,50f1307e-c44c-4776-adbf-92c22a0c7968,1773332134464,burnaby.gis,1773332134464,burnaby.gis,1771977600000,POINT (-123.0216495933 49.2515168627)
3311,,THEFT FROM AUTO,BURNABY,KINGSWAY : 4310 - 4429 Block,8c333221-5b7a-4a77-974c-ffcdae93b60d,1773332134464,burnaby.gis,1773332134464,burnaby.gis,1772236800000,POINT (-123.0070570437 49.2309327117)
3312,,THEFT OF AUTO,BURNABY,LYNNDALE CR /WESTON CT,5ee0e8e8-d545-4be0-90b6-0b2ef9d66a7f,1773332134464,burnaby.gis,1773332134464,burnaby.gis,1772150400000,POINT (-122.951614226 49.2506442988)
3313,,BREAK & ENTER-BUSINESS,BURNABY,IMPERIAL ST : 5050 - 5092 Block,da9dcd53-d6ab-406a-940e-f38eefaad294,1776186921019,burnaby.gis,1776186921019,burnaby.gis,1772409600000,POINT (-122.9911000854 49.2219429105)
3314,,THEFT FROM AUTO,BURNABY,NELSON AV : 6830 - 7199 Block,3ecf3670-a483-464f-ac6c-f0d778e59d05,1776186921019,burnaby.gis,1776186921019,burnaby.gis,1772409600000,POINT (-122.9941012545 49.2199877569)
3315,,BREAK & ENTER-OTHER,BURNABY,GILMORE AV : 1300 - 1399 Block,6b021110-7059-4fc2-8cd8-e110582aef25,1776186921019,burnaby.gis,1776186921019,burnaby.gis,1772409600000,POINT (-123.0142538179 49.2725209728)
3316,,BREAK & ENTER-BUSINESS,BURNABY,BOUNDARY RD /PENDER ST,2175c8f4-8a8f-4054-a842-e08caa2c68ef,1776186921019,burnaby.gis,1776186921019,burnaby.gis,1772496000000,POINT (-123.0233822712 49.2802393043)
3317,,THEFT FROM AUTO,BURNABY,KINGSWAY /WILSON AV,fb1171bd-967f-4582-b24e-c8691ac982fb,1776186921019,burnaby.gis,1776186921019,burnaby.gis,1772496000000,POINT (-123.0078067228 49.2311790833)
3318,,BREAK & ENTER-RESIDENCE,BURNABY,17TH AV /GRIFFITHS DR,7d9f7118-c52b-4c8f-ac61-07943a951200,1776186921019,burnaby.gis,1776186921019,burnaby.gis,1772496000000,POINT (-122.9569451081 49.2124399614)
3319,,THEFT FROM AUTO,BURNABY,BARKER AV /BOND ST,d872b90e-6c0e-46ca-8a71-43753863a47a,1776186921019,burnaby.gis,1776186921019,burnaby.gis,1772668800000,POINT (-123.01109156 49.2354884202)
3320,,THEFT FROM AUTO,BURNABY,DOMINION ST /SUMNER AV,5af5f75a-590e-4dca-bbc0-15e460c0e7c1,1776186921019,burnaby.gis,1776186921019,burnaby.gis,1772668800000,POINT (-123.0082886172 49.2562942612)
3321,,BREAK & ENTER-BUSINESS,BURNABY,EVERGREEN PL :  -  Block,5b63cf88-ca0c-4bdb-8646-327b5305b8a0,1776186921019,burnaby.gis,1776186921019,burnaby.gis,1772841600000,POINT (-122.8934055902 49.2498620332)
3322,,THEFT FROM AUTO,BURNABY,CAPISTRANO DR : 7300 - 7399 Block,19a7043b-2fb9-47bc-97b2-f457f25782d3,1776186921019,burnaby.gis,1776186921019,burnaby.gis,1772841600000,POINT (-122.9488446247 49.2662647621)
3323,,BREAK & ENTER-BUSINESS,BURNABY,CONWAY AV : 7400 - 7599 Block,c55dc681-c697-4d1e-b1e0-48182b1f65d4,1776186921019,burnaby.gis,1776186921019,burnaby.gis,1772841600000,POINT (-122.9686204688 49.2160124901)
3324,,BREAK & ENTER-OTHER,BURNABY,LOUGHEED HY /SPRINGER AV,38cff506-4f9b-4b88-adb4-2606502c7e23,1776186921019,burnaby.gis,1776186921019,burnaby.gis,1772755200000,POINT (-122.987003295 49.2650440323)
3325,,THEFT FROM AUTO,BURNABY,KINGSWAY /SUSSEX AV,95da8fa5-264a-4e63-ab99-8877b2bcb0e4,1776186921019,burnaby.gis,1776186921019,burnaby.gis,1772841600000,POINT (-122.9993183432 49.2283922605)
3326,,THEFT FROM AUTO,BURNABY,PENDER ST : 3800 - 3899 Block,57cb32bb-3b85-44a5-b2a1-d1873ebd29a3,1776186921019,burnaby.gis,1776186921019,burnaby.gis,1772928000000,POINT (-123.0198277398 49.280213988)
3327,,BREAK & ENTER-BUSINESS,BURNABY,ANTRIM AV : 7120 - 7399 Block,5453f2a5-b5c6-4612-9ff3-ce1f54e2c4b8,1776186921019,burnaby.gis,1776186921019,burnaby.gis,1772928000000,POINT (-122.9850024668 49.2177611549)
3328,,BREAK & ENTER-BUSINESS,BURNABY,EVERGREEN PL :  -  Block,52f4f4fa-8908-49ef-8b50-a96bd30815ad,1776186921019,burnaby.gis,1776186921019,burnaby.gis,1772841600000,POINT (-122.8934055902 49.2498620332)
3329,,THEFT FROM AUTO,BURNABY,KINGSWAY /SUSSEX AV,9b11fd63-bc17-4764-8d20-8a0f4a2ad1e0,1776186921019,burnaby.gis,1776186921019,burnaby.gis,1773014400000,POINT (-122.9993183432 49.2283922605)
3330,,BREAK & ENTER-RESIDENCE,BURNABY,BRYANT ST /DUFFERIN AV,d996b806-44f2-476f-840d-d078cf9f98cc,1776186921019,burnaby.gis,1776186921019,burnaby.gis,1772582400000,POINT (-122.9807817344 49.224944732)
3331,,BREAK & ENTER-BUSINESS,BURNABY,MACPHERSON AV : 7100 - 7499 Block,af0504d5-c9f1-42e3-84fc-574f1804cdac,1776186921019,burnaby.gis,1776186921019,burnaby.gis,1773014400000,POINT (-122.9828301013 49.2171923498)
3332,,BREAK & ENTER-OTHER,BURNABY,OAKGLEN DR : 5500 - 5699 Block,68364c98-5f74-4cca-b600-422e7e40d420,1776186921019,burnaby.gis,1776186921019,burnaby.gis,1773100800000,POINT (-122.9901707077 49.2333832069)
3333,,THEFT FROM AUTO,BURNABY,18TH AV : 7200 - 7299 Block,d4b5573e-77e8-4326-bfcc-5aebda0a4c1a,1776186921019,burnaby.gis,1776186921019,burnaby.gis,1773273600000,POINT (-122.9510767899 49.2170158109)
3334,,BREAK & ENTER-OTHER,BURNABY,KINGSWAY /MILLER AV,a6f7f9a5-4f41-465a-a224-23cc5858a762,1776186921019,burnaby.gis,1776186921019,burnaby.gis,1773273600000,POINT (-122.9950884609 49.2270023804)
3335,,BREAK & ENTER-BUSINESS,BURNABY,ROYAL OAK AV : 6800 - 6967 Block,3bd7dba6-f272-4d5f-957c-86e0060fa1cc,1776186921019,burnaby.gis,1776186921019,burnaby.gis,1773360000000,POINT (-122.9886687111 49.2209309607)
3336,,BREAK & ENTER-RESIDENCE,BURNABY,PARK CR : 7728 - 7769 Block,cd5b259c-34cb-4efc-9065-66672228b108,1776186921019,burnaby.gis,1776186921019,burnaby.gis,1773360000000,POINT (-122.9489031395 49.2098801082)
3337,,THEFT OF AUTO,BURNABY,BROADWAY : 7112 - 7199 Block,b8cc183e-c066-4dbe-bd03-7a4c2611d397,1776186921019,burnaby.gis,1776186921019,burnaby.gis,1773360000000,POINT (-122.9546903229 49.2611475544)
3338,,THEFT FROM AUTO,BURNABY,MACDONALD AV : 2000 - 4099 Block,8a11c734-88f7-4a8e-a639-465cbb40c4b9,1776186921019,burnaby.gis,1776186921019,burnaby.gis,1773360000000,POINT (-123.0152592458 49.2483109398)
3339,,BREAK & ENTER-OTHER,BURNABY,MATHISSI PL : 4200 - 4299 Block,109aba02-5bf2-4f3b-90bd-97c7ff502475,1776186921019,burnaby.gis,1776186921019,burnaby.gis,1773446400000,POINT (-123.0055693563 49.2464871305)
3340,,THEFT FROM AUTO,BURNABY,KINGSWAY /WILSON AV,fdde8879-cc2e-4a52-ad76-ca3fc883b982,1776186921019,burnaby.gis,1776186921019,burnaby.gis,1773446400000,POINT (-123.0078067228 49.2311790833)
3341,,THEFT FROM AUTO,BURNABY,MCKEE ST /ROYAL OAK AV,bcd68550-fba4-4686-84bd-a7e341355a4d,1776186921019,burnaby.gis,1776186921019,burnaby.gis,1773705600000,POINT (-122.9884738857 49.2112134704)
3342,,THEFT OF AUTO,BURNABY,GILMORE AV /VENABLES ST,7f032494-6b6c-4880-943d-ebcc4be629cd,1776186921019,burnaby.gis,1776186921019,burnaby.gis,1773705600000,POINT (-123.0142377038 49.2765581884)
3343,,BREAK & ENTER-BUSINESS,BURNABY,BERESFORD ST /ROYAL OAK AV,6558bba2-871d-4f99-a7a4-73893bec76ec,1776186921019,burnaby.gis,1776186921019,burnaby.gis,1773619200000,POINT (-122.9885594775 49.2199237483)
3344,,BREAK & ENTER-OTHER,BURNABY,SPRINGER AV N : 200 - 499 Block,f9ecdc9b-0848-4b4c-878c-da6564d7c1ae,1776186921019,burnaby.gis,1776186921019,burnaby.gis,1773964800000,POINT (-122.9875659339 49.2877740694)
3345,,BREAK & ENTER-BUSINESS,BURNABY,KINGSWAY : 5200 - 5459 Block,f27bf56a-0d78-4647-93bb-62e0f6465494,1776186921019,burnaby.gis,1776186921019,burnaby.gis,1773964800000,POINT (-122.986718588 49.2242648804)
3346,,THEFT FROM AUTO,BURNABY,MARLBOROUGH AV /SANDERS ST,365bab6d-d2e2-4821-8da4-208839daa7bb,1776186921019,burnaby.gis,1776186921019,burnaby.gis,1773964800000,POINT (-122.9915708262 49.2279238745)
3347,,BREAK & ENTER-RESIDENCE,BURNABY,KENSINGTON AV /UNION ST,b3d6f594-eae6-440e-824b-1d88e7ec2787,1776186921019,burnaby.gis,1776186921019,burnaby.gis,1774051200000,POINT (-122.9700552352 49.2778005309)
3348,,BREAK & ENTER-OTHER,BURNABY,DOUGLAS RD /SPRINGER AV,9fb0e720-a510-412f-914a-c9835aac76f2,1776186921019,burnaby.gis,1776186921019,burnaby.gis,1774051200000,POINT (-122.9883384375 49.26327735)
3349,,THEFT FROM AUTO,BURNABY,SKYLINE DR : 4450 - 4499 Block,179ab075-4539-4982-a343-2942440294bf,1776186921019,burnaby.gis,1776186921019,burnaby.gis,1774224000000,POINT (-123.0039138467 49.2655485636)
3350,,THEFT FROM AUTO,BURNABY,GAGLARDI WY /UNIVERSITY DR,9468c2ba-3800-479f-9756-300c567112f4,1776186921019,burnaby.gis,1776186921019,burnaby.gis,1774224000000,POINT (-122.9200489102 49.2801262728)
3351,,BREAK & ENTER-BUSINESS,BURNABY,BRIGHTON AV /GOVERNMENT RD,b2dc31a4-b9b1-4ef1-927c-f87202545cb4,1776186921019,burnaby.gis,1776186921019,burnaby.gis,1774224000000,POINT (-122.9189853385 49.2508112569)
3352,,THEFT FROM AUTO,BURNABY,HEDLEY AV /PRENTER ST,5e940437-e659-447c-b71e-d1991ffa456b,1776186921019,burnaby.gis,1776186921019,burnaby.gis,1774310400000,POINT (-122.9673265198 49.21507065)
3353,,THEFT FROM AUTO,BURNABY,PIPER AV /WINSTON ST,80bc34ee-b2d7-44be-bbb2-7b569d996808,1776186921019,burnaby.gis,1776186921019,burnaby.gis,1774310400000,POINT (-122.9353633032 49.2482473006)
3354,,THEFT FROM AUTO,BURNABY,18TH AV /6TH ST,0b57cb32-b1a1-465e-8db5-a9b8623749e6,1776186921019,burnaby.gis,1776186921019,burnaby.gis,1774224000000,POINT (-122.9353560837 49.22510886)
3355,,BREAK & ENTER-RESIDENCE,BURNABY,ELSOM AV /GRAFTON ST,2f550505-2be8-4344-a0d1-ca3e37903cfc,1776186921019,burnaby.gis,1776186921019,burnaby.gis,1774656000000,POINT (-123.0008212834 49.2321462421)
3356,,THEFT FROM AUTO,BURNABY,PATTERSON AV /WINNIFRED ST,5fe7416f-d2c0-4c3a-b8b8-291a64e6b90c,1776186921019,burnaby.gis,1776186921019,burnaby.gis,1774828800000,POINT (-123.0124121451 49.2113067085)
3357,,THEFT FROM AUTO,BURNABY,KINGSWAY /SUSSEX AV,c2020fe9-621e-4c8e-8c5a-11b5b58a3118,1776186921019,burnaby.gis,1776186921019,burnaby.gis,1772323200000,POINT (-122.9993183432 49.2283922605)
3358,,THEFT FROM AUTO,BURNABY,KINGSWAY : 4800 - 4849 Block,b3439667-0d14-4e90-a46e-66f5e8f6f3d2,1776186921019,burnaby.gis,1776186921019,burnaby.gis,1772323200000,POINT (-122.995735521 49.2272131168)
3359,,THEFT FROM AUTO,BURNABY,PETER ST : 3700 - 3799 Block,dc1175a1-bc3e-4731-ae79-734d72c0e02f,1776186921019,burnaby.gis,1776186921019,burnaby.gis,1772323200000,POINT (-123.0222773848 49.2192601333)
3360,,BREAK & ENTER-BUSINESS,BURNABY,CHAFFEY AV : 5550 - 5699 Block,24961ab5-bfb9-4bc5-a5a7-58de768ba015,1776186921019,burnaby.gis,1776186921019,burnaby.gis,1772496000000,POINT (-123.0074511545 49.2333778645)
3361,,BREAK & ENTER-BUSINESS,BURNABY,COLBORNE AV /KINGSWAY,f9209d15-7957-4cc9-982b-8138ac53e119,1776186921019,burnaby.gis,1776186921019,burnaby.gis,1772582400000,POINT (-122.9708100335 49.2196392396)
3362,,THEFT FROM AUTO,BURNABY,CARLETON AV /PENDER ST,39953836-da2e-4821-b9d8-070680ed0ab6,1776186921019,burnaby.gis,1776186921019,burnaby.gis,1772582400000,POINT (-123.0114322442 49.2801530099)
3363,,THEFT FROM AUTO,BURNABY,SILVER AV : 6300 - 6599 Block,4f8c6ae9-fdb6-46f2-83bb-478afa1cd0c2,1776186921019,burnaby.gis,1776186921019,burnaby.gis,1772668800000,POINT (-123.0065973802 49.2246702316)
3364,,THEFT FROM AUTO,BURNABY,DOMINION ST /SUMNER AV,f33e8525-fe4c-4d55-989a-b594ae197a75,1776186921019,burnaby.gis,1776186921019,burnaby.gis,1772668800000,POINT (-123.0082886172 49.2562942612)
3365,,BREAK & ENTER-OTHER,BURNABY,DOUGLAS RD /SPRINGER AV,8ac8b9f8-9e80-4fd3-98ec-96bf48f4bacb,1776186921019,burnaby.gis,1776186921019,burnaby.gis,1772755200000,POINT (-122.9883384375 49.26327735)
3366,,BREAK & ENTER-BUSINESS,BURNABY,HASTINGS ST : 7000 - 7039 Block,b752e0c5-9110-4111-bd38-b3246a451004,1776186921019,burnaby.gis,1776186921019,burnaby.gis,1772841600000,POINT (-122.9579898304 49.2803598015)
3367,,BREAK & ENTER-BUSINESS,BURNABY,HORNE ST /PENTLAND CT,323b0fbf-3b8f-475b-bc9c-0ee2ff94ae20,1776186921019,burnaby.gis,1776186921019,burnaby.gis,1772755200000,POINT (-122.9047858707 49.249850665)
3368,,THEFT FROM AUTO,BURNABY,ESMOND AV /WILLIAM ST,3bb7077e-b148-4cbb-aace-c31bc232ce7e,1776186921019,burnaby.gis,1776186921019,burnaby.gis,1773014400000,POINT (-123.0210445794 49.2739050357)
3369,,THEFT FROM AUTO,BURNABY,BOUNDARY RD /PENDER ST,041b976a-17d8-4c62-a50a-039faa59e48c,1776186921019,burnaby.gis,1776186921019,burnaby.gis,1773100800000,POINT (-123.0233822712 49.2802393043)
3370,,BREAK & ENTER-BUSINESS,BURNABY,6TH ST : 7550 - 7599 Block,b71fe2a0-927f-4568-af51-4af7d61ff6e1,1776186921019,burnaby.gis,1776186921019,burnaby.gis,1773187200000,POINT (-122.9325208997 49.2228533144)
3371,,BREAK & ENTER-BUSINESS,BURNABY,EDMONDS ST : 7500 - 7599 Block,dac930d3-287e-4d68-a541-57bf558440e2,1776186921019,burnaby.gis,1776186921019,burnaby.gis,1773187200000,POINT (-122.9440879275 49.2224333285)
3372,,BREAK & ENTER-BUSINESS,BURNABY,CAMERON ST /NOEL DR,6cc0430a-6fbf-4aca-9755-28662e71737f,1776186921019,burnaby.gis,1776186921019,burnaby.gis,1773187200000,POINT (-122.9045883431 49.2534764438)
3373,,BREAK & ENTER-RESIDENCE,BURNABY,DELTA AV /SOUTHLAWN DR,2dee2287-3544-435d-944e-37cc9ecf3cd4,1776186921019,burnaby.gis,1776186921019,burnaby.gis,1773273600000,POINT (-122.9921850285 49.2701016387)
3374,,BREAK & ENTER-OTHER,BURNABY,PIONEER AV : 5800 - 5899 Block,2bb20738-eb3d-408b-849d-d0b6603ca2fd,1776186921019,burnaby.gis,1776186921019,burnaby.gis,1773187200000,POINT (-123.001982211 49.23160262)
3375,,THEFT FROM AUTO,BURNABY,KINGSWAY /SUSSEX AV,aae04a33-d951-46e6-b8f6-a191b549ac87,1776186921019,burnaby.gis,1776186921019,burnaby.gis,1773446400000,POINT (-122.9993183432 49.2283922605)
3376,,BREAK & ENTER-OTHER,BURNABY,FRANCES ST : 4100 - 4199 Block,ff7f85c5-bdf5-40af-9cc5-0b5504a8c0f9,1776186921019,burnaby.gis,1776186921019,burnaby.gis,1773446400000,POINT (-123.012829114 49.2792612573)
3377,,THEFT FROM AUTO,BURNABY,LOUGHEED HY : 4400 - 4499 Block,a6788c6f-2c5a-49b3-9c92-87547283a71c,1776186921019,burnaby.gis,1776186921019,burnaby.gis,1773446400000,POINT (-123.0046151515 49.2664589238)
3378,,THEFT OF AUTO,BURNABY,DOMINION ST /SUMNER AV,957a9fbf-4ce1-4ebb-a68f-fa46dae2b553,1776186921019,burnaby.gis,1776186921019,burnaby.gis,1773532800000,POINT (-123.0082886172 49.2562942612)
3379,,THEFT FROM AUTO,BURNABY,VICTORY ST : 5260 - 5499 Block,58d07ba6-97fc-4f85-94f4-dba9297ff259,1776186921019,burnaby.gis,1776186921019,burnaby.gis,1773532800000,POINT (-122.9863113043 49.2185038694)
3380,,THEFT FROM AUTO,BURNABY,MISSION AV /SOUTHPOINT DR,084dea10-65f4-43aa-b77d-5d5f5d823675,1776186921019,burnaby.gis,1776186921019,burnaby.gis,1773532800000,POINT (-122.9617726371 49.2079676175)
3381,,THEFT FROM AUTO,BURNABY,KINGSWAY : 4800 - 4849 Block,849e5db3-594a-44c3-b014-d9f63addd25d,1776186921019,burnaby.gis,1776186921019,burnaby.gis,1773532800000,POINT (-122.995735521 49.2272131168)
3382,,THEFT FROM AUTO,BURNABY,ARMSTRONG AV : 8600 - 8675 Block,9b08ea0e-f85a-4933-a1f3-a195e3afd44a,1776186921019,burnaby.gis,1776186921019,burnaby.gis,1773705600000,POINT (-122.9105704462 49.2321765469)
3383,,BREAK & ENTER-RESIDENCE,BURNABY,COLLEEN ST : 7400 - 7439 Block,ee220367-3f45-4fb9-82d2-ddd97786b57c,1776186921019,burnaby.gis,1776186921019,burnaby.gis,1773792000000,POINT (-122.9481254689 49.251928079)
3384,,BREAK & ENTER-BUSINESS,BURNABY,MANCHESTER DR : 9600 - 9899 Block,4ab9748b-3cbf-4f8d-8f57-8846c88cf0ac,1776186921019,burnaby.gis,1776186921019,burnaby.gis,1773792000000,POINT (-122.8976381242 49.2467453127)
3385,,BREAK & ENTER-BUSINESS,BURNABY,CAPELLA DR : 9100 - 9199 Block,490f5be8-282c-4f19-b524-a4bbb9ed702f,1776186921019,burnaby.gis,1776186921019,burnaby.gis,1773792000000,POINT (-122.9041405816 49.2604210346)
3386,,THEFT FROM AUTO,BURNABY,BRIGHTON AV /GOVERNMENT RD,119fb845-ddec-453a-bb6b-d0719fbccdf6,1776186921019,burnaby.gis,1776186921019,burnaby.gis,1773792000000,POINT (-122.9189853385 49.2508112569)
3387,,THEFT FROM AUTO,BURNABY,MARINE WY /MARKET XG,4ff479b4-182e-41f9-a761-760269d78809,1776186921019,burnaby.gis,1776186921019,burnaby.gis,1773792000000,POINT (-122.9790371746 49.1997387596)
3388,,THEFT FROM AUTO,BURNABY,EAST CT : 1100 - 1199 Block,ccf37d34-0b5b-46f1-b40a-3d61159dfa80,1776186921019,burnaby.gis,1776186921019,burnaby.gis,1773792000000,POINT (-122.9912489817 49.2746382813)
3389,,THEFT OF AUTO,BURNABY,LOZELLS AV /MCCONNELL DR,d65aa30b-1e34-4010-bc30-8c9399462adf,1776186921019,burnaby.gis,1776186921019,burnaby.gis,1773964800000,POINT (-122.9421216691 49.2466554751)
3390,,THEFT FROM AUTO,BURNABY,STRATHMORE AV : 6600 - 6899 Block,7f304615-848a-4500-82c8-8bd2754ef4d4,1776186921019,burnaby.gis,1776186921019,burnaby.gis,1774051200000,POINT (-122.9525096795 49.2242275736)
3391,,THEFT FROM AUTO,BURNABY,KINGSWAY /MARLBOROUGH AV,caa21704-169f-4691-8c34-2dfe5e746638,1776186921019,burnaby.gis,1776186921019,burnaby.gis,1773964800000,POINT (-122.9915673585 49.2258422401)
3392,,THEFT FROM AUTO,BURNABY,MAGNOLIA TE /VILLAGE GR,6bafda72-b157-4cc1-8dbf-f69b8ded9d6f,1776186921019,burnaby.gis,1776186921019,burnaby.gis,1774137600000,POINT (-122.963959678 49.2160123492)
3393,,BREAK & ENTER-OTHER,BURNABY,BESSBOROUGH DR /SEA AV N,22090386-f873-43ad-9c59-36b9531bc6f6,1776186921019,burnaby.gis,1776186921019,burnaby.gis,1774137600000,POINT (-122.9794037512 49.2856512272)
3394,,BREAK & ENTER-BUSINESS,BURNABY,BARNET RD : 8200 - 8599 Block,f0efc11c-663b-40e3-95eb-97dfea7d9aa6,1776186921019,burnaby.gis,1776186921019,burnaby.gis,1774224000000,POINT (-122.9203039767 49.2880352569)
3395,,THEFT FROM AUTO,BURNABY,CHARLES ST /MADISON AV,513cd0d4-18ed-4768-8073-509d587f53f2,1776186921019,burnaby.gis,1776186921019,burnaby.gis,1774224000000,POINT (-123.0087567147 49.2729169274)
3396,,BREAK & ENTER-RESIDENCE,BURNABY,17TH AV /4TH ST,0d31b092-99a3-4850-a9e4-48249209d4b9,1776186921019,burnaby.gis,1776186921019,burnaby.gis,1774310400000,POINT (-122.931491803 49.225851161)
3397,,THEFT FROM AUTO,BURNABY,BUFFALO DR /LYNNDALE CR,cf3b14aa-60a5-4e4e-b156-57c612fb1c68,1776186921019,burnaby.gis,1776186921019,burnaby.gis,1774396800000,POINT (-122.9502072789 49.2528970374)
3398,,THEFT FROM AUTO,BURNABY,MAGNOLIA TE /VILLAGE GR,983366a6-ca9f-40ad-b32b-019903148dcf,1776186921019,burnaby.gis,1776186921019,burnaby.gis,1774396800000,POINT (-122.963959678 49.2160123492)
3399,,BREAK & ENTER-BUSINESS,BURNABY,PRODUCTION WY /THUNDERBIRD CR,71aa8e52-d118-4f21-8d47-a5cba877269b,1776186921019,burnaby.gis,1776186921019,burnaby.gis,1774742400000,POINT (-122.9188668195 49.2543488586)
3400,,BREAK & ENTER-BUSINESS,BURNABY,BERESFORD ST /SALISBURY AV,3ccc8bac-1ac4-4b5d-9f1b-9b46277ecac9,1776186921019,burnaby.gis,1776186921019,burnaby.gis,1774656000000,POINT (-122.9575225705 49.2170892517)
3401,,THEFT OF AUTO,BURNABY,MACPHERSON AV : 6830 - 6899 Block,9f4ee452-3cd5-43b8-8c78-0e8aadbad392,1776186921019,burnaby.gis,1776186921019,burnaby.gis,1774828800000,POINT (-122.983037603 49.2211756844)
3402,,THEFT FROM AUTO,BURNABY,CORONADO DR : 7300 - 7399 Block,432ec537-7a7f-4e24-905e-f2c9105ab420,1776186921019,burnaby.gis,1776186921019,burnaby.gis,1774915200000,POINT (-122.9491169408 49.2654829461)
3403,,THEFT OF AUTO,BURNABY,ALBERT ST /INGLETON AV,cbb21d95-84e0-482c-90a4-c719a8dce320,1776186921019,burnaby.gis,1776186921019,burnaby.gis,1772409600000,POINT (-123.0186094104 49.2820138188)
3404,,BREAK & ENTER-BUSINESS,BURNABY,6TH ST : 7300 - 7359 Block,675b7792-862b-4b9e-9c3d-116880aafa46,1776186921019,burnaby.gis,1776186921019,burnaby.gis,1772323200000,POINT (-122.9363561311 49.2259073702)
3405,,THEFT OF AUTO,BURNABY,MOSCROP ST /PARKWOOD AV,33d8dfe8-129d-4e49-9a45-b415ff5ef844,1776186921019,burnaby.gis,1776186921019,burnaby.gis,1772409600000,POINT (-123.0107564045 49.2429533478)
3406,,THEFT FROM AUTO,BURNABY,CALVIN CT : 500 - 699 Block,b6070352-7313-4549-a4ba-8b6ccdd9e756,1776186921019,burnaby.gis,1776186921019,burnaby.gis,1772409600000,POINT (-122.957484129 49.2784038723)
3407,,THEFT FROM AUTO,BURNABY,10TH AV : 8200 - 8279 Block,2e89fd5e-4514-47e2-adfc-f81eab41835a,1776186921019,burnaby.gis,1776186921019,burnaby.gis,1772496000000,POINT (-122.9184128494 49.2239073653)
3408,,BREAK & ENTER-BUSINESS,BURNABY,KINGSWAY /ROYAL OAK AV,37962fac-c36c-41bf-82ab-a16f16533150,1776186921019,burnaby.gis,1776186921019,burnaby.gis,1772582400000,POINT (-122.9889144716 49.2249674473)
3409,,THEFT FROM AUTO,BURNABY,HUMPHRIES AV /IMPERIAL ST,ea750b86-2c62-4ce3-96d4-10db4b4f9aa5,1776186921019,burnaby.gis,1776186921019,burnaby.gis,1772668800000,POINT (-122.9531312299 49.2260935151)
3410,,THEFT FROM AUTO,BURNABY,LOUGHEED HY : 4100 - 4299 Block,4a49135b-0157-4019-bab2-da8e83a23019,1776186921019,burnaby.gis,1776186921019,burnaby.gis,1772582400000,POINT (-123.0115123977 49.2662867556)
3411,,THEFT FROM AUTO,BURNABY,KEITH ST : 5900 - 6999 Block,8d85c036-d760-48b1-b01b-dec2a817699a,1776186921019,burnaby.gis,1776186921019,burnaby.gis,1772668800000,POINT (-122.9757540885 49.2076115972)
3412,,THEFT OF AUTO,BURNABY,13TH AV /4TH ST,592e8863-06ec-4695-8010-b2d324fee91b,1776186921019,burnaby.gis,1776186921019,burnaby.gis,1772755200000,POINT (-122.9276469594 49.2227835456)
3413,,BREAK & ENTER-BUSINESS,BURNABY,EDMONDS ST /NEW VISTA PL,757c80f8-174f-41d2-89b8-0d1260225a49,1776186921019,burnaby.gis,1776186921019,burnaby.gis,1773187200000,POINT (-122.9431519344 49.2229315928)
3414,,BREAK & ENTER-RESIDENCE,BURNABY,KISBEY AV : 6400 - 6499 Block,8b7b77ce-2ee0-4131-b7cb-43daf18a8c4d,1776186921019,burnaby.gis,1776186921019,burnaby.gis,1773187200000,POINT (-122.9785551552 49.2253965132)
3415,,BREAK & ENTER-BUSINESS,BURNABY,MANCHESTER DR : 9600 - 9899 Block,9bcc6e01-958e-474c-9b23-fe5f426b3d0a,1776186921019,burnaby.gis,1776186921019,burnaby.gis,1773273600000,POINT (-122.8976381242 49.2467453127)
3416,,BREAK & ENTER-OTHER,BURNABY,DELTA AV : 1300 - 1499 Block,05732f29-7e71-463c-b2e5-a12dcc438a88,1776186921019,burnaby.gis,1776186921019,burnaby.gis,1773273600000,POINT (-122.992175142 49.2714578658)
3417,,BREAK & ENTER-BUSINESS,BURNABY,DUNBLANE AV /IMPERIAL ST,ecb044c2-3f47-4357-908b-315a7cd91a48,1776186921019,burnaby.gis,1776186921019,burnaby.gis,1773273600000,POINT (-122.9928057678 49.2219405903)
3418,,THEFT FROM AUTO,BURNABY,AUSTIN RD /GATINEAU PL,93af3eef-5a16-4413-a36a-55f5a27b0879,1776186921019,burnaby.gis,1776186921019,burnaby.gis,1773360000000,POINT (-122.8958642672 49.2489876953)
3419,,THEFT FROM AUTO,BURNABY,KINCAID ST : 3970 - 3999 Block,315185a1-0577-4cfd-b4be-d35b3780041b,1776186921019,burnaby.gis,1776186921019,burnaby.gis,1773360000000,POINT (-123.0156199229 49.2488370142)
3420,,THEFT FROM AUTO,BURNABY,DUNBLANE AV /VICTORY ST,78f38146-56ed-4c37-a1bf-67958332c023,1776186921019,burnaby.gis,1776186921019,burnaby.gis,1773360000000,POINT (-122.9927486445 49.2184620435)
3421,,BREAK & ENTER-OTHER,BURNABY,FRANCES ST /GILMORE AV,fc83dbe9-9292-46e8-a126-43a4f89ed5d4,1776186921019,burnaby.gis,1776186921019,burnaby.gis,1773446400000,POINT (-123.0142104783 49.2792838819)
3422,,BREAK & ENTER-BUSINESS,BURNABY,KINGSWAY /WILSON AV,532cdbd4-4e9a-455d-b775-aaa181fc8f69,1776186921019,burnaby.gis,1776186921019,burnaby.gis,1773446400000,POINT (-123.0078067228 49.2311790833)
3423,,THEFT OF AUTO,BURNABY,GILMORE DV /MANOR ST,a056e1be-9439-4362-a98b-130872e504ed,1776186921019,burnaby.gis,1776186921019,burnaby.gis,1773532800000,POINT (-123.0120163585 49.2572015171)
3424,,THEFT OF AUTO,BURNABY,LOZELLS AV /MCCONNELL DR,b29f2835-95bc-4ab4-9aec-222e02f16137,1776186921019,burnaby.gis,1776186921019,burnaby.gis,1773619200000,POINT (-122.9421216691 49.2466554751)
3425,,BREAK & ENTER-BUSINESS,BURNABY,KINGSWAY : 4750 - 4799 Block,70394aaa-c302-42e8-ac74-a109d9195f3e,1776186921019,burnaby.gis,1776186921019,burnaby.gis,1773619200000,POINT (-122.9970398555 49.2276422243)
3426,,BREAK & ENTER-BUSINESS,BURNABY,CURRAGH AV /IRMIN ST,9b17315b-e77b-4fe3-8cee-17eb1ec251d0,1776186921019,burnaby.gis,1776186921019,burnaby.gis,1773619200000,POINT (-122.9747432368 49.2156611217)
3427,,BREAK & ENTER-BUSINESS,BURNABY,EVERGREEN PL :  -  Block,301f5b96-3872-4974-9e7a-13c728d357e5,1776186921019,burnaby.gis,1776186921019,burnaby.gis,1773619200000,POINT (-122.8934055902 49.2498620332)
3428,,THEFT FROM AUTO,BURNABY,DELTA AV : 1200 - 1299 Block,6e64d557-fd97-4181-a25f-03d98587ae6c,1776186921019,burnaby.gis,1776186921019,burnaby.gis,1773792000000,POINT (-122.9921616489 49.2732739523)
3429,,THEFT FROM AUTO,BURNABY,DELESALLE ST : 5900 - 5999 Block,e299de33-5922-4916-816b-f431687c0ac3,1776186921019,burnaby.gis,1776186921019,burnaby.gis,1773705600000,POINT (-122.976836622 49.2197560962)
3430,,THEFT FROM AUTO,BURNABY,BARKER AV : 4400 - 4999 Block,66ed53d2-adac-461d-ac3f-2558db31a6c5,1776186921019,burnaby.gis,1776186921019,burnaby.gis,1773792000000,POINT (-123.011127488 49.243857246)
3431,,THEFT OF AUTO,BURNABY,ANTRIM AV : 6820 - 6899 Block,31e2a102-9104-4fdd-a926-c0d1e031d248,1776186921019,burnaby.gis,1776186921019,burnaby.gis,1773792000000,POINT (-122.9849279367 49.2211340725)
3432,,THEFT OF AUTO,BURNABY,BELL AV /HUNTER ST,d84eb692-7ac4-49d4-ac79-518c3081b4d8,1776186921019,burnaby.gis,1776186921019,burnaby.gis,1773792000000,POINT (-122.9042809533 49.25187841)
3433,,BREAK & ENTER-BUSINESS,BURNABY,LOUGHEED HY : 4500 - 4599 Block,2ac71b33-8383-49fc-95fe-ff0399a666ef,1776186921019,burnaby.gis,1776186921019,burnaby.gis,1773792000000,POINT (-123.001803509 49.2663734997)
3434,,THEFT OF AUTO,BURNABY,BEAVERBROOK DR /CAMERON ST,d64bbb03-779c-466e-a635-1ab34f184b52,1776186921019,burnaby.gis,1776186921019,burnaby.gis,1773619200000,POINT (-122.9023309007 49.2536537066)
3435,,THEFT FROM AUTO,BURNABY,PALM AV : 6800 - 6999 Block,e35cf0a7-b64b-4c6d-9ca5-7fd327c0d9b4,1776186921019,burnaby.gis,1776186921019,burnaby.gis,1773964800000,POINT (-122.9870153106 49.2209930856)
3436,,THEFT FROM AUTO,BURNABY,ELWELL ST /GRIFFITHS AV,cffcd58e-1e71-425c-9ab5-9ffed8827705,1776186921019,burnaby.gis,1776186921019,burnaby.gis,1774051200000,POINT (-122.9610208948 49.2212265609)
3437,,THEFT FROM AUTO,BURNABY,KINGSWAY : 5110 - 5199 Block,56b54e8f-2554-4e77-af98-46b884556ece,1776186921019,burnaby.gis,1776186921019,burnaby.gis,1773964800000,POINT (-122.9896137355 49.2251948907)
3438,,BREAK & ENTER-RESIDENCE,BURNABY,CLINTON ST /MCGREGOR AV,d2ff3ac1-d862-4452-a61d-9589cfaed1b6,1776186921019,burnaby.gis,1776186921019,burnaby.gis,1774137600000,POINT (-122.9903088069 49.2130218632)
3439,,THEFT FROM AUTO,BURNABY,MAGNOLIA TE /VILLAGE GR,e59a7303-fb4a-44e5-b98e-0a4653f7093b,1776186921019,burnaby.gis,1776186921019,burnaby.gis,1774137600000,POINT (-122.963959678 49.2160123492)
3440,,BREAK & ENTER-BUSINESS,BURNABY,UNIVERSITY DR /UNIVERSITY HIGH ST,f9631618-9397-4bbb-9f23-63462218c800,1776186921019,burnaby.gis,1776186921019,burnaby.gis,1774224000000,POINT (-122.9119893141 49.2792983646)
3441,,BREAK & ENTER-OTHER,BURNABY,OAKMOUNT CR : 5250 - 5299 Block,aadc4626-2d2c-47de-82e6-b32704d684a2,1776186921019,burnaby.gis,1776186921019,burnaby.gis,1774310400000,POINT (-122.9870428456 49.231271604)
3442,,BREAK & ENTER-BUSINESS,BURNABY,REMI PL /WINSTON ST,ec9cd246-ad37-4095-8397-6d3519baa161,1776186921019,burnaby.gis,1776186921019,burnaby.gis,1774310400000,POINT (-122.9455118102 49.2485212646)
3443,,THEFT FROM AUTO,BURNABY,GORDON AV /HASZARD ST,9096420c-4350-4001-9b16-41770ed08e80,1776186921019,burnaby.gis,1776186921019,burnaby.gis,1774483200000,POINT (-122.9578951588 49.2361115307)
3444,,BREAK & ENTER-BUSINESS,BURNABY,KINGSWAY /NELSON AV,1bfbe552-ac26-48f8-807f-87b21193a33f,1776186921019,burnaby.gis,1776186921019,burnaby.gis,1774483200000,POINT (-122.9942103614 49.226710268)
3445,,THEFT FROM AUTO,BURNABY,ADAIR ST /CLIFF AV,fa385c2b-ffb0-47c0-aa22-78d24331b16d,1776186921019,burnaby.gis,1776186921019,burnaby.gis,1774569600000,POINT (-122.9591045017 49.2643563038)
3446,,BREAK & ENTER-OTHER,BURNABY,LOUGHEED HY /SPRINGER AV,b2c2ddf1-07be-41b6-8847-04a8f6a1a485,1776186921019,burnaby.gis,1776186921019,burnaby.gis,1774569600000,POINT (-122.987003295 49.2650440323)
3447,,BREAK & ENTER-BUSINESS,BURNABY,EVERGREEN PL :  -  Block,c849c4ad-2705-4b71-8490-a6beee42b065,1776186921019,burnaby.gis,1776186921019,burnaby.gis,1774569600000,POINT (-122.8934055902 49.2498620332)
3448,,BREAK & ENTER-RESIDENCE,BURNABY,HALLEY AV /SARDIS ST,fe54827c-cf98-4a73-9b01-0d92dda3c7ef,1776186921019,burnaby.gis,1776186921019,burnaby.gis,1774483200000,POINT (-123.0088297678 49.2340412304)
3449,,THEFT OF AUTO,BURNABY,CASSIE AV /MAYWOOD ST,048c4686-1986-4c41-a772-9a0265b9cad9,1776186921019,burnaby.gis,1776186921019,burnaby.gis,1774656000000,POINT (-123.0098861879 49.2241584671)
3450,,THEFT FROM AUTO,BURNABY,STILL CREEK DR : 4500 - 4599 Block,5667eca3-a2e8-40c7-ae9f-aa4d3cb37d03,1776186921019,burnaby.gis,1776186921019,burnaby.gis,1774656000000,POINT (-123.0027676048 49.2618225811)
3451,,THEFT FROM AUTO,BURNABY,ESMOND AV /VENABLES ST,5d247da9-b01c-41b9-b4ed-b4a97387432f,1776186921019,burnaby.gis,1776186921019,burnaby.gis,1774828800000,POINT (-123.0210331834 49.2766359266)
3452,,BREAK & ENTER-BUSINESS,BURNABY,MARKET XG /MARKET XG,37d42052-18fc-4cb2-af04-55966eac6495,1776186921019,burnaby.gis,1776186921019,burnaby.gis,1772323200000,POINT (-122.9811206619 49.1985350112)
3453,,THEFT FROM AUTO,BURNABY,LOZELLS AV : 4000 - 4199 Block,e2a36886-87c3-4aba-9bea-1d10449a4e25,1776186921019,burnaby.gis,1776186921019,burnaby.gis,1772323200000,POINT (-122.9421090826 49.2475771952)
3454,,THEFT FROM AUTO,BURNABY,DUNDAS ST /GAMMA AV N,eb290709-f279-4873-8e13-7baf50275066,1776186921019,burnaby.gis,1776186921019,burnaby.gis,1772323200000,POINT (-122.9946383818 49.2845586836)
3455,,THEFT FROM AUTO,BURNABY,KINGSWAY /SUSSEX AV,9d6461f1-0063-42a1-86f1-7ff6e7f43f72,1776186921019,burnaby.gis,1776186921019,burnaby.gis,1772409600000,POINT (-122.9993183432 49.2283922605)
3456,,BREAK & ENTER-OTHER,BURNABY,18TH ST : 7600 - 7799 Block,c787eb70-8efa-4236-a58e-62c1ad92e2fa,1776186921019,burnaby.gis,1776186921019,burnaby.gis,1772496000000,POINT (-122.9508696165 49.2100018212)
3457,,BREAK & ENTER-BUSINESS,BURNABY,KINGSWAY /WILSON AV,e91a9eba-d365-4a31-b7e7-925b58cf880d,1776186921019,burnaby.gis,1776186921019,burnaby.gis,1772496000000,POINT (-123.0078067228 49.2311790833)
3458,,THEFT FROM AUTO,BURNABY,HENNING DR : 3700 - 3999 Block,556b87cb-88f5-4c82-b104-4759da6ced29,1776186921019,burnaby.gis,1776186921019,burnaby.gis,1772582400000,POINT (-123.0187952592 49.2639336315)
3459,,THEFT OF AUTO,BURNABY,CARDSTON CT /CARRIGAN CT,a9fb5c37-9be9-42ab-b4ad-b7d5cef87678,1776186921019,burnaby.gis,1776186921019,burnaby.gis,1772582400000,POINT (-122.9019876076 49.2481043318)
3460,,BREAK & ENTER-BUSINESS,BURNABY,LOUGHEED HY : 4100 - 4299 Block,081e43de-1deb-4ce7-a435-861f01e3f66a,1776186921019,burnaby.gis,1776186921019,burnaby.gis,1772668800000,POINT (-123.0115123977 49.2662867556)
3461,,THEFT FROM AUTO,BURNABY,GOVERNMENT ST /MANCHESTER DR,53a956a8-859d-4b3f-93a5-0d8ac3642af5,1776186921019,burnaby.gis,1776186921019,burnaby.gis,1772668800000,POINT (-122.8992455908 49.2469270928)
3462,,THEFT FROM AUTO,BURNABY,KATHLEEN AV /MAYBERRY ST,17499fa6-0b2d-4f39-9742-ac7bf882e955,1776186921019,burnaby.gis,1776186921019,burnaby.gis,1772668800000,POINT (-123.0114183426 49.2262894013)
3463,,THEFT FROM AUTO,BURNABY,MARSDEN CT /EOR - END OF ROAD,588b21a3-cd51-4284-84ff-c7cb282e2cd0,1776186921019,burnaby.gis,1776186921019,burnaby.gis,1772755200000,POINT (-122.949328658 49.2744396149)
3464,,BREAK & ENTER-BUSINESS,BURNABY,KINGSWAY : 4530 - 4539 Block,237fc5fb-f311-485a-a95c-3a5c9b740189,1776186921019,burnaby.gis,1776186921019,burnaby.gis,1772668800000,POINT (-123.0037269083 49.2298411338)
3465,,BREAK & ENTER-OTHER,BURNABY,BURKE ST : 4400 - 4409 Block,002c369e-9c5d-4a06-94fa-01b055f6e57f,1776186921019,burnaby.gis,1776186921019,burnaby.gis,1773014400000,POINT (-123.005945471 49.2369284697)
3466,,BREAK & ENTER-BUSINESS,BURNABY,LOUGHEED HY /NORTH RD,95b50f2c-5d44-4190-9d31-740a138cbd7c,1776186921019,burnaby.gis,1776186921019,burnaby.gis,1773014400000,POINT (-122.8927577593 49.2459373163)
3467,,THEFT OF AUTO,BURNABY,PATTERSON AV : 6100 - 6299 Block,1ddd04d0-058e-41dc-914b-b14b9e8486dd,1776186921019,burnaby.gis,1776186921019,burnaby.gis,1773014400000,POINT (-123.0126352028 49.2281506425)
3468,,THEFT FROM AUTO,BURNABY,9TH AV : 6000 - 6199 Block,64ee1ee3-008e-4989-8fff-c158201ec8b4,1776186921019,burnaby.gis,1776186921019,burnaby.gis,1773014400000,POINT (-122.9634298985 49.1967725257)
3469,,BREAK & ENTER-BUSINESS,BURNABY,KINGSWAY /WILSON AV,f4c6335f-302d-449a-90ab-54684f460b14,1776186921019,burnaby.gis,1776186921019,burnaby.gis,1773014400000,POINT (-123.0078067228 49.2311790833)
3470,,BREAK & ENTER-BUSINESS,BURNABY,BERESFORD ST /PATTERSON AV,423410f3-06e8-4a52-8f1b-7f725e53d9b6,1776186921019,burnaby.gis,1776186921019,burnaby.gis,1773100800000,POINT (-123.0126414823 49.2294588546)
3471,,BREAK & ENTER-OTHER,BURNABY,GILMORE AV : 1300 - 1399 Block,b83f545a-5ffb-447e-9db5-b4b1ae9ababf,1776186921019,burnaby.gis,1776186921019,burnaby.gis,1773187200000,POINT (-123.0142538179 49.2725209728)
3472,,THEFT FROM AUTO,BURNABY,LOUGHEED HY : 5200 - 5699 Block,66261f2b-4293-4710-ba3d-643d171a64d1,1776186921019,burnaby.gis,1776186921019,burnaby.gis,1772668800000,POINT (-122.9840842428 49.265041341)
3473,,BREAK & ENTER-RESIDENCE,BURNABY,LANE ST : 5200 - 5599 Block,b179a642-6465-4308-acb4-f0f8a9c97293,1776186921019,burnaby.gis,1776186921019,burnaby.gis,1773014400000,POINT (-122.9859853661 49.2224790733)
3474,,BREAK & ENTER-RESIDENCE,BURNABY,LEIBLY AV : 5900 - 6299 Block,56ce4bfa-69ae-4db0-a923-163bd5d7f6be,1776186921019,burnaby.gis,1776186921019,burnaby.gis,1773360000000,POINT (-122.9615178064 49.2292051508)
3475,,THEFT FROM AUTO,BURNABY,KINGSWAY : 4220 - 4309 Block,9dfdd3d3-6031-4637-9a96-9758d0808a87,1776186921019,burnaby.gis,1776186921019,burnaby.gis,1773532800000,POINT (-123.0087968864 49.231505349)
3476,,THEFT FROM AUTO,BURNABY,HASTINGS ST : 5700 - 5799 Block,e8ef1a06-925a-41ac-9d20-069c93d83553,1776186921019,burnaby.gis,1776186921019,burnaby.gis,1773619200000,POINT (-122.9795450082 49.2803265832)
3477,,BREAK & ENTER-BUSINESS,BURNABY,EDMONDS ST : 7450 - 7499 Block,dc078fdc-3412-48fc-8941-264f8aa5deff,1776186921019,burnaby.gis,1776186921019,burnaby.gis,1773705600000,POINT (-122.9459879614 49.2214212821)
3478,,BREAK & ENTER-BUSINESS,BURNABY,KATHLEEN AV /KEMP ST,4a8cbe2e-e64f-4a43-9bf7-f38ae32bf1e3,1776186921019,burnaby.gis,1776186921019,burnaby.gis,1773619200000,POINT (-123.0071477209 49.2299011169)
3479,,THEFT FROM AUTO,BURNABY,LOUGHEED HY : 4400 - 4499 Block,3fe8fbaf-6360-4950-88c8-2ae08494c281,1776186921019,burnaby.gis,1776186921019,burnaby.gis,1773619200000,POINT (-123.0046151515 49.2664589238)
3480,,BREAK & ENTER-OTHER,BURNABY,CURRAGH AV /IRMIN ST,6940c0d5-1f43-4175-bcfa-b2a29878abb5,1776186921019,burnaby.gis,1776186921019,burnaby.gis,1773705600000,POINT (-122.9747432368 49.2156611217)
3481,,THEFT FROM AUTO,BURNABY,EASTLAWN DR : 1100 - 1129 Block,9464326b-e787-4564-8964-97a2e0c9a3e4,1776186921019,burnaby.gis,1776186921019,burnaby.gis,1773792000000,POINT (-122.9917707343 49.274581782)
3482,,THEFT FROM AUTO,BURNABY,KINGSWAY : 4800 - 4849 Block,9d4b99e2-12b2-4c1e-a0cd-8fd8c7947e4a,1776186921019,burnaby.gis,1776186921019,burnaby.gis,1773878400000,POINT (-122.995735521 49.2272131168)
3483,,THEFT FROM AUTO,BURNABY,12TH AV /2ND ST,211f6b9c-37c6-47ed-9ebc-41dfe6816b95,1776186921019,burnaby.gis,1776186921019,burnaby.gis,1773878400000,POINT (-122.92336114 49.2238301808)
3484,,THEFT FROM AUTO,BURNABY,BERESFORD ST /GILLEY AV,69b5e7d7-2a22-41a6-b4b0-e0609867fc52,1776186921019,burnaby.gis,1776186921019,burnaby.gis,1773878400000,POINT (-122.9720607803 49.2171032464)
3485,,THEFT FROM AUTO,BURNABY,RANELAGH AV : 1 - 199 Block,7900da44-792a-4047-8114-144bb3c8a363,1776186921019,burnaby.gis,1776186921019,burnaby.gis,1773878400000,POINT (-122.986376902 49.2835179616)
3486,,THEFT FROM AUTO,BURNABY,KINGSWAY /MARLBOROUGH AV,fb915f66-a3f6-4e7e-b4ce-caaaa1da58d5,1776186921019,burnaby.gis,1776186921019,burnaby.gis,1773964800000,POINT (-122.9915673585 49.2258422401)
3487,,THEFT FROM AUTO,BURNABY,MOORCROFT CT /EOR - END OF ROAD,aca2acd1-df84-4286-a9b2-3c24a1d10a9a,1776186921019,burnaby.gis,1776186921019,burnaby.gis,1774224000000,POINT (-122.9618153136 49.2594319088)
3488,,BREAK & ENTER-BUSINESS,BURNABY,HOLDOM AV : 2000 - 2099 Block,f3964c3d-d7a7-490d-9082-e5dad32b983a,1776186921019,burnaby.gis,1776186921019,burnaby.gis,1774224000000,POINT (-122.9811776485 49.2653166924)
3489,,THEFT FROM AUTO,BURNABY,SKYLINE DR : 4450 - 4499 Block,cadf5926-9d88-49ff-ad1c-9745a1842fd4,1776186921019,burnaby.gis,1776186921019,burnaby.gis,1774483200000,POINT (-123.0039138467 49.2655485636)
3490,,THEFT FROM AUTO,BURNABY,6TH ST /WEDGEWOOD ST,b70ec516-5c6e-4da8-b3f2-b771f6b50ad9,1776186921019,burnaby.gis,1776186921019,burnaby.gis,1774483200000,POINT (-122.9377065664 49.2266144635)
3491,,THEFT OF AUTO,BURNABY,BYRNE RD : 5300 - 5499 Block,1a3dd73a-a20d-4191-b995-9bdf86c181e2,1776186921019,burnaby.gis,1776186921019,burnaby.gis,1774483200000,POINT (-122.9852189456 49.2002118737)
3492,,BREAK & ENTER-BUSINESS,BURNABY,RATHBURN DR /RIETTA CT,828ccbe3-a01f-4c64-922b-c5dab0183e95,1776186921019,burnaby.gis,1776186921019,burnaby.gis,1774483200000,POINT (-122.895943688 49.2651722429)
3493,,THEFT OF AUTO,BURNABY,VENTURE ST : 7800 - 7999 Block,ac29d413-f2e7-4b24-b61b-7cf21e597157,1776186921019,burnaby.gis,1776186921019,burnaby.gis,1774569600000,POINT (-122.9365270124 49.2577057153)
3494,,THEFT FROM AUTO,BURNABY,STILL CREEK DR : 4500 - 4599 Block,f564ae36-937e-49a3-91ad-771e0138e4fb,1776186921019,burnaby.gis,1776186921019,burnaby.gis,1774656000000,POINT (-123.0027676048 49.2618225811)
3495,,THEFT FROM AUTO,BURNABY,WILLIAM ST : 4500 - 4599 Block,67152cc7-0e88-49ea-910c-6cfc721a0e58,1776186921019,burnaby.gis,1776186921019,burnaby.gis,1774742400000,POINT (-123.002054862 49.273760524)
3496,,BREAK & ENTER-RESIDENCE,BURNABY,OAKGLEN DR /ROYAL OAK AV,7840fe9e-c022-4865-a9ff-422df33017be,1776186921019,burnaby.gis,1776186921019,burnaby.gis,1774828800000,POINT (-122.9889172986 49.2329518654)
3497,,BREAK & ENTER-BUSINESS,BURNABY,KINGSWAY /ROYAL OAK AV,21ed5ee3-8c21-4090-8dd7-0ba26323d7f2,1776186921019,burnaby.gis,1776186921019,burnaby.gis,1774828800000,POINT (-122.9889144716 49.2249674473)
3498,,BREAK & ENTER-BUSINESS,BURNABY,KINGSWAY /SUSSEX AV,7cc88b62-c64c-4a3d-aa8e-c9797c68eb7f,1776186921019,burnaby.gis,1776186921019,burnaby.gis,1774915200000,POINT (-122.9993183432 49.2283922605)
3499,,BREAK & ENTER-RESIDENCE,BURNABY,BROADWAY /HOLDOM AV,890b7bc7-b229-4cc3-a6da-9dcc3cd76d2f,1776186921019,burnaby.gis,1776186921019,burnaby.gis,1774828800000,POINT (-122.9811753605 49.2657413357)
3500,,BREAK & ENTER-RESIDENCE,BURNABY,LAWRENCE DR : 7751 - 7769 Block,f3a5e244-81a6-4f64-afcc-6120b0372823,1776186921019,burnaby.gis,1776186921019,burnaby.gis,1774915200000,POINT (-122.9412549484 49.2604872268)
3501,,BREAK & ENTER-RESIDENCE,BURNABY,6TH ST /EDMONDS ST,eb72ca03-d5be-4c5e-83b7-a6cee61e4450,1776186921019,burnaby.gis,1776186921019,burnaby.gis,1774915200000,POINT (-122.9369529712 49.226239778)
3679,,BREAK & ENTER-BUSINESS,BURNABY,KINGSWAY : 5200 - 5459 Block,6d700fdd-035f-45f8-8d1a-d54b97cace35,1778704034217,burnaby.gis,1778704034217,burnaby.gis,1775088000000,POINT (-122.986718588 49.2242648804)
3680,,THEFT FROM AUTO,BURNABY,FRANCES ST /MADISON AV,3954d515-a906-4016-98cb-8fb337d8cde6,1778704034217,burnaby.gis,1778704034217,burnaby.gis,1775174400000,POINT (-123.0086839072 49.2792292321)
3681,,BREAK & ENTER-OTHER,BURNABY,KINGSWAY /SMITH AV,b88f809e-5e8c-4f68-9263-95233cc9e972,1778704034217,burnaby.gis,1778704034217,burnaby.gis,1775260800000,POINT (-123.019866464 49.2325527146)
3682,,BREAK & ENTER-OTHER,BURNABY,6TH ST /EDMONDS ST,0f4bcb76-3e58-48f2-ac7d-7fa45c2f96ed,1778704034217,burnaby.gis,1778704034217,burnaby.gis,1775347200000,POINT (-122.9369529712 49.226239778)
3683,,BREAK & ENTER-BUSINESS,BURNABY,HENNING DR : 3700 - 3999 Block,523c71b1-32b5-47b3-b4ff-a5b712f96b2c,1778704034217,burnaby.gis,1778704034217,burnaby.gis,1775433600000,POINT (-123.0187952592 49.2639336315)
3684,,THEFT FROM AUTO,BURNABY,CORNERSTONE MS /TOWER RD,403177e2-6a47-4055-ba11-b890c78ed0c9,1778704034217,burnaby.gis,1778704034217,burnaby.gis,1775433600000,POINT (-122.9092073272 49.2772884322)
3685,,THEFT OF AUTO,BURNABY,GRAVELEY ST : 3900 - 3999 Block,295bdbcb-c3c9-4865-8c62-e90b6bcaa7b2,1778704034217,burnaby.gis,1778704034217,burnaby.gis,1775433600000,POINT (-123.0175126809 49.2702742162)
3686,,BREAK & ENTER-BUSINESS,BURNABY,BELLWOOD AV : 1900 - 2099 Block,781e3bd9-30ba-4ec5-bc04-74a8414b13f0,1778704034217,burnaby.gis,1778704034217,burnaby.gis,1775520000000,POINT (-122.9887009936 49.2662852053)
3687,,THEFT FROM AUTO,BURNABY,SIDLEY ST : 4900 - 5199 Block,e43b519f-b242-42d7-8148-bb2f31e828ed,1778704034217,burnaby.gis,1778704034217,burnaby.gis,1775433600000,POINT (-122.9912170088 49.2174821483)
3688,,BREAK & ENTER-BUSINESS,BURNABY,RIVERBEND CT /RIVERBEND DR,dd61cb9d-036c-4203-8bdb-d3acee43cfc9,1778704034217,burnaby.gis,1778704034217,burnaby.gis,1775520000000,POINT (-122.9679315222 49.1898333858)
3689,,BREAK & ENTER-BUSINESS,BURNABY,KINGSWAY : 4800 - 4849 Block,c43f9843-943e-4aa8-bf29-7b9807d7bfcd,1778704034217,burnaby.gis,1778704034217,burnaby.gis,1775520000000,POINT (-122.995735521 49.2272131168)
3690,,THEFT OF AUTO,BURNABY,CUMBERLAND PL : 8500 - 8599 Block,dee22206-5f80-4dd4-a0e1-ddfa8874e58d,1778704034217,burnaby.gis,1778704034217,burnaby.gis,1775606400000,POINT (-122.9190081734 49.2342775304)
3691,,THEFT FROM AUTO,BURNABY,BYRNEPARK WK /SOUTHPOINT DR,93456d15-09e1-404c-8f11-53eef0e6873b,1778704034217,burnaby.gis,1778704034217,burnaby.gis,1775520000000,POINT (-122.9632261189 49.2071673317)
3692,,BREAK & ENTER-OTHER,BURNABY,BYRNEPARK WK /SOUTHPOINT DR,855f8a4d-f29a-46f4-bc6b-fa7f0b77aade,1778704034217,burnaby.gis,1778704034217,burnaby.gis,1775520000000,POINT (-122.9632261189 49.2071673317)
3693,,THEFT FROM AUTO,BURNABY,LOUGHEED HY : 4100 - 4299 Block,1266dbeb-6182-4806-8892-d7f9774d82e9,1778704034217,burnaby.gis,1778704034217,burnaby.gis,1775606400000,POINT (-123.0115123977 49.2662867556)
3694,,THEFT FROM AUTO,BURNABY,SPERLING AV : 3400 - 3799 Block,1303c299-94c8-4077-ba4c-77c65f3e039f,1778704034217,burnaby.gis,1778704034217,burnaby.gis,1775692800000,POINT (-122.9646457927 49.2516895994)
3695,,THEFT FROM AUTO,BURNABY,BYRNEPARK DR /BYRNEPARK WK,bab9d56e-8d5f-4035-b56e-3e85677c9905,1778704034217,burnaby.gis,1778704034217,burnaby.gis,1775692800000,POINT (-122.9656883179 49.2087623876)
3696,,BREAK & ENTER-RESIDENCE,BURNABY,4TH ST : 7220 - 7281 Block,50072feb-1849-4446-bb34-dd0706439930,1778704034217,burnaby.gis,1778704034217,burnaby.gis,1775692800000,POINT (-122.933688804 49.2276014382)
3697,,THEFT FROM AUTO,BURNABY,BRENTLAWN DR : 4500 - 4599 Block,81bb39bd-c6e9-4f02-8b09-d2d4ee92c06e,1778704034217,burnaby.gis,1778704034217,burnaby.gis,1775779200000,POINT (-123.0015603222 49.2701412296)
3698,,BREAK & ENTER-RESIDENCE,BURNABY,PANDORA ST /STRATFORD AV,03b4392c-8e37-42c9-855d-9105c95068a5,1778704034217,burnaby.gis,1778704034217,burnaby.gis,1775865600000,POINT (-122.9767342008 49.282568068)
3699,,THEFT FROM AUTO,BURNABY,ESMOND AV /MANOR ST,e57657b4-ad31-496b-bb17-50e819a8c43c,1778704034217,burnaby.gis,1778704034217,burnaby.gis,1775952000000,POINT (-123.0216876761 49.2572972928)
3700,,BREAK & ENTER-BUSINESS,BURNABY,IMPERIAL ST /SUSSEX AV,70426341-c039-48e9-9ccc-c03a0f3be55a,1778704034217,burnaby.gis,1778704034217,burnaby.gis,1775952000000,POINT (-123.0050431688 49.2219377728)
3701,,BREAK & ENTER-BUSINESS,BURNABY,CLARE AV : 400 - 599 Block,087db9b5-9f04-497d-a932-3979e92db549,1778704034217,burnaby.gis,1778704034217,burnaby.gis,1776124800000,POINT (-122.963483543 49.2797145251)
3702,,THEFT FROM AUTO,BURNABY,CARRIGAN CT /EOR - END OF ROAD,33125910-b995-4ac2-b42f-312caf2e458a,1778704034217,burnaby.gis,1778704034217,burnaby.gis,1776124800000,POINT (-122.9020965244 49.2492125051)
3703,,BREAK & ENTER-BUSINESS,BURNABY,BERESFORD ST /DAISY AV,c8a33778-a084-4cc5-a49b-8bceddb81818,1778704034217,burnaby.gis,1778704034217,burnaby.gis,1776211200000,POINT (-122.9794335663 49.2180529869)
3704,,BREAK & ENTER-BUSINESS,BURNABY,HASTINGS ST /MACDONALD AV,b60e45c8-18be-458a-a288-d782303890cd,1778704034217,burnaby.gis,1778704034217,burnaby.gis,1776211200000,POINT (-123.0162542962 49.2810659162)
3705,,THEFT FROM AUTO,BURNABY,18TH AV : 8200 - 8299 Block,c11cc35f-9025-44b9-82db-9558267cb736,1778704034217,burnaby.gis,1778704034217,burnaby.gis,1776297600000,POINT (-122.9258968902 49.2301583818)
3706,,THEFT OF AUTO,BURNABY,ROSSER AV /UNION ST,804aaf68-face-4ec4-90eb-bef0b6c24783,1778704034217,burnaby.gis,1778704034217,burnaby.gis,1775692800000,POINT (-123.0059579243 49.2774005986)
3707,,THEFT FROM AUTO,BURNABY,BERESFORD ST /DOW AV,84bff16b-eb27-4613-8f21-a7738f5e3c49,1778704034217,burnaby.gis,1778704034217,burnaby.gis,1776470400000,POINT (-123.0006679009 49.2239697003)
3708,,THEFT OF AUTO,BURNABY,BYRNE RD : 5100 - 5219 Block,a4181944-7ef2-4125-aac5-7b1cc2bfdb23,1778704034217,burnaby.gis,1778704034217,burnaby.gis,1776556800000,POINT (-122.9886519463 49.1983162349)
3709,,BREAK & ENTER-BUSINESS,BURNABY,BERESFORD ST /CURRAGH AV,5e819155-edf8-4837-8519-68ce43963fd2,1778704034217,burnaby.gis,1778704034217,burnaby.gis,1776643200000,POINT (-122.9748156333 49.2176526257)
3710,,BREAK & ENTER-RESIDENCE,BURNABY,COVENTRY PL /EOR - END OF ROAD,a36b259c-1ed1-4856-a1e3-a461100fbab9,1778704034217,burnaby.gis,1778704034217,burnaby.gis,1776643200000,POINT (-122.9547002117 49.2578547887)
3711,,THEFT FROM AUTO,BURNABY,RIVERBEND CT /RIVERBEND DR,4c9036c8-3cf1-487b-b30d-63cf25befb6a,1778704034217,burnaby.gis,1778704034217,burnaby.gis,1776729600000,POINT (-122.9679315222 49.1898333858)
3712,,BREAK & ENTER-BUSINESS,BURNABY,BERESFORD ST /DAISY AV,bea48491-d5b1-4cff-aadb-b65383819b86,1778704034217,burnaby.gis,1778704034217,burnaby.gis,1776816000000,POINT (-122.9794335663 49.2180529869)
3713,,THEFT FROM AUTO,BURNABY,PRODUCTION WY /THUNDERBIRD CR,1d05c220-bb74-4f28-8d9b-43f0e3332c5a,1778704034217,burnaby.gis,1778704034217,burnaby.gis,1776902400000,POINT (-122.9188668195 49.2543488586)
3714,,THEFT FROM AUTO,BURNABY,ABBEY AV /SAMARA CT,d0be34e5-5d08-4021-8b7b-075bb0fd7850,1778704034217,burnaby.gis,1778704034217,burnaby.gis,1776988800000,POINT (-123.0061833679 49.2352590822)
3715,,THEFT FROM AUTO,BURNABY,KATHLEEN AV /KINGSWAY,0802adf3-dbcb-4775-9871-c579c5aee47d,1778704034217,burnaby.gis,1778704034217,burnaby.gis,1777161600000,POINT (-123.0063073721 49.2306863351)
3716,,BREAK & ENTER-BUSINESS,BURNABY,IMPERIAL ST /WILLINGDON AV,447b240b-2ca4-4fdd-9da1-4b453835aac0,1778704034217,burnaby.gis,1778704034217,burnaby.gis,1777248000000,POINT (-123.0108666827 49.2219425116)
3717,,THEFT FROM AUTO,BURNABY,ALBERT ST /MADISON AV,4a15be2c-3345-4f23-9efe-f2f7a0e5f3f4,1778704034217,burnaby.gis,1778704034217,burnaby.gis,1777248000000,POINT (-123.0086358708 49.2819557468)
3718,,THEFT FROM AUTO,BURNABY,SOUTHWOOD ST : 3970 - 4099 Block,759a6aec-95ce-4f38-9043-68f74edcf599,1778704034217,burnaby.gis,1778704034217,burnaby.gis,1775001600000,POINT (-123.0138122394 49.2137309886)
3719,,THEFT FROM AUTO,BURNABY,GAGLARDI WY /UNIVERSITY DR,0082d517-dce1-4f46-a609-d01d854a97ac,1778704034217,burnaby.gis,1778704034217,burnaby.gis,1775088000000,POINT (-122.9200489102 49.2801262728)
3720,,THEFT FROM AUTO,BURNABY,BERESFORD ST /PATTERSON AV,cb5695da-13e8-4564-b0b8-342075351c96,1778704034217,burnaby.gis,1778704034217,burnaby.gis,1775174400000,POINT (-123.0126414823 49.2294588546)
3721,,THEFT FROM AUTO,BURNABY,TRETHEWAY DR /EOR - END OF ROAD,23957fd3-f5a6-40ba-88a1-abcbe48772e0,1778704034217,burnaby.gis,1778704034217,burnaby.gis,1775174400000,POINT (-122.9603092591 49.2595328269)
3722,,THEFT FROM AUTO,BURNABY,DOMINION ST /SUMNER AV,460b02f4-24e6-4231-9ef3-ae3533971932,1778704034217,burnaby.gis,1778704034217,burnaby.gis,1775174400000,POINT (-123.0082886172 49.2562942612)
3723,,BREAK & ENTER-OTHER,BURNABY,JOFFRE AV /RUMBLE ST,cd89b51f-4471-43be-9372-1c4aba72f17c,1778704034217,burnaby.gis,1778704034217,burnaby.gis,1775347200000,POINT (-123.020871981 49.2148169763)
3724,,THEFT FROM AUTO,BURNABY,GREYSTONE DR /SHERLOCK AV,6aedd40b-c759-4a13-b361-00a73c30ab2a,1778704034217,burnaby.gis,1778704034217,burnaby.gis,1775606400000,POINT (-122.9562415666 49.2735355198)
3725,,THEFT OF AUTO,BURNABY,BOUNDARY RD /HENNING DR,ec3a412c-d1ab-4b8b-9738-c05712ee48f3,1778704034217,burnaby.gis,1778704034217,burnaby.gis,1775606400000,POINT (-123.0234700892 49.2636722694)
3726,,THEFT FROM AUTO,BURNABY,BYRNEPARK WK /SOUTHPOINT DR,bd955c27-9bcf-443b-b553-a2b243f677d2,1778704034217,burnaby.gis,1778704034217,burnaby.gis,1775606400000,POINT (-122.9632261189 49.2071673317)
3727,,THEFT FROM AUTO,BURNABY,16TH AV /1ST ST,8f4d8eab-e6b7-4b8c-9b5b-10b2ecb97e81,1778704034217,burnaby.gis,1778704034217,burnaby.gis,1775606400000,POINT (-122.9252214814 49.2279522637)
3728,,THEFT OF AUTO,BURNABY,13TH AV /13TH ST,61d7c0bc-d260-4837-8a44-c0445ef17afd,1778704034217,burnaby.gis,1778704034217,burnaby.gis,1775692800000,POINT (-122.9430951876 49.2145072878)
3729,,THEFT OF AUTO,BURNABY,HOLDOM AV N : 1 - 199 Block,e3c56444-b315-4c11-88e8-9cc239d4e66c,1778704034217,burnaby.gis,1778704034217,burnaby.gis,1775692800000,POINT (-122.9807765563 49.2853131337)
3730,,THEFT FROM AUTO,BURNABY,LYNDHURST ST /NOEL DR,36db8439-ebb0-4ced-b435-925589dbc891,1778704034217,burnaby.gis,1778704034217,burnaby.gis,1775779200000,POINT (-122.898808775 49.258891475)
3731,,THEFT FROM AUTO,BURNABY,KINGSWAY /WALKER AV,38b8ba09-3bc4-4d87-967f-1dda75d1b343,1778704034217,burnaby.gis,1778704034217,burnaby.gis,1775779200000,POINT (-122.9526997124 49.2183731314)
3732,,THEFT FROM AUTO,BURNABY,LYNDHURST ST /MOUNTVIEW PL,3eed560e-4579-42e7-baa7-8037207e27ae,1778704034217,burnaby.gis,1778704034217,burnaby.gis,1775779200000,POINT (-122.8973054242 49.2588781165)
3733,,THEFT OF AUTO,BURNABY,MANCHESTER DR : 9600 - 9899 Block,ea7b70b3-a75c-4172-a0a0-0a50d6cc7ae9,1778704034217,burnaby.gis,1778704034217,burnaby.gis,1775865600000,POINT (-122.8976381242 49.2467453127)
3734,,BREAK & ENTER-BUSINESS,BURNABY,MACDONALD AV /PENDER ST,bed9a510-d187-4504-bcca-5e5c48ac2a4b,1778704034217,burnaby.gis,1778704034217,burnaby.gis,1775865600000,POINT (-123.0162707726 49.2801884405)
3735,,THEFT FROM AUTO,BURNABY,CAMBRIDGE ST : 4100 - 4199 Block,0097b243-a014-4a7e-8dc8-0085a798d3c1,1778704034217,burnaby.gis,1778704034217,burnaby.gis,1776038400000,POINT (-123.0126809733 49.2864853639)
3736,,THEFT FROM AUTO,BURNABY,12TH AV /COQUITLAM ST,14f98c9a-1dec-4ff8-bd07-48fd6b4e7cfc,1778704034217,burnaby.gis,1778704034217,burnaby.gis,1776038400000,POINT (-122.9109403419 49.2305076637)
3737,,THEFT FROM AUTO,BURNABY,BYRNE RD : 5610 - 5899 Block,0b4f8515-91d1-42b9-b67d-ab5c7e53e5fd,1778704034217,burnaby.gis,1778704034217,burnaby.gis,1776038400000,POINT (-122.9796221486 49.2032760459)
3738,,THEFT FROM AUTO,BURNABY,INMAN AV /MOSCROP ST,3e663862-9315-4370-923d-fea36f349719,1778704034217,burnaby.gis,1778704034217,burnaby.gis,1776124800000,POINT (-123.015835663 49.2429702436)
3739,,THEFT FROM AUTO,BURNABY,DAUPHIN PL /HUMMEL ST,b137c581-4afb-4d38-bd00-24c44f858036,1778704034217,burnaby.gis,1778704034217,burnaby.gis,1776124800000,POINT (-122.9658743312 49.2638978298)
3740,,THEFT FROM AUTO,BURNABY,6TH ST : 6800 - 6899 Block,3647b08e-50e9-40c2-b150-040aa0bf05bd,1778704034217,burnaby.gis,1778704034217,burnaby.gis,1776211200000,POINT (-122.9409589056 49.2292029122)
3741,,THEFT FROM AUTO,BURNABY,BAINBRIDGE AV /LOUGHEED HY,6d174b87-1478-4925-81f5-32620d747b8e,1778704034217,burnaby.gis,1778704034217,burnaby.gis,1776211200000,POINT (-122.9559637074 49.2586657732)
3742,,THEFT FROM AUTO,BURNABY,LINDEN AV : 6600 - 6899 Block,7ed83ec2-17f2-4e2d-b806-747e3c7a3c52,1778704034217,burnaby.gis,1778704034217,burnaby.gis,1776297600000,POINT (-122.9545266401 49.2231601657)
3743,,BREAK & ENTER-BUSINESS,BURNABY,DUNBLANE AV : 6600 - 6799 Block,1453aaa9-52f4-444a-ba65-5c2c0919268d,1778704034217,burnaby.gis,1778704034217,burnaby.gis,1776211200000,POINT (-122.9928082 49.2227305364)
3744,,THEFT FROM AUTO,BURNABY,ENTERPRISE ST : 7800 - 8099 Block,4cc82a7b-6c73-45de-b11c-c47e7a34fc96,1778704034217,burnaby.gis,1778704034217,burnaby.gis,1776297600000,POINT (-122.932546247 49.255493736)
3745,,THEFT FROM AUTO,BURNABY,14TH AV /NEWCOMBE ST,610196bb-299d-4df7-b330-f7682e7447cb,1778704034217,burnaby.gis,1778704034217,burnaby.gis,1776297600000,POINT (-122.9207986854 49.2278033954)
3746,,BREAK & ENTER-RESIDENCE,BURNABY,BUCKINGHAM AV /BURRIS ST,ac93e967-311f-46ee-8dfe-e88b1e7a01b9,1778704034217,burnaby.gis,1778704034217,burnaby.gis,1776384000000,POINT (-122.9572133522 49.2339477366)
3747,,BREAK & ENTER-RESIDENCE,BURNABY,HYCREST DR /SPERLING AV,a0fb5c18-a2ed-4204-97a6-b18fe72b6a30,1778704034217,burnaby.gis,1778704034217,burnaby.gis,1776556800000,POINT (-122.9646406339 49.2629983483)
3748,,THEFT FROM AUTO,BURNABY,DUNDAS ST /ROSSER AV N,f52ce4f2-b7a9-4aa3-a89c-f85308d3366d,1778704034217,burnaby.gis,1778704034217,burnaby.gis,1776556800000,POINT (-123.005810123 49.2846289445)
3749,,THEFT FROM AUTO,BURNABY,KINGSWAY : 4310 - 4429 Block,63f3de3b-01e8-4844-9863-abb1699c9393,1778704034217,burnaby.gis,1778704034217,burnaby.gis,1776643200000,POINT (-123.0070570437 49.2309327117)
3750,,THEFT FROM AUTO,BURNABY,UNIVERSITY DR E : -1 - 0 Block,fe3478c6-a4ed-4c1d-af4a-3753881148bd,1778704034217,burnaby.gis,1778704034217,burnaby.gis,1776643200000,POINT (-122.9043925885 49.280104395)
3751,,BREAK & ENTER-RESIDENCE,BURNABY,COVENTRY PL : 2900 - 2999 Block,9245d2de-ed53-4aba-82c5-9b32232d2315,1778704034217,burnaby.gis,1778704034217,burnaby.gis,1776556800000,POINT (-122.9546975847 49.2575768439)
3752,,THEFT FROM AUTO,BURNABY,ASHWORTH AV /BURFORD ST,6e9c9f8e-69ac-438c-bdde-f652eac17836,1778704034217,burnaby.gis,1778704034217,burnaby.gis,1776643200000,POINT (-122.9625353092 49.2239505517)
3753,,BREAK & ENTER-OTHER,BURNABY,13TH AV /6TH ST,0bd6f856-8743-48cd-8ea5-9ec85463d6e6,1778704034217,burnaby.gis,1778704034217,burnaby.gis,1776729600000,POINT (-122.9304904874 49.2212642211)
3754,,THEFT OF AUTO,BURNABY,WILLIAM ST : 3800 - 3899 Block,4124f048-f116-4f96-9099-e4fb31acc6ce,1778704034217,burnaby.gis,1778704034217,burnaby.gis,1776816000000,POINT (-123.0198587345 49.2739005261)
3755,,THEFT FROM AUTO,BURNABY,BOUNDARY RD /GEORGIA ST,22dcfdf3-ba1d-4770-86f9-62e3e48b93c7,1778704034217,burnaby.gis,1778704034217,burnaby.gis,1776902400000,POINT (-123.0233987309 49.2784708942)
3756,,THEFT FROM AUTO,BURNABY,GRAVELEY ST : 4100 - 4290 Block,6ce508d5-8850-4351-add8-22b8b2285f0c,1778704034217,burnaby.gis,1778704034217,burnaby.gis,1776988800000,POINT (-123.0107884475 49.2702249522)
3757,,THEFT FROM AUTO,BURNABY,ABBEY AV /SAMARA CT,736c3eb4-04ad-4b53-a1f7-50f9d2ee4101,1778704034217,burnaby.gis,1778704034217,burnaby.gis,1777075200000,POINT (-123.0061833679 49.2352590822)
3758,,THEFT FROM AUTO,BURNABY,LAKEVIEW AV : 6650 - 6799 Block,9ac0e10b-2291-468a-9cd2-accce5ba28d0,1778704034217,burnaby.gis,1778704034217,burnaby.gis,1776988800000,POINT (-122.9693133727 49.2228531923)
3759,,THEFT FROM AUTO,BURNABY,GAGLARDI WY /UNIVERSITY DR,bc3cf3e4-704b-4858-8ba7-2322fcb522db,1778704034217,burnaby.gis,1778704034217,burnaby.gis,1777161600000,POINT (-122.9200489102 49.2801262728)
3760,,THEFT FROM AUTO,BURNABY,GILPIN CR /WILDWOOD CR,9e053539-8c52-4b6c-acb6-2d08c543dead,1778704034217,burnaby.gis,1778704034217,burnaby.gis,1777161600000,POINT (-123.0076139759 49.2394620357)
3761,,THEFT FROM AUTO,BURNABY,KINGSWAY /PATTERSON AV,6a3c9f93-d1dc-4476-9ae4-42a1222a67f4,1778704034217,burnaby.gis,1778704034217,burnaby.gis,1776988800000,POINT (-123.0126604992 49.2326425152)
3762,,THEFT OF AUTO,BURNABY,DUFFERIN AV /IRVING ST,dd19a558-cb91-4730-8762-3ca9e32481da,1778704034217,burnaby.gis,1778704034217,burnaby.gis,1777248000000,POINT (-122.980803267 49.2261302313)
3763,,THEFT FROM AUTO,BURNABY,BRANTFORD AV /STANLEY ST,e0a05a2b-a13f-4f20-84c5-b527344e82b4,1778704034217,burnaby.gis,1778704034217,burnaby.gis,1777334400000,POINT (-122.9677952247 49.2270733222)
3764,,BREAK & ENTER-OTHER,BURNABY,IMPERIAL ST /SPERLING AV,17c41d4c-5207-4b18-a80b-0e592759d564,1778704034217,burnaby.gis,1778704034217,burnaby.gis,1777334400000,POINT (-122.9647641453 49.2219358664)
3765,,BREAK & ENTER-BUSINESS,BURNABY,VENTURE ST /EOR - END OF ROAD,c4b73c85-ebe5-41b0-b6fc-d908953dcff9,1778704034217,burnaby.gis,1778704034217,burnaby.gis,1777334400000,POINT (-122.9351114153 49.2576981508)
3766,,BREAK & ENTER-RESIDENCE,BURNABY,IMPERIAL ST /WILLINGDON AV,2ce29047-7ba2-4eea-b8f2-25ad7f02b0b3,1778704034217,burnaby.gis,1778704034217,burnaby.gis,1777334400000,POINT (-123.0108666827 49.2219425116)
3767,,THEFT FROM AUTO,BURNABY,ELMWOOD ST /SMITH AV,991e2564-097c-4e31-8f07-9d62b3448f84,1778704034217,burnaby.gis,1778704034217,burnaby.gis,1777420800000,POINT (-123.0197936305 49.2506156077)
3768,,BREAK & ENTER-OTHER,BURNABY,MACPHERSON AV : 7100 - 7499 Block,ab7cdaea-9a81-4f82-a2f1-c1f38fbe9756,1778704034217,burnaby.gis,1778704034217,burnaby.gis,1777420800000,POINT (-122.9828301013 49.2171923498)
3769,,BREAK & ENTER-BUSINESS,BURNABY,EVERGREEN PL :  -  Block,22e03d2e-fb51-4882-8dd9-89e170119d36,1778704034217,burnaby.gis,1778704034217,burnaby.gis,1777420800000,POINT (-122.8934055902 49.2498620332)
3770,,THEFT FROM AUTO,BURNABY,GILMORE AV : 100 - 199 Block,ee419ea6-56b5-48c4-a025-7f5f95d4139c,1778704034217,burnaby.gis,1778704034217,burnaby.gis,1777507200000,POINT (-123.0141332884 49.2833383941)
3771,,THEFT FROM AUTO,BURNABY,BYRNE RD : 5610 - 5899 Block,e94effc7-17aa-4909-a4ac-78d39ee469db,1778704034217,burnaby.gis,1778704034217,burnaby.gis,1777507200000,POINT (-122.9796221486 49.2032760459)
3772,,THEFT FROM AUTO,BURNABY,GAGLARDI WY /UNIVERSITY DR,796145db-e50f-41a6-90c9-508088b8ae62,1778704034217,burnaby.gis,1778704034217,burnaby.gis,1775001600000,POINT (-122.9200489102 49.2801262728)
3773,,THEFT FROM AUTO,BURNABY,DELTA AV /RIDGELAWN DR,096ec5b4-87fd-457f-84dc-bfa2bb96d08c,1778704034217,burnaby.gis,1778704034217,burnaby.gis,1775001600000,POINT (-122.9922059888 49.2673946625)
3774,,THEFT FROM AUTO,BURNABY,MIDLAWN DR /WESTLAWN DR,783d71e1-ab29-4866-845a-9eced0259264,1778704034217,burnaby.gis,1778704034217,burnaby.gis,1775088000000,POINT (-123.0010061177 49.2710429323)
3775,,THEFT FROM AUTO,BURNABY,FRANCES ST /SPRINGER AV,88e00ad2-8773-40d1-8540-4e77e7b4bb5a,1778704034217,burnaby.gis,1778704034217,burnaby.gis,1775174400000,POINT (-122.9878159971 49.2791338879)
3776,,THEFT OF AUTO,BURNABY,CLINTON ST /PLUM AV,b2d3aa61-1719-4e64-a667-62b88b155438,1778704034217,burnaby.gis,1778704034217,burnaby.gis,1775347200000,POINT (-122.9802283352 49.2129864387)
3777,,THEFT FROM AUTO,BURNABY,BUCHANAN ST : 4300 - 4399 Block,2c9a5343-fef7-4e27-9084-30441be841d1,1778704034217,burnaby.gis,1778704034217,burnaby.gis,1775606400000,POINT (-123.008134228 49.2674535589)
3778,,THEFT OF AUTO,BURNABY,JOFFRE AV /KEITH ST,38dfeaae-6168-49ba-802b-ecc449a812bf,1778704034217,burnaby.gis,1778704034217,burnaby.gis,1775606400000,POINT (-123.0206293108 49.2068141269)
3779,,BREAK & ENTER-BUSINESS,BURNABY,GAGLARDI WY /UNIVERSITY DR,d6f41654-8d54-4200-8ef4-09da1966b66b,1778704034217,burnaby.gis,1778704034217,burnaby.gis,1775606400000,POINT (-122.9200489102 49.2801262728)
3780,,THEFT FROM AUTO,BURNABY,BERESFORD ST /DOW AV,abeb1050-d23f-4f04-99b2-e4fd9cbebdff,1778704034217,burnaby.gis,1778704034217,burnaby.gis,1775692800000,POINT (-123.0006679009 49.2239697003)
3781,,THEFT OF AUTO,BURNABY,CHARLES ST /DOUGLAS RD,fdb3a739-948c-46a3-9fc8-1d5ecb30d353,1778704034217,burnaby.gis,1778704034217,burnaby.gis,1775692800000,POINT (-123.0173992353 49.2729846085)
3782,,THEFT OF AUTO,BURNABY,GOLETA DR /HALIFAX ST,31e67721-f669-48c7-ad0e-55b2fb9d7aaf,1778704034217,burnaby.gis,1778704034217,burnaby.gis,1775692800000,POINT (-122.949658102 49.2679681668)
3783,,THEFT FROM AUTO,BURNABY,GAGLARDI WY /UNIVERSITY DR,858a7b85-a94f-4be7-a442-56ceb3ad762f,1778704034217,burnaby.gis,1778704034217,burnaby.gis,1775606400000,POINT (-122.9200489102 49.2801262728)
3784,,BREAK & ENTER-BUSINESS,BURNABY,GILMORE DV /MANOR ST,b5571da4-b619-42f7-adcb-f2061dc07a1a,1778704034217,burnaby.gis,1778704034217,burnaby.gis,1775520000000,POINT (-123.0120163585 49.2572015171)
3785,,BREAK & ENTER-RESIDENCE,BURNABY,15TH AV /4TH ST,6b768bd6-8954-45ac-99cd-c2cb207f468e,1778704034217,burnaby.gis,1778704034217,burnaby.gis,1775692800000,POINT (-122.9292396227 49.2240526847)
3786,,THEFT FROM AUTO,BURNABY,17TH AV : 8400 - 8499 Block,fc3e390a-2932-4235-877a-8dfeaceb4eb5,1778704034217,burnaby.gis,1778704034217,burnaby.gis,1775779200000,POINT (-122.9201250629 49.2319616113)
3787,,THEFT FROM AUTO,BURNABY,RIVERBEND DR /WIGGINS ST,e1e9a34e-84bb-4599-85c6-f81664510bed,1778704034217,burnaby.gis,1778704034217,burnaby.gis,1775779200000,POINT (-122.9719837879 49.1882065775)
3788,,BREAK & ENTER-RESIDENCE,BURNABY,HAZELWOOD CR : 4240 - 4399 Block,e85b19be-490f-43fe-818b-bdaff6b5cf9f,1778704034217,burnaby.gis,1778704034217,burnaby.gis,1775865600000,POINT (-123.0087691464 49.237493604)
3789,,BREAK & ENTER-OTHER,BURNABY,KINGSWAY /MILLER AV,5e1b6854-0a15-47b2-9b1d-2011c7ac47dd,1778704034217,burnaby.gis,1778704034217,burnaby.gis,1775865600000,POINT (-122.9950884609 49.2270023804)
3790,,THEFT FROM AUTO,BURNABY,KINGSWAY : 4700 - 4749 Block,5e7e3be3-9777-4738-ac01-9bed56ef7ef4,1778704034217,burnaby.gis,1778704034217,burnaby.gis,1776297600000,POINT (-122.9985077324 49.2281264308)
3791,,THEFT FROM AUTO,BURNABY,JOE SAKIC WY /KENSINGTON AV,6603d743-2b82-4937-a39b-fe719cdf99b5,1778704034217,burnaby.gis,1778704034217,burnaby.gis,1776384000000,POINT (-122.9665615187 49.2534457364)
3792,,THEFT FROM AUTO,BURNABY,CAMBRIDGE ST /INGLETON AV N,3bca97d4-d27f-4bc7-8eaf-0eb70efa261f,1778704034217,burnaby.gis,1778704034217,burnaby.gis,1776384000000,POINT (-123.0185345729 49.2865306492)
3793,,BREAK & ENTER-OTHER,BURNABY,ALPHA AV /DAWSON ST,6f3fee63-f89e-40f7-9773-689df36d948c,1778704034217,burnaby.gis,1778704034217,burnaby.gis,1776470400000,POINT (-123.0003883777 49.2644637986)
3794,,BREAK & ENTER-BUSINESS,BURNABY,SILVER AV : 6300 - 6599 Block,8423ec70-dec1-4b08-a22d-82ed14fec924,1778704034217,burnaby.gis,1778704034217,burnaby.gis,1776556800000,POINT (-123.0065973802 49.2246702316)
3795,,BREAK & ENTER-BUSINESS,BURNABY,ALBERT ST /MACDONALD AV,42cc0b71-2d29-47a1-983a-4b1ccc9bfea5,1778704034217,burnaby.gis,1778704034217,burnaby.gis,1776556800000,POINT (-123.0162467388 49.2819974179)
3796,,BREAK & ENTER-BUSINESS,BURNABY,BENNETT ST /MARLBOROUGH AV,4d300132-7e01-4aef-b3ae-5d010f6fa98b,1778704034217,burnaby.gis,1778704034217,burnaby.gis,1776556800000,POINT (-122.9915574811 49.2251886185)
3797,,THEFT FROM AUTO,BURNABY,CHICORY PL /COLLISTER DR,5de5ef33-e6c7-49c4-bbd8-11ccd949b997,1778704034217,burnaby.gis,1778704034217,burnaby.gis,1776556800000,POINT (-122.9532831634 49.2572992304)
3798,,THEFT FROM AUTO,BURNABY,GRAFTON ST /SARDIS CR,569a6dd6-51bb-4ac6-a983-85412dcc3515,1778704034217,burnaby.gis,1778704034217,burnaby.gis,1776643200000,POINT (-122.9926150215 49.2318996041)
3799,,BREAK & ENTER-BUSINESS,BURNABY,NORTH FRASER WY /WIGGINS ST,b5973d5d-ee7f-4893-9cf3-193efbd4a1e5,1778704034217,burnaby.gis,1778704034217,burnaby.gis,1776643200000,POINT (-122.975816759 49.1912383891)
3800,,THEFT FROM AUTO,BURNABY,CHARLES ST : 4100 - 4299 Block,4f692cbb-30a0-4a19-90e1-5758c0fdb72a,1778704034217,burnaby.gis,1778704034217,burnaby.gis,1776902400000,POINT (-123.0101654115 49.2729314122)
3801,,BREAK & ENTER-BUSINESS,BURNABY,NORTH FRASER WY /WIGGINS ST,974ad5cd-bed0-4743-8301-3ae6e32b62eb,1778704034217,burnaby.gis,1778704034217,burnaby.gis,1776902400000,POINT (-122.975816759 49.1912383891)
3802,,THEFT FROM AUTO,BURNABY,CLINTON ST /NELSON AV,a995639a-be9f-4075-9ad8-68565a589eba,1778704034217,burnaby.gis,1778704034217,burnaby.gis,1777075200000,POINT (-122.9938982521 49.2129536005)
3803,,BREAK & ENTER-OTHER,BURNABY,GILLEY AV /KINGSWAY,1a9c9fbc-2dc9-49bb-b957-721bd7a2f1bf,1778704034217,burnaby.gis,1778704034217,burnaby.gis,1777075200000,POINT (-122.9720184944 49.2199243477)
3804,,THEFT FROM AUTO,BURNABY,BURNLAKE DR : 8080 - 8099 Block,25147d2f-f680-46f9-bb18-d455f7e73045,1778704034217,burnaby.gis,1778704034217,burnaby.gis,1777248000000,POINT (-122.9293778796 49.2492496554)
3805,,THEFT FROM AUTO,BURNABY,2ND AV /MACDONALD AV,514a5e6e-0324-45af-99b3-c3169e41fa7e,1778704034217,burnaby.gis,1778704034217,burnaby.gis,1777248000000,POINT (-123.0163449048 49.2684658771)
3806,,BREAK & ENTER-OTHER,BURNABY,MANOR ST /ROYAL OAK AV,ce0179ed-5b23-4a1a-b3ce-fb7b33f65866,1778704034217,burnaby.gis,1778704034217,burnaby.gis,1776988800000,POINT (-122.9889872828 49.2571030146)
3807,,THEFT FROM AUTO,BURNABY,BYRNE RD /MEADOW AV,acf0769c-7085-4f07-97ff-afefd60a0c24,1778704034217,burnaby.gis,1778704034217,burnaby.gis,1777334400000,POINT (-122.9772831327 49.2045149743)
3808,,THEFT FROM AUTO,BURNABY,KINCAID ST : 4000 - 4099 Block,0b62838e-a582-4113-aaaa-c0df9b39de78,1778704034217,burnaby.gis,1778704034217,burnaby.gis,1777334400000,POINT (-123.0137653474 49.2487532712)
3809,,THEFT FROM AUTO,BURNABY,STILL CREEK AV : 3700 - 3819 Block,e3502272-10e5-4f37-8296-e5bfe8f5ecfd,1778704034217,burnaby.gis,1778704034217,burnaby.gis,1777334400000,POINT (-123.0199857899 49.2608690936)
3810,,THEFT FROM AUTO,BURNABY,HYTHE AV N : 200 - 499 Block,1102828b-82f9-434a-9599-cf98a86a19de,1778704034217,burnaby.gis,1778704034217,burnaby.gis,1777334400000,POINT (-122.9902978714 49.2880814186)
3811,,THEFT OF AUTO,BURNABY,LOUGHEED HY : 4500 - 4599 Block,03e6a74f-e344-4eae-b606-d41aa1eb6520,1778704034217,burnaby.gis,1778704034217,burnaby.gis,1777420800000,POINT (-123.001803509 49.2663734997)
3812,,THEFT FROM AUTO,BURNABY,MCKAY AV : 6600 - 6799 Block,734b4d6d-9049-4f26-a3c9-8eb2bb5b00cc,1778704034217,burnaby.gis,1778704034217,burnaby.gis,1777507200000,POINT (-123.0089809297 49.2228427485)
3813,,THEFT FROM AUTO,BURNABY,CENTRAL BV : 4500 - 4699 Block,6265291b-0a14-445a-aaa7-19ad4638f6ee,1778704034217,burnaby.gis,1778704034217,burnaby.gis,1777507200000,POINT (-123.0021909882 49.2251181164)
3814,,THEFT FROM AUTO,BURNABY,KINGSWAY /WILSON AV,376631da-c4a9-48ce-89c8-7c5ac539d961,1778704034217,burnaby.gis,1778704034217,burnaby.gis,1775174400000,POINT (-123.0078067228 49.2311790833)
3815,,THEFT FROM AUTO,BURNABY,KINGSWAY /ROYAL OAK AV,bdd5988f-f449-44b9-ad39-04570d584c81,1778704034217,burnaby.gis,1778704034217,burnaby.gis,1775174400000,POINT (-122.9889144716 49.2249674473)
3816,,THEFT FROM AUTO,BURNABY,ALBERT ST /ESMOND AV,17409806-9cb1-452f-be7a-5b62af2b56ba,1778704034217,burnaby.gis,1778704034217,burnaby.gis,1775174400000,POINT (-123.0209830693 49.2820303881)
3817,,THEFT FROM AUTO,BURNABY,KINGSWAY : 5501 - 5589 Block,e1f6f785-2073-4176-a775-03aeba988a63,1778704034217,burnaby.gis,1778704034217,burnaby.gis,1775174400000,POINT (-122.9836453632 49.2232819878)
3818,,THEFT FROM AUTO,BURNABY,KINGSWAY /MARLBOROUGH AV,8d77225e-2ed8-4dc2-afd3-891fa67611d9,1778704034217,burnaby.gis,1778704034217,burnaby.gis,1775174400000,POINT (-122.9915673585 49.2258422401)
3819,,THEFT FROM AUTO,BURNABY,ACACIA AV : 6600 - 6899 Block,c2943af3-a1bc-4408-b6b2-0186ac8c79d9,1778704034217,burnaby.gis,1778704034217,burnaby.gis,1775347200000,POINT (-122.9499719428 49.225572081)
3820,,BREAK & ENTER-OTHER,BURNABY,14TH AV /GRIFFITHS DR,6848175e-7397-4022-b367-201fefc31bde,1778704034217,burnaby.gis,1778704034217,burnaby.gis,1775347200000,POINT (-122.9537306314 49.2097596465)
3821,,THEFT FROM AUTO,BURNABY,WILLINGDON AV : 1900 - 1999 Block,8a1ace9b-0926-4f80-8817-9a72638d3570,1778704034217,burnaby.gis,1778704034217,burnaby.gis,1775433600000,POINT (-123.0032332505 49.2669297377)
3822,,THEFT OF AUTO,BURNABY,LOUGHEED HY : 4500 - 4599 Block,a49a2943-2726-40ad-9551-7bc43205f319,1778704034217,burnaby.gis,1778704034217,burnaby.gis,1775433600000,POINT (-123.001803509 49.2663734997)
3823,,BREAK & ENTER-BUSINESS,BURNABY,BERESFORD ST : 4400 - 4429 Block,c2e28361-5ec7-438c-8977-a6d95d33b705,1778704034217,burnaby.gis,1778704034217,burnaby.gis,1775520000000,POINT (-123.004269328 49.2256232167)
3824,,THEFT OF AUTO,BURNABY,BYRNEPARK WK /SOUTHPOINT DR,a8f11721-48f0-470c-9711-d53d6d910326,1778704034217,burnaby.gis,1778704034217,burnaby.gis,1775520000000,POINT (-122.9632261189 49.2071673317)
3825,,THEFT OF AUTO,BURNABY,10TH AV /18TH ST,2d59d3b6-cc2d-4192-a967-edfec4ad8a41,1778704034217,burnaby.gis,1778704034217,burnaby.gis,1775606400000,POINT (-122.94816087 49.2078593434)
3826,,THEFT FROM AUTO,BURNABY,BYRNEPARK DR /BYRNEPARK WK,39403ea6-589a-4452-8100-a255a2a915f1,1778704034217,burnaby.gis,1778704034217,burnaby.gis,1775606400000,POINT (-122.9656883179 49.2087623876)
3827,,BREAK & ENTER-BUSINESS,BURNABY,IMPERIAL ST : 5000 - 5049 Block,37eec812-f62b-42c9-be92-2d589cbefcb1,1778704034217,burnaby.gis,1778704034217,burnaby.gis,1775433600000,POINT (-122.9921779088 49.2219421062)
3828,,THEFT FROM AUTO,BURNABY,HALIFAX ST /HOWARD AV,bd1f1192-65ce-47a6-90d7-781d797c6868,1778704034217,burnaby.gis,1778704034217,burnaby.gis,1775692800000,POINT (-122.983773771 49.2680055746)
3829,,THEFT FROM AUTO,BURNABY,BYRNEPARK DR /BYRNEPARK WK,562b76ec-2c42-43a6-a084-f16956ab63c9,1778704034217,burnaby.gis,1778704034217,burnaby.gis,1775779200000,POINT (-122.9656883179 49.2087623876)
3830,,BREAK & ENTER-BUSINESS,BURNABY,FERNGLEN PL : 4600 - 4699 Block,432b6900-a8e6-4b3f-8850-78a17aa7b2cd,1778704034217,burnaby.gis,1778704034217,burnaby.gis,1775779200000,POINT (-122.9973472617 49.2424352012)
3831,,BREAK & ENTER-RESIDENCE,BURNABY,CENTRAL BV /OLIVE AV,b5fbe0aa-42ea-49de-ac93-003462a898bd,1778704034217,burnaby.gis,1778704034217,burnaby.gis,1775692800000,POINT (-123.0121101793 49.2296659205)
3832,,THEFT FROM AUTO,BURNABY,FOREST ST /SMITH AV,4acba9db-a120-4cf3-aeeb-50196f621962,1778704034217,burnaby.gis,1778704034217,burnaby.gis,1775952000000,POINT (-123.0198150095 49.2479131145)
3833,,BREAK & ENTER-RESIDENCE,BURNABY,BRAEMAR AV /WHELEN CT,e7cbe094-3664-4625-8d4c-0c776af9f65f,1778704034217,burnaby.gis,1778704034217,burnaby.gis,1775952000000,POINT (-122.9606887439 49.2334045059)
3834,,THEFT FROM AUTO,BURNABY,BILL FOX WY /EOR - END OF ROAD,a81fbae3-5a33-4396-bc96-88f16d59f453,1778704034217,burnaby.gis,1778704034217,burnaby.gis,1775952000000,POINT (-122.9884283112 49.1996026536)
3835,,BREAK & ENTER-BUSINESS,BURNABY,ESMOND AV /MANOR ST,bc9840e3-823e-4f45-a74f-db32971a9bda,1778704034217,burnaby.gis,1778704034217,burnaby.gis,1776038400000,POINT (-123.0216876761 49.2572972928)
3836,,BREAK & ENTER-OTHER,BURNABY,GRIFFITHS DR /STRIDE AV,57f0aa6a-79ff-45ae-a641-bc6184aa5a83,1778704034217,burnaby.gis,1778704034217,burnaby.gis,1776038400000,POINT (-122.9556556478 49.2111908531)
3837,,BREAK & ENTER-BUSINESS,BURNABY,WILLARD ST : 8200 - 8299 Block,ef24f57f-713b-4c99-b5cd-ed47bf091558,1778704034217,burnaby.gis,1778704034217,burnaby.gis,1776038400000,POINT (-122.9581406731 49.1942770299)
3838,,BREAK & ENTER-OTHER,BURNABY,WILLINGDON AV : 6200 - 6399 Block,8df0878d-0727-45d0-b472-0454c622419f,1778704034217,burnaby.gis,1778704034217,burnaby.gis,1776038400000,POINT (-123.0088767186 49.2264257366)
3839,,THEFT FROM AUTO,BURNABY,CLINTON ST /DOW AV,4f97b7ba-9d19-4b04-b445-127d61dafb02,1778704034217,burnaby.gis,1778704034217,burnaby.gis,1776038400000,POINT (-123.0027377691 49.2129601333)
3840,,THEFT FROM AUTO,BURNABY,COLLISTER DR : 7160 - 7169 Block,39ec4055-9317-4eb0-be0c-30f3450f220c,1778704034217,burnaby.gis,1778704034217,burnaby.gis,1776124800000,POINT (-122.9535868873 49.2572992112)
3841,,BREAK & ENTER-BUSINESS,BURNABY,KINGSWAY /ROYAL OAK AV,8a7fd33b-0392-48f3-b376-b2b7497832c3,1778704034217,burnaby.gis,1778704034217,burnaby.gis,1776211200000,POINT (-122.9889144716 49.2249674473)
3842,,BREAK & ENTER-BUSINESS,BURNABY,BUCHANAN ST : 4300 - 4399 Block,a92008ff-6703-4d9c-817b-d9ddc85dfe2b,1778704034217,burnaby.gis,1778704034217,burnaby.gis,1776038400000,POINT (-123.008134228 49.2674535589)
3843,,BREAK & ENTER-OTHER,BURNABY,KINGSWAY : 4800 - 4849 Block,d59d72b5-f553-4e05-abb6-74b052f0009b,1778704034217,burnaby.gis,1778704034217,burnaby.gis,1776211200000,POINT (-122.995735521 49.2272131168)
3844,,THEFT FROM AUTO,BURNABY,IRMIN ST : 5400 - 5899 Block,6b42f7af-ce12-435c-af1d-60d1ab4963e0,1778704034217,burnaby.gis,1778704034217,burnaby.gis,1776211200000,POINT (-122.9801473121 49.2156282706)
3845,,BREAK & ENTER-OTHER,BURNABY,DUNBLANE AV : 6600 - 6799 Block,4e50a44b-f9bb-4962-91dc-7354bede541b,1778704034217,burnaby.gis,1778704034217,burnaby.gis,1776211200000,POINT (-122.9928082 49.2227305364)
3846,,BREAK & ENTER-BUSINESS,BURNABY,GAGLARDI WY /UNIVERSITY DR,d5f25a4a-23c1-41d0-9a89-44aa02357e08,1778704034217,burnaby.gis,1778704034217,burnaby.gis,1776384000000,POINT (-122.9200489102 49.2801262728)
3847,,THEFT FROM AUTO,BURNABY,BRANTFORD AV : 6000 - 6299 Block,94f46dc1-1865-4696-a459-3c4b8de7b293,1778704034217,burnaby.gis,1778704034217,burnaby.gis,1776643200000,POINT (-122.967794794 49.2281781565)
3848,,THEFT OF AUTO,BURNABY,13TH AV /15TH ST,d0cb6dd4-c00e-418f-bfcc-012767ca854a,1778704034217,burnaby.gis,1778704034217,burnaby.gis,1776816000000,POINT (-122.9454459126 49.2132339577)
3849,,THEFT FROM AUTO,BURNABY,FELL AV /GRANT ST,2f83df9f-a481-4305-a6b7-475f3506ea6e,1778704034217,burnaby.gis,1778704034217,burnaby.gis,1776816000000,POINT (-122.9756122987 49.2707094251)
3850,,THEFT OF AUTO,BURNABY,HALIFAX ST : 6700 - 6899 Block,af06ee0e-eac8-4c09-8df3-6e654d881f07,1778704034217,burnaby.gis,1778704034217,burnaby.gis,1776816000000,POINT (-122.9632337941 49.2679818443)
3851,,THEFT FROM AUTO,BURNABY,KINGSWAY /WILLINGDON AV,91faaa03-f7e5-4aab-9ae7-d91f9f41e92a,1778704034217,burnaby.gis,1778704034217,burnaby.gis,1776816000000,POINT (-123.0048321208 49.2302021397)
3852,,THEFT FROM AUTO,BURNABY,FOREST ST : 3800 - 3999 Block,134fd7fd-5760-46cb-84f7-07afd775908d,1778704034217,burnaby.gis,1778704034217,burnaby.gis,1777248000000,POINT (-123.0175340393 49.2479035048)
3853,,THEFT FROM AUTO,BURNABY,NORLAND AV : 2800 - 2899 Block,70a73d6c-e063-4beb-a4e4-b9453ba97540,1778704034217,burnaby.gis,1778704034217,burnaby.gis,1777248000000,POINT (-122.9791101642 49.2585801278)
3854,,BREAK & ENTER-OTHER,BURNABY,ALPHA AV /DAWSON ST,a5698850-e90f-4e58-882f-ad2116f1a041,1778704034217,burnaby.gis,1778704034217,burnaby.gis,1777420800000,POINT (-123.0003883777 49.2644637986)
3855,,THEFT FROM AUTO,BURNABY,DAWSON ST : 4700 - 4819 Block,f62c4f09-ba2c-4fa0-843c-95bc872b7e56,1778704034217,burnaby.gis,1778704034217,burnaby.gis,1777507200000,POINT (-122.9962995144 49.2642840901)
3856,,THEFT FROM AUTO,BURNABY,FOREST GROVE DR /UNDERHILL AV,aac42218-ccd6-4b85-96e4-97b4b468d7f4,1781538277823,burnaby.gis,1781538277823,burnaby.gis,1777593600000,POINT (-122.9275586064 49.2646343132)
3857,,BREAK & ENTER-BUSINESS,BURNABY,KINGSWAY /SUSSEX AV,656ad3c5-d11f-4720-b084-3df7c60acc9f,1781538277823,burnaby.gis,1781538277823,burnaby.gis,1777593600000,POINT (-122.9993183432 49.2283922605)
3858,,THEFT FROM AUTO,BURNABY,ALBERT ST /INGLETON AV,d5e2f6f4-b2da-4032-a21e-125b889ae5be,1781538277823,burnaby.gis,1781538277823,burnaby.gis,1777593600000,POINT (-123.0186094104 49.2820138188)
3859,,THEFT FROM AUTO,BURNABY,PENDER ST /ROSSER AV,d6c02bf2-fc57-4645-8696-f2dd9ce1902a,1781538277823,burnaby.gis,1781538277823,burnaby.gis,1777593600000,POINT (-123.0059054398 49.2801110951)
3860,,THEFT FROM AUTO,BURNABY,GAGLARDI WY /UNIVERSITY DR,3077b53a-d6aa-4753-b054-c89f5e632579,1781538277823,burnaby.gis,1781538277823,burnaby.gis,1777593600000,POINT (-122.9200489102 49.2801262728)
3861,,BREAK & ENTER-OTHER,BURNABY,ROYAL OAK AV /SPRUCE ST,2d41fa25-97f9-4ca9-b59a-c2072672382d,1781538277823,burnaby.gis,1781538277823,burnaby.gis,1777593600000,POINT (-122.9890563344 49.2469471768)
3862,,BREAK & ENTER-OTHER,BURNABY,FRANCES ST : 5200 - 5499 Block,7731fec3-c976-4372-b383-83aaaced045f,1781538277823,burnaby.gis,1781538277823,burnaby.gis,1777593600000,POINT (-122.9857576497 49.2791240707)
3863,,BREAK & ENTER-OTHER,BURNABY,PRICE ST /SMITH AV,091cb20e-fd76-4469-ab1c-52365dbde765,1781538277823,burnaby.gis,1781538277823,burnaby.gis,1777680000000,POINT (-123.0198342448 49.2402330981)
3864,,BREAK & ENTER-BUSINESS,BURNABY,NORTH FRASER WY : 7700 - 8199 Block,bd0b2bb4-ac15-4221-a27d-828323bcf203,1781538277823,burnaby.gis,1781538277823,burnaby.gis,1777680000000,POINT (-122.9819143085 49.1888616945)
3865,,BREAK & ENTER-BUSINESS,BURNABY,MARKET XG /MARKET XG,8f33a94d-a85a-43cc-8bf9-4569d4058704,1781538277823,burnaby.gis,1781538277823,burnaby.gis,1777680000000,POINT (-122.9811206619 49.1985350112)
3866,,BREAK & ENTER-BUSINESS,BURNABY,BOUNDARY RD /SCHOU ST,11cc878c-e87b-4164-bb8a-f1e9588cd8d6,1781538277823,burnaby.gis,1781538277823,burnaby.gis,1777680000000,POINT (-123.0234873402 49.2547140884)
3867,,THEFT OF AUTO,BURNABY,ELSOM AV /GRANGE ST,12e92b81-d5f0-44bd-a57e-32b302d0e9c7,1781538277823,burnaby.gis,1781538277823,burnaby.gis,1777680000000,POINT (-123.0004219955 49.23065529)
3868,,THEFT FROM AUTO,BURNABY,GILPIN ST /INMAN AV,26b3b5e6-a4ab-4792-ba92-a04972c9ecaf,1781538277823,burnaby.gis,1781538277823,burnaby.gis,1777680000000,POINT (-123.0158382239 49.241288831)
3869,,BREAK & ENTER-BUSINESS,BURNABY,BOUNDARY RD /SCHOU ST,0846c022-0993-4410-bde1-a2b7fd59d9b3,1781538277823,burnaby.gis,1781538277823,burnaby.gis,1777680000000,POINT (-123.0234873402 49.2547140884)
3870,,THEFT FROM AUTO,BURNABY,LOUGHEED HY /ROSSER AV,12d7085a-0abd-46bd-be39-eba271c5753d,1781538277823,burnaby.gis,1781538277823,burnaby.gis,1777593600000,POINT (-123.0059963246 49.2664946535)
3871,,BREAK & ENTER-BUSINESS,BURNABY,6TH ST : 7700 - 7799 Block,adac4d18-b6ee-4f1c-b57f-57fa460237a0,1781538277823,burnaby.gis,1781538277823,burnaby.gis,1777766400000,POINT (-122.9300124019 49.2208836107)
3872,,THEFT FROM AUTO,BURNABY,KINGSWAY : 4800 - 4849 Block,0c417a13-50cf-4116-84c3-ecf455f6d101,1781538277823,burnaby.gis,1781538277823,burnaby.gis,1777766400000,POINT (-122.995735521 49.2272131168)
3873,,BREAK & ENTER-BUSINESS,BURNABY,EVERGREEN PL :  -  Block,7c4103e6-06ae-4a9f-a0db-681e26032150,1781538277823,burnaby.gis,1781538277823,burnaby.gis,1777680000000,POINT (-122.8934055902 49.2498620332)
3874,,THEFT OF AUTO,BURNABY,IMPERIAL ST : 5750 - 5759 Block,8bff8455-1c46-4f4d-8a33-ffac28187b6b,1781538277823,burnaby.gis,1781538277823,burnaby.gis,1777852800000,POINT (-122.9797599443 49.2219167663)
3875,,THEFT OF AUTO,BURNABY,WILLINGDON AV : 6500 - 6799 Block,624813ed-0c6e-4850-9429-2da859f6cf43,1781538277823,burnaby.gis,1781538277823,burnaby.gis,1777852800000,POINT (-123.010872448 49.223095983)
3876,,BREAK & ENTER-OTHER,BURNABY,WAYBURNE DR : 3200 - 3699 Block,055d7073-9df5-454a-b3ac-241ba5ff639b,1781538277823,burnaby.gis,1781538277823,burnaby.gis,1777939200000,POINT (-122.9939750791 49.2529956886)
3877,,BREAK & ENTER-RESIDENCE,BURNABY,BURKE ST /HALLEY AV,4e9ed159-2727-4d1c-b59b-e743bd4468d7,1781538277823,burnaby.gis,1781538277823,burnaby.gis,1777939200000,POINT (-123.0088351005 49.236929206)
3878,,BREAK & ENTER-RESIDENCE,BURNABY,CHESHAM AV : 4800 - 4899 Block,099436b1-e5cb-4c1e-a158-f2472e0bec58,1781538277823,burnaby.gis,1781538277823,burnaby.gis,1777852800000,POINT (-123.0186003727 49.2405871004)
3879,,THEFT FROM AUTO,BURNABY,UNDERHILL AV : 3000 - 3099 Block,7b038ee7-bfbf-4dc2-887b-670e62040d70,1781538277823,burnaby.gis,1781538277823,burnaby.gis,1777939200000,POINT (-122.9276854266 49.2570675732)
3880,,BREAK & ENTER-BUSINESS,BURNABY,ERICKSON DR /EOR - END OF ROAD,48a8801f-4b4b-4d6e-ab9e-05a8712652bb,1781538277823,burnaby.gis,1781538277823,burnaby.gis,1777852800000,POINT (-122.9006222523 49.2527508989)
3881,,THEFT FROM AUTO,BURNABY,INGLETON AV N /OXFORD ST,22c74d5e-5121-4b62-bd3b-2abb8cbe08e5,1781538277823,burnaby.gis,1781538277823,burnaby.gis,1777939200000,POINT (-123.0185489136 49.2856275792)
3882,,BREAK & ENTER-OTHER,BURNABY,ABBEY AV /SARDIS ST,5147ad59-c705-44eb-bb76-37648d8236e9,1781538277823,burnaby.gis,1781538277823,burnaby.gis,1777939200000,POINT (-123.0062422341 49.2342118628)
3883,,THEFT FROM AUTO,BURNABY,KINGSWAY : 4800 - 4849 Block,a6ef0172-2c3f-4dff-a481-ae71d96479cd,1781538277823,burnaby.gis,1781538277823,burnaby.gis,1777939200000,POINT (-122.995735521 49.2272131168)
3884,,THEFT FROM AUTO,BURNABY,GRIMMER ST : 5200 - 5399 Block,0e56e098-b23d-4448-9418-b145e675e3a8,1781538277823,burnaby.gis,1781538277823,burnaby.gis,1777852800000,POINT (-122.986715328 49.223566405)
3885,,BREAK & ENTER-BUSINESS,BURNABY,NORTH FRASER WY : 4300 - 5159 Block,fd9b8230-2ff5-4a09-9aff-e318360256f4,1781538277823,burnaby.gis,1781538277823,burnaby.gis,1778025600000,POINT (-123.0028739584 49.1998095771)
3886,,THEFT FROM AUTO,BURNABY,BUCHANAN ST : 5000 - 5699 Block,0f919eb2-bf11-41df-8539-c6425f429110,1781538277823,burnaby.gis,1781538277823,burnaby.gis,1778025600000,POINT (-122.9830995138 49.2670807684)
3887,,THEFT FROM AUTO,BURNABY,MONTECITO DR : 7340 - 7399 Block,feeaa0d5-1f85-403f-84cb-3ba2b4f525ec,1781538277823,burnaby.gis,1781538277823,burnaby.gis,1778025600000,POINT (-122.9488182345 49.2637925682)
3888,,BREAK & ENTER-RESIDENCE,BURNABY,TOWER RD /UNIVERSITY HIGH ST,e8d0a439-1831-4753-9fe6-acfe4d66434a,1781538277823,burnaby.gis,1781538277823,burnaby.gis,1778112000000,POINT (-122.9090272568 49.2777768709)
3889,,BREAK & ENTER-BUSINESS,BURNABY,BUCHANAN ST : 4300 - 4399 Block,db80a95b-ddfd-40dd-9cd1-81141be16449,1781538277823,burnaby.gis,1781538277823,burnaby.gis,1778025600000,POINT (-123.008134228 49.2674535589)
3890,,BREAK & ENTER-BUSINESS,BURNABY,ERICKSON DR /EOR - END OF ROAD,b09ad057-6f7b-4fbc-be67-2e2752cff5a6,1781538277823,burnaby.gis,1781538277823,burnaby.gis,1778112000000,POINT (-122.9006222523 49.2527508989)
3891,,BREAK & ENTER-RESIDENCE,BURNABY,FORGLEN DR /MAITLAND ST,2ccef9e9-ae86-48f9-9b77-4b0165ec14f8,1781538277823,burnaby.gis,1781538277823,burnaby.gis,1778112000000,POINT (-122.9900565637 49.2310054089)
3892,,BREAK & ENTER-RESIDENCE,BURNABY,FULTON AV : 7000 - 7199 Block,1c16359b-1f5f-49f8-a6d1-3d0905a78e53,1781538277823,burnaby.gis,1781538277823,burnaby.gis,1778025600000,POINT (-122.9499416362 49.2207221873)
3893,,THEFT FROM AUTO,BURNABY,ALBERT ST : 3700 - 3799 Block,18f5d588-0483-4f13-a955-66e9252c92c0,1781538277823,burnaby.gis,1781538277823,burnaby.gis,1778112000000,POINT (-123.022167902 49.2820389969)
3894,,BREAK & ENTER-BUSINESS,BURNABY,BELL AV /SALISH CT,b9bbf4b3-2e98-4400-bdc5-c0b4d572f085,1781538277823,burnaby.gis,1781538277823,burnaby.gis,1778112000000,POINT (-122.9042942022 49.2526094537)
3895,,THEFT FROM AUTO,BURNABY,ALBERT ST /ROSSER AV,97a06477-39e7-4086-a3bf-a744a1f67488,1781538277823,burnaby.gis,1781538277823,burnaby.gis,1778112000000,POINT (-123.0058721178 49.2819183645)
3896,,THEFT FROM AUTO,BURNABY,GRAFTON ST : 4610 - 4649 Block,b60a51cb-49dc-4902-921c-cd042405f7d9,1781538277823,burnaby.gis,1781538277823,burnaby.gis,1778112000000,POINT (-122.9998172809 49.2321508849)
3897,,BREAK & ENTER-BUSINESS,BURNABY,UNIVERSITY DR /UNIVERSITY DR,685539b0-d194-4207-b934-1ddfdb920a1a,1781538277823,burnaby.gis,1781538277823,burnaby.gis,1778198400000,POINT (-122.9102936844 49.2804077837)
3898,,THEFT FROM AUTO,BURNABY,PANDORA ST : 3700 - 3799 Block,38fa1898-9cee-4328-8799-e47a41b76bce,1781538277823,burnaby.gis,1781538277823,burnaby.gis,1778198400000,POINT (-123.0221528495 49.2829437675)
3899,,BREAK & ENTER-BUSINESS,BURNABY,BETA AV /EOR - END OF ROAD,32f0c436-51a8-414e-bae1-c7f23a23ddfd,1781538277823,burnaby.gis,1781538277823,burnaby.gis,1778198400000,POINT (-122.9979793496 49.2566296269)
3900,,THEFT FROM AUTO,BURNABY,FULTON AV /EOR - END OF ROAD,bf65aaab-7b1a-424c-9f50-d608a77740cb,1781538277823,burnaby.gis,1781538277823,burnaby.gis,1778025600000,POINT (-122.9503723419 49.2210697144)
3901,,THEFT FROM AUTO,BURNABY,KINGSWAY /SUSSEX AV,15edb97c-ead1-4f50-8e6a-052ee3f495e0,1781538277823,burnaby.gis,1781538277823,burnaby.gis,1778112000000,POINT (-122.9993183432 49.2283922605)
3902,,THEFT FROM AUTO,BURNABY,KINGSWAY : 4530 - 4539 Block,222ce7b3-ab12-403a-ba71-a450d04acf21,1781538277823,burnaby.gis,1781538277823,burnaby.gis,1778112000000,POINT (-123.0037269083 49.2298411338)
3903,,THEFT FROM AUTO,BURNABY,MANZANITA PL : 7500 - 7539 Block,88bbb3f7-72c3-4e3c-83ce-0c2e9a792df0,1781538277823,burnaby.gis,1781538277823,burnaby.gis,1778284800000,POINT (-122.9014560179 49.2382109281)
3904,,THEFT FROM AUTO,BURNABY,BERESFORD ST : 6201 - 6299 Block,72bfc647-908e-417d-8b45-d2588bb65306,1781538277823,burnaby.gis,1781538277823,burnaby.gis,1778284800000,POINT (-122.9728031874 49.2175844524)
3905,,THEFT FROM AUTO,BURNABY,GEORGIA ST : 4200 - 4299 Block,94a5f5c7-70fa-4bda-bb75-aa0299e887f4,1781538277823,burnaby.gis,1781538277823,burnaby.gis,1778284800000,POINT (-123.0100808391 49.2783346553)
3906,,THEFT FROM AUTO,BURNABY,BERESFORD ST /GILLEY AV,1ddbc4d0-e90d-450e-8d36-32564376bf87,1781538277823,burnaby.gis,1781538277823,burnaby.gis,1778284800000,POINT (-122.9720607803 49.2171032464)
3907,,BREAK & ENTER-RESIDENCE,BURNABY,HOLMES ST : 9130 - 9189 Block,767e81a6-e1ac-49a0-8353-ca9fbdf999a2,1781538277823,burnaby.gis,1781538277823,burnaby.gis,1778284800000,POINT (-122.9014020612 49.2353622696)
3908,,THEFT FROM AUTO,BURNABY,STILL CREEK AV : 4500 - 4599 Block,cd18e43e-023c-405a-b2f3-62546aaa3a39,1781538277823,burnaby.gis,1781538277823,burnaby.gis,1778284800000,POINT (-123.0027519006 49.2601074606)
3909,,THEFT FROM AUTO,BURNABY,STILL CREEK AV : 4500 - 4599 Block,3db37b85-1748-4c5e-96b4-ad19bcefc7f4,1781538277823,burnaby.gis,1781538277823,burnaby.gis,1778284800000,POINT (-123.0027519006 49.2601074606)
3910,,THEFT FROM AUTO,BURNABY,BALMORAL ST /WALKER AV,a6bde5be-dc36-457f-940c-3312921d1bb0,1781538277823,burnaby.gis,1781538277823,burnaby.gis,1778371200000,POINT (-122.9527017235 49.2201927048)
3911,,BREAK & ENTER-RESIDENCE,BURNABY,ESMOND AV /PENDER ST,70104ede-e90d-4010-a22a-bb32ee309982,1781538277823,burnaby.gis,1781538277823,burnaby.gis,1778371200000,POINT (-123.0210137413 49.280222781)
3912,,BREAK & ENTER-BUSINESS,BURNABY,SPERLING AV : 7100 - 7199 Block,e873ccbc-b59f-4e22-9fbd-b4ef935e9d72,1781538277823,burnaby.gis,1781538277823,burnaby.gis,1778371200000,POINT (-122.9647774157 49.2189003194)
3913,,THEFT FROM AUTO,BURNABY,HAWTHORNE TE /PRENTER ST,95309694-f349-4730-80f2-1186c94d9c16,1781538277823,burnaby.gis,1781538277823,burnaby.gis,1778371200000,POINT (-122.9657277476 49.215111151)
3914,,THEFT FROM AUTO,BURNABY,PANDORA ST /STRATFORD AV,11b0767c-1bdb-4d0f-b659-ef23009d7353,1781538277823,burnaby.gis,1781538277823,burnaby.gis,1778457600000,POINT (-122.9767342008 49.282568068)
3915,,THEFT FROM AUTO,BURNABY,CENTRAL BV /WILSON AV,7d8828b0-3e2f-435a-b827-5d14ae15d7fd,1781538277823,burnaby.gis,1781538277823,burnaby.gis,1778457600000,POINT (-123.010308289 49.2288339813)
3916,,THEFT OF AUTO,BURNABY,HURST ST : 4200 - 4299 Block,1ead8ce3-d397-403f-a410-6fecb9e03a29,1781538277823,burnaby.gis,1781538277823,burnaby.gis,1778457600000,POINT (-123.0097353201 49.2202634161)
3917,,BREAK & ENTER-OTHER,BURNABY,CANBERRA AV /TRIUMPH ST,60231ce5-c78d-40db-b343-ce681ae20744,1781538277823,burnaby.gis,1781538277823,burnaby.gis,1778371200000,POINT (-122.9933078178 49.2836226304)
3918,,THEFT OF AUTO,BURNABY,REGENT ST : 5200 - 5499 Block,a76650e5-c763-48e9-89df-4cb8d99bff35,1781538277823,burnaby.gis,1781538277823,burnaby.gis,1778457600000,POINT (-122.9860091478 49.2583800713)
3919,,THEFT FROM AUTO,BURNABY,PIPER AV /WINSTON ST,171c170a-47fa-4738-9418-0b5234b5ae32,1781538277823,burnaby.gis,1781538277823,burnaby.gis,1778457600000,POINT (-122.9353633032 49.2482473006)
3920,,THEFT FROM AUTO,BURNABY,IMPERIAL ST : 4240 - 4299 Block,cce0ef91-47e8-49a8-b78e-fe50c53cffe2,1781538277823,burnaby.gis,1781538277823,burnaby.gis,1778457600000,POINT (-123.0094785351 49.2219411267)
3921,,THEFT FROM AUTO,BURNABY,HALLEY AV : 4400 - 4999 Block,2fc00082-2fd4-4501-a62c-b6658da3c22b,1781538277823,burnaby.gis,1781538277823,burnaby.gis,1778457600000,POINT (-123.0097586337 49.2438551418)
3922,,THEFT FROM AUTO,BURNABY,UNION ST : 4200 - 4299 Block,b6353012-c3bb-45e1-9a46-f2afc24a87ee,1781538277823,burnaby.gis,1781538277823,burnaby.gis,1778544000000,POINT (-123.0100958472 49.2774305787)
3923,,BREAK & ENTER-BUSINESS,BURNABY,EDMONDS ST : 7700 - 7899 Block,984c7bd6-b7dc-451f-b1f4-750b16c21f1b,1781538277823,burnaby.gis,1781538277823,burnaby.gis,1778544000000,POINT (-122.9389726127 49.2251607965)
3924,,THEFT FROM AUTO,BURNABY,DUNDONALD AV /WOODSWORTH ST,bcc0ca07-1601-41d4-916d-47a1de152c44,1781538277823,burnaby.gis,1781538277823,burnaby.gis,1778544000000,POINT (-122.9833251179 49.2510966181)
3925,,BREAK & ENTER-RESIDENCE,BURNABY,SUSSEX AV : 5640 - 5779 Block,366a43fa-3555-4c5e-8a51-5426c9b5632e,1781538277823,burnaby.gis,1781538277823,burnaby.gis,1778544000000,POINT (-122.9978058596 49.2329088098)
3926,,BREAK & ENTER-BUSINESS,BURNABY,MANCHESTER DR : 9600 - 9899 Block,a3e331be-3f12-41ab-9bc1-9b971105f852,1781538277823,burnaby.gis,1781538277823,burnaby.gis,1778457600000,POINT (-122.8976381242 49.2467453127)
3927,,BREAK & ENTER-RESIDENCE,BURNABY,SHEPHERD ST : 4700 - 4899 Block,21cdcb99-908b-46af-b6ae-3554743c58c5,1781538277823,burnaby.gis,1781538277823,burnaby.gis,1778544000000,POINT (-122.9960017051 49.2324099334)
3928,,BREAK & ENTER-OTHER,BURNABY,SHEPHERD ST /SUSSEX AV,438fc183-b317-4e20-a01a-87e721092781,1781538277823,burnaby.gis,1781538277823,burnaby.gis,1778544000000,POINT (-122.997793838 49.2324094553)
3929,,THEFT OF AUTO,BURNABY,16TH AV /COLDICUTT ST,849b6b3b-5725-47af-8a51-c3aeb142653e,1781538277823,burnaby.gis,1781538277823,burnaby.gis,1778544000000,POINT (-122.9119434703 49.2350978508)
3930,,THEFT FROM AUTO,BURNABY,WINSTON ST : 7900 - 8199 Block,cc7ed4af-f62e-4823-b617-868fc8dcdab5,1781538277823,burnaby.gis,1781538277823,burnaby.gis,1778544000000,POINT (-122.9303505591 49.2482299738)
3931,,BREAK & ENTER-OTHER,BURNABY,ERICKSON DR /EOR - END OF ROAD,4b241091-aae6-4b7d-b3db-3c5557c39a70,1781538277823,burnaby.gis,1781538277823,burnaby.gis,1778457600000,POINT (-122.9006222523 49.2527508989)
3932,,THEFT FROM AUTO,BURNABY,CANADA WY /WILLINGDON AV,c25f0b96-324a-4078-80bb-24a836917156,1781538277823,burnaby.gis,1781538277823,burnaby.gis,1778630400000,POINT (-123.0042693146 49.2546130437)
3933,,THEFT FROM AUTO,BURNABY,15TH AV /2ND ST,41c6d5f3-3263-4be6-b692-43afec241e03,1781538277823,burnaby.gis,1781538277823,burnaby.gis,1778544000000,POINT (-122.9262500227 49.2261234896)
3934,,BREAK & ENTER-BUSINESS,BURNABY,COLE AV /NORLAND AV,e2b26d61-7dca-460f-b2a6-4ec308349935,1781538277823,burnaby.gis,1781538277823,burnaby.gis,1778630400000,POINT (-122.9779422287 49.2578417644)
3935,,BREAK & ENTER-RESIDENCE,BURNABY,CAMERON ST /NOEL DR,e4640b71-b2b4-4d17-a4b6-c0cad0f4510d,1781538277823,burnaby.gis,1781538277823,burnaby.gis,1778630400000,POINT (-122.9045883431 49.2534764438)
3936,,BREAK & ENTER-OTHER,BURNABY,CANBERRA AV /TRIUMPH ST,462ddc71-dd25-4f76-bdac-815577d4b41d,1781538277823,burnaby.gis,1781538277823,burnaby.gis,1778630400000,POINT (-122.9933078178 49.2836226304)
3937,,THEFT FROM AUTO,BURNABY,AVONDALE ST /BOUNDARY RD,e28e24b6-1737-4d96-8470-4206c6c252e9,1781538277823,burnaby.gis,1781538277823,burnaby.gis,1778716800000,POINT (-123.0235092787 49.2524184256)
3938,,THEFT FROM AUTO,BURNABY,NOEL DR /SULLIVAN ST,b6cd4c39-fa9c-4389-b813-61b3a5986628,1781538277823,burnaby.gis,1781538277823,burnaby.gis,1778716800000,POINT (-122.9030298075 49.2555484163)
3939,,THEFT FROM AUTO,BURNABY,BRIDGEWATER CR : 4100 - 4299 Block,56ea8ffd-5ec0-4fb7-bcca-728de4623ffe,1781538277823,burnaby.gis,1781538277823,burnaby.gis,1778716800000,POINT (-122.8944825975 49.2462120205)
3940,,THEFT FROM AUTO,BURNABY,GAGLARDI WY /UNIVERSITY DR,6bd7b0fa-cd6f-45bc-b9f0-9fb97e91e30a,1781538277823,burnaby.gis,1781538277823,burnaby.gis,1778716800000,POINT (-122.9200489102 49.2801262728)
3941,,BREAK & ENTER-OTHER,BURNABY,WILLINGDON AV : 6500 - 6799 Block,55c18190-1f9f-4412-8e10-ac01576d21a4,1781538277823,burnaby.gis,1781538277823,burnaby.gis,1778716800000,POINT (-123.010872448 49.223095983)
3942,,THEFT FROM AUTO,BURNABY,MARTIN ST /NOEL DR,faca7342-431f-4de3-83f2-ae716ff67ca4,1781538277823,burnaby.gis,1781538277823,burnaby.gis,1778716800000,POINT (-122.8996917747 49.2580525013)
3943,,BREAK & ENTER-BUSINESS,BURNABY,BOUNDARY RD : 6000 - 6199 Block,75e60f4e-e8d0-4e7b-9662-5a21078eb7ae,1781538277823,burnaby.gis,1781538277823,burnaby.gis,1778716800000,POINT (-123.0235289532 49.2286676031)
3944,,THEFT FROM AUTO,BURNABY,GAGLARDI WY /UNIVERSITY DR,cd21556a-a78a-4cd0-974f-141fa42439c7,1781538277823,burnaby.gis,1781538277823,burnaby.gis,1778716800000,POINT (-122.9200489102 49.2801262728)
3945,,THEFT OF AUTO,BURNABY,18TH AV : 7430 - 7499 Block,abc37355-17ef-4151-9829-de7a72a264eb,1781538277823,burnaby.gis,1781538277823,burnaby.gis,1778716800000,POINT (-122.944466042 49.2201986912)
3946,,THEFT FROM AUTO,BURNABY,LOUGHEED HY /MADISON AV,c1e126b6-9318-4d4f-a96f-fc87444a35b7,1781538277823,burnaby.gis,1781538277823,burnaby.gis,1778803200000,POINT (-123.0087576028 49.2664228104)
3947,,THEFT FROM AUTO,BURNABY,MEADOW AV /TRAPP AV,8898b86c-2f0b-4cc9-aa03-dc48a5e21278,1781538277823,burnaby.gis,1781538277823,burnaby.gis,1778716800000,POINT (-122.9631322934 49.1926196349)
3948,,BREAK & ENTER-BUSINESS,BURNABY,KINGSWAY : 4220 - 4309 Block,c0046054-3d36-4dcf-9616-6dae8a1f431b,1781538277823,burnaby.gis,1781538277823,burnaby.gis,1778803200000,POINT (-123.0087968864 49.231505349)
3949,,THEFT FROM AUTO,BURNABY,STILL CREEK AV : 4500 - 4599 Block,0f7841bd-b3ff-4c45-94fc-b72134a74bf8,1781538277823,burnaby.gis,1781538277823,burnaby.gis,1778803200000,POINT (-123.0027519006 49.2601074606)
3950,,THEFT FROM AUTO,BURNABY,MCCONNELL DR : 4090 - 4199 Block,287a46fe-09f9-44f5-9e81-acb0f4f7110d,1781538277823,burnaby.gis,1781538277823,burnaby.gis,1778803200000,POINT (-122.9399283582 49.2466447133)
3951,,THEFT OF AUTO,BURNABY,GEORGIA ST : 5200 - 5499 Block,a0ec0c56-9e48-473e-8e21-fbbc9f22c532,1781538277823,burnaby.gis,1781538277823,burnaby.gis,1778803200000,POINT (-122.9857694778 49.2782184343)
3952,,BREAK & ENTER-BUSINESS,BURNABY,KINGSWAY : 4220 - 4309 Block,3e9fb987-f868-42dd-a818-20eb29f76f90,1781538277823,burnaby.gis,1781538277823,burnaby.gis,1778889600000,POINT (-123.0087968864 49.231505349)
3953,,THEFT FROM AUTO,BURNABY,GAGLARDI WY /UNIVERSITY DR,9e28f404-5ff4-4b10-84cd-74e4f240b0b5,1781538277823,burnaby.gis,1781538277823,burnaby.gis,1778889600000,POINT (-122.9200489102 49.2801262728)
3954,,THEFT FROM AUTO,BURNABY,LAKEFIELD DR /NURSERY ST,e8dd5ab1-623a-4459-87b5-301e51216ca1,1781538277823,burnaby.gis,1781538277823,burnaby.gis,1778716800000,POINT (-122.9490315225 49.2372312831)
3955,,BREAK & ENTER-RESIDENCE,BURNABY,ROSSER AV /TRIUMPH ST,98807e26-1277-47ce-8a31-e2b09c15cfac,1781538277823,burnaby.gis,1781538277823,burnaby.gis,1778889600000,POINT (-123.0058325243 49.283727584)
3956,,BREAK & ENTER-BUSINESS,BURNABY,KINGSWAY /SUSSEX AV,f11158a7-85a5-431e-8c7c-9b2233cbd563,1781538277823,burnaby.gis,1781538277823,burnaby.gis,1778889600000,POINT (-122.9993183432 49.2283922605)
3957,,THEFT FROM AUTO,BURNABY,DUNDAS ST /ROSSER AV N,47f9d4eb-15d0-4ed5-93cc-d6c0124a563c,1781538277823,burnaby.gis,1781538277823,burnaby.gis,1778976000000,POINT (-123.005810123 49.2846289445)
3958,,THEFT OF AUTO,BURNABY,HASTINGS ST : 4500 - 4599 Block,f0c7d286-4f2c-42d8-8d20-7fc9a3c1844c,1781538277823,burnaby.gis,1781538277823,burnaby.gis,1778976000000,POINT (-123.0016820774 49.2810124313)
3959,,THEFT FROM AUTO,BURNABY,CAMBRIDGE ST /MACDONALD AV N,dfeaa078-7903-4134-91ba-246f3b435694,1781538277823,burnaby.gis,1781538277823,burnaby.gis,1778976000000,POINT (-123.0161633024 49.2865097899)
3960,,THEFT OF AUTO,BURNABY,14TH AV /20TH ST,481f1b03-3276-43f9-8ed2-8444d8499ff1,1781538277823,burnaby.gis,1781538277823,burnaby.gis,1778976000000,POINT (-122.9554588456 49.2088034619)
3961,,THEFT FROM AUTO,BURNABY,BOUNDARY RD : 1200 - 1279 Block,5a994062-ca1c-4b95-b872-c37b6bfdda55,1781538277823,burnaby.gis,1781538277823,burnaby.gis,1778976000000,POINT (-123.023418255 49.2735728169)
3962,,BREAK & ENTER-BUSINESS,BURNABY,HASTINGS ST : 4500 - 4599 Block,1318196e-fe5a-4fbe-8980-7201a50a5a57,1781538277823,burnaby.gis,1781538277823,burnaby.gis,1778976000000,POINT (-123.0016820774 49.2810124313)
3963,,THEFT FROM AUTO,BURNABY,GILPIN ST : 5000 - 5299 Block,8c5de85d-4594-4965-aef7-41ec45d6dee0,1781538277823,burnaby.gis,1781538277823,burnaby.gis,1778976000000,POINT (-122.9883129971 49.2418599673)
3964,,THEFT FROM AUTO,BURNABY,FELL AV /HALIFAX ST,c5e773c7-24ce-4922-ad83-923c0e1215e2,1781538277823,burnaby.gis,1781538277823,burnaby.gis,1778976000000,POINT (-122.97563145 49.2679940973)
3965,,THEFT FROM AUTO,BURNABY,BURKE ST : 4150 - 4199 Block,b550760a-1a25-412f-b18a-a0432d46942e,1781538277823,burnaby.gis,1781538277823,burnaby.gis,1779062400000,POINT (-123.0116823246 49.2369340996)
3966,,BREAK & ENTER-BUSINESS,BURNABY,KINGSWAY /SUSSEX AV,6b443a1e-fede-4ac0-9003-de7ea9774039,1781538277823,burnaby.gis,1781538277823,burnaby.gis,1779062400000,POINT (-122.9993183432 49.2283922605)
3967,,THEFT FROM AUTO,BURNABY,ESMOND AV /FRANCES ST,96edcd55-cd04-472d-b8b7-01fcf60dc7d1,1781538277823,burnaby.gis,1781538277823,burnaby.gis,1779062400000,POINT (-123.0210275029 49.2793183558)
3968,,THEFT FROM AUTO,BURNABY,GAGLARDI WY /UNIVERSITY DR,02953dea-1908-4c35-bc56-0bfbc42b2a9b,1781538277823,burnaby.gis,1781538277823,burnaby.gis,1779062400000,POINT (-122.9200489102 49.2801262728)
3969,,THEFT FROM AUTO,BURNABY,MIDLAWN DR : 4561 - 4599 Block,a27e37c7-7029-4624-a91a-f5300e1fab7e,1781538277823,burnaby.gis,1781538277823,burnaby.gis,1779062400000,POINT (-123.0003157993 49.2710403481)
3970,,THEFT FROM AUTO,BURNABY,PANDORA ST /EOR - END OF ROAD,432f35b1-8421-4c4a-9b63-1f8cf00e0211,1781538277823,burnaby.gis,1781538277823,burnaby.gis,1779148800000,POINT (-122.9967973521 49.2827552663)
3971,,THEFT OF AUTO,BURNABY,BOUNDARY RD /LOUGHEED HY,2997f7e4-8e10-456d-8567-5b952a48e020,1781538277823,burnaby.gis,1781538277823,burnaby.gis,1779148800000,POINT (-123.0234563535 49.2656637898)
3972,,THEFT FROM AUTO,BURNABY,18TH AV /2ND ST,d9cbed4b-d95d-4f64-b55a-ce838cd57a91,1781538277823,burnaby.gis,1781538277823,burnaby.gis,1779148800000,POINT (-122.9291399877 49.2283999638)
3973,,BREAK & ENTER-BUSINESS,BURNABY,GREENALL AV /RUMBLE ST,51a37016-ac53-4f0c-bac9-895ac105800b,1781538277823,burnaby.gis,1781538277823,burnaby.gis,1779148800000,POINT (-123.0179672727 49.2148275095)
3974,,THEFT FROM AUTO,BURNABY,DAUPHIN PL /HUMMEL ST,fbd43404-26f4-4882-81a2-e302eb64ff92,1781538277823,burnaby.gis,1781538277823,burnaby.gis,1779148800000,POINT (-122.9658743312 49.2638978298)
3975,,THEFT FROM AUTO,BURNABY,14TH AV /15TH ST,47301e0a-acb7-4a4a-b730-0d6548a6c983,1781538277823,burnaby.gis,1781538277823,burnaby.gis,1779148800000,POINT (-122.9468450662 49.2142828963)
3976,,THEFT FROM AUTO,BURNABY,16TH AV /NEWCOMBE ST,ed783ffd-5a71-4993-9730-c76987198b57,1781538277823,burnaby.gis,1781538277823,burnaby.gis,1779148800000,POINT (-122.9227291269 49.2293244544)
3977,,THEFT FROM AUTO,BURNABY,13TH ST : 7700 - 7799 Block,a6fb55b5-dae4-40f3-9b1b-52dba0c42d9e,1781538277823,burnaby.gis,1781538277823,burnaby.gis,1779148800000,POINT (-122.942564573 49.2140850685)
3978,,BREAK & ENTER-RESIDENCE,BURNABY,BRIDLEWOOD CT /DUTHIE AV,bfef0168-6535-4024-85f9-a7a1e31c2f45,1781538277823,burnaby.gis,1781538277823,burnaby.gis,1779148800000,POINT (-122.9535374021 49.2690916808)
3979,,BREAK & ENTER-BUSINESS,BURNABY,KINGSWAY /OLIVE AV,b4ccced4-1539-41b0-87df-db01b273540c,1781538277823,burnaby.gis,1781538277823,burnaby.gis,1779148800000,POINT (-123.009787063 49.2318316063)
3980,,BREAK & ENTER-RESIDENCE,BURNABY,CAPISTRANO DR : 7300 - 7399 Block,9ce09152-94e2-4554-9539-0263132bdf15,1781538277823,burnaby.gis,1781538277823,burnaby.gis,1779148800000,POINT (-122.9488446247 49.2662647621)
3981,,BREAK & ENTER-RESIDENCE,BURNABY,HARDWICK ST : 5600 - 5899 Block,a5aade22-15b1-4466-be5c-73c0bc7a54e0,1781538277823,burnaby.gis,1781538277823,burnaby.gis,1779148800000,POINT (-122.979925283 49.2517699621)
3982,,THEFT FROM AUTO,BURNABY,GAGLARDI WY /UNIVERSITY DR,d0f2431a-079d-4c44-bfba-a18a08cc221a,1781538277823,burnaby.gis,1781538277823,burnaby.gis,1778716800000,POINT (-122.9200489102 49.2801262728)
3983,,THEFT OF AUTO,BURNABY,SUSSEX AV : 5900 - 5999 Block,038523a1-a6e4-488a-b1aa-3d700046c2a7,1781538277823,burnaby.gis,1781538277823,burnaby.gis,1779235200000,POINT (-122.9977797545 49.2304509651)
3984,,THEFT FROM AUTO,BURNABY,BAINBRIDGE AV /BROADWAY,8a254956-9b4f-4ded-95b1-780346538826,1781538277823,burnaby.gis,1781538277823,burnaby.gis,1779235200000,POINT (-122.9559428065 49.2613759318)
3985,,BREAK & ENTER-RESIDENCE,BURNABY,MANCHESTER DR : 9600 - 9899 Block,98c58e3e-d82d-4e6a-9429-9e049fdf909d,1781538277823,burnaby.gis,1781538277823,burnaby.gis,1779235200000,POINT (-122.8976381242 49.2467453127)
3986,,THEFT FROM AUTO,BURNABY,AVONDALE ST /KALYK AV,f1672411-75c1-4c9e-af7b-2f8d5124729a,1781538277823,burnaby.gis,1781538277823,burnaby.gis,1779235200000,POINT (-123.0131404395 49.2523720435)
3987,,THEFT FROM AUTO,BURNABY,KINGSWAY /SUSSEX AV,e6fe8bef-ada3-414b-88fe-8bd84cb5704f,1781538277823,burnaby.gis,1781538277823,burnaby.gis,1779235200000,POINT (-122.9993183432 49.2283922605)
3988,,THEFT FROM AUTO,BURNABY,CUNNINGHAM CT /ELWELL ST,2e770d5e-7140-496b-a6f4-b3e9aceed04f,1781538277823,burnaby.gis,1781538277823,burnaby.gis,1779235200000,POINT (-122.9432035461 49.2271887704)
3989,,THEFT FROM AUTO,BURNABY,IRVING ST /SELMA AV,2734a38a-1545-41ea-a890-b28f157e6c98,1781538277823,burnaby.gis,1781538277823,burnaby.gis,1779148800000,POINT (-122.9857418214 49.2261623657)
3990,,BREAK & ENTER-OTHER,BURNABY,DUTHIE AV /PANDORA ST,03def778-fef7-4528-80e1-1158add1e73d,1781538277823,burnaby.gis,1781538277823,burnaby.gis,1779321600000,POINT (-122.9533764719 49.2824134524)
3991,,BREAK & ENTER-RESIDENCE,BURNABY,HASTINGS ST /MADISON AV,07757ec7-5035-4828-859f-ec263b6ae3e6,1781538277823,burnaby.gis,1781538277823,burnaby.gis,1779321600000,POINT (-123.0086533127 49.2810339786)
3992,,THEFT OF AUTO,BURNABY,STILL CREEK DR : 4410 - 4499 Block,edbc0c7c-e8f5-47ff-868a-563fed3c0da7,1781538277823,burnaby.gis,1781538277823,burnaby.gis,1779321600000,POINT (-123.0048715819 49.2617504436)
3993,,THEFT FROM AUTO,BURNABY,RIDGE DR : 7200 - 7229 Block,fe3275c6-9791-45ec-ab0d-c375adf2e3af,1781538277823,burnaby.gis,1781538277823,burnaby.gis,1779321600000,POINT (-122.9527212483 49.2833326927)
3994,,THEFT FROM AUTO,BURNABY,RIDGE DR : 7200 - 7229 Block,2644ca13-e3b2-4ae9-8b73-7a01432c6ce2,1781538277823,burnaby.gis,1781538277823,burnaby.gis,1779408000000,POINT (-122.9527212483 49.2833326927)
3995,,THEFT FROM AUTO,BURNABY,GAGLARDI WY /UNIVERSITY DR,4a238f9e-0839-4e6b-887f-79ec55731704,1781538277823,burnaby.gis,1781538277823,burnaby.gis,1778457600000,POINT (-122.9200489102 49.2801262728)
3996,,THEFT OF AUTO,BURNABY,BRIDGEWATER CR : 4100 - 4299 Block,b3c49f12-b3e6-415f-8d2a-82274cfd6e5e,1781538277823,burnaby.gis,1781538277823,burnaby.gis,1779408000000,POINT (-122.8944825975 49.2462120205)
3997,,THEFT FROM AUTO,BURNABY,ASHLEY GROVE CT : 1900 - 1999 Block,e8e72223-2218-4d20-bca1-3b721eaeb6c3,1781538277823,burnaby.gis,1781538277823,burnaby.gis,1779235200000,POINT (-122.9042622673 49.2646611959)
3998,,THEFT FROM AUTO,BURNABY,BARNET RD : 7200 - 7299 Block,fff86d8c-d8b9-4ce0-ac39-c5d5df320ccb,1781538277823,burnaby.gis,1781538277823,burnaby.gis,1779408000000,POINT (-122.9528553244 49.2849058757)
3999,,THEFT OF AUTO,BURNABY,HOLMES ST : 9000 - 9129 Block,8aa4b0ee-4380-48d1-a1ce-0bc2b50f4692,1781538277823,burnaby.gis,1781538277823,burnaby.gis,1779408000000,POINT (-122.9032304058 49.2354126601)
4000,,BREAK & ENTER-RESIDENCE,BURNABY,CAMERON ST /NOEL DR,658f2020-3e7f-40ef-9420-a7721c958130,1781538277823,burnaby.gis,1781538277823,burnaby.gis,1779321600000,POINT (-122.9045883431 49.2534764438)
4001,,BREAK & ENTER-BUSINESS,BURNABY,MORREY CT : 3200 - 3399 Block,f489252a-d40d-4daf-95aa-df8938706eeb,1781538277823,burnaby.gis,1781538277823,burnaby.gis,1779408000000,POINT (-122.8959001143 49.2543107771)
4002,,THEFT FROM AUTO,BURNABY,PRENTER ST : 6520 - 6599 Block,cec5eb01-c010-4af2-90be-f46df25f6b68,1781538277823,burnaby.gis,1781538277823,burnaby.gis,1779494400000,POINT (-122.9679771825 49.2150514749)
4003,,THEFT FROM AUTO,BURNABY,MORREY CT : 3200 - 3399 Block,873faa4d-4305-4d7a-ac74-617f3a5354af,1781538277823,burnaby.gis,1781538277823,burnaby.gis,1779494400000,POINT (-122.8959001143 49.2543107771)
4004,,BREAK & ENTER-OTHER,BURNABY,BROADWAY : 5400 - 5699 Block,c931d8fa-f573-4dc3-aff0-d3100bcadb62,1781538277823,burnaby.gis,1781538277823,burnaby.gis,1779494400000,POINT (-122.9831020606 49.2660603734)
4005,,THEFT OF AUTO,BURNABY,13TH AV /1ST ST,79ca537e-8aff-4886-8b7a-8df507cb42f3,1781538277823,burnaby.gis,1781538277823,burnaby.gis,1779580800000,POINT (-122.9223287847 49.2256680396)
4006,,BREAK & ENTER-BUSINESS,BURNABY,LOUGHEED HY : 4700 - 4739 Block,0dc1e2f2-3602-499b-8403-8a882a795dac,1781538277823,burnaby.gis,1781538277823,burnaby.gis,1779580800000,POINT (-122.9969194693 49.2661525717)
4007,,BREAK & ENTER-RESIDENCE,BURNABY,DELTA AV /LOUGHEED HY,21565d86-0f8c-4ba1-b012-d47af8e12dc3,1781538277823,burnaby.gis,1781538277823,burnaby.gis,1779494400000,POINT (-122.9922247466 49.2651643356)
4008,,THEFT FROM AUTO,BURNABY,UNION ST : 4200 - 4299 Block,7618ac6b-c36b-4078-ab72-5feb1501b4b5,1781538277823,burnaby.gis,1781538277823,burnaby.gis,1779580800000,POINT (-123.0100958472 49.2774305787)
4009,,THEFT FROM AUTO,BURNABY,INGLETON AV N /YALE ST,36eef2c1-0ea5-4de0-aa46-58460ac09121,1781538277823,burnaby.gis,1781538277823,burnaby.gis,1779580800000,POINT (-123.018472483 49.2901499106)
4010,,THEFT FROM AUTO,BURNABY,IMPERIAL ST : 4400 - 4492 Block,a3bd13fb-cfc9-4ea7-abca-6a86f21284da,1781538277823,burnaby.gis,1781538277823,burnaby.gis,1779580800000,POINT (-123.0041008375 49.221937124)
4011,,BREAK & ENTER-BUSINESS,BURNABY,MARLBOROUGH AV : 6400 - 6479 Block,87c1cbff-42dd-4d33-b302-97529ef4adb0,1781538277823,burnaby.gis,1781538277823,burnaby.gis,1779580800000,POINT (-122.9915644557 49.2261136971)
4012,,THEFT FROM AUTO,BURNABY,AUSTIN RD /GATINEAU PL,e19931db-032a-41d0-b899-67bc8512af50,1781538277823,burnaby.gis,1781538277823,burnaby.gis,1779494400000,POINT (-122.8958642672 49.2489876953)
4013,,THEFT FROM AUTO,BURNABY,17TH AV /7TH ST,87fc835c-fa99-4544-995e-b470896632e6,1781538277823,burnaby.gis,1781538277823,burnaby.gis,1779580800000,POINT (-122.9365326265 49.2233958811)
4014,,THEFT FROM AUTO,BURNABY,UNION ST : 6600 - 6669 Block,f429196e-9260-4761-ba0b-c793ebb225df,1781538277823,burnaby.gis,1781538277823,burnaby.gis,1779580800000,POINT (-122.9663547839 49.2777953815)
4015,,THEFT OF AUTO,BURNABY,ARCOLA ST /HALL AV,664f7cc7-35f8-40ea-bcd0-e598fa63a3df,1781538277823,burnaby.gis,1781538277823,burnaby.gis,1779580800000,POINT (-122.9549080217 49.219305712)
4016,,THEFT FROM AUTO,BURNABY,BOUNDARY RD /SPRUCE ST,d925820a-9db7-4828-938a-9c0238ff8a4b,1781538277823,burnaby.gis,1781538277823,burnaby.gis,1779580800000,POINT (-123.0235563805 49.2470245736)
4017,,THEFT FROM AUTO,BURNABY,PANDORA ST : 3900 - 3999 Block,06213af7-3f7c-4097-843e-9c4fe1338052,1781538277823,burnaby.gis,1781538277823,burnaby.gis,1779667200000,POINT (-123.0174176518 49.2829097086)
4018,,THEFT FROM AUTO,BURNABY,BULLER AV /KINGSWAY,0b18f133-f49f-4b14-8b5a-8bb267ba4063,1781538277823,burnaby.gis,1781538277823,burnaby.gis,1779667200000,POINT (-122.9775293635 49.2213447534)
4019,,BREAK & ENTER-OTHER,BURNABY,GEORGIA ST : 4000 - 4099 Block,920d5eec-d732-47c4-b3bc-8e578c1986c0,1781538277823,burnaby.gis,1781538277823,burnaby.gis,1779580800000,POINT (-123.0152576687 49.2783764674)
4020,,BREAK & ENTER-RESIDENCE,BURNABY,RIDGE DR : 7230 - 7399 Block,4b98d8d3-6f5c-4f00-91e5-40dae045e28f,1781538277823,burnaby.gis,1781538277823,burnaby.gis,1779667200000,POINT (-122.9498057637 49.2844232117)
4021,,BREAK & ENTER-BUSINESS,BURNABY,LOWLAND DR /TILLICUM ST,91956833-43a2-466d-b1fc-8e923f28bb57,1781538277823,burnaby.gis,1781538277823,burnaby.gis,1779321600000,POINT (-122.9913167397 49.1883804773)
4022,,THEFT FROM AUTO,BURNABY,MADISON AV N /OXFORD ST,187cbd3a-c6d3-43d8-a13b-fb4179c42b73,1781538277823,burnaby.gis,1781538277823,burnaby.gis,1779667200000,POINT (-123.0085535178 49.2855536675)
4023,,BREAK & ENTER-OTHER,BURNABY,CAMBRIDGE ST /GILMORE AV N,aebc8404-359a-4089-907d-b5ad3b48fe28,1781538277823,burnaby.gis,1781538277823,burnaby.gis,1779667200000,POINT (-123.0140655264 49.2864918932)
4024,,BREAK & ENTER-RESIDENCE,BURNABY,NITHSDALE ST : 4094 - 4999 Block,30040324-4b45-4678-a936-11e8487b604a,1781538277823,burnaby.gis,1781538277823,burnaby.gis,1779753600000,POINT (-123.0127921407 49.2509187795)
4025,,BREAK & ENTER-RESIDENCE,BURNABY,MACDONALD AV /UNION ST,7178afc5-4412-457f-ba29-faf135dba756,1781538277823,burnaby.gis,1781538277823,burnaby.gis,1779667200000,POINT (-123.0162981527 49.2774847567)
4026,,BREAK & ENTER-OTHER,BURNABY,ERICKSON DR /EOR - END OF ROAD,05830e0d-4d59-4a04-9a33-d434879aa186,1781538277823,burnaby.gis,1781538277823,burnaby.gis,1779667200000,POINT (-122.9006222523 49.2527508989)
4027,,BREAK & ENTER-BUSINESS,BURNABY,STILL CREEK DR : 4410 - 4499 Block,c5aab5ad-9d28-44a6-9f26-4dc671df67a1,1781538277823,burnaby.gis,1781538277823,burnaby.gis,1779753600000,POINT (-123.0048715819 49.2617504436)
4028,,BREAK & ENTER-BUSINESS,BURNABY,KINGSWAY /SUSSEX AV,bc481f1e-009e-4532-9524-1af628616183,1781538277823,burnaby.gis,1781538277823,burnaby.gis,1779753600000,POINT (-122.9993183432 49.2283922605)
4029,,BREAK & ENTER-OTHER,BURNABY,NAPIER ST : 3900 - 3999 Block,8e87cb1b-7df7-4de9-9417-c38dd17ffb5b,1781538277823,burnaby.gis,1781538277823,burnaby.gis,1779753600000,POINT (-123.0174808181 49.2747934447)
4030,,THEFT FROM AUTO,BURNABY,KINGSWAY /SMITH AV,76d6965b-85c7-4b11-9971-4e8913bdce69,1781538277823,burnaby.gis,1781538277823,burnaby.gis,1779840000000,POINT (-123.019866464 49.2325527146)
4031,,THEFT FROM AUTO,BURNABY,CAMBRIDGE ST : 3800 - 3899 Block,3697e8ed-c30c-47b5-8593-6bf41aec4451,1781538277823,burnaby.gis,1781538277823,burnaby.gis,1779840000000,POINT (-123.0197199695 49.2865408178)
4032,,THEFT FROM AUTO,BURNABY,DUNDAS ST /ESMOND AV N,8d851c84-40bd-4ddd-8b95-a010ba09ec5b,1781538277823,burnaby.gis,1781538277823,burnaby.gis,1779840000000,POINT (-123.0209370719 49.2847433452)
4033,,THEFT OF AUTO,BURNABY,MADISON AV : 1300 - 1399 Block,6e149827-a43a-4265-89df-86ca5e908954,1781538277823,burnaby.gis,1781538277823,burnaby.gis,1779840000000,POINT (-123.0087576816 49.2724650378)
4034,,THEFT FROM AUTO,BURNABY,BROADWAY : 5202 - 5399 Block,fde8be79-80b7-47c6-9b33-b42d800f2844,1781538277823,burnaby.gis,1781538277823,burnaby.gis,1779840000000,POINT (-122.9858004295 49.2663767276)
4035,,THEFT OF AUTO,BURNABY,13TH AV /2ND ST,4795e213-0a1e-4a3b-aab9-19048866c479,1781538277823,burnaby.gis,1781538277823,burnaby.gis,1779667200000,POINT (-122.9243183891 49.2245949577)
4036,,THEFT FROM AUTO,BURNABY,11TH AV /CUMBERLAND ST,f0c7caa0-221b-4a64-8c0f-4760134fe1ce,1781538277823,burnaby.gis,1781538277823,burnaby.gis,1779926400000,POINT (-122.912873271 49.2278845785)
4037,,THEFT FROM AUTO,BURNABY,MEADEDALE DR /PARKER ST,efcf6bcf-b9f1-44d4-a795-42a98a3dee34,1781538277823,burnaby.gis,1781538277823,burnaby.gis,1779926400000,POINT (-122.9824816644 49.2754875864)
4038,,THEFT OF AUTO,BURNABY,SOUTHPOINT DR : 6811 - 6880 Block,98f680cd-49ae-4918-8df2-d9ead06b3c30,1781538277823,burnaby.gis,1781538277823,burnaby.gis,1779926400000,POINT (-122.9590505218 49.2094695893)
4039,,THEFT FROM AUTO,BURNABY,STILL CREEK AV /STILL CREEK DR,a2c33ef1-b4a5-4d4a-ba48-7071ea9d8421,1781538277823,burnaby.gis,1781538277823,burnaby.gis,1779926400000,POINT (-123.005985594 49.2609897122)
4040,,THEFT FROM AUTO,BURNABY,GODWIN AV /HARDWICK ST,1321d2b5-8eee-4b80-bbf1-44293862e685,1781538277823,burnaby.gis,1781538277823,burnaby.gis,1780012800000,POINT (-122.9781602332 49.2517612552)
4041,,THEFT FROM AUTO,BURNABY,HARDWICK ST : 5600 - 5899 Block,0339b989-ac29-4682-a2d3-93453fff7042,1781538277823,burnaby.gis,1781538277823,burnaby.gis,1780012800000,POINT (-122.979925283 49.2517699621)
4042,,THEFT FROM AUTO,BURNABY,BOUNDARY RD N /DUNDAS ST,84d54817-79b2-4df0-a48d-b6dbb1aa7cab,1781538277823,burnaby.gis,1781538277823,burnaby.gis,1780012800000,POINT (-123.0233072235 49.2847612307)
4043,,BREAK & ENTER-OTHER,BURNABY,PRICE ST /SMITH AV,f70c4055-bd86-4dd9-b40e-6040ead233b1,1781538277823,burnaby.gis,1781538277823,burnaby.gis,1780012800000,POINT (-123.0198342448 49.2402330981)
4044,,THEFT FROM AUTO,BURNABY,KINGSWAY /NELSON AV,8ebbf720-e260-43de-88d5-0b9ff94e6344,1781538277823,burnaby.gis,1781538277823,burnaby.gis,1780012800000,POINT (-122.9942103614 49.226710268)
4045,,THEFT FROM AUTO,BURNABY,MAYWOOD ST : 4340 - 4369 Block,8addc3f6-7004-4e70-b3b6-a9e338b38e99,1781538277823,burnaby.gis,1781538277823,burnaby.gis,1780012800000,POINT (-123.0069769344 49.2228231831)
4046,,THEFT FROM AUTO,BURNABY,CAMBRIDGE ST : 4100 - 4199 Block,307abd3a-448a-45f9-be7d-786209788082,1781538277823,burnaby.gis,1781538277823,burnaby.gis,1780012800000,POINT (-123.0126809733 49.2864853639)
4047,,THEFT FROM AUTO,BURNABY,ETON ST /INGLETON AV N,b2e48335-831a-4e9d-a089-cf92da379579,1781538277823,burnaby.gis,1781538277823,burnaby.gis,1780012800000,POINT (-123.0175357529 49.2874311716)
4048,,BREAK & ENTER-OTHER,BURNABY,BARKER CR /PRICE CR,874d7cd7-5e39-4be2-8a56-d6dbb34a9849,1781538277823,burnaby.gis,1781538277823,burnaby.gis,1780099200000,POINT (-123.009811114 49.2386805061)
4049,,THEFT FROM AUTO,BURNABY,16TH AV /BURGESS ST,7e6b705c-fe4e-4126-9443-74e2c61d7b0a,1781538277823,burnaby.gis,1781538277823,burnaby.gis,1780099200000,POINT (-122.9390199093 49.2210635493)
4050,,THEFT FROM AUTO,BURNABY,PRICE CR : 4254 - 4399 Block,c464ed41-d2df-43cf-ab23-749c7eef2363,1781538277823,burnaby.gis,1781538277823,burnaby.gis,1780099200000,POINT (-123.0080812376 49.2382328493)
4051,,THEFT FROM AUTO,BURNABY,BARKER CR /HAZELWOOD CR,e51b0b57-e134-4bff-a067-eb866b81482d,1781538277823,burnaby.gis,1781538277823,burnaby.gis,1780099200000,POINT (-123.0105039186 49.2379624193)
4052,,THEFT FROM AUTO,BURNABY,KINGSWAY : 7440 - 7499 Block,a9b8d328-89e4-4e93-a595-8c091174b9dc,1781538277823,burnaby.gis,1781538277823,burnaby.gis,1780099200000,POINT (-122.9465600594 49.2176357362)
4053,,THEFT FROM AUTO,BURNABY,GOVERNMENT ST /MANCHESTER DR,44cc11b3-7d97-406d-afb2-3eb3a37aac4e,1781538277823,burnaby.gis,1781538277823,burnaby.gis,1780099200000,POINT (-122.8992455908 49.2469270928)
4054,,THEFT FROM AUTO,BURNABY,ELFORD ST /HOLMES ST,91c0b1cd-6f24-45f3-a21d-867e0d7b45ac,1781538277823,burnaby.gis,1781538277823,burnaby.gis,1780099200000,POINT (-122.9023171063 49.2353876433)
4055,,THEFT FROM AUTO,BURNABY,BETA AV /PENDER ST,056662b5-1361-456c-9b20-9f0d476b3851,1781538277823,burnaby.gis,1781538277823,burnaby.gis,1780099200000,POINT (-122.9974879511 49.2800703124)
4056,,THEFT OF AUTO,BURNABY,DUNDAS ST /HOLDOM AV N,f158b580-457f-4823-a1e7-af81f3346fb1,1781538277823,burnaby.gis,1781538277823,burnaby.gis,1780099200000,POINT (-122.9808198515 49.2843404063)
4057,,BREAK & ENTER-RESIDENCE,BURNABY,WOODWAY PL : 1900 - 1999 Block,53a72f85-d6c2-4cd9-8144-e0f40b01b528,1781538277823,burnaby.gis,1781538277823,burnaby.gis,1780099200000,POINT (-122.990120307 49.266916381)
4058,,THEFT FROM AUTO,BURNABY,PATTERSON AV : 5700 - 5999 Block,74ba5354-4990-4fbf-ac0e-76a6416c41b4,1781538277823,burnaby.gis,1781538277823,burnaby.gis,1780012800000,POINT (-123.0126526121 49.2312737961)
4059,,THEFT OF AUTO,BURNABY,EMPIRE DR : 5400 - 5499 Block,4eee6949-af21-43c2-9423-0160c1f6c066,1781538277823,burnaby.gis,1781538277823,burnaby.gis,1780185600000,POINT (-122.9842839679 49.2807391995)
4060,,THEFT FROM AUTO,BURNABY,WOODSWORTH ST : 5400 - 5465 Block,99e50f86-65c8-4312-88df-606227bd960d,1781538277823,burnaby.gis,1781538277823,burnaby.gis,1780185600000,POINT (-122.9853228935 49.2511069189)
4061,,BREAK & ENTER-BUSINESS,BURNABY,LANE ST : 5200 - 5599 Block,21159403-3032-4949-8f09-65f2701d0fd7,1784039177409,burnaby.gis,1784039177409,burnaby.gis,1780272000000,POINT (-122.9859853661 49.2224790733)
4062,,BREAK & ENTER-OTHER,BURNABY,DOUGLAS RD /SPRINGER AV,99fa437a-134f-410f-8697-0860d532ccc4,1784039177409,burnaby.gis,1784039177409,burnaby.gis,1780444800000,POINT (-122.9883384375 49.26327735)
4063,,BREAK & ENTER-BUSINESS,BURNABY,10TH AV : 8666 - 8699 Block,959b93c5-94b1-4529-a820-aac963acf11f,1784039177409,burnaby.gis,1784039177409,burnaby.gis,1780444800000,POINT (-122.9056369205 49.2307833478)
4064,,THEFT FROM AUTO,BURNABY,MARINE DR : 6300 - 6359 Block,7360d652-75b4-446b-9634-76dcb9c1d8c1,1784039177409,burnaby.gis,1784039177409,burnaby.gis,1780531200000,POINT (-122.9614407332 49.2019065575)
4065,,BREAK & ENTER-RESIDENCE,BURNABY,BOUNDARY RD : 7200 - 7299 Block,0b43174d-80c2-46a2-bdda-5d8c455c4880,1784039177409,burnaby.gis,1784039177409,burnaby.gis,1780444800000,POINT (-123.0236345365 49.2179132261)
4066,,THEFT FROM AUTO,BURNABY,GILLEY AV : 6500 - 6799 Block,9863b6a5-a3fc-42b3-8447-15a8245cddcf,1784039177409,burnaby.gis,1784039177409,burnaby.gis,1780617600000,POINT (-122.9719558429 49.223483446)
4067,,THEFT FROM AUTO,BURNABY,BRYANT ST /COLBORNE AV,514be1f7-efb8-4a1b-b1eb-bb79ab2d2c12,1784039177409,burnaby.gis,1784039177409,burnaby.gis,1780531200000,POINT (-122.9708346329 49.2253180102)
4068,,THEFT FROM AUTO,BURNABY,BETA AV /NORTHLAWN DR,8e80bfb8-d02b-402a-89e7-72eed422ec46,1784039177409,burnaby.gis,1784039177409,burnaby.gis,1780704000000,POINT (-122.9958492465 49.2728307088)
4069,,THEFT FROM AUTO,BURNABY,CAPITOL DR /HOLDOM AV,43365571-6d7f-4186-99b7-a8f896a93e98,1784039177409,burnaby.gis,1784039177409,burnaby.gis,1780704000000,POINT (-122.9808764729 49.2829095149)
4070,,THEFT FROM AUTO,BURNABY,DUNDAS ST /MACDONALD AV N,47cec675-be98-4a42-84e1-5ab318106789,1784039177409,burnaby.gis,1784039177409,burnaby.gis,1780790400000,POINT (-123.0161973125 49.2847072971)
4071,,THEFT FROM AUTO,BURNABY,16TH AV : 7700 - 7799 Block,d4b812e5-8b78-4874-9f6c-d37c4fa139e1,1784039177409,burnaby.gis,1784039177409,burnaby.gis,1780790400000,POINT (-122.936790065 49.2221963103)
4072,,THEFT FROM AUTO,BURNABY,MAPLE GROVE CR : 8700 - 8799 Block,3347aa4e-80fe-4cc7-9b09-75df675c6c90,1784039177409,burnaby.gis,1784039177409,burnaby.gis,1780876800000,POINT (-122.9119359145 49.2627962051)
4073,,THEFT FROM AUTO,BURNABY,LOUGHEED HY : 4800 - 4839 Block,21db5cda-a63a-4c67-99fb-fcf639fff1d9,1784039177409,burnaby.gis,1784039177409,burnaby.gis,1780963200000,POINT (-122.9941948066 49.2656264652)
4074,,BREAK & ENTER-BUSINESS,BURNABY,GLENLYON PY : 8700 - 8899 Block,ce1424af-a721-4e3c-90b5-49f69894b4c2,1784039177409,burnaby.gis,1784039177409,burnaby.gis,1780963200000,POINT (-123.0100423166 49.202640938)
4075,,THEFT FROM AUTO,BURNABY,WINSTON ST : 7900 - 8199 Block,b45e3333-56eb-446a-b629-48f1bd4d2265,1784039177409,burnaby.gis,1784039177409,burnaby.gis,1781049600000,POINT (-122.9303505591 49.2482299738)
4076,,THEFT FROM AUTO,BURNABY,LOUGHEED HY : 4100 - 4299 Block,f92e55e0-85fa-4438-a91a-007181540abc,1784039177409,burnaby.gis,1784039177409,burnaby.gis,1781049600000,POINT (-123.0115123977 49.2662867556)
4077,,THEFT FROM AUTO,BURNABY,ERICKSON DR /EOR - END OF ROAD,454d8273-5eae-4ef8-bc4c-8aba69ea8777,1784039177409,burnaby.gis,1784039177409,burnaby.gis,1781136000000,POINT (-122.9006222523 49.2527508989)
4078,,THEFT FROM AUTO,BURNABY,GRASSMERE ST /SUSSEX AV,6a2c6227-dff1-487a-a607-eff746661f79,1784039177409,burnaby.gis,1784039177409,burnaby.gis,1781222400000,POINT (-122.9978599758 49.2386484521)
4079,,BREAK & ENTER-RESIDENCE,BURNABY,DUNBLANE AV : 6600 - 6799 Block,42fa8e3f-2f2e-4ab4-96f0-16b12d65d79a,1784039177409,burnaby.gis,1784039177409,burnaby.gis,1781136000000,POINT (-122.9928082 49.2227305364)
4080,,BREAK & ENTER-OTHER,BURNABY,GAGLARDI WY : -1 - 0 Block,81c4a656-855f-4d30-ab99-21469eb809ed,1784039177409,burnaby.gis,1784039177409,burnaby.gis,1781222400000,POINT (-122.9261632718 49.2769688766)
4081,,THEFT FROM AUTO,BURNABY,FELL AV /PANDORA ST,08cac99c-b912-4d2e-9895-9f09912f5de6,1784039177409,burnaby.gis,1784039177409,burnaby.gis,1781308800000,POINT (-122.9753684746 49.2825650194)
4082,,BREAK & ENTER-RESIDENCE,BURNABY,SELLERS AV : 6800 - 6899 Block,dee188d5-74f6-4f20-aa3b-176b2e378255,1784039177409,burnaby.gis,1784039177409,burnaby.gis,1781395200000,POINT (-122.9816406068 49.2213763592)
4083,,THEFT FROM AUTO,BURNABY,EDMONDS ST /SALISBURY AV,2dd36ca8-ba17-4f8d-9603-7fed7241c490,1784039177409,burnaby.gis,1784039177409,burnaby.gis,1780531200000,POINT (-122.9570515375 49.2152122957)
4084,,BREAK & ENTER-BUSINESS,BURNABY,NORTH FRASER WY : 7400 - 7699 Block,dd961103-14e9-4ee7-b73c-b9be74a34cd9,1784039177409,burnaby.gis,1784039177409,burnaby.gis,1781481600000,POINT (-122.9906068167 49.191420137)
4085,,THEFT FROM AUTO,BURNABY,12TH AV /MARY AV,3fa3ac63-00f4-437f-a307-904802871ee2,1784039177409,burnaby.gis,1784039177409,burnaby.gis,1781481600000,POINT (-122.9376370521 49.2160586241)
4086,,BREAK & ENTER-OTHER,BURNABY,MARY AV : 7700 - 7799 Block,44c7c71d-9384-4099-9e6a-eff6bc5a75c0,1784039177409,burnaby.gis,1784039177409,burnaby.gis,1781481600000,POINT (-122.9382478537 49.2165161703)
4087,,THEFT FROM AUTO,BURNABY,BURLINGTON AV : 6500 - 6599 Block,5224e4ca-d2a3-4066-8bec-5f089c84bb3c,1784039177409,burnaby.gis,1784039177409,burnaby.gis,1781568000000,POINT (-122.9903071307 49.2244056278)
4088,,BREAK & ENTER-RESIDENCE,BURNABY,FOREST GROVE DR : 8100 - 8299 Block,46284e9f-233f-4ca8-913a-604d6e1cfd30,1784039177409,burnaby.gis,1784039177409,burnaby.gis,1781568000000,POINT (-122.9258434596 49.2646219156)
4089,,THEFT FROM AUTO,BURNABY,MAPLEHURST CI : 1500 - 1700 Block,09336047-1b89-4b1f-b59f-636229951713,1784039177409,burnaby.gis,1784039177409,burnaby.gis,1781568000000,POINT (-122.9483981575 49.2701556775)
4090,,THEFT FROM AUTO,BURNABY,LOUGHEED HY /WILLINGDON AV,affb9a7c-3dcc-438f-8ad2-b9639b3c4b14,1784039177409,burnaby.gis,1784039177409,burnaby.gis,1781654400000,POINT (-123.0032339804 49.2664231776)
4091,,THEFT FROM AUTO,BURNABY,WATLING ST : 4900 - 5199 Block,56d3a83f-a1b8-446c-aa16-310cfb1377a6,1784039177409,burnaby.gis,1784039177409,burnaby.gis,1781740800000,POINT (-122.991172922 49.2164800256)
4092,,THEFT FROM AUTO,BURNABY,WATLING ST : 4900 - 5199 Block,ae77bb55-e535-4dfe-a3b8-f62b91f41f78,1784039177409,burnaby.gis,1784039177409,burnaby.gis,1781740800000,POINT (-122.991172922 49.2164800256)
4093,,BREAK & ENTER-OTHER,BURNABY,SPERLING AV : 1200 - 1299 Block,e82fbb36-0dc3-4757-9d53-1c49b5bf5455,1784039177409,burnaby.gis,1784039177409,burnaby.gis,1781740800000,POINT (-122.9646451408 49.272947025)
4094,,BREAK & ENTER-OTHER,BURNABY,GAGLARDI WY : -1 - 0 Block,7159fc6d-ce0a-475d-b97b-c59b4ff304ad,1784039177409,burnaby.gis,1784039177409,burnaby.gis,1781740800000,POINT (-122.9261632718 49.2769688766)
4095,,BREAK & ENTER-BUSINESS,BURNABY,NORTH FRASER WY : 7400 - 7699 Block,4f6588dc-c49a-4ba2-9aa2-0404e3f40d8d,1784039177409,burnaby.gis,1784039177409,burnaby.gis,1781827200000,POINT (-122.9906068167 49.191420137)
4096,,BREAK & ENTER-BUSINESS,BURNABY,BERESFORD ST /SALISBURY AV,b15de3b6-b103-48e5-93d1-49a051c94455,1784039177409,burnaby.gis,1784039177409,burnaby.gis,1781827200000,POINT (-122.9575225705 49.2170892517)
4097,,THEFT FROM AUTO,BURNABY,AUBREY ST /AYSHIRE DR,bd78de66-05bd-4224-8d6c-205d53e36595,1784039177409,burnaby.gis,1784039177409,burnaby.gis,1781913600000,POINT (-122.9429456017 49.2733748008)
4098,,THEFT OF AUTO,BURNABY,MOSCROP ST /SMITH AV,e861ebc3-26f7-4f4e-b62e-ac44ec092054,1784039177409,burnaby.gis,1784039177409,burnaby.gis,1781913600000,POINT (-123.0197993121 49.242981213)
4099,,THEFT FROM AUTO,BURNABY,GRIMMER ST /ROYAL OAK AV,aa17daad-f093-4725-8563-58ad5fecfbb8,1784039177409,burnaby.gis,1784039177409,burnaby.gis,1782000000000,POINT (-122.9889078896 49.2235704949)
4100,,THEFT FROM AUTO,BURNABY,SOUTHOAKS CR : 6500 - 6699 Block,ba7226d5-fad5-4e95-8879-387de1bbe969,1784039177409,burnaby.gis,1784039177409,burnaby.gis,1782000000000,POINT (-122.9668029696 49.2178323437)
4101,,THEFT FROM AUTO,BURNABY,CAMBRIDGE ST /DELTA AV N,ca402e0d-8a91-4646-9806-5f76c216c6c8,1784039177409,burnaby.gis,1784039177409,burnaby.gis,1782086400000,POINT (-122.9918194748 49.2863922319)
4102,,THEFT FROM AUTO,BURNABY,CLINTON ST /HEDLEY AV,ce82c8d7-bc7a-40b2-af3e-04fff494f1ae,1784039177409,burnaby.gis,1784039177409,burnaby.gis,1782086400000,POINT (-122.9673267972 49.2129110133)
4103,,BREAK & ENTER-BUSINESS,BURNABY,NORTH FRASER WY : 7700 - 8199 Block,80baf580-5e64-4e16-bb33-8d5719e99368,1784039177409,burnaby.gis,1784039177409,burnaby.gis,1782086400000,POINT (-122.9819143085 49.1888616945)
4104,,BREAK & ENTER-BUSINESS,BURNABY,GRAND PROMENADE : 9855 - 9861 Block,3da7cbc8-d678-4a8d-9f72-6066354c51c1,1784039177409,burnaby.gis,1784039177409,burnaby.gis,1782086400000,POINT (-122.8948972091 49.2499134117)
4105,,THEFT FROM AUTO,BURNABY,14TH AV /WILLARD ST,a34232d0-3014-4e93-8389-8de8e819e9b9,1784039177409,burnaby.gis,1784039177409,burnaby.gis,1782086400000,POINT (-122.9673812144 49.2016894522)
4106,,THEFT FROM AUTO,BURNABY,STILL CREEK AV : 3700 - 3819 Block,4756a1ac-eb0f-486f-8496-8ba840a1ed64,1784039177409,burnaby.gis,1784039177409,burnaby.gis,1782172800000,POINT (-123.0199857899 49.2608690936)
4107,,THEFT FROM AUTO,BURNABY,DOMINION ST /SUMNER AV,3084fbe0-decf-4037-98ac-8ae3bb9021ed,1784039177409,burnaby.gis,1784039177409,burnaby.gis,1782172800000,POINT (-123.0082886172 49.2562942612)
4108,,BREAK & ENTER-RESIDENCE,BURNABY,BURNFIELD CR : 7900 - 8099 Block,367f3c2f-a524-4dab-aef1-bff51d23ea2c,1784039177409,burnaby.gis,1784039177409,burnaby.gis,1782172800000,POINT (-122.9461786518 49.2357977161)
4109,,THEFT FROM AUTO,BURNABY,HYTHE AV N : 200 - 499 Block,b8dec803-5efb-4a61-8d63-0200927ae510,1784039177409,burnaby.gis,1784039177409,burnaby.gis,1782172800000,POINT (-122.9902978714 49.2880814186)
4110,,THEFT FROM AUTO,BURNABY,DUNDAS ST /ROSSER AV N,f843788b-fbf8-4146-a7df-b69a790423a8,1784039177409,burnaby.gis,1784039177409,burnaby.gis,1782345600000,POINT (-123.005810123 49.2846289445)
4111,,THEFT OF AUTO,BURNABY,SILVER AV : 6300 - 6599 Block,9269a3aa-5a04-4b5d-8b2a-96ae350ceba7,1784039177409,burnaby.gis,1784039177409,burnaby.gis,1782432000000,POINT (-123.0065973802 49.2246702316)
4112,,BREAK & ENTER-BUSINESS,BURNABY,DAWSON ST : 4170 - 4299 Block,4615e065-eb03-49c5-b226-10954e479d82,1784039177409,burnaby.gis,1784039177409,burnaby.gis,1782432000000,POINT (-123.0105649958 49.2644659126)
4113,,THEFT FROM AUTO,BURNABY,12TH AV /MARINE DR,aaa80b10-7993-4962-a2da-b1cf6ad3f089,1784039177409,burnaby.gis,1784039177409,burnaby.gis,1782518400000,POINT (-122.9625849708 49.2024877158)
4114,,BREAK & ENTER-BUSINESS,BURNABY,NORTH FRASER WY : 4300 - 5159 Block,b1fdf885-e9a8-4452-b3e0-c7287a54d7f7,1784039177409,burnaby.gis,1784039177409,burnaby.gis,1782691200000,POINT (-123.0028739584 49.1998095771)
4115,,BREAK & ENTER-BUSINESS,BURNABY,GLENWOOD DR : 8000 - 8199 Block,2ffbc03d-82a8-4124-b8e7-620bef4dd076,1784039177409,burnaby.gis,1784039177409,burnaby.gis,1782691200000,POINT (-122.9685590831 49.1931114505)
4116,,THEFT FROM AUTO,BURNABY,SLOPES MS : 9100 - 9349 Block,15f217fa-3227-4d0f-818c-454a418944ad,1784039177409,burnaby.gis,1784039177409,burnaby.gis,1782777600000,POINT (-122.9074075148 49.2770037285)
4117,,THEFT FROM AUTO,BURNABY,HENNING DR : 3700 - 3999 Block,06fd756f-3e81-4a79-a514-3950767286f8,1784039177409,burnaby.gis,1784039177409,burnaby.gis,1782777600000,POINT (-123.0187952592 49.2639336315)
4118,,THEFT FROM AUTO,BURNABY,SMITH AV /SUNSET ST,c4bb8912-827b-4636-a3ed-cf4de1eb5852,1784039177409,burnaby.gis,1784039177409,burnaby.gis,1782777600000,POINT (-123.0198016381 49.2497217901)
4119,,THEFT FROM AUTO,BURNABY,CAMERON ST /NOEL DR,fae26625-e422-47bc-aed0-af603466aee7,1784039177409,burnaby.gis,1784039177409,burnaby.gis,1782777600000,POINT (-122.9045883431 49.2534764438)
4120,,BREAK & ENTER-BUSINESS,BURNABY,KINGSWAY /WILLINGDON AV,5f8f33c3-d41d-466c-864a-0cf097b09fab,1784039177409,burnaby.gis,1784039177409,burnaby.gis,1782777600000,POINT (-123.0048321208 49.2302021397)
4121,,THEFT OF AUTO,BURNABY,BERESFORD ST /SUSSEX AV,6a43c8e2-4061-46ca-8666-1ef7b4ee2398,1784039177409,burnaby.gis,1784039177409,burnaby.gis,1780272000000,POINT (-123.0021720462 49.2246610271)
4122,,THEFT OF AUTO,BURNABY,LANE ST : 5200 - 5599 Block,4ad817dd-5ede-453c-823e-9ef08be858f7,1784039177409,burnaby.gis,1784039177409,burnaby.gis,1780272000000,POINT (-122.9859853661 49.2224790733)
4123,,THEFT FROM AUTO,BURNABY,ALPHA AV /LOUGHEED HY,4275c292-0b86-4703-9596-c983a4495df7,1784039177409,burnaby.gis,1784039177409,burnaby.gis,1780272000000,POINT (-123.0003730326 49.2663239015)
4124,,THEFT FROM AUTO,BURNABY,16TH AV : 7650 - 7699 Block,5735a917-cabe-47f5-8fd2-0806d04c4cf8,1784039177409,burnaby.gis,1784039177409,burnaby.gis,1780358400000,POINT (-122.9384495035 49.2213668737)
4125,,THEFT FROM AUTO,BURNABY,MANCHESTER DR : 9600 - 9899 Block,c8cb7ddc-a407-4d2b-8794-eca1e94346cc,1784039177409,burnaby.gis,1784039177409,burnaby.gis,1780272000000,POINT (-122.8976381242 49.2467453127)
4126,,THEFT FROM AUTO,BURNABY,ACORN AV /BERESFORD ST,09d73c2c-0ea7-4fc7-bf64-aaa69e4bde0a,1784039177409,burnaby.gis,1784039177409,burnaby.gis,1780531200000,POINT (-122.9557141615 49.2170367044)
4127,,THEFT FROM AUTO,BURNABY,MCKAY AV /SOUTHWOOD ST,9933080b-c6ed-462b-a0ec-addc74f92815,1784039177409,burnaby.gis,1784039177409,burnaby.gis,1780531200000,POINT (-123.0086696761 49.2134300522)
4128,,THEFT FROM AUTO,BURNABY,HEATHDALE CT /EOR - END OF ROAD,996b0595-575c-4a49-a81a-166cf7d13149,1784039177409,burnaby.gis,1784039177409,burnaby.gis,1780617600000,POINT (-122.9824944208 49.2721108369)
4129,,THEFT FROM AUTO,BURNABY,DAWSON ST : 4170 - 4299 Block,9dcf014f-6697-447e-92de-84fb1c203100,1784039177409,burnaby.gis,1784039177409,burnaby.gis,1780704000000,POINT (-123.0105649958 49.2644659126)
4130,,BREAK & ENTER-RESIDENCE,BURNABY,GILMORE AV /HALIFAX ST,4f27f3aa-9994-40e3-a8e4-c00ded8df33b,1784039177409,burnaby.gis,1784039177409,burnaby.gis,1780790400000,POINT (-123.0142676896 49.2680260882)
4131,,THEFT FROM AUTO,BURNABY,BRENTLAWN DR : 4500 - 4599 Block,af63c05d-4247-477e-850c-2c96ca092a51,1784039177409,burnaby.gis,1784039177409,burnaby.gis,1780790400000,POINT (-123.0015603222 49.2701412296)
4132,,THEFT FROM AUTO,BURNABY,SPRINGER AV : 1400 - 1629 Block,52f99692-5bec-419f-ac83-b2b5d6c32cf4,1784039177409,burnaby.gis,1784039177409,burnaby.gis,1780876800000,POINT (-122.9879001024 49.2705347923)
4133,,THEFT FROM AUTO,BURNABY,WALTHAM AV : 6100 - 6199 Block,ac771352-1789-483f-80a4-da33771132c7,1784039177409,burnaby.gis,1784039177409,burnaby.gis,1780876800000,POINT (-122.9763483309 49.2281427707)
4134,,THEFT FROM AUTO,BURNABY,DOMINION ST /SUMNER AV,8b736abf-9954-41b5-af57-104c4b7c17ba,1784039177409,burnaby.gis,1784039177409,burnaby.gis,1781049600000,POINT (-123.0082886172 49.2562942612)
4135,,BREAK & ENTER-BUSINESS,BURNABY,MEADOW AV /TRAPP AV,90c142b5-86c0-4466-9078-25d2eae69a34,1784039177409,burnaby.gis,1784039177409,burnaby.gis,1781136000000,POINT (-122.9631322934 49.1926196349)
4136,,THEFT FROM AUTO,BURNABY,STRATFORD AV N : 1 - 199 Block,09c8fd2b-e5cb-40d7-953c-cfddefb8caf2,1784039177409,burnaby.gis,1784039177409,burnaby.gis,1781136000000,POINT (-122.9766621842 49.2852264956)
4137,,THEFT FROM AUTO,BURNABY,BRAEMOOR PL : 9200 - 9299 Block,3ea2268e-3964-485e-867d-a50b90004cb3,1784039177409,burnaby.gis,1784039177409,burnaby.gis,1781049600000,POINT (-122.9029226707 49.2651231526)
4138,,THEFT FROM AUTO,BURNABY,ESMOND AV : 3100 - 3199 Block,caaa0d1c-5b9a-41f3-a998-ce09bdf65349,1784039177409,burnaby.gis,1784039177409,burnaby.gis,1781222400000,POINT (-123.0216896988 49.2559406355)
4139,,BREAK & ENTER-BUSINESS,BURNABY,LENNOX LN /NELSON AV,99ee1d2d-c3e0-4484-b862-d57d1d1d9f61,1784039177409,burnaby.gis,1784039177409,burnaby.gis,1781222400000,POINT (-122.9941960492 49.2235158818)
4140,,THEFT FROM AUTO,BURNABY,AUBREY ST /FELL AV,2dd426d0-354a-4548-8ddf-c4cddc274221,1784039177409,burnaby.gis,1784039177409,burnaby.gis,1781222400000,POINT (-122.9756125284 49.2734204241)
4141,,THEFT FROM AUTO,BURNABY,BETA AV /BRENTWOOD DR,10cd2e34-17a2-48da-b29c-53cda461d8ee,1784039177409,burnaby.gis,1784039177409,burnaby.gis,1781222400000,POINT (-122.9976081151 49.2668586429)
4142,,BREAK & ENTER-BUSINESS,BURNABY,NORLAND AV : 4000 - 4299 Block,d04a06a8-5558-41fe-a8a8-d1db72c81b66,1784039177409,burnaby.gis,1784039177409,burnaby.gis,1781308800000,POINT (-122.9746958579 49.2469571149)
4143,,BREAK & ENTER-BUSINESS,BURNABY,NORTH FRASER WY : 7400 - 7699 Block,ee0bb020-bff5-4244-8004-9179f92c49a5,1784039177409,burnaby.gis,1784039177409,burnaby.gis,1781308800000,POINT (-122.9906068167 49.191420137)
4144,,BREAK & ENTER-OTHER,BURNABY,WILLINGDON AV : 6500 - 6799 Block,148bea69-6d59-49d6-88f9-26937d668cf4,1784039177409,burnaby.gis,1784039177409,burnaby.gis,1781308800000,POINT (-123.010872448 49.223095983)
4145,,THEFT FROM AUTO,BURNABY,BRENTWOOD DR : 4700 - 4839 Block,d3aac022-383a-422b-a8e2-4882ffbb8645,1784039177409,burnaby.gis,1784039177409,burnaby.gis,1781308800000,POINT (-122.9949001231 49.2664619142)
4146,,THEFT FROM AUTO,BURNABY,DAWN AV /SHELBY CT,22375605-ebe5-483b-b796-209a96b21239,1784039177409,burnaby.gis,1784039177409,burnaby.gis,1781395200000,POINT (-122.9850884937 49.2492295576)
4147,,THEFT FROM AUTO,BURNABY,17TH AV : 7200 - 7299 Block,75f874ca-0d6a-4d7a-9419-e72d9809eb82,1784039177409,burnaby.gis,1784039177409,burnaby.gis,1781395200000,POINT (-122.9500269055 49.2161776163)
4148,,BREAK & ENTER-OTHER,BURNABY,NORTH FRASER WY : 7400 - 7699 Block,70ac38f3-a63c-4fd9-b724-becdd0053237,1784039177409,burnaby.gis,1784039177409,burnaby.gis,1781481600000,POINT (-122.9906068167 49.191420137)
4149,,BREAK & ENTER-OTHER,BURNABY,6TH ST /ELWELL ST,893c1a1e-63e4-4ae7-ae63-2b6f0ff64130,1784039177409,burnaby.gis,1784039177409,burnaby.gis,1781481600000,POINT (-122.9403017272 49.2286795705)
4150,,BREAK & ENTER-BUSINESS,BURNABY,CURLE AV : 3460 - 3499 Block,db81b946-548c-4c56-af1f-d3049be11f27,1784039177409,burnaby.gis,1784039177409,burnaby.gis,1781481600000,POINT (-123.0151496145 49.2532623721)
4151,,BREAK & ENTER-OTHER,BURNABY,ERICKSON DR : 9500 - 9549 Block,1184019e-3a49-4958-a3a1-17ebba86e86b,1784039177409,burnaby.gis,1784039177409,burnaby.gis,1781568000000,POINT (-122.8997239029 49.252592834)
4152,,THEFT FROM AUTO,BURNABY,FRASERWOOD CT /EOR - END OF ROAD,c3e22ea6-4783-40af-b698-00da918c33b1,1784039177409,burnaby.gis,1784039177409,burnaby.gis,1781654400000,POINT (-123.018207155 49.2003382444)
4153,,THEFT OF AUTO,BURNABY,10TH AV /4TH ST,76abc319-bdf5-4bc4-ad4d-8131dadf4382,1784039177409,burnaby.gis,1784039177409,burnaby.gis,1781740800000,POINT (-122.9250466361 49.2203422389)
4154,,THEFT FROM AUTO,BURNABY,DAWSON ST : 4100 - 4169 Block,7b66754a-9cad-4a87-9ac2-f0ac57560da5,1784039177409,burnaby.gis,1784039177409,burnaby.gis,1781740800000,POINT (-123.0133181263 49.2644790521)
4155,,THEFT FROM AUTO,BURNABY,SARDIS ST : 4100 - 4199 Block,4d527ed0-fc8f-4288-94bf-3d74399e2ff3,1784039177409,burnaby.gis,1784039177409,burnaby.gis,1781827200000,POINT (-123.0122957717 49.2340427799)
4156,,THEFT FROM AUTO,BURNABY,14TH AV /KINGSWAY,62a23226-9c42-4976-bbc5-99928329ce11,1784039177409,burnaby.gis,1784039177409,burnaby.gis,1781913600000,POINT (-122.94277563 49.2164745407)
4157,,THEFT FROM AUTO,BURNABY,KINGSWAY /SUSSEX AV,bf570605-fdd4-41ed-8f8c-e3e30c4c2c1c,1784039177409,burnaby.gis,1784039177409,burnaby.gis,1781913600000,POINT (-122.9993183432 49.2283922605)
4158,,THEFT FROM AUTO,BURNABY,GROSVENOR CR /RANELAGH AV N,53995aa3-3773-4f16-a057-a77328de9148,1784039177409,burnaby.gis,1784039177409,burnaby.gis,1782086400000,POINT (-122.9861777205 49.2877559804)
4159,,THEFT FROM AUTO,BURNABY,VENABLES ST : 4200 - 4299 Block,3c610552-4ca9-43c9-b1b1-b886f3f25ed3,1784039177409,burnaby.gis,1784039177409,burnaby.gis,1782086400000,POINT (-123.0101111193 49.2765292698)
4160,,THEFT FROM AUTO,BURNABY,NEVILLE ST : 6300 - 6999 Block,29985bab-4d5a-4266-b147-76d8744f7d2c,1784039177409,burnaby.gis,1784039177409,burnaby.gis,1782086400000,POINT (-122.9696519581 49.2138103979)
4161,,THEFT FROM AUTO,BURNABY,CAMBRIDGE ST /RANELAGH AV N,36bc458a-81d0-4e38-b4ba-a68b20aa2d0d,1784039177409,burnaby.gis,1784039177409,burnaby.gis,1782086400000,POINT (-122.9862409748 49.2863360307)
4162,,THEFT FROM AUTO,BURNABY,ESMOND AV /FRANCES ST,7ebfbb8c-36cc-48bd-8a50-d7f3ec533479,1784039177409,burnaby.gis,1784039177409,burnaby.gis,1782086400000,POINT (-123.0210275029 49.2793183558)
4163,,THEFT OF AUTO,BURNABY,16TH AV : 7430 - 7459 Block,bc67dbba-ea82-48b5-9798-c49cc0c7eaf7,1784039177409,burnaby.gis,1784039177409,burnaby.gis,1782172800000,POINT (-122.9435168746 49.218671411)
4164,,THEFT FROM AUTO,BURNABY,CAMBRIDGE ST : 3700 - 3799 Block,b7a1e378-246c-4daa-bfae-399e5c089af7,1784039177409,burnaby.gis,1784039177409,burnaby.gis,1782172800000,POINT (-123.0220910245 49.2865611183)
4165,,THEFT OF AUTO,BURNABY,BETA AV /JUNEAU ST,af7d5176-f2bf-4d3a-bf5e-c2ae61759cca,1784039177409,burnaby.gis,1784039177409,burnaby.gis,1782345600000,POINT (-122.9976344997 49.2635419709)
4166,,THEFT FROM AUTO,BURNABY,ALASKA ST /ALPHA AV,f824d011-d22b-4056-a38d-050826aecb92,1784039177409,burnaby.gis,1784039177409,burnaby.gis,1782345600000,POINT (-123.0004006055 49.2623455245)
4167,,THEFT FROM AUTO,BURNABY,17TH AV /2ND ST,244ab6cf-48cd-45df-bf57-0effdcd8188d,1784039177409,burnaby.gis,1784039177409,burnaby.gis,1782345600000,POINT (-122.9281956075 49.2276496256)
4168,,THEFT OF AUTO,BURNABY,CURLE AV : 3460 - 3499 Block,ff0a56cf-a1b4-4e5d-bc32-aa8aec958dc1,1784039177409,burnaby.gis,1784039177409,burnaby.gis,1781395200000,POINT (-123.0151496145 49.2532623721)
4169,,BREAK & ENTER-BUSINESS,BURNABY,NORTH RD : 4400 - 4599 Block,7647e61c-8373-4009-9495-09e432d542a7,1784039177409,burnaby.gis,1784039177409,burnaby.gis,1782432000000,POINT (-122.8926593026 49.2437014474)
4170,,THEFT FROM AUTO,BURNABY,MARINE DR : 6300 - 6359 Block,29eace91-044f-4d87-9a74-97b141d939e3,1784039177409,burnaby.gis,1784039177409,burnaby.gis,1782518400000,POINT (-122.9614407332 49.2019065575)
4171,,BREAK & ENTER-BUSINESS,BURNABY,GLENWOOD DR /NORTH FRASER WY,ed5a5ecd-7d0b-4f32-a52d-3bb38901cd75,1784039177409,burnaby.gis,1784039177409,burnaby.gis,1782518400000,POINT (-122.9701415352 49.1943741344)
4172,,THEFT FROM AUTO,BURNABY,KITCHENER ST /ROSSER AV,d681bc3a-3b5a-4c32-86d6-e172f903dcda,1784039177409,burnaby.gis,1784039177409,burnaby.gis,1782604800000,POINT (-123.0059960821 49.2719852883)
4173,,BREAK & ENTER-OTHER,BURNABY,BERWICK ST : 6000 - 6999 Block,c473b486-ce89-4b10-8be1-fda7b95a8537,1784039177409,burnaby.gis,1784039177409,burnaby.gis,1782604800000,POINT (-122.9741703571 49.2277010169)
4174,,THEFT FROM AUTO,BURNABY,BERESFORD ST : 6300 - 6499 Block,1b3f8616-a5c8-4c67-8dd7-2fc3b6710e54,1784039177409,burnaby.gis,1784039177409,burnaby.gis,1782691200000,POINT (-122.9703369355 49.2170479779)
4175,,THEFT FROM AUTO,BURNABY,MADISON AV /VENABLES ST,73927345-9f93-4e88-9f53-a1455575bf82,1784039177409,burnaby.gis,1784039177409,burnaby.gis,1782691200000,POINT (-123.008729013 49.2765189026)
4176,,BREAK & ENTER-OTHER,BURNABY,MOORCROFT CT /EOR - END OF ROAD,6d069e32-b2ea-4ff7-9d5c-5ac082c21f64,1784039177409,burnaby.gis,1784039177409,burnaby.gis,1782777600000,POINT (-122.9618153136 49.2594319088)
4177,,BREAK & ENTER-BUSINESS,BURNABY,RIVERBEND DR /,eec101d1-51a4-4311-bf15-43049dba4699,1784039177409,burnaby.gis,1784039177409,burnaby.gis,1782691200000,POINT (-122.972393962 49.1885310439)
4178,,THEFT FROM AUTO,BURNABY,STRIDE AV : 7300 - 7399 Block,3d366a68-9b11-4cb6-a008-5a8c454604c6,1784039177409,burnaby.gis,1784039177409,burnaby.gis,1782777600000,POINT (-122.9458664631 49.2164755849)
4179,,THEFT OF AUTO,BURNABY,MONTECITO DR : 7250 - 7339 Block,ad946de2-10af-4dca-b127-a18cc77e300f,1784039177409,burnaby.gis,1784039177409,burnaby.gis,1780272000000,POINT (-122.9507497038 49.263801493)
4180,,THEFT FROM AUTO,BURNABY,HASTINGS ST : 6630 - 6699 Block,deb82757-a4cb-4023-8719-7f8b20c52894,1784039177409,burnaby.gis,1784039177409,burnaby.gis,1780358400000,POINT (-122.9652583705 49.2803643648)
4181,,THEFT FROM AUTO,BURNABY,LANE ST : 5200 - 5599 Block,f3b31b61-4ea6-45ff-bb1e-66e3052a94c2,1784039177409,burnaby.gis,1784039177409,burnaby.gis,1780272000000,POINT (-122.9859853661 49.2224790733)
4182,,THEFT FROM AUTO,BURNABY,LANE ST : 5200 - 5599 Block,f27b3d14-8171-4e59-a363-e18650c5e22f,1784039177409,burnaby.gis,1784039177409,burnaby.gis,1780272000000,POINT (-122.9859853661 49.2224790733)
4183,,THEFT FROM AUTO,BURNABY,OAKDALE RD /OAKLAND ST,00a109bf-d7f2-49ed-a60d-6637b1b87f37,1784039177409,burnaby.gis,1784039177409,burnaby.gis,1780272000000,POINT (-122.9857295183 49.2295955862)
4184,,BREAK & ENTER-RESIDENCE,BURNABY,BESSBOROUGH DR : 4800 - 4851 Block,cd82641f-aa27-40f7-90d3-94b585f24572,1784039177409,burnaby.gis,1784039177409,burnaby.gis,1780531200000,POINT (-122.9940449019 49.2868813231)
4185,,BREAK & ENTER-OTHER,BURNABY,NORTH FRASER WY : 7400 - 7699 Block,0f4363de-6cba-4ea0-87ae-56736a1c385b,1784039177409,burnaby.gis,1784039177409,burnaby.gis,1780531200000,POINT (-122.9906068167 49.191420137)
4186,,THEFT FROM AUTO,BURNABY,CENTAURUS CI /CENTAURUS DR,212baea8-1022-45cc-a5ba-091427074b0b,1784039177409,burnaby.gis,1784039177409,burnaby.gis,1780531200000,POINT (-122.9071218574 49.2571581646)
4187,,BREAK & ENTER-OTHER,BURNABY,CANBERRA AV /TRIUMPH ST,7ddd08c2-4287-49ab-aa98-8178ccde46e8,1784039177409,burnaby.gis,1784039177409,burnaby.gis,1780617600000,POINT (-122.9933078178 49.2836226304)
4188,,BREAK & ENTER-OTHER,BURNABY,KEITH ST : 5900 - 6999 Block,23dba31b-cfa6-42b5-b89e-4b20431f38d1,1784039177409,burnaby.gis,1784039177409,burnaby.gis,1780531200000,POINT (-122.9757540885 49.2076115972)
4189,,BREAK & ENTER-OTHER,BURNABY,CANBERRA AV /TRIUMPH ST,a1739cff-f2d0-48ec-a69e-7b9e4e62208c,1784039177409,burnaby.gis,1784039177409,burnaby.gis,1780617600000,POINT (-122.9933078178 49.2836226304)
4190,,THEFT FROM AUTO,BURNABY,STANLEY ST : 6760 - 6809 Block,a84733ba-aa38-4264-9daf-9a2d2b424ecd,1784039177409,burnaby.gis,1784039177409,burnaby.gis,1780617600000,POINT (-122.9629485292 49.2270701656)
4191,,THEFT OF AUTO,BURNABY,CANADA WY : 7330 - 7389 Block,684a8987-6afa-400c-9b76-f5937bca5b80,1784039177409,burnaby.gis,1784039177409,burnaby.gis,1780704000000,POINT (-122.9397100345 49.2231238242)
4192,,BREAK & ENTER-OTHER,BURNABY,KINGSWAY /MILLER AV,fe1f3f68-a2e8-4dc4-844c-dc8788a33b68,1784039177409,burnaby.gis,1784039177409,burnaby.gis,1780790400000,POINT (-122.9950884609 49.2270023804)
4193,,THEFT OF AUTO,BURNABY,CANADA WY : 7800 - 7849 Block,a632c591-9764-45f3-b002-f82708c25e49,1784039177409,burnaby.gis,1784039177409,burnaby.gis,1780790400000,POINT (-122.9329714969 49.2179867793)
4194,,BREAK & ENTER-BUSINESS,BURNABY,BERESFORD ST /DAISY AV,84a22df0-279f-40bb-9a8a-230e329e2179,1784039177409,burnaby.gis,1784039177409,burnaby.gis,1780790400000,POINT (-122.9794335663 49.2180529869)
4195,,THEFT FROM AUTO,BURNABY,IMPERIAL ST /WALTHAM AV,b4bf6c29-3faa-4810-9f1a-309f0db3785b,1784039177409,burnaby.gis,1784039177409,burnaby.gis,1780876800000,POINT (-122.9763183864 49.2220149247)
4196,,BREAK & ENTER-BUSINESS,BURNABY,GRIMMER ST /KINGSWAY,844e9eed-58d8-4c83-be4b-66eeb5ac49db,1784039177409,burnaby.gis,1784039177409,burnaby.gis,1780876800000,POINT (-122.9845227668 49.2235622717)
4197,,THEFT OF AUTO,BURNABY,DUNDAS ST /ROSSER AV N,69a1fc44-a385-4d2c-90a0-f2927915dc41,1784039177409,burnaby.gis,1784039177409,burnaby.gis,1780963200000,POINT (-123.005810123 49.2846289445)
4198,,THEFT FROM AUTO,BURNABY,11TH AV /4TH ST,a1607cb9-1d35-41c5-bdbd-541f56de8a93,1784039177409,burnaby.gis,1784039177409,burnaby.gis,1781136000000,POINT (-122.9257017578 49.2212739609)
4199,,BREAK & ENTER-BUSINESS,BURNABY,HASTINGS ST : 4300 - 4399 Block,65504ff6-f5ed-40ac-9aa3-a5e497afdcc7,1784039177409,burnaby.gis,1784039177409,burnaby.gis,1781222400000,POINT (-123.0072760235 49.2810297282)
4200,,BREAK & ENTER-BUSINESS,BURNABY,BRENTWOOD DR : 4700 - 4839 Block,45fc8239-d683-4009-a643-51f3bb724cbe,1784039177409,burnaby.gis,1784039177409,burnaby.gis,1781395200000,POINT (-122.9949001231 49.2664619142)
4201,,THEFT FROM AUTO,BURNABY,REGENT ST : 5200 - 5499 Block,6ce44ecb-07b8-4979-a5bc-0c46310f1874,1784039177409,burnaby.gis,1784039177409,burnaby.gis,1781568000000,POINT (-122.9860091478 49.2583800713)
4202,,BREAK & ENTER-RESIDENCE,BURNABY,EVERGREEN PL :  -  Block,5a49a24e-df41-43b4-9479-7ec111d207dd,1784039177409,burnaby.gis,1784039177409,burnaby.gis,1781481600000,POINT (-122.8934055902 49.2498620332)
4203,,BREAK & ENTER-RESIDENCE,BURNABY,ROBINS CT /EOR - END OF ROAD,17c7d26c-c068-462a-82b2-d7f7fbe373ac,1784039177409,burnaby.gis,1784039177409,burnaby.gis,1781568000000,POINT (-122.9104035417 49.2642791455)
4204,,THEFT OF AUTO,BURNABY,CANADA WY : 6681 - 6751 Block,b423807b-9271-4f60-989a-10535134fb32,1784039177409,burnaby.gis,1784039177409,burnaby.gis,1781654400000,POINT (-122.9460664021 49.2282536223)
4205,,THEFT OF AUTO,BURNABY,NORFOLK ST /WESTMINSTER AV,a119e2ca-6df6-4522-b1fc-e8ed04a8e545,1784039177409,burnaby.gis,1784039177409,burnaby.gis,1781740800000,POINT (-122.9934253128 49.2551856151)
4206,,THEFT FROM AUTO,BURNABY,INGLETON AV N /OXFORD ST,645aa4cb-15d7-43af-b800-3a9209886294,1784039177409,burnaby.gis,1784039177409,burnaby.gis,1781827200000,POINT (-123.0185489136 49.2856275792)
4207,,THEFT FROM AUTO,BURNABY,DUNDAS ST /ROSSER AV N,929ee36c-34c4-4075-91d4-bd7a07ddb09e,1784039177409,burnaby.gis,1784039177409,burnaby.gis,1781827200000,POINT (-123.005810123 49.2846289445)
4208,,THEFT FROM AUTO,BURNABY,ESMOND AV /PENDER ST,21f020b3-04c6-4138-9020-999598a79205,1784039177409,burnaby.gis,1784039177409,burnaby.gis,1781740800000,POINT (-123.0210137413 49.280222781)
4209,,THEFT FROM AUTO,BURNABY,WYNBROOK PL /EOR - END OF ROAD,09650d69-b367-4787-b0a5-435bdffe3ecf,1784039177409,burnaby.gis,1784039177409,burnaby.gis,1781913600000,POINT (-122.9411970492 49.2723037355)
4210,,THEFT FROM AUTO,BURNABY,GAGLARDI WY /UNIVERSITY DR,fb830de7-3431-403a-98fb-048b6992257c,1784039177409,burnaby.gis,1784039177409,burnaby.gis,1781913600000,POINT (-122.9200489102 49.2801262728)
4211,,BREAK & ENTER-BUSINESS,BURNABY,NORTH FRASER WY : 7400 - 7699 Block,88a85d06-687b-4d56-98bd-cb4f4531b1d4,1784039177409,burnaby.gis,1784039177409,burnaby.gis,1781913600000,POINT (-122.9906068167 49.191420137)
4212,,THEFT FROM AUTO,BURNABY,KINGSWAY /SUSSEX AV,a85e9076-449b-4437-88ed-6665c022f37a,1784039177409,burnaby.gis,1784039177409,burnaby.gis,1781913600000,POINT (-122.9993183432 49.2283922605)
4213,,THEFT FROM AUTO,BURNABY,CURTIS ST : 7030 - 7099 Block,0788c298-45b7-468f-8fe3-c99e609171a7,1784039177409,burnaby.gis,1784039177409,burnaby.gis,1782000000000,POINT (-122.9569258631 49.27520883)
4214,,THEFT OF AUTO,BURNABY,LINDEN AV /VISTA CR,eb7567af-2204-4d45-907a-e0a4fa6804f4,1784039177409,burnaby.gis,1784039177409,burnaby.gis,1782086400000,POINT (-122.9507113183 49.2196571349)
4215,,THEFT FROM AUTO,BURNABY,KINGSWAY /SUSSEX AV,9efb70bc-9478-40f1-9770-24e0ff5ca8f2,1784039177409,burnaby.gis,1784039177409,burnaby.gis,1782086400000,POINT (-122.9993183432 49.2283922605)
4216,,THEFT FROM AUTO,BURNABY,STILL CREEK AV : 3700 - 3819 Block,64324810-e8f8-4fe4-a33c-6c2cafedec29,1784039177409,burnaby.gis,1784039177409,burnaby.gis,1782172800000,POINT (-123.0199857899 49.2608690936)
4217,,THEFT OF AUTO,BURNABY,MARINE WY : 5700 - 5749 Block,9459db5c-8e6c-4407-8e36-9e5e83cb692c,1784039177409,burnaby.gis,1784039177409,burnaby.gis,1782259200000,POINT (-122.9804895118 49.2008798418)
4218,,BREAK & ENTER-RESIDENCE,BURNABY,ROSEWOOD ST : 7700 - 7899 Block,a3a0bc9a-be29-4adc-bd5a-6a716d9c769e,1784039177409,burnaby.gis,1784039177409,burnaby.gis,1782432000000,POINT (-122.9409448845 49.2266172723)
4219,,THEFT FROM AUTO,BURNABY,DUNBLANE AV : 6600 - 6799 Block,ce76047e-4926-4a83-9b3d-d935aa80e191,1784039177409,burnaby.gis,1784039177409,burnaby.gis,1782518400000,POINT (-122.9928082 49.2227305364)
4220,,THEFT FROM AUTO,BURNABY,18TH AV /1ST ST,91952783-b8ba-48af-9ccf-ddd1b5521f28,1784039177409,burnaby.gis,1784039177409,burnaby.gis,1782518400000,POINT (-122.9271646566 49.2294681354)
4221,,THEFT FROM AUTO,BURNABY,SUSSEX AV /WATLING ST,04b182d0-36cf-455b-bdbf-1fae8fcae1fd,1784039177409,burnaby.gis,1784039177409,burnaby.gis,1782518400000,POINT (-123.0049533912 49.2166451204)
4222,,THEFT OF AUTO,BURNABY,BOUNDARY RD /NORTH FRASER WY,e7aa5fd1-1e94-4a9b-8f12-070a93c362f7,1784039177409,burnaby.gis,1784039177409,burnaby.gis,1782604800000,POINT (-123.022954035 49.202596484)
4223,,THEFT FROM AUTO,BURNABY,GILMORE AV /NAPIER ST,306a7396-b7ec-4701-8ff7-036bfb0db011,1784039177409,burnaby.gis,1784039177409,burnaby.gis,1782518400000,POINT (-123.014255018 49.2747805167)
4224,,THEFT FROM AUTO,BURNABY,GAGLARDI WY /UNIVERSITY DR,c2c1ffd1-55d3-49ca-8ddd-1f84df909b51,1784039177409,burnaby.gis,1784039177409,burnaby.gis,1781913600000,POINT (-122.9200489102 49.2801262728)
4225,,BREAK & ENTER-BUSINESS,BURNABY,NORTH FRASER WY : 4300 - 5159 Block,0de14c0a-7898-4a20-ba68-4d1d1ee9ca1a,1784039177409,burnaby.gis,1784039177409,burnaby.gis,1782691200000,POINT (-123.0028739584 49.1998095771)
4226,,THEFT OF AUTO,BURNABY,LANE ST : 5200 - 5599 Block,1a71296b-dcd6-43b9-b198-dd122cd267ef,1784039177409,burnaby.gis,1784039177409,burnaby.gis,1780358400000,POINT (-122.9859853661 49.2224790733)
4227,,THEFT FROM AUTO,BURNABY,ALBERT ST /INGLETON AV,c0f0f112-7181-4f0a-b933-fdcaa6adab20,1784039177409,burnaby.gis,1784039177409,burnaby.gis,1780444800000,POINT (-123.0186094104 49.2820138188)
4228,,THEFT FROM AUTO,BURNABY,CLOVERLAKE CT : 8000 - 8099 Block,3a962b03-3c83-4015-94ed-59bb7e087144,1784039177409,burnaby.gis,1784039177409,burnaby.gis,1780531200000,POINT (-122.9294508098 49.2488386947)
4229,,BREAK & ENTER-BUSINESS,BURNABY,BERESFORD ST /DAISY AV,9b72de19-8618-41e6-be72-1b4485a07a70,1784039177409,burnaby.gis,1784039177409,burnaby.gis,1780358400000,POINT (-122.9794335663 49.2180529869)
4230,,BREAK & ENTER-RESIDENCE,BURNABY,GLYNDE AV N : 200 - 499 Block,91a78d79-9e56-4300-9840-bb89212860a5,1784039177409,burnaby.gis,1784039177409,burnaby.gis,1780444800000,POINT (-122.9889613892 49.2873619076)
4231,,THEFT FROM AUTO,BURNABY,MACDONALD AV N /YALE ST,2f8b0829-ed6c-4706-8500-6cb7ecdcba08,1784039177409,burnaby.gis,1784039177409,burnaby.gis,1780531200000,POINT (-123.0161047042 49.2901304174)
4232,,THEFT FROM AUTO,BURNABY,DUNDAS ST /MADISON AV N,df98302f-695e-415e-a392-0d418615b843,1784039177409,burnaby.gis,1784039177409,burnaby.gis,1780617600000,POINT (-123.0085753592 49.2846525277)
4233,,BREAK & ENTER-OTHER,BURNABY,CANBERRA AV /TRIUMPH ST,0762668e-6013-4ac5-95c7-907cde292369,1784039177409,burnaby.gis,1784039177409,burnaby.gis,1780617600000,POINT (-122.9933078178 49.2836226304)
4234,,BREAK & ENTER-RESIDENCE,BURNABY,KISBEY AV : 6400 - 6499 Block,c92c4b61-7050-4a37-88e9-8ae3aa5aaeaf,1784039177409,burnaby.gis,1784039177409,burnaby.gis,1780531200000,POINT (-122.9785551552 49.2253965132)
4235,,THEFT FROM AUTO,BURNABY,TELFORD AV : 6400 - 6699 Block,b6225ce8-2b98-442e-94cc-70a5f1f6bd2e,1784039177409,burnaby.gis,1784039177409,burnaby.gis,1780704000000,POINT (-123.0048211102 49.2238561222)
4236,,THEFT FROM AUTO,BURNABY,BROMLEY CT /EOR - END OF ROAD,86307b89-4c62-409e-a7d5-2ce2f6421c0f,1784039177409,burnaby.gis,1784039177409,burnaby.gis,1780790400000,POINT (-122.9612002304 49.2599108489)
4237,,BREAK & ENTER-RESIDENCE,BURNABY,DELTA AV : 400 - 599 Block,62be8c06-a478-4772-81ca-03ff3a2956c3,1784039177409,burnaby.gis,1784039177409,burnaby.gis,1780876800000,POINT (-122.9920966464 49.279605704)
4238,,THEFT FROM AUTO,BURNABY,ALBERT ST /MADISON AV,e5f0144d-afc9-40d9-8d26-8f31f05d96f6,1784039177409,burnaby.gis,1784039177409,burnaby.gis,1780876800000,POINT (-123.0086358708 49.2819557468)
4239,,BREAK & ENTER-BUSINESS,BURNABY,EDMONDS ST /SALISBURY AV,6c27f9da-8e36-4343-b1e0-bbf6c154ea65,1784039177409,burnaby.gis,1784039177409,burnaby.gis,1780617600000,POINT (-122.9570515375 49.2152122957)
4240,,THEFT FROM AUTO,BURNABY,KINGSWAY /OLIVE AV,d5d16b3a-3efc-48a0-b052-922a092f5d33,1784039177409,burnaby.gis,1784039177409,burnaby.gis,1780790400000,POINT (-123.009787063 49.2318316063)
4241,,THEFT FROM AUTO,BURNABY,FALKLAND ST /PHILLIPS AV,e35f0028-5d2f-4d0b-9f4c-cc530d6f9f03,1784039177409,burnaby.gis,1784039177409,burnaby.gis,1780876800000,POINT (-122.948833269 49.2604188525)
4242,,THEFT FROM AUTO,BURNABY,SMITH AV /THURSTON ST,cbfddfec-4695-4621-80c7-0f6a233e457b,1784039177409,burnaby.gis,1784039177409,burnaby.gis,1780876800000,POINT (-123.0199044826 49.234852418)
4243,,BREAK & ENTER-BUSINESS,BURNABY,WILLINGDON AV : 4800 - 4849 Block,ebd6f27e-957e-49c1-ac04-dd3cdaf1e426,1784039177409,burnaby.gis,1784039177409,burnaby.gis,1780963200000,POINT (-123.0033720995 49.2413768942)
4244,,THEFT FROM AUTO,BURNABY,SILVER AV : 6300 - 6599 Block,ba4dcf91-9807-4a08-81a4-71fa33b7061a,1784039177409,burnaby.gis,1784039177409,burnaby.gis,1780963200000,POINT (-123.0065973802 49.2246702316)
4245,,THEFT FROM AUTO,BURNABY,LAKEFIELD DR : 7900 - 8199 Block,8af08e75-a692-4c72-9a9b-67fa89b6d6f3,1784039177409,burnaby.gis,1784039177409,burnaby.gis,1780963200000,POINT (-122.9441779998 49.2364550761)
4246,,BREAK & ENTER-BUSINESS,BURNABY,GLENLYON PY : 8700 - 8899 Block,e382de37-e60e-4c44-a15e-d30da6272ff3,1784039177409,burnaby.gis,1784039177409,burnaby.gis,1780963200000,POINT (-123.0100423166 49.202640938)
4247,,THEFT OF AUTO,BURNABY,BYRNE RD : 5300 - 5499 Block,7098d89e-bd30-4d2b-b1bb-e55d4ab9948f,1784039177409,burnaby.gis,1784039177409,burnaby.gis,1781136000000,POINT (-122.9852189456 49.2002118737)
4248,,THEFT FROM AUTO,BURNABY,12TH AV /KINGSWAY,d1d4dccd-e4bb-42ac-b696-8b4ddf305a34,1784039177409,burnaby.gis,1784039177409,burnaby.gis,1781136000000,POINT (-122.9398925854 49.2148350571)
4249,,BREAK & ENTER-BUSINESS,BURNABY,FRASER REACH CT : 8200 - 8350 Block,71d21df7-2ebe-4092-be7b-e9036fddd7fe,1784039177409,burnaby.gis,1784039177409,burnaby.gis,1781222400000,POINT (-122.9746913874 49.18668375)
4250,,THEFT OF AUTO,BURNABY,6TH ST /WEDGEWOOD ST,da2b6e73-49f3-482b-8833-2d91c939fe29,1784039177409,burnaby.gis,1784039177409,burnaby.gis,1781222400000,POINT (-122.9377065664 49.2266144635)
4251,,BREAK & ENTER-BUSINESS,BURNABY,FRASER REACH CT : 8200 - 8350 Block,f461ddee-8175-4e9b-9056-cd5a66023e8f,1784039177409,burnaby.gis,1784039177409,burnaby.gis,1781222400000,POINT (-122.9746913874 49.18668375)
4252,,THEFT FROM AUTO,BURNABY,BONSOR AV : 6500 - 6599 Block,544f99af-dc22-4803-b313-a666739d8bff,1784039177409,burnaby.gis,1784039177409,burnaby.gis,1781395200000,POINT (-122.9977513508 49.2242542572)
4253,,THEFT FROM AUTO,BURNABY,FOREST GROVE DR : 9100 - 9199 Block,0528d407-03a6-4642-bdff-04b73b7f430a,1784039177409,burnaby.gis,1784039177409,burnaby.gis,1781481600000,POINT (-122.906549803 49.2628895879)
4254,,THEFT FROM AUTO,BURNABY,CARLETON AV N : 100 - 199 Block,f81d4466-5bdf-48b6-aecd-69ba8df0df4a,1784039177409,burnaby.gis,1784039177409,burnaby.gis,1781481600000,POINT (-123.0113073225 49.2860271127)
4255,,THEFT FROM AUTO,BURNABY,KENSINGTON AV /SUMAS ST,b494a897-bff1-4f05-a0cd-b97666c86de0,1784039177409,burnaby.gis,1784039177409,burnaby.gis,1781481600000,POINT (-122.9700867011 49.2653093574)
4256,,BREAK & ENTER-BUSINESS,BURNABY,HALIFAX ST /WOODWAY PL,a43642d6-15c3-4f1d-91c6-ba13f1bfe928,1784039177409,burnaby.gis,1784039177409,burnaby.gis,1781481600000,POINT (-122.9901102565 49.2680112578)
4257,,THEFT FROM AUTO,BURNABY,CURLE AV : 3460 - 3499 Block,fc58e802-b277-484c-8b77-33cae8b55012,1784039177409,burnaby.gis,1784039177409,burnaby.gis,1781481600000,POINT (-123.0151496145 49.2532623721)
4258,,BREAK & ENTER-BUSINESS,BURNABY,LOUGHEED HY : 4100 - 4299 Block,f9b43170-6895-475e-a3a2-8c713ef48a58,1784039177409,burnaby.gis,1784039177409,burnaby.gis,1781481600000,POINT (-123.0115123977 49.2662867556)
4259,,BREAK & ENTER-RESIDENCE,BURNABY,17TH AV : 7200 - 7299 Block,c5255d15-4fcd-4d2f-bc67-26cff71e4c9d,1784039177409,burnaby.gis,1784039177409,burnaby.gis,1781481600000,POINT (-122.9500269055 49.2161776163)
4260,,THEFT FROM AUTO,BURNABY,NORFOLK ST /WESTMINSTER AV,e6967a79-6486-41e6-9cb0-44a834f00222,1784039177409,burnaby.gis,1784039177409,burnaby.gis,1781568000000,POINT (-122.9934253128 49.2551856151)
4261,,THEFT FROM AUTO,BURNABY,CUMBERLAND PL : 8500 - 8599 Block,f5f2958a-a19d-4007-a908-ee7d11b09162,1784039177409,burnaby.gis,1784039177409,burnaby.gis,1781568000000,POINT (-122.9190081734 49.2342775304)
4262,,THEFT FROM AUTO,BURNABY,LOUGHEED HY : 4500 - 4599 Block,111bab8f-f592-4f51-b501-60db041d65f8,1784039177409,burnaby.gis,1784039177409,burnaby.gis,1781740800000,POINT (-123.001803509 49.2663734997)
4263,,THEFT FROM AUTO,BURNABY,KINGSWAY /SUSSEX AV,22e02c67-7482-43cd-91f2-85875aec943a,1784039177409,burnaby.gis,1784039177409,burnaby.gis,1781740800000,POINT (-122.9993183432 49.2283922605)
4264,,THEFT FROM AUTO,BURNABY,GRANGE ST : 4100 - 4139 Block,6e55658f-e3b6-4058-ac6c-60b81653cbf7,1784039177409,burnaby.gis,1784039177409,burnaby.gis,1781827200000,POINT (-123.0130839645 49.2328759716)
4265,,THEFT FROM AUTO,BURNABY,KINGSWAY /SUSSEX AV,098159a7-b34e-436b-b0fb-cc8e95c0f95d,1784039177409,burnaby.gis,1784039177409,burnaby.gis,1781827200000,POINT (-122.9993183432 49.2283922605)
4266,,THEFT FROM AUTO,BURNABY,KINGSWAY : 5200 - 5459 Block,fb956706-195a-48ad-a91d-6742658ffe0c,1784039177409,burnaby.gis,1784039177409,burnaby.gis,1782000000000,POINT (-122.986718588 49.2242648804)
4267,,BREAK & ENTER-BUSINESS,BURNABY,THOMAS ST : 6500 - 6599 Block,af5ac701-f916-4804-a9ca-a07aefc6e079,1784039177409,burnaby.gis,1784039177409,burnaby.gis,1782086400000,POINT (-122.9676078398 49.2480301796)
4268,,THEFT FROM AUTO,BURNABY,BESSBOROUGH DR : 5000 - 5559 Block,96cb6c49-7775-4a58-bae5-adc33793e9fc,1784039177409,burnaby.gis,1784039177409,burnaby.gis,1782086400000,POINT (-122.9834477974 49.2886038432)
4269,,BREAK & ENTER-BUSINESS,BURNABY,BRIGHTON AV /GOVERNMENT RD,7b6db057-e831-485b-8ec3-835cb96e4376,1784039177409,burnaby.gis,1784039177409,burnaby.gis,1782172800000,POINT (-122.9189853385 49.2508112569)
4270,,THEFT FROM AUTO,BURNABY,STILL CREEK AV : 3700 - 3819 Block,20b9e149-c729-4069-9e34-9e5d58b9f6a0,1784039177409,burnaby.gis,1784039177409,burnaby.gis,1782172800000,POINT (-123.0199857899 49.2608690936)
4271,,BREAK & ENTER-OTHER,BURNABY,MADISON AV : 2000 - 2199 Block,a09720c8-0cbd-4167-9611-7c6bb6b429a1,1784039177409,burnaby.gis,1784039177409,burnaby.gis,1782172800000,POINT (-123.0087631748 49.265440069)
4272,,THEFT FROM AUTO,BURNABY,BOND ST /PATTERSON AV,20686816-41dc-4b73-8527-314ae240a34f,1784039177409,burnaby.gis,1784039177409,burnaby.gis,1782172800000,POINT (-123.0134990058 49.2355134761)
4273,,THEFT FROM AUTO,BURNABY,DUNDAS ST /MADISON AV N,9ed05d23-798f-4fcd-873f-4d8c20165af4,1784039177409,burnaby.gis,1784039177409,burnaby.gis,1782259200000,POINT (-123.0085753592 49.2846525277)
4274,,THEFT FROM AUTO,BURNABY,SANDBORNE AV /SOUTHPOINT DR,fc290d6d-b945-4050-bd8e-1a471743710f,1784039177409,burnaby.gis,1784039177409,burnaby.gis,1782259200000,POINT (-122.9601990664 49.2088379199)
4275,,BREAK & ENTER-RESIDENCE,BURNABY,DOW AV : 6600 - 6799 Block,a61507df-853f-4472-bae5-ecad0502f813,1784039177409,burnaby.gis,1784039177409,burnaby.gis,1782345600000,POINT (-123.0017368244 49.2229528889)
4276,,THEFT FROM AUTO,BURNABY,KINGSWAY /SUSSEX AV,4c9a5a47-8571-4dc0-a73b-8913f97fba1e,1784039177409,burnaby.gis,1784039177409,burnaby.gis,1782432000000,POINT (-122.9993183432 49.2283922605)
4277,,BREAK & ENTER-OTHER,BURNABY,STRATFORD AV : 100 - 999 Block,06cdffb0-b83d-4475-936d-3955514a8508,1784039177409,burnaby.gis,1784039177409,burnaby.gis,1782691200000,POINT (-122.97684121 49.2814548098)
4278,,BREAK & ENTER-BUSINESS,BURNABY,CARRIGAN CT /EOR - END OF ROAD,c911c132-5682-4195-8295-b981b704518d,1784039177409,burnaby.gis,1784039177409,burnaby.gis,1782691200000,POINT (-122.9020965244 49.2492125051)
4279,,THEFT FROM AUTO,BURNABY,13TH AV /4TH ST,659878c3-b6ac-4756-8dc1-c0698bd66bc0,1784039177409,burnaby.gis,1784039177409,burnaby.gis,1782777600000,POINT (-122.9276469594 49.2227835456)
4280,,THEFT FROM AUTO,BURNABY,HALL AV : 6963 - 6999 Block,bdb689e1-6f16-4726-9f58-4491c1432c5e,1784039177409,burnaby.gis,1784039177409,burnaby.gis,1782777600000,POINT (-122.9549053044 49.2204487824)
