Row__,Year,Reported_Date,File_Type,Address,Municipality,Latitude,Longitude,FID,geometry
401,2021,1618038000000,Break & Enter - Residence,218-249 Mundy Street,COQUITLAM,49.23712108,-122.8341543,1,POINT (-122.8341543 49.23712108)
1,2021,1609488000000,Break & Enter - Business,2700-2745 Barnet Highway,COQUITLAM,49.27786163,-122.810408,2,POINT (-122.810408 49.27786163)
402,2021,1618038000000,Theft from Auto,340-352 Richard Street,COQUITLAM,49.24306283,-122.8833616,3,POINT (-122.8833616 49.24306283)
2,2021,1609488000000,Theft from Auto,907-941 Quadling Avenue,COQUITLAM,49.24076959,-122.871674,4,POINT (-122.871674 49.24076959)
403,2021,1618038000000,Theft from Auto,2700-2745 Barnet Highway,COQUITLAM,49.27786163,-122.810408,5,POINT (-122.810408 49.27786163)
3,2021,1609488000000,Theft from Auto,2302-2356 Rogerson Drive,COQUITLAM,49.26770056,-122.8269621,6,POINT (-122.8269621 49.26770056)
404,2021,1618124400000,Break & Enter - Business,901-970 Stewart Avenue,COQUITLAM,49.243586,-122.8703928,7,POINT (-122.8703928 49.243586)
4,2021,1609574400000,Theft from Auto,132-168 Mundy Street,COQUITLAM,49.23418202,-122.8341179,8,POINT (-122.8341179 49.23418202)
5,2021,1609574400000,Theft from Auto,550-578 Emerson Street,COQUITLAM,49.26176206,-122.887076,9,POINT (-122.887076 49.26176206)
405,2021,1618124400000,Theft from Auto,514-642 Ebert Avenue,COQUITLAM,49.25553716,-122.8872537,10,POINT (-122.8872537 49.25553716)
406,2021,1618124400000,Theft from Auto,500-510 Young Drive,COQUITLAM,49.24311916,-122.8918878,11,POINT (-122.8918878 49.24311916)
6,2021,1609574400000,Theft from Auto,3330-3361 Mason Avenue,COQUITLAM,49.28930267,-122.7588015,12,POINT (-122.7588015 49.28930267)
7,2021,1609574400000,Theft from Auto,681-2761 North Road,COQUITLAM,49.25954632,-122.8930575,13,POINT (-122.8930575 49.25954632)
407,2021,1618210800000,Theft from Auto,2920-2923 Atlantic Avenue,COQUITLAM,49.28177504,-122.7998728,14,POINT (-122.7998728 49.28177504)
8,2021,1609574400000,Break & Enter - Business,417-450 Westview Street,COQUITLAM,49.24757864,-122.8896705,15,POINT (-122.8896705 49.24757864)
408,2021,1618210800000,Break & Enter - Business,2920-2923 Atlantic Avenue,COQUITLAM,49.28177504,-122.7998728,16,POINT (-122.7998728 49.28177504)
9,2021,1609574400000,Theft from Auto,975-1020 King Albert Avenue,COQUITLAM,49.25148681,-122.8673862,17,POINT (-122.8673862 49.25148681)
409,2021,1618210800000,Break & Enter - Business,544-545 Sydney Avenue,COQUITLAM,49.24819319,-122.8890042,18,POINT (-122.8890042 49.24819319)
410,2021,1618383600000,Break & Enter - Business,83-94 North Bend Street,COQUITLAM,49.23198264,-122.8208307,19,POINT (-122.8208307 49.23198264)
10,2021,1609574400000,Break & Enter - Business,550-578 Emerson Street,COQUITLAM,49.26176206,-122.887076,20,POINT (-122.887076 49.26176206)
411,2021,1618470000000,Theft from Auto,1145-1178 Heffley Crescent,COQUITLAM,49.28087253,-122.7914853,21,POINT (-122.7914853 49.28087253)
11,2021,1609574400000,Theft from Auto,1365-1414 Brisbane Avenue,COQUITLAM,49.26572951,-122.8542042,22,POINT (-122.8542042 49.26572951)
12,2021,1609660800000,Theft from Auto,3380-3400 David Avenue,COQUITLAM,49.29305206,-122.7527327,23,POINT (-122.7527327 49.29305206)
412,2021,1618470000000,Theft from Auto,1185-1213 Pacific Street,COQUITLAM,49.28357693,-122.7985337,24,POINT (-122.7985337 49.28357693)
13,2021,1609660800000,Theft from Auto,3010- Riverbend Drive,COQUITLAM,49.26390019,-122.7910444,25,POINT (-122.7910444 49.26390019)
413,2021,1618470000000,Theft from Auto,2985-2999 David Avenue,COQUITLAM,49.29453399,-122.790782,26,POINT (-122.790782 49.29453399)
414,2021,1618470000000,Theft from Auto,819-831 Robinson Street,COQUITLAM,49.26516254,-122.8801425,27,POINT (-122.8801425 49.26516254)
14,2021,1609747200000,Theft from Auto,540-559 Foster Avenue,COQUITLAM,49.25677513,-122.8881019,28,POINT (-122.8881019 49.25677513)
415,2021,1618470000000,Theft from Auto,101-195 Schoolhouse Street,COQUITLAM,49.23479161,-122.8525471,29,POINT (-122.8525471 49.23479161)
15,2021,1609747200000,Theft from Auto,1359-1372 Corbin Place,COQUITLAM,49.29498316,-122.8003089,30,POINT (-122.8003089 49.29498316)
16,2021,1609747200000,Theft from Auto,330-348 Laval Street,COQUITLAM,49.24329081,-122.8573233,31,POINT (-122.8573233 49.24329081)
416,2021,1618556400000,Theft from Auto,1316-1321 Hollybrook Street,COQUITLAM,49.29269243,-122.7576308,32,POINT (-122.7576308 49.29269243)
17,2021,1609747200000,Theft from Auto,677-680 Clearwater Way,COQUITLAM,49.25521184,-122.8068526,33,POINT (-122.8068526 49.25521184)
417,2021,1618556400000,Theft of Auto,1004-1025 Dory Street,COQUITLAM,49.27133117,-122.8087003,34,POINT (-122.8087003 49.27133117)
18,2021,1609747200000,Theft from Auto,500-511 Alouette Drive,COQUITLAM,49.25108162,-122.8097443,35,POINT (-122.8097443 49.25108162)
418,2021,1618556400000,Break & Enter - Residence,333-339 Decaire Street,COQUITLAM,49.24319929,-122.8500625,36,POINT (-122.8500625 49.24319929)
19,2021,1609747200000,Theft from Auto,511-521 Smith Avenue,COQUITLAM,49.26035744,-122.8920303,37,POINT (-122.8920303 49.26035744)
419,2021,1618642800000,Theft of Auto,550-578 Emerson Street,COQUITLAM,49.26176206,-122.887076,38,POINT (-122.887076 49.26176206)
20,2021,1609747200000,Theft of Auto,514-580 Webster Avenue,COQUITLAM,49.25501807,-122.8898078,39,POINT (-122.8898078 49.25501807)
420,2021,1618642800000,Theft from Auto,450-479 Alouette Drive,COQUITLAM,49.24824135,-122.8114489,40,POINT (-122.8114489 49.24824135)
21,2021,1609747200000,Theft from Auto,1110-1120 Brunette Avenue,COQUITLAM,49.23889515,-122.8616606,41,POINT (-122.8616606 49.23889515)
421,2021,1618642800000,Break & Enter - Residence,729-752 Alderson Avenue,COQUITLAM,49.23973178,-122.8779736,42,POINT (-122.8779736 49.23973178)
22,2021,1609747200000,Theft from Auto,564-588 Gatensbury Street,COQUITLAM,49.25326211,-122.8578966,43,POINT (-122.8578966 49.25326211)
422,2021,1618642800000,Theft from Auto,1159-1169 Esperanza Drive,COQUITLAM,49.28334328,-122.7791944,44,POINT (-122.7791944 49.28334328)
23,2021,1609747200000,Theft of Auto,3000-3023 Anson Avenue,COQUITLAM,49.27789693,-122.7943116,45,POINT (-122.7943116 49.27789693)
24,2021,1609747200000,Theft from Auto,213-228 Cayer Street,COQUITLAM,49.23714683,-122.8467146,46,POINT (-122.8467146 49.23714683)
25,2021,1609833600000,Theft from Auto,181-200 Golden Drive,COQUITLAM,49.23332927,-122.8183013,47,POINT (-122.8183013 49.23332927)
26,2021,1609833600000,Theft from Auto,500-507 Jefferson Avenue,COQUITLAM,49.26573566,-122.8926732,48,POINT (-122.8926732 49.26573566)
27,2021,1609920000000,Break & Enter - Business,202-236 Lebleu Street,COQUITLAM,49.23846463,-122.8675335,49,POINT (-122.8675335 49.23846463)
28,2021,1609920000000,Theft from Auto,1302-1332 Oxford Street,COQUITLAM,49.29213745,-122.7631495,50,POINT (-122.7631495 49.29213745)
29,2021,1609920000000,Theft from Auto,1401-1431 King Albert Avenue,COQUITLAM,49.25142559,-122.8536781,51,POINT (-122.8536781 49.25142559)
30,2021,1609920000000,Break & Enter - Residence,3321-3336 Forestgate Place,COQUITLAM,49.29114667,-122.762284,52,POINT (-122.762284 49.29114667)
31,2021,1609920000000,Break & Enter - Business,657-659 Whiting Way,COQUITLAM,49.25712182,-122.8918807,53,POINT (-122.8918807 49.25712182)
32,2021,1609920000000,Theft from Auto,960-996 Kinsac Street,COQUITLAM,49.26969398,-122.8698808,54,POINT (-122.8698808 49.26969398)
33,2021,1609920000000,Theft from Auto,202-236 Lebleu Street,COQUITLAM,49.23846463,-122.8675335,55,POINT (-122.8675335 49.23846463)
34,2021,1609920000000,Theft from Auto,3090-3099 Dayanee Springs Boulevard,COQUITLAM,49.29396056,-122.7855254,56,POINT (-122.7855254 49.29396056)
35,2021,1609920000000,Break & Enter - Business,901-921 Roderick Avenue,COQUITLAM,49.23794844,-122.8711617,57,POINT (-122.8711617 49.23794844)
36,2021,1609920000000,Theft from Auto,846-914 Seymour Drive,COQUITLAM,49.26572302,-122.8271572,58,POINT (-122.8271572 49.26572302)
37,2021,1609920000000,Theft from Auto,846-914 Seymour Drive,COQUITLAM,49.26572302,-122.8271572,59,POINT (-122.8271572 49.26572302)
38,2021,1610006400000,Break & Enter - Residence,603-620 Regan Avenue,COQUITLAM,49.26220478,-122.8857915,60,POINT (-122.8857915 49.26220478)
39,2021,1610006400000,Break & Enter - Residence,987-1021 Corona Crescent,COQUITLAM,49.27122027,-122.8294998,61,POINT (-122.8294998 49.27122027)
40,2021,1610006400000,Theft from Auto,3389-3417 Roxton Avenue,COQUITLAM,49.28844333,-122.7541158,62,POINT (-122.7541158 49.28844333)
41,2021,1610006400000,Theft from Auto,17-48 Fawcett Road,COQUITLAM,49.2244996,-122.8341676,63,POINT (-122.8341676 49.2244996)
42,2021,1610092800000,Theft from Auto,120-155 Glacier Street,COQUITLAM,49.23425865,-122.8176076,64,POINT (-122.8176076 49.23425865)
43,2021,1610092800000,Theft from Auto,1580-1693 Plateau Crescent,COQUITLAM,49.30420659,-122.7940702,65,POINT (-122.7940702 49.30420659)
44,2021,1610092800000,Theft from Auto,1151-1189 Falcon Drive,COQUITLAM,49.28220212,-122.8191638,66,POINT (-122.8191638 49.28220212)
45,2021,1610092800000,Theft from Auto,1284-1292 Gable Drive,COQUITLAM,49.29242047,-122.7696164,67,POINT (-122.7696164 49.29242047)
46,2021,1610092800000,Theft of Auto,80-169 Golden Drive,COQUITLAM,49.23265631,-122.8234303,68,POINT (-122.8234303 49.23265631)
47,2021,1610179200000,Theft of Auto,503-511 Cottonwood Avenue,COQUITLAM,49.25888638,-122.8923991,69,POINT (-122.8923991 49.25888638)
48,2021,1610179200000,Theft from Auto,2986-2989 Spuraway Avenue,COQUITLAM,49.26227416,-122.8050708,70,POINT (-122.8050708 49.26227416)
49,2021,1610179200000,Theft from Auto,2701-2738 Alice Lake Place,COQUITLAM,49.2551925,-122.812669,71,POINT (-122.812669 49.2551925)
50,2021,1610179200000,Theft from Auto,940-967 Irvine Street,COQUITLAM,49.26775965,-122.7948159,72,POINT (-122.7948159 49.26775965)
51,2021,1610265600000,Theft from Auto,804-810 MacIntosh Street,COQUITLAM,49.26388442,-122.8659975,73,POINT (-122.8659975 49.26388442)
52,2021,1610265600000,Theft from Auto,2860-2890 McLaren Court,COQUITLAM,49.29158616,-122.8031348,74,POINT (-122.8031348 49.29158616)
53,2021,1610265600000,Break & Enter - Business,2700-2745 Barnet Highway,COQUITLAM,49.27786163,-122.810408,75,POINT (-122.810408 49.27786163)
54,2021,1610352000000,Theft of Auto,451-498 Cariboo Crescent,COQUITLAM,49.24892137,-122.8120334,76,POINT (-122.8120334 49.24892137)
55,2021,1610352000000,Break & Enter - Business,0-0 Highway Ramp,COQUITLAM,49.22786126,-122.8304424,77,POINT (-122.8304424 49.22786126)
56,2021,1610352000000,Theft from Auto,120-155 Glacier Street,COQUITLAM,49.23425865,-122.8176076,78,POINT (-122.8176076 49.23425865)
57,2021,1610352000000,Theft of Auto,2975-3060 Lazy A Street,COQUITLAM,49.26423756,-122.805979,79,POINT (-122.805979 49.26423756)
58,2021,1610352000000,Theft of Auto,1198-1199 Gabriola Drive,COQUITLAM,49.28606757,-122.7743022,80,POINT (-122.7743022 49.28606757)
59,2021,1610352000000,Theft from Auto,451-498 Cariboo Crescent,COQUITLAM,49.24892137,-122.8120334,81,POINT (-122.8120334 49.24892137)
60,2021,1610352000000,Break & Enter - Business,2300-2399 United Boulevard,COQUITLAM,49.22704672,-122.8271649,82,POINT (-122.8271649 49.22704672)
61,2021,1610352000000,Theft of Auto,2988-2998 Shiloh Place,COQUITLAM,49.26690155,-122.7953415,83,POINT (-122.7953415 49.26690155)
62,2021,1610352000000,Break & Enter - Business,1216-1235 Johnson Street,COQUITLAM,49.2863665,-122.8016236,84,POINT (-122.8016236 49.2863665)
63,2021,1610352000000,Theft from Auto,2966-3019 Delahaye Drive,COQUITLAM,49.29327917,-122.7948588,85,POINT (-122.7948588 49.29327917)
64,2021,1610352000000,Break & Enter - Business,22-51 Leeder Street,COQUITLAM,49.2259693,-122.8299506,86,POINT (-122.8299506 49.2259693)
65,2021,1610352000000,Theft from Auto,681-2761 North Road,COQUITLAM,49.25954632,-122.8930575,87,POINT (-122.8930575 49.25954632)
66,2021,1610352000000,Theft from Auto,1241-1252 Town Centre Boulevard,COQUITLAM,49.28694458,-122.7935674,88,POINT (-122.7935674 49.28694458)
67,2021,1610352000000,Break & Enter - Business,1200-1239 Hudson Street,COQUITLAM,49.28629966,-122.8027492,89,POINT (-122.8027492 49.28629966)
68,2021,1610352000000,Break & Enter - Residence,3100-3135 Ozada Avenue,COQUITLAM,49.28575282,-122.7839268,90,POINT (-122.7839268 49.28575282)
69,2021,1610438400000,Theft from Auto,680-698 Poirier Street,COQUITLAM,49.25926782,-122.8464587,91,POINT (-122.8464587 49.25926782)
70,2021,1610438400000,Theft from Auto,3342-3366 Devonshire Avenue,COQUITLAM,49.30110633,-122.7598374,92,POINT (-122.7598374 49.30110633)
71,2021,1610438400000,Break & Enter - Residence,1134-1152 Windsor Mews,COQUITLAM,49.28009795,-122.786301,93,POINT (-122.786301 49.28009795)
72,2021,1610438400000,Theft from Auto,100-120 Schoolhouse Street,COQUITLAM,49.23292046,-122.8526091,94,POINT (-122.8526091 49.23292046)
73,2021,1610438400000,Break & Enter - Residence,0-1439 Collins Road,COQUITLAM,49.29980539,-122.7614458,95,POINT (-122.7614458 49.29980539)
74,2021,1610438400000,Theft from Auto,950-960 Foster Avenue,COQUITLAM,49.25625783,-122.8682025,96,POINT (-122.8682025 49.25625783)
75,2021,1610438400000,Theft from Auto,2879-2899 Walton Avenue,COQUITLAM,49.28995892,-122.8019572,97,POINT (-122.8019572 49.28995892)
76,2021,1610438400000,Theft from Auto,1121-1180 Como Lake Avenue,COQUITLAM,49.26350377,-122.8597596,98,POINT (-122.8597596 49.26350377)
77,2021,1610524800000,Break & Enter - Business,403-3965 North Road,COQUITLAM,49.24743607,-122.8927177,99,POINT (-122.8927177 49.24743607)
78,2021,1610524800000,Theft from Auto,314-318 Marmont Street,COQUITLAM,49.24188187,-122.8622733,100,POINT (-122.8622733 49.24188187)
79,2021,1610524800000,Break & Enter - Business,22-51 Leeder Street,COQUITLAM,49.2259693,-122.8299506,101,POINT (-122.8299506 49.2259693)
80,2021,1610524800000,Theft from Auto,3364-3389 Scotch Pine Avenue,COQUITLAM,49.30393901,-122.7569571,102,POINT (-122.7569571 49.30393901)
81,2021,1610524800000,Break & Enter - Residence,1280-1310 Sadie Crescent,COQUITLAM,49.29072203,-122.7564592,103,POINT (-122.7564592 49.29072203)
82,2021,1610611200000,Theft from Auto,3010- Riverbend Drive,COQUITLAM,49.26390019,-122.7910444,104,POINT (-122.7910444 49.26390019)
83,2021,1610611200000,Theft from Auto,321-4563 North Road,COQUITLAM,49.24471378,-122.8926127,105,POINT (-122.8926127 49.24471378)
84,2021,1610611200000,Theft of Auto,2341-2385 Shawna Way,COQUITLAM,49.24649758,-122.8284709,106,POINT (-122.8284709 49.24649758)
85,2021,1610697600000,Break & Enter - Business,101-195 Schoolhouse Street,COQUITLAM,49.23479161,-122.8525471,107,POINT (-122.8525471 49.23479161)
86,2021,1610697600000,Theft from Auto,2920-2975 Atlantic Avenue,COQUITLAM,49.28177732,-122.79789,108,POINT (-122.79789 49.28177732)
87,2021,1610784000000,Theft of Auto,520-549 Ferris Street,COQUITLAM,49.2504454,-122.828725,109,POINT (-122.828725 49.2504454)
88,2021,1610784000000,Theft from Auto,500-510 Young Drive,COQUITLAM,49.24311916,-122.8918878,110,POINT (-122.8918878 49.24311916)
89,2021,1610784000000,Break & Enter - Business,2975-3009 Glen Drive,COQUITLAM,49.28268513,-122.7944408,111,POINT (-122.7944408 49.28268513)
90,2021,1610784000000,Break & Enter - Business,506-545 Whiting Way,COQUITLAM,49.24960081,-122.8904443,112,POINT (-122.8904443 49.24960081)
91,2021,1610870400000,Theft from Auto,3001-3028 Maplebrook Place,COQUITLAM,49.26608023,-122.7941724,113,POINT (-122.7941724 49.26608023)
92,2021,1610870400000,Theft of Auto,551-621 Hillcrest Street,COQUITLAM,49.25224798,-122.8354956,114,POINT (-122.8354956 49.25224798)
93,2021,1610956800000,Theft from Auto,646-680 Thompson Avenue,COQUITLAM,49.26843807,-122.8821196,115,POINT (-122.8821196 49.26843807)
94,2021,1610956800000,Theft from Auto,605-619 Ascot Street,COQUITLAM,49.25317487,-122.8424665,116,POINT (-122.8424665 49.25317487)
95,2021,1610956800000,Break & Enter - Residence,602-644 Como Lake Avenue,COQUITLAM,49.26336467,-122.8849733,117,POINT (-122.8849733 49.26336467)
96,2021,1610956800000,Theft from Auto,575-580 Ascot Street,COQUITLAM,49.25179027,-122.842521,118,POINT (-122.842521 49.25179027)
97,2021,1610956800000,Theft from Auto,623-657 Cypress Street,COQUITLAM,49.25462355,-122.8398207,119,POINT (-122.8398207 49.25462355)
98,2021,1610956800000,Break & Enter - Residence,700-715 Delestre Avenue,COQUITLAM,49.24171699,-122.880413,120,POINT (-122.880413 49.24171699)
99,2021,1610956800000,Theft of Auto,920-956 Lougheed Highway,COQUITLAM,49.23634272,-122.8703877,121,POINT (-122.8703877 49.23634272)
100,2021,1610956800000,Theft from Auto,623-657 Cypress Street,COQUITLAM,49.25462355,-122.8398207,122,POINT (-122.8398207 49.25462355)
423,2021,1618642800000,Theft from Auto,2600-2630 Crawley Avenue,COQUITLAM,49.24717054,-122.817274,123,POINT (-122.817274 49.24717054)
424,2021,1618642800000,Theft from Auto,700-715 Robinson Street,COQUITLAM,49.2605975,-122.8798839,124,POINT (-122.8798839 49.2605975)
425,2021,1618729200000,Break & Enter - Residence,2960-2979 Christmas Way,COQUITLAM,49.27469238,-122.7959065,125,POINT (-122.7959065 49.27469238)
426,2021,1618815600000,Break & Enter - Business,100-120 Schoolhouse Street,COQUITLAM,49.23292046,-122.8526091,126,POINT (-122.8526091 49.23292046)
427,2021,1618815600000,Theft of Auto,1006-3288 Westwood Street,COQUITLAM,49.27087168,-122.7906023,127,POINT (-122.7906023 49.27087168)
428,2021,1618815600000,Break & Enter - Business,2141-2182 Berkshire Crescent,COQUITLAM,49.31679702,-122.7960953,128,POINT (-122.7960953 49.31679702)
429,2021,1618815600000,Theft from Auto,1450-1950 Hartley Avenue,COQUITLAM,49.22661466,-122.8446521,129,POINT (-122.8446521 49.22661466)
430,2021,1618902000000,Theft from Auto,3470-3483 Highland Drive,COQUITLAM,49.30032217,-122.7492298,130,POINT (-122.7492298 49.30032217)
431,2021,1618988400000,Theft from Auto,17-48 Fawcett Road,COQUITLAM,49.2244996,-122.8341676,131,POINT (-122.8341676 49.2244996)
432,2021,1618988400000,Break & Enter - Business,109-200 Blue Mountain Street,COQUITLAM,49.23603015,-122.8731336,132,POINT (-122.8731336 49.23603015)
433,2021,1618988400000,Theft from Auto,213-228 Cayer Street,COQUITLAM,49.23714683,-122.8467146,133,POINT (-122.8467146 49.23714683)
434,2021,1618988400000,Theft from Auto,500-510 Young Drive,COQUITLAM,49.24311916,-122.8918878,134,POINT (-122.8918878 49.24311916)
435,2021,1619074800000,Theft of Auto,952-1026 Ridgeway Avenue,COQUITLAM,49.2497021,-122.8673709,135,POINT (-122.8673709 49.2497021)
436,2021,1619074800000,Break & Enter - Business,940-970 Charland Avenue,COQUITLAM,49.24807678,-122.8690879,136,POINT (-122.8690879 49.24807678)
437,2021,1619074800000,Theft of Auto,1474-1925 Pipeline Road,COQUITLAM,49.3197778,-122.772407,137,POINT (-122.772407 49.3197778)
438,2021,1619247600000,Break & Enter - Business,2770-2780 Dewdney Trunk Road,COQUITLAM,49.27402217,-122.8056042,138,POINT (-122.8056042 49.27402217)
439,2021,1619334000000,Theft from Auto,546-611 Dansey Avenue,COQUITLAM,49.24720974,-122.8874988,139,POINT (-122.8874988 49.24720974)
440,2021,1619334000000,Theft from Auto,210-221 Finnigan Street,COQUITLAM,49.23718549,-122.8369207,140,POINT (-122.8369207 49.23718549)
441,2021,1619334000000,Theft from Auto,3024-3048 Anson Avenue,COQUITLAM,49.27726804,-122.7921931,141,POINT (-122.7921931 49.27726804)
442,2021,1619420400000,Break & Enter - Business,2600-2630 Crawley Avenue,COQUITLAM,49.24717054,-122.817274,142,POINT (-122.817274 49.24717054)
443,2021,1619420400000,Theft from Auto,1133-1159 Kensal Place,COQUITLAM,49.28037923,-122.7843,143,POINT (-122.7843 49.28037923)
444,2021,1619506800000,Break & Enter - Business,544-545 Sydney Avenue,COQUITLAM,49.24819319,-122.8890042,144,POINT (-122.8890042 49.24819319)
445,2021,1619506800000,Theft from Auto,1022-1071 Austin Avenue,COQUITLAM,49.24900281,-122.8639407,145,POINT (-122.8639407 49.24900281)
601,2021,1623308400000,Theft from Auto,820-849 Wyvern Avenue,COQUITLAM,49.26897181,-122.8742918,146,POINT (-122.8742918 49.26897181)
446,2021,1619506800000,Theft from Auto,1930-2000 Brigantine Drive,COQUITLAM,49.22434804,-122.8394066,147,POINT (-122.8394066 49.22434804)
447,2021,1619506800000,Theft from Auto,2975-3009 Glen Drive,COQUITLAM,49.28268513,-122.7944408,148,POINT (-122.7944408 49.28268513)
448,2021,1619593200000,Theft from Auto,1024-1027 Foster Avenue,COQUITLAM,49.25622518,-122.8652833,149,POINT (-122.8652833 49.25622518)
449,2021,1619593200000,Break & Enter - Residence,214-221 Blue Mountain Street,COQUITLAM,49.23738462,-122.8731043,150,POINT (-122.8731043 49.23738462)
450,2021,1619852400000,Break & Enter - Business,681-2761 North Road,COQUITLAM,49.25954632,-122.8930575,151,POINT (-122.8930575 49.25954632)
451,2021,1619852400000,Theft from Auto,1100-1349 United Boulevard,COQUITLAM,49.23004115,-122.8570581,152,POINT (-122.8570581 49.23004115)
452,2021,1619852400000,Theft from Auto,439-440 Blue Mountain Street,COQUITLAM,49.24760788,-122.8708078,153,POINT (-122.8708078 49.24760788)
602,2021,1623394800000,Theft from Auto,2933-2940 Heckbert Place,COQUITLAM,49.26813061,-122.7996754,154,POINT (-122.7996754 49.26813061)
453,2021,1619938800000,Theft of Auto,161-168 San Lucas Court,COQUITLAM,49.2350995,-122.8270706,155,POINT (-122.8270706 49.2350995)
603,2021,1623394800000,Theft from Auto,1403-1423 Noons Creek Drive,COQUITLAM,49.29643138,-122.8183653,156,POINT (-122.8183653 49.29643138)
454,2021,1619938800000,Theft from Auto,846-914 Seymour Drive,COQUITLAM,49.26572302,-122.8271572,157,POINT (-122.8271572 49.26572302)
604,2021,1623394800000,Theft from Auto,1400-1410 Planetree Court,COQUITLAM,49.29955241,-122.7920225,158,POINT (-122.7920225 49.29955241)
455,2021,1620025200000,Theft from Auto,161-168 San Lucas Court,COQUITLAM,49.2350995,-122.8270706,159,POINT (-122.8270706 49.2350995)
605,2021,1623394800000,Theft from Auto,2900-2915 Woodstone Court,COQUITLAM,49.29727507,-122.7941194,160,POINT (-122.7941194 49.29727507)
456,2021,1620025200000,Theft from Auto,691-727 Firdale Street,COQUITLAM,49.26015101,-122.8371772,161,POINT (-122.8371772 49.26015101)
606,2021,1623394800000,Theft from Auto,572-598 Denton Street,COQUITLAM,49.2531814,-122.8871653,162,POINT (-122.8871653 49.2531814)
457,2021,1620025200000,Theft from Auto,2212-2226 Petrie Court,COQUITLAM,49.23493049,-122.833576,163,POINT (-122.833576 49.23493049)
607,2021,1623394800000,Theft from Auto,957-968 Pelton Avenue,COQUITLAM,49.25483232,-122.867905,164,POINT (-122.867905 49.25483232)
458,2021,1620025200000,Theft from Auto,1105-1145 Inlet Street,COQUITLAM,49.28155607,-122.7842305,165,POINT (-122.7842305 49.28155607)
608,2021,1623481200000,Theft from Auto,300-325 Decaire Street,COQUITLAM,49.2417513,-122.8505463,166,POINT (-122.8505463 49.2417513)
459,2021,1620025200000,Theft from Auto,1002-1021 Thomas Avenue,COQUITLAM,49.24264191,-122.8659065,167,POINT (-122.8659065 49.24264191)
609,2021,1623481200000,Break & Enter - Residence,500-510 Smith Avenue,COQUITLAM,49.26036999,-122.8926495,168,POINT (-122.8926495 49.26036999)
460,2021,1620025200000,Theft from Auto,2999-3001 Pinewood Avenue,COQUITLAM,49.29101389,-122.7910529,169,POINT (-122.7910529 49.29101389)
610,2021,1623481200000,Break & Enter - Residence,1220-1400 Seguin Drive,COQUITLAM,49.23429332,-122.8560282,170,POINT (-122.8560282 49.23429332)
461,2021,1620025200000,Theft from Auto,952-1026 Ridgeway Avenue,COQUITLAM,49.2497021,-122.8673709,171,POINT (-122.8673709 49.2497021)
611,2021,1623567600000,Break & Enter - Business,2700-2745 Barnet Highway,COQUITLAM,49.27786163,-122.810408,172,POINT (-122.810408 49.27786163)
612,2021,1623567600000,Break & Enter - Business,1000-1029 Delestre Avenue,COQUITLAM,49.24173705,-122.86639,173,POINT (-122.86639 49.24173705)
613,2021,1623567600000,Theft from Auto,340-352 Richard Street,COQUITLAM,49.24306283,-122.8833616,174,POINT (-122.8833616 49.24306283)
614,2021,1623654000000,Theft from Auto,1450-1950 Hartley Avenue,COQUITLAM,49.22661466,-122.8446521,175,POINT (-122.8446521 49.22661466)
615,2021,1623654000000,Theft from Auto,519-533 Blue Mountain Street,COQUITLAM,49.2507156,-122.8690848,176,POINT (-122.8690848 49.2507156)
616,2021,1623654000000,Theft from Auto,50-66 Clipper Street,COQUITLAM,49.22702515,-122.8531512,177,POINT (-122.8531512 49.22702515)
617,2021,1623654000000,Theft from Auto,512-539 Cochrane Avenue,COQUITLAM,49.25199676,-122.8909713,178,POINT (-122.8909713 49.25199676)
618,2021,1623654000000,Theft from Auto,1131-1210 Thomas Avenue,COQUITLAM,49.24278564,-122.8590945,179,POINT (-122.8590945 49.24278564)
619,2021,1623740400000,Theft from Auto,1306-1486 Ross Avenue,COQUITLAM,49.25508547,-122.8551433,180,POINT (-122.8551433 49.25508547)
620,2021,1623826800000,Theft of Auto,2810-2874 McCoomb Drive,COQUITLAM,49.28186168,-122.8051315,181,POINT (-122.8051315 49.28186168)
621,2021,1623826800000,Break & Enter - Business,0-0 Holly Drive,COQUITLAM,49.25093961,-122.8028451,182,POINT (-122.8028451 49.25093961)
622,2021,1623826800000,Theft from Auto,1000-1025 Austin Avenue,COQUITLAM,49.24900186,-122.8666666,183,POINT (-122.8666666 49.24900186)
623,2021,1623913200000,Theft from Auto,740-741 Porter Street,COQUITLAM,49.26211397,-122.8632422,184,POINT (-122.8632422 49.26211397)
624,2021,1623913200000,Theft from Auto,1286-1299 Creekstone Terrace,COQUITLAM,49.29187227,-122.7592687,185,POINT (-122.7592687 49.29187227)
625,2021,1623999600000,Theft from Auto,2975-2995 Princess Crescent,COQUITLAM,49.28606976,-122.796453,186,POINT (-122.796453 49.28606976)
626,2021,1623999600000,Theft from Auto,2600-2630 Crawley Avenue,COQUITLAM,49.24717054,-122.817274,187,POINT (-122.817274 49.24717054)
627,2021,1624086000000,Break & Enter - Business,521-539 Riverview Crescent,COQUITLAM,49.25289447,-122.8076055,188,POINT (-122.8076055 49.25289447)
628,2021,1624172400000,Theft from Auto,1400-1420 Hachey Avenue,COQUITLAM,49.24204434,-122.8542661,189,POINT (-122.8542661 49.24204434)
629,2021,1624172400000,Theft from Auto,340-352 Richard Street,COQUITLAM,49.24306283,-122.8833616,190,POINT (-122.8833616 49.24306283)
630,2021,1624172400000,Theft from Auto,881-940 Spence Avenue,COQUITLAM,49.26554148,-122.8727086,191,POINT (-122.8727086 49.26554148)
631,2021,1624172400000,Theft from Auto,602-650 Clarke Road,COQUITLAM,49.26447482,-122.8863665,192,POINT (-122.8863665 49.26447482)
632,2021,1624172400000,Theft from Auto,525-568 Clarke Road,COQUITLAM,49.26102606,-122.8907694,193,POINT (-122.8907694 49.26102606)
633,2021,1624258800000,Break & Enter - Business,1100-1133 Kensal Place,COQUITLAM,49.27914124,-122.7843054,194,POINT (-122.7843054 49.27914124)
634,2021,1624258800000,Theft from Auto,1100-1133 Kensal Place,COQUITLAM,49.27914124,-122.7843054,195,POINT (-122.7843054 49.27914124)
635,2021,1624258800000,Theft from Auto,2400-2450 United Boulevard,COQUITLAM,49.22622543,-122.821793,196,POINT (-122.821793 49.22622543)
636,2021,1624258800000,Break & Enter - Business,1180-1198 Lansdowne Drive,COQUITLAM,49.28356536,-122.8091939,197,POINT (-122.8091939 49.28356536)
637,2021,1624345200000,Break & Enter - Business,655-668 Clarke Road,COQUITLAM,49.26616507,-122.8842238,198,POINT (-122.8842238 49.26616507)
638,2021,1624345200000,Break & Enter - Business,2950-2978 Glen Drive,COQUITLAM,49.28272705,-122.7974008,199,POINT (-122.7974008 49.28272705)
639,2021,1624345200000,Break & Enter - Business,657-659 Whiting Way,COQUITLAM,49.25712182,-122.8918807,200,POINT (-122.8918807 49.25712182)
640,2021,1624345200000,Break & Enter - Business,1165-1177 Lansdowne Drive,COQUITLAM,49.28204472,-122.8083964,201,POINT (-122.8083964 49.28204472)
641,2021,1624345200000,Theft from Auto,601-618 Linton Street,COQUITLAM,49.25317336,-122.8410027,202,POINT (-122.8410027 49.25317336)
642,2021,1624431600000,Theft from Auto,2975-2979 Atlantic Avenue,COQUITLAM,49.28176464,-122.7965857,203,POINT (-122.7965857 49.28176464)
643,2021,1624518000000,Theft from Auto,512-539 Cochrane Avenue,COQUITLAM,49.25199676,-122.8909713,204,POINT (-122.8909713 49.25199676)
644,2021,1624518000000,Theft from Auto,601-3055 North Road,COQUITLAM,49.25429998,-122.8928879,205,POINT (-122.8928879 49.25429998)
645,2021,1624518000000,Break & Enter - Business,2000-2131 Hartley Avenue,COQUITLAM,49.22598236,-122.837319,206,POINT (-122.837319 49.22598236)
646,2021,1624604400000,Theft from Auto,2960-2979 Burlington Drive,COQUITLAM,49.28428982,-122.7969926,207,POINT (-122.7969926 49.28428982)
647,2021,1624604400000,Theft from Auto,416-427 Blue Mountain Street,COQUITLAM,49.2467276,-122.871858,208,POINT (-122.871858 49.2467276)
648,2021,1624777200000,Theft from Auto,1728-1793 Dansey Avenue,COQUITLAM,49.24724357,-122.8451388,209,POINT (-122.8451388 49.24724357)
649,2021,1624777200000,Theft from Auto,2502-4200 Dewdney Trunk Road,COQUITLAM,49.27571247,-122.8226398,210,POINT (-122.8226398 49.27571247)
650,2021,1624777200000,Theft from Auto,312-315 Schoolhouse Street,COQUITLAM,49.24204831,-122.8527743,211,POINT (-122.8527743 49.24204831)
651,2021,1624863600000,Theft from Auto,1034-3340 Westwood Street,COQUITLAM,49.27216123,-122.7905719,212,POINT (-122.7905719 49.27216123)
652,2021,1624863600000,Theft from Auto,1185-1213 Pacific Street,COQUITLAM,49.28357693,-122.7985337,213,POINT (-122.7985337 49.28357693)
653,2021,1624863600000,Theft from Auto,300-319 Casey Street,COQUITLAM,49.24164572,-122.8548629,214,POINT (-122.8548629 49.24164572)
654,2021,1624863600000,Theft from Auto,321-329 Begin Street,COQUITLAM,49.24241527,-122.8598038,215,POINT (-122.8598038 49.24241527)
655,2021,1624950000000,Theft from Auto,2920-2923 Atlantic Avenue,COQUITLAM,49.28177504,-122.7998728,216,POINT (-122.7998728 49.28177504)
656,2021,1625036400000,Theft from Auto,300-319 Blue Mountain Street,COQUITLAM,49.24123954,-122.8729751,217,POINT (-122.8729751 49.24123954)
657,2021,1625036400000,Break & Enter - Residence,400-416 Madison Street,COQUITLAM,49.24559467,-122.84628,218,POINT (-122.84628 49.24559467)
658,2021,1625122800000,Theft from Auto,0-0 Holly Drive,COQUITLAM,49.25093961,-122.8028451,219,POINT (-122.8028451 49.25093961)
659,2021,1625209200000,Break & Enter - Business,100-120 Schoolhouse Street,COQUITLAM,49.23292046,-122.8526091,220,POINT (-122.8526091 49.23292046)
660,2021,1625209200000,Break & Enter - Business,3001-3027 Firbrook Place,COQUITLAM,49.26672693,-122.7936337,221,POINT (-122.7936337 49.26672693)
661,2021,1625209200000,Theft of Auto,1-14 King Edward Street,COQUITLAM,49.22912756,-122.8615863,222,POINT (-122.8615863 49.22912756)
662,2021,1625209200000,Theft of Auto,320-327 Therrien Street,COQUITLAM,49.2423792,-122.861049,223,POINT (-122.861049 49.2423792)
663,2021,1625382000000,Break & Enter - Residence,960-1095 Lougheed Highway,COQUITLAM,49.23539794,-122.8658125,224,POINT (-122.8658125 49.23539794)
664,2021,1625382000000,Theft from Auto,11-25 King Edward Street,COQUITLAM,49.23244937,-122.8616158,225,POINT (-122.8616158 49.23244937)
665,2021,1625382000000,Break & Enter - Business,179-281 Warrick Street,COQUITLAM,49.23627167,-122.8289496,226,POINT (-122.8289496 49.23627167)
666,2021,1625468400000,Break & Enter - Residence,3165-3176 Dunkirk Avenue,COQUITLAM,49.28753902,-122.7793606,227,POINT (-122.7793606 49.28753902)
667,2021,1625468400000,Break & Enter - Residence,715-739 Farrow Street,COQUITLAM,49.26159241,-122.8919587,228,POINT (-122.8919587 49.26159241)
668,2021,1625468400000,Theft of Auto,305-330 Gloucester Court,COQUITLAM,49.23976792,-122.822715,229,POINT (-122.822715 49.23976792)
669,2021,1625468400000,Theft from Auto,2206-2258 Kaptey Avenue,COQUITLAM,49.2343324,-122.8328191,230,POINT (-122.8328191 49.2343324)
670,2021,1625468400000,Theft from Auto,1130-1150 Lansdowne Drive,COQUITLAM,49.27971501,-122.8083445,231,POINT (-122.8083445 49.27971501)
671,2021,1625554800000,Break & Enter - Residence,3172-3189 Sechelt Drive,COQUITLAM,49.28517502,-122.7799778,232,POINT (-122.7799778 49.28517502)
672,2021,1625554800000,Theft from Auto,88-98 Brigantine Drive,COQUITLAM,49.22792656,-122.8488185,233,POINT (-122.8488185 49.22792656)
673,2021,1625641200000,Theft from Auto,740-741 Porter Street,COQUITLAM,49.26211397,-122.8632422,234,POINT (-122.8632422 49.26211397)
674,2021,1625641200000,Theft from Auto,2920-2923 Atlantic Avenue,COQUITLAM,49.28177504,-122.7998728,235,POINT (-122.7998728 49.28177504)
675,2021,1625727600000,Theft from Auto,559-569 Chapman Avenue,COQUITLAM,49.26973602,-122.8904673,236,POINT (-122.8904673 49.26973602)
676,2021,1625727600000,Theft from Auto,765-784 Clarke Road,COQUITLAM,49.269583,-122.8799279,237,POINT (-122.8799279 49.269583)
677,2021,1625727600000,Theft from Auto,65-77 Clipper Street,COQUITLAM,49.22843878,-122.8528211,238,POINT (-122.8528211 49.22843878)
678,2021,1625727600000,Break & Enter - Business,657-682 Fairview Street,COQUITLAM,49.25763995,-122.882928,239,POINT (-122.882928 49.25763995)
679,2021,1625727600000,Break & Enter - Residence,730-737 Gatensbury Street,COQUITLAM,49.2618951,-122.8576457,240,POINT (-122.8576457 49.2618951)
680,2021,1625727600000,Theft from Auto,960-1095 Lougheed Highway,COQUITLAM,49.23539794,-122.8658125,241,POINT (-122.8658125 49.23539794)
681,2021,1625814000000,Theft from Auto,1035-1061 Alderson Avenue,COQUITLAM,49.23974003,-122.8636843,242,POINT (-122.8636843 49.23974003)
682,2021,1625814000000,Theft from Auto,1310-1329 Lemax Avenue,COQUITLAM,49.25263736,-122.8569305,243,POINT (-122.8569305 49.25263736)
683,2021,1625900400000,Break & Enter - Residence,679-688 Clearwater Way,COQUITLAM,49.25565521,-122.8060968,244,POINT (-122.8060968 49.25565521)
684,2021,1625900400000,Theft from Auto,430-443 Marmont Street,COQUITLAM,49.24756543,-122.8622092,245,POINT (-122.8622092 49.24756543)
685,2021,1625900400000,Theft from Auto,804-815 Robinson Street,COQUITLAM,49.26420389,-122.8800878,246,POINT (-122.8800878 49.26420389)
686,2021,1625986800000,Theft from Auto,2860-2885 Packard Avenue,COQUITLAM,49.27998352,-122.8029144,247,POINT (-122.8029144 49.27998352)
687,2021,1625986800000,Break & Enter - Business,3090-3100 Windsor Gate,COQUITLAM,49.27985802,-122.7864464,248,POINT (-122.7864464 49.27985802)
688,2021,1625986800000,Theft from Auto,527-528 Como Lake Avenue,COQUITLAM,49.26308069,-122.8901637,249,POINT (-122.8901637 49.26308069)
689,2021,1625986800000,Theft from Auto,3033-3075 Robson Drive,COQUITLAM,49.29833512,-122.7869848,250,POINT (-122.7869848 49.29833512)
690,2021,1625986800000,Break & Enter - Residence,701-715 Alderson Avenue,COQUITLAM,49.23976214,-122.8806953,251,POINT (-122.8806953 49.23976214)
691,2021,1626073200000,Theft from Auto,960-1095 Lougheed Highway,COQUITLAM,49.23539794,-122.8658125,252,POINT (-122.8658125 49.23539794)
692,2021,1626073200000,Theft from Auto,1213-1218 Texada Street,COQUITLAM,49.28719535,-122.7818534,253,POINT (-122.7818534 49.28719535)
693,2021,1626073200000,Theft from Auto,1551-1681 Foster Avenue,COQUITLAM,49.25611173,-122.8485848,254,POINT (-122.8485848 49.25611173)
694,2021,1626073200000,Break & Enter - Residence,1001-1011 Palmdale Street,COQUITLAM,49.27004174,-122.8073502,255,POINT (-122.8073502 49.27004174)
695,2021,1626159600000,Theft from Auto,601-620 Midvale Street,COQUITLAM,49.25320975,-122.8382463,256,POINT (-122.8382463 49.25320975)
696,2021,1626159600000,Theft from Auto,770-799 Selman Street,COQUITLAM,49.24626112,-122.8773758,257,POINT (-122.8773758 49.24626112)
697,2021,1626159600000,Theft from Auto,1200-1235 Lansdowne Drive,COQUITLAM,49.28512513,-122.8105988,258,POINT (-122.8105988 49.28512513)
698,2021,1626159600000,Break & Enter - Business,427-449 Selman Street,COQUITLAM,49.2478538,-122.8785197,259,POINT (-122.8785197 49.2478538)
699,2021,1626159600000,Theft from Auto,2228-2276 Sicamous Avenue,COQUITLAM,49.23980152,-122.8297919,260,POINT (-122.8297919 49.23980152)
700,2021,1626418800000,Theft from Auto,2400-2450 United Boulevard,COQUITLAM,49.22622543,-122.821793,261,POINT (-122.821793 49.22622543)
462,2021,1620025200000,Theft from Auto,2125-2144 Elkhorn Avenue,COQUITLAM,49.23857823,-122.8360586,262,POINT (-122.8360586 49.23857823)
463,2021,1620025200000,Theft from Auto,744-798 Cottonwood Avenue,COQUITLAM,49.25821857,-122.8785163,263,POINT (-122.8785163 49.25821857)
464,2021,1620111600000,Theft from Auto,1401-1450 Gabriola Drive,COQUITLAM,49.29174283,-122.7804181,264,POINT (-122.7804181 49.29174283)
465,2021,1620111600000,Theft from Auto,500-510 Smith Avenue,COQUITLAM,49.26036999,-122.8926495,265,POINT (-122.8926495 49.26036999)
466,2021,1620111600000,Theft from Auto,500-510 Smith Avenue,COQUITLAM,49.26036999,-122.8926495,266,POINT (-122.8926495 49.26036999)
467,2021,1620111600000,Theft from Auto,413-414 Guilby Street,COQUITLAM,49.24679048,-122.8854027,267,POINT (-122.8854027 49.24679048)
468,2021,1620198000000,Theft from Auto,712-728 Foster Avenue,COQUITLAM,49.25663119,-122.88069,268,POINT (-122.88069 49.25663119)
469,2021,1620198000000,Theft from Auto,601-3055 North Road,COQUITLAM,49.25429998,-122.8928879,269,POINT (-122.8928879 49.25429998)
470,2021,1620198000000,Theft from Auto,1211-1299 Pinetree Way,COQUITLAM,49.28913924,-122.7902076,270,POINT (-122.7902076 49.28913924)
471,2021,1620284400000,Theft from Auto,1300-1301 King Albert Avenue,COQUITLAM,49.25141537,-122.8573609,271,POINT (-122.8573609 49.25141537)
472,2021,1620284400000,Theft from Auto,3190-3197 Tahsis Avenue,COQUITLAM,49.2822897,-122.7788618,272,POINT (-122.7788618 49.2822897)
473,2021,1620284400000,Theft from Auto,1625-1696 Booth Avenue,COQUITLAM,49.23804313,-122.847885,273,POINT (-122.847885 49.23804313)
474,2021,1620284400000,Theft from Auto,55-98 Fawcett Road,COQUITLAM,49.2276379,-122.8342218,274,POINT (-122.8342218 49.2276379)
475,2021,1620370800000,Theft from Auto,620-644 Poirier Street,COQUITLAM,49.25497655,-122.8464704,275,POINT (-122.8464704 49.25497655)
476,2021,1620370800000,Theft from Auto,310-1305 Laval Square,COQUITLAM,49.24160307,-122.8567521,276,POINT (-122.8567521 49.24160307)
477,2021,1620457200000,Break & Enter - Residence,2570-2750 Runnel Drive,COQUITLAM,49.2788356,-122.8133173,277,POINT (-122.8133173 49.2788356)
478,2021,1620457200000,Theft from Auto,657-659 Whiting Way,COQUITLAM,49.25712182,-122.8918807,278,POINT (-122.8918807 49.25712182)
479,2021,1620457200000,Theft from Auto,303-334 Dunlop Street,COQUITLAM,49.2421413,-122.8872286,279,POINT (-122.8872286 49.2421413)
480,2021,1620543600000,Theft from Auto,601-608 Rutland Court,COQUITLAM,49.25406408,-122.8913554,280,POINT (-122.8913554 49.25406408)
481,2021,1620630000000,Theft from Auto,201-204 Cayer Street,COQUITLAM,49.23618932,-122.8467221,281,POINT (-122.8467221 49.23618932)
482,2021,1620630000000,Theft from Auto,2700-2745 Barnet Highway,COQUITLAM,49.27786163,-122.810408,282,POINT (-122.810408 49.27786163)
483,2021,1620630000000,Theft of Auto,954-999 Cherrybrook Place,COQUITLAM,49.26740678,-122.7920257,283,POINT (-122.7920257 49.26740678)
484,2021,1620630000000,Theft from Auto,1401-1499 Parkway Boulevard,COQUITLAM,49.29656774,-122.8064403,284,POINT (-122.8064403 49.29656774)
485,2021,1620630000000,Theft from Auto,214-221 Blue Mountain Street,COQUITLAM,49.23738462,-122.8731043,285,POINT (-122.8731043 49.23738462)
486,2021,1620630000000,Break & Enter - Business,1338-1347 Napier Place,COQUITLAM,49.29413446,-122.8031619,286,POINT (-122.8031619 49.29413446)
487,2021,1620630000000,Theft from Auto,3420-3459 Queenston Avenue,COQUITLAM,49.29756217,-122.7523805,287,POINT (-122.7523805 49.29756217)
488,2021,1620716400000,Break & Enter - Residence,2950-2978 Glen Drive,COQUITLAM,49.28272705,-122.7974008,288,POINT (-122.7974008 49.28272705)
489,2021,1620716400000,Theft from Auto,833-902 Robinson Street,COQUITLAM,49.26568782,-122.8801728,289,POINT (-122.8801728 49.26568782)
490,2021,1620716400000,Theft of Auto,520-540 Gatensbury Street,COQUITLAM,49.25096094,-122.8579598,290,POINT (-122.8579598 49.25096094)
491,2021,1620802800000,Theft from Auto,2721-2753 Westlake Drive,COQUITLAM,49.25673479,-122.8131164,291,POINT (-122.8131164 49.25673479)
492,2021,1620802800000,Theft from Auto,100-132 San Antonio Place,COQUITLAM,49.23431182,-122.8286989,292,POINT (-122.8286989 49.23431182)
493,2021,1620802800000,Theft from Auto,2733-2736 Atlin Place,COQUITLAM,49.24775859,-122.8143991,293,POINT (-122.8143991 49.24775859)
494,2021,1620802800000,Theft from Auto,2200-2498 Austin Avenue,COQUITLAM,49.24907446,-122.8292864,294,POINT (-122.8292864 49.24907446)
495,2021,1620802800000,Theft from Auto,2962-2972 Skyridge Court,COQUITLAM,49.30424749,-122.8058671,295,POINT (-122.8058671 49.30424749)
496,2021,1620889200000,Theft from Auto,960-995 Adair Avenue,COQUITLAM,49.2367741,-122.8671684,296,POINT (-122.8671684 49.2367741)
497,2021,1620889200000,Theft of Auto,2971-2976 Spuraway Avenue,COQUITLAM,49.26183348,-122.8055975,297,POINT (-122.8055975 49.26183348)
498,2021,1620975600000,Theft from Auto,590-599 Marshall Street,COQUITLAM,49.25938302,-122.886292,298,POINT (-122.886292 49.25938302)
499,2021,1620975600000,Theft from Auto,652-672 Aspen Street,COQUITLAM,49.25746422,-122.8869673,299,POINT (-122.8869673 49.25746422)
500,2021,1620975600000,Theft from Auto,303-334 Dunlop Street,COQUITLAM,49.2421413,-122.8872286,300,POINT (-122.8872286 49.2421413)
801,2021,1629615600000,Break & Enter - Business,1474-1925 Pipeline Road,COQUITLAM,49.3197778,-122.772407,301,POINT (-122.772407 49.3197778)
802,2021,1629702000000,Break & Enter - Business,1181-1215 Pipeline Road,COQUITLAM,49.28422977,-122.7854423,302,POINT (-122.7854423 49.28422977)
803,2021,1629788400000,Theft of Auto,800-831 Brunette Avenue,COQUITLAM,49.23587642,-122.8744394,303,POINT (-122.8744394 49.23587642)
804,2021,1629788400000,Theft from Auto,3020-3045 Lincoln Avenue,COQUITLAM,49.2791131,-122.7919727,304,POINT (-122.7919727 49.2791131)
805,2021,1629788400000,Theft from Auto,1112-1125 Thomas Avenue,COQUITLAM,49.24277282,-122.8603526,305,POINT (-122.8603526 49.24277282)
806,2021,1629788400000,Theft from Auto,1450-1950 Hartley Avenue,COQUITLAM,49.22661466,-122.8446521,306,POINT (-122.8446521 49.22661466)
807,2021,1629874800000,Break & Enter - Residence,1376-1424 Cambridge Drive,COQUITLAM,49.25804459,-122.8549069,307,POINT (-122.8549069 49.25804459)
808,2021,1629874800000,Theft of Auto,525-568 Clarke Road,COQUITLAM,49.26102606,-122.8907694,308,POINT (-122.8907694 49.26102606)
809,2021,1629874800000,Theft from Auto,541-611 Smith Avenue,COQUITLAM,49.26027604,-122.8872784,309,POINT (-122.8872784 49.26027604)
810,2021,1629961200000,Theft of Auto,1300-1428 Regan Avenue,COQUITLAM,49.26163857,-122.8548536,310,POINT (-122.8548536 49.26163857)
811,2021,1629961200000,Theft of Auto,550-578 Emerson Street,COQUITLAM,49.26176206,-122.887076,311,POINT (-122.887076 49.26176206)
812,2021,1629961200000,Theft from Auto,1046-3538 Westwood Street,COQUITLAM,49.27436925,-122.7905258,312,POINT (-122.7905258 49.27436925)
813,2021,1630047600000,Break & Enter - Residence,451-499 Marmont Street,COQUITLAM,49.24934496,-122.8621996,313,POINT (-122.8621996 49.24934496)
814,2021,1630134000000,Theft of Auto,620-629 Whiting Way,COQUITLAM,49.2552526,-122.8919863,314,POINT (-122.8919863 49.2552526)
815,2021,1630134000000,Theft from Auto,1030-1071 Ridgeway Avenue,COQUITLAM,49.24965875,-122.8637775,315,POINT (-122.8637775 49.24965875)
816,2021,1630134000000,Theft from Auto,452-496 Midvale Street,COQUITLAM,49.24787082,-122.8380211,316,POINT (-122.8380211 49.24787082)
817,2021,1630220400000,Theft from Auto,515-524 Como Lake Avenue,COQUITLAM,49.26303662,-122.8910026,317,POINT (-122.8910026 49.26303662)
818,2021,1630306800000,Theft of Auto,1350-1449 United Boulevard,COQUITLAM,49.22916081,-122.8506619,318,POINT (-122.8506619 49.22916081)
819,2021,1630306800000,Theft from Auto,1210-1265 Falcon Drive,COQUITLAM,49.28572126,-122.8184076,319,POINT (-122.8184076 49.28572126)
820,2021,1630306800000,Theft from Auto,689-731 Clearwater Way,COQUITLAM,49.25790183,-122.8047174,320,POINT (-122.8047174 49.25790183)
821,2021,1630306800000,Theft from Auto,3000-3003 Christmas Way,COQUITLAM,49.27196253,-122.792115,321,POINT (-122.792115 49.27196253)
822,2021,1630306800000,Theft from Auto,2900-2909 Meadowvista Place,COQUITLAM,49.29921726,-122.7999995,322,POINT (-122.7999995 49.29921726)
823,2021,1630393200000,Break & Enter - Business,979-998 Jarvis Street,COQUITLAM,49.26950096,-122.8643192,323,POINT (-122.8643192 49.26950096)
824,2021,1630393200000,Break & Enter - Business,2000-2131 Hartley Avenue,COQUITLAM,49.22598236,-122.837319,324,POINT (-122.837319 49.22598236)
825,2021,1630479600000,Theft from Auto,413-414 Guilby Street,COQUITLAM,49.24679048,-122.8854027,325,POINT (-122.8854027 49.24679048)
826,2021,1630566000000,Theft of Auto,540-559 Foster Avenue,COQUITLAM,49.25677513,-122.8881019,326,POINT (-122.8881019 49.25677513)
827,2021,1630566000000,Break & Enter - Residence,540-559 Foster Avenue,COQUITLAM,49.25677513,-122.8881019,327,POINT (-122.8881019 49.25677513)
828,2021,1630566000000,Theft from Auto,241-256 Hart Street,COQUITLAM,49.23751026,-122.8805416,328,POINT (-122.8805416 49.23751026)
829,2021,1630566000000,Break & Enter - Business,726-767 Edgar Avenue,COQUITLAM,49.24257038,-122.8786696,329,POINT (-122.8786696 49.24257038)
830,2021,1630566000000,Theft of Auto,663-689 Adler Avenue,COQUITLAM,49.25812579,-122.8841541,330,POINT (-122.8841541 49.25812579)
831,2021,1630652400000,Theft from Auto,3380-3400 David Avenue,COQUITLAM,49.29305206,-122.7527327,331,POINT (-122.7527327 49.29305206)
832,2021,1630652400000,Theft from Auto,204-223 Jackson Street,COQUITLAM,49.23601614,-122.8778997,332,POINT (-122.8778997 49.23601614)
833,2021,1630652400000,Break & Enter - Business,2988-3011 Dewdney Trunk Road,COQUITLAM,49.26807491,-122.7940965,333,POINT (-122.7940965 49.26807491)
834,2021,1630738800000,Theft from Auto,1216-1235 Johnson Street,COQUITLAM,49.2863665,-122.8016236,334,POINT (-122.8016236 49.2863665)
835,2021,1630738800000,Theft from Auto,1413-1428 Winslow Avenue,COQUITLAM,49.25387632,-122.8533472,335,POINT (-122.8533472 49.25387632)
836,2021,1630911600000,Break & Enter - Business,1198-1199 Gabriola Drive,COQUITLAM,49.28606757,-122.7743022,336,POINT (-122.7743022 49.28606757)
837,2021,1630911600000,Break & Enter - Residence,1301-1311 Hammond Avenue,COQUITLAM,49.24389598,-122.8568236,337,POINT (-122.8568236 49.24389598)
838,2021,1630911600000,Theft from Auto,3001-3028 Maplebrook Place,COQUITLAM,49.26608023,-122.7941724,338,POINT (-122.7941724 49.26608023)
839,2021,1630911600000,Theft from Auto,203-221 Mundy Street,COQUITLAM,49.23629007,-122.8341359,339,POINT (-122.8341359 49.23629007)
840,2021,1630911600000,Theft from Auto,456-463 Byng Street,COQUITLAM,49.24704684,-122.8316,340,POINT (-122.8316 49.24704684)
841,2021,1630998000000,Break & Enter - Residence,1700-1792 Rochester Avenue,COQUITLAM,49.24502522,-122.845227,341,POINT (-122.845227 49.24502522)
842,2021,1630998000000,Break & Enter - Residence,821-834 Blue Mountain Street,COQUITLAM,49.26502561,-122.8687231,342,POINT (-122.8687231 49.26502561)
843,2021,1630998000000,Theft from Auto,739-748 Blue Mountain Street,COQUITLAM,49.26208729,-122.8688298,343,POINT (-122.8688298 49.26208729)
844,2021,1630998000000,Theft from Auto,571-661 Chapman Avenue,COQUITLAM,49.26979989,-122.8847877,344,POINT (-122.8847877 49.26979989)
845,2021,1630998000000,Break & Enter - Residence,2616-2641 Panorama Drive,COQUITLAM,49.29803541,-122.817349,345,POINT (-122.817349 49.29803541)
846,2021,1630998000000,Theft from Auto,2105-2178 Craigen Avenue,COQUITLAM,49.23666027,-122.8355414,346,POINT (-122.8355414 49.23666027)
847,2021,1630998000000,Theft from Auto,640-660 Nicola Avenue,COQUITLAM,49.26916557,-122.882772,347,POINT (-122.882772 49.26916557)
848,2021,1630998000000,Break & Enter - Residence,3001-3026 Reece Avenue,COQUITLAM,49.26980195,-122.7937249,348,POINT (-122.7937249 49.26980195)
849,2021,1630998000000,Theft from Auto,2168-2790 King Albert Avenue,COQUITLAM,49.25091177,-122.8348801,349,POINT (-122.8348801 49.25091177)
850,2021,1631084400000,Theft from Auto,560-576 Tipton Street,COQUITLAM,49.25333109,-122.8544391,350,POINT (-122.8544391 49.25333109)
851,2021,1631084400000,Theft from Auto,530-568 Rochester Avenue,COQUITLAM,49.2454771,-122.8885276,351,POINT (-122.8885276 49.2454771)
852,2021,1631084400000,Break & Enter - Residence,900-925 Lougheed Highway,COQUITLAM,49.23676415,-122.8724569,352,POINT (-122.8724569 49.23676415)
853,2021,1631170800000,Theft of Auto,1210-1265 Falcon Drive,COQUITLAM,49.28572126,-122.8184076,353,POINT (-122.8184076 49.28572126)
854,2021,1631257200000,Break & Enter - Business,1200-1235 Lansdowne Drive,COQUITLAM,49.28512513,-122.8105988,354,POINT (-122.8105988 49.28512513)
855,2021,1631257200000,Theft of Auto,2170-2389 Parkway Boulevard,COQUITLAM,49.3191455,-122.7947607,355,POINT (-122.7947607 49.3191455)
856,2021,1631343600000,Break & Enter - Business,300-306 Schoolhouse Street,COQUITLAM,49.24102385,-122.8524628,356,POINT (-122.8524628 49.24102385)
857,2021,1631430000000,Theft from Auto,253-292 Mundy Street,COQUITLAM,49.23844406,-122.8341826,357,POINT (-122.8341826 49.23844406)
858,2021,1631430000000,Theft from Auto,1516-1698 Smith Avenue,COQUITLAM,49.25977076,-122.8493128,358,POINT (-122.8493128 49.25977076)
859,2021,1631430000000,Theft from Auto,1090-1099 Lansdowne Drive,COQUITLAM,49.27685143,-122.8083832,359,POINT (-122.8083832 49.27685143)
860,2021,1631516400000,Theft from Auto,2500-2666 Cape Horn Avenue,COQUITLAM,49.23878711,-122.8194502,360,POINT (-122.8194502 49.23878711)
861,2021,1631516400000,Theft from Auto,800-831 Brunette Avenue,COQUITLAM,49.23587642,-122.8744394,361,POINT (-122.8744394 49.23587642)
862,2021,1631516400000,Theft from Auto,975-1020 King Albert Avenue,COQUITLAM,49.25148681,-122.8673862,362,POINT (-122.8673862 49.25148681)
863,2021,1631516400000,Break & Enter - Business,1400-1420 Hachey Avenue,COQUITLAM,49.24204434,-122.8542661,363,POINT (-122.8542661 49.24204434)
864,2021,1631516400000,Break & Enter - Residence,300-312 Laurentian Crescent,COQUITLAM,49.23998783,-122.8489244,364,POINT (-122.8489244 49.23998783)
865,2021,1631516400000,Theft from Auto,225-7351 North Road,COQUITLAM,49.2400716,-122.8925812,365,POINT (-122.8925812 49.2400716)
866,2021,1631516400000,Theft from Auto,2700-2745 Barnet Highway,COQUITLAM,49.27786163,-122.810408,366,POINT (-122.810408 49.27786163)
867,2021,1631602800000,Break & Enter - Business,2750-2881 Barnet Highway,COQUITLAM,49.2776863,-122.8052579,367,POINT (-122.8052579 49.2776863)
868,2021,1631602800000,Theft from Auto,225-7351 North Road,COQUITLAM,49.2400716,-122.8925812,368,POINT (-122.8925812 49.2400716)
869,2021,1631602800000,Theft from Auto,500-513 Cochrane Avenue,COQUITLAM,49.25201198,-122.8923837,369,POINT (-122.8923837 49.25201198)
870,2021,1631602800000,Break & Enter - Business,701-715 Alderson Avenue,COQUITLAM,49.23976214,-122.8806953,370,POINT (-122.8806953 49.23976214)
871,2021,1631602800000,Break & Enter - Residence,2800-2880 Panorama Drive,COQUITLAM,49.29747599,-122.8128954,371,POINT (-122.8128954 49.29747599)
872,2021,1631689200000,Theft from Auto,403-3965 North Road,COQUITLAM,49.24743607,-122.8927177,372,POINT (-122.8927177 49.24743607)
873,2021,1631689200000,Theft from Auto,214-221 Blue Mountain Street,COQUITLAM,49.23738462,-122.8731043,373,POINT (-122.8731043 49.23738462)
874,2021,1631689200000,Break & Enter - Business,2570-2750 Runnel Drive,COQUITLAM,49.2788356,-122.8133173,374,POINT (-122.8133173 49.2788356)
875,2021,1631862000000,Break & Enter - Business,1034-1061 Walls Avenue,COQUITLAM,49.2444317,-122.8636951,375,POINT (-122.8636951 49.2444317)
876,2021,1631862000000,Theft from Auto,565-589 Clarke Road,COQUITLAM,49.26262789,-122.8887353,376,POINT (-122.8887353 49.26262789)
877,2021,1631862000000,Break & Enter - Residence,2800-2885 Barnet Highway,COQUITLAM,49.27737465,-122.8024254,377,POINT (-122.8024254 49.27737465)
878,2021,1631862000000,Break & Enter - Business,1104-1111 Madore Avenue,COQUITLAM,49.24624086,-122.8615614,378,POINT (-122.8615614 49.24624086)
879,2021,1631948400000,Break & Enter - Business,3300-3341 Banner Place,COQUITLAM,49.29938173,-122.7712283,379,POINT (-122.7712283 49.29938173)
880,2021,1631948400000,Theft from Auto,1562-1587 Madore Avenue,COQUITLAM,49.24615123,-122.8488439,380,POINT (-122.8488439 49.24615123)
881,2021,1631948400000,Theft from Auto,1160-1180 Pinetree Way,COQUITLAM,49.28115265,-122.7932721,381,POINT (-122.7932721 49.28115265)
882,2021,1632034800000,Theft from Auto,2800-2885 Barnet Highway,COQUITLAM,49.27737465,-122.8024254,382,POINT (-122.8024254 49.27737465)
883,2021,1632034800000,Theft from Auto,2206-2258 Kaptey Avenue,COQUITLAM,49.2343324,-122.8328191,383,POINT (-122.8328191 49.2343324)
884,2021,1632034800000,Break & Enter - Business,1221-1401 Lucille Starr Drive,COQUITLAM,49.23626788,-122.8551912,384,POINT (-122.8551912 49.23626788)
885,2021,1632121200000,Theft from Auto,0-0 Holly Drive,COQUITLAM,49.25093961,-122.8028451,385,POINT (-122.8028451 49.25093961)
886,2021,1632121200000,Theft of Auto,901-930 Tupper Avenue,COQUITLAM,49.23478412,-122.8709044,386,POINT (-122.8709044 49.23478412)
887,2021,1632121200000,Theft from Auto,80-169 Golden Drive,COQUITLAM,49.23265631,-122.8234303,387,POINT (-122.8234303 49.23265631)
888,2021,1632121200000,Theft from Auto,980-3160 Westwood Street,COQUITLAM,49.26900024,-122.7906585,388,POINT (-122.7906585 49.26900024)
889,2021,1632207600000,Theft from Auto,525-568 Clarke Road,COQUITLAM,49.26102606,-122.8907694,389,POINT (-122.8907694 49.26102606)
890,2021,1632207600000,Theft from Auto,51-78 Glacier Street,COQUITLAM,49.22944176,-122.8174434,390,POINT (-122.8174434 49.22944176)
891,2021,1632207600000,Theft of Auto,1167-1188 Pipeline Road,COQUITLAM,49.28222606,-122.7864072,391,POINT (-122.7864072 49.28222606)
892,2021,1632294000000,Theft from Auto,3033-3075 Robson Drive,COQUITLAM,49.29833512,-122.7869848,392,POINT (-122.7869848 49.29833512)
893,2021,1632294000000,Theft from Auto,2975-2979 Atlantic Avenue,COQUITLAM,49.28176464,-122.7965857,393,POINT (-122.7965857 49.28176464)
894,2021,1632380400000,Break & Enter - Residence,700-730 Grover Avenue,COQUITLAM,49.26279112,-122.8822149,394,POINT (-122.8822149 49.26279112)
895,2021,1632380400000,Theft of Auto,1600-2006 Parkway Boulevard,COQUITLAM,49.30741296,-122.8040034,395,POINT (-122.8040034 49.30741296)
896,2021,1632466800000,Theft from Auto,1220-1400 Seguin Drive,COQUITLAM,49.23429332,-122.8560282,396,POINT (-122.8560282 49.23429332)
897,2021,1632466800000,Theft from Auto,513-533 Brookmere Avenue,COQUITLAM,49.25121718,-122.8912668,397,POINT (-122.8912668 49.25121718)
898,2021,1632466800000,Theft from Auto,1500-1515 Southview Street,COQUITLAM,49.30486446,-122.753476,398,POINT (-122.753476 49.30486446)
899,2021,1632466800000,Theft from Auto,2954-2980 Starlight Way,COQUITLAM,49.26166835,-122.8095559,399,POINT (-122.8095559 49.26166835)
900,2021,1632639600000,Break & Enter - Residence,944-952 Harris Avenue,COQUITLAM,49.23885846,-122.8687937,400,POINT (-122.8687937 49.23885846)
501,2021,1620975600000,Theft from Auto,683-702 Fairview Street,COQUITLAM,49.25935631,-122.882893,401,POINT (-122.882893 49.25935631)
301,2021,1615964400000,Break & Enter - Business,2950-2978 Glen Drive,COQUITLAM,49.28272705,-122.7974008,402,POINT (-122.7974008 49.28272705)
201,2021,1613548800000,Break & Enter - Business,0-0 Holly Drive,COQUITLAM,49.25093961,-122.8028451,403,POINT (-122.8028451 49.25093961)
302,2021,1615964400000,Theft from Auto,2870-2888 Keets Drive,COQUITLAM,49.26046547,-122.802173,404,POINT (-122.802173 49.26046547)
502,2021,1620975600000,Theft from Auto,55-98 Fawcett Road,COQUITLAM,49.2276379,-122.8342218,405,POINT (-122.8342218 49.2276379)
202,2021,1613635200000,Theft from Auto,3400-3430 Don Moore Drive,COQUITLAM,49.29043417,-122.7508602,406,POINT (-122.7508602 49.29043417)
303,2021,1616050800000,Theft from Auto,603-620 Regan Avenue,COQUITLAM,49.26220478,-122.8857915,407,POINT (-122.8857915 49.26220478)
503,2021,1621062000000,Break & Enter - Business,3001-3061 Gordon Avenue,COQUITLAM,49.27109933,-122.7927784,408,POINT (-122.7927784 49.27109933)
203,2021,1613635200000,Theft from Auto,3400-3430 Gislason Avenue,COQUITLAM,49.28930327,-122.7516969,409,POINT (-122.7516969 49.28930327)
304,2021,1616050800000,Theft of Auto,1243-1269 River Drive,COQUITLAM,49.29042798,-122.7708292,410,POINT (-122.7708292 49.29042798)
504,2021,1621062000000,Break & Enter - Residence,3070-3089 Guildford Way,COQUITLAM,49.28473541,-122.7893348,411,POINT (-122.7893348 49.28473541)
204,2021,1613635200000,Theft from Auto,704-736 Roderick Avenue,COQUITLAM,49.23739488,-122.8792595,412,POINT (-122.8792595 49.23739488)
305,2021,1616050800000,Theft of Auto,701-715 Alderson Avenue,COQUITLAM,49.23976214,-122.8806953,413,POINT (-122.8806953 49.23976214)
505,2021,1621148400000,Theft of Auto,3300-3369 Watkins Avenue,COQUITLAM,49.2993664,-122.7599157,414,POINT (-122.7599157 49.2993664)
205,2021,1613635200000,Theft from Auto,1300-1340 Kintail Court,COQUITLAM,49.29377237,-122.7528098,415,POINT (-122.7528098 49.29377237)
306,2021,1616050800000,Theft from Auto,100-144 King Edward Street,COQUITLAM,49.23495415,-122.8616527,416,POINT (-122.8616527 49.23495415)
506,2021,1621148400000,Theft from Auto,2212-2226 Petrie Court,COQUITLAM,49.23493049,-122.833576,417,POINT (-122.833576 49.23493049)
206,2021,1613635200000,Break & Enter - Residence,954-999 Cherrybrook Place,COQUITLAM,49.26740678,-122.7920257,418,POINT (-122.7920257 49.26740678)
307,2021,1616050800000,Break & Enter - Business,101-195 Schoolhouse Street,COQUITLAM,49.23479161,-122.8525471,419,POINT (-122.8525471 49.23479161)
507,2021,1621148400000,Theft from Auto,3300-3369 Watkins Avenue,COQUITLAM,49.2993664,-122.7599157,420,POINT (-122.7599157 49.2993664)
207,2021,1613721600000,Theft from Auto,1280-1310 Sadie Crescent,COQUITLAM,49.29072203,-122.7564592,421,POINT (-122.7564592 49.29072203)
308,2021,1616050800000,Theft of Auto,1100-1149 Ozada Avenue,COQUITLAM,49.28161753,-122.7784873,422,POINT (-122.7784873 49.28161753)
508,2021,1621148400000,Theft from Auto,3330-3346 Leston Avenue,COQUITLAM,49.2924427,-122.7595728,423,POINT (-122.7595728 49.2924427)
208,2021,1613721600000,Break & Enter - Residence,975-1020 King Albert Avenue,COQUITLAM,49.25148681,-122.8673862,424,POINT (-122.8673862 49.25148681)
309,2021,1616050800000,Theft from Auto,2960-2979 Christmas Way,COQUITLAM,49.27469238,-122.7959065,425,POINT (-122.7959065 49.27469238)
509,2021,1621148400000,Theft from Auto,2962-2988 Robson Drive,COQUITLAM,49.30051131,-122.7928945,426,POINT (-122.7928945 49.30051131)
510,2021,1621234800000,Theft from Auto,648-657 Gardena Drive,COQUITLAM,49.26612949,-122.8897593,427,POINT (-122.8897593 49.26612949)
511,2021,1621234800000,Theft from Auto,2670-2679 Brewster Drive,COQUITLAM,49.29344799,-122.8022884,428,POINT (-122.8022884 49.29344799)
512,2021,1621234800000,Theft from Auto,2860-2890 McLaren Court,COQUITLAM,49.29158616,-122.8031348,429,POINT (-122.8031348 49.29158616)
513,2021,1621234800000,Theft from Auto,85-96 Glacier Street,COQUITLAM,49.23195259,-122.8175706,430,POINT (-122.8175706 49.23195259)
514,2021,1621234800000,Theft from Auto,952-1026 Ridgeway Avenue,COQUITLAM,49.2497021,-122.8673709,431,POINT (-122.8673709 49.2497021)
515,2021,1621234800000,Theft from Auto,525-568 Clarke Road,COQUITLAM,49.26102606,-122.8907694,432,POINT (-122.8907694 49.26102606)
516,2021,1621321200000,Theft from Auto,1900-1963 Como Lake Avenue,COQUITLAM,49.26335323,-122.8394681,433,POINT (-122.8394681 49.26335323)
517,2021,1621321200000,Theft from Auto,1400-1428 Madrona Place,COQUITLAM,49.30120982,-122.7896835,434,POINT (-122.7896835 49.30120982)
518,2021,1621321200000,Theft from Auto,601-615 Denton Street,COQUITLAM,49.25416378,-122.8872195,435,POINT (-122.8872195 49.25416378)
519,2021,1621407600000,Theft from Auto,621-638 Robinson Street,COQUITLAM,49.25594441,-122.8798778,436,POINT (-122.8798778 49.25594441)
520,2021,1621407600000,Theft of Auto,1189-1221 Brisbane Avenue,COQUITLAM,49.26582119,-122.858939,437,POINT (-122.858939 49.26582119)
521,2021,1621407600000,Theft from Auto,550-585 Poirier Street,COQUITLAM,49.25261565,-122.8465551,438,POINT (-122.8465551 49.25261565)
522,2021,1621407600000,Theft from Auto,3100-3150 Windsor Gate,COQUITLAM,49.27975817,-122.7850148,439,POINT (-122.7850148 49.27975817)
523,2021,1621494000000,Theft of Auto,3451-3467 Roxton Ave,COQUITLAM,49.28845864,-122.7469314,440,POINT (-122.7469314 49.28845864)
524,2021,1621494000000,Theft from Auto,181-200 Golden Drive,COQUITLAM,49.23332927,-122.8183013,441,POINT (-122.8183013 49.23332927)
525,2021,1621494000000,Theft from Auto,1105-1145 Inlet Street,COQUITLAM,49.28155607,-122.7842305,442,POINT (-122.7842305 49.28155607)
526,2021,1621494000000,Theft from Auto,2208-2269 Sorrento Drive,COQUITLAM,49.23804466,-122.8311643,443,POINT (-122.8311643 49.23804466)
527,2021,1621580400000,Theft from Auto,1044-1219 Cottonwood Avenue,COQUITLAM,49.25798883,-122.8598492,444,POINT (-122.8598492 49.25798883)
528,2021,1621580400000,Break & Enter - Residence,924-946 Brunette Avenue,COQUITLAM,49.23704164,-122.8706009,445,POINT (-122.8706009 49.23704164)
529,2021,1621580400000,Break & Enter - Business,695-739 Lea Avenue,COQUITLAM,49.26463627,-122.881358,446,POINT (-122.881358 49.26463627)
530,2021,1621666800000,Theft from Auto,208-307 Begin Street,COQUITLAM,49.23981626,-122.8597857,447,POINT (-122.8597857 49.23981626)
531,2021,1621666800000,Theft from Auto,3033-3075 Robson Drive,COQUITLAM,49.29833512,-122.7869848,448,POINT (-122.7869848 49.29833512)
532,2021,1621666800000,Theft from Auto,901-976 Delestre Avenue,COQUITLAM,49.24171638,-122.8701854,449,POINT (-122.8701854 49.24171638)
533,2021,1621666800000,Theft from Auto,2237-2240 Brookmount Avenue,COQUITLAM,49.273164,-122.8318301,450,POINT (-122.8318301 49.273164)
534,2021,1621839600000,Theft from Auto,1160-1191 Creekside Drive,COQUITLAM,49.28139674,-122.8110716,451,POINT (-122.8110716 49.28139674)
535,2021,1621839600000,Theft from Auto,500-510 Smith Avenue,COQUITLAM,49.26036999,-122.8926495,452,POINT (-122.8926495 49.26036999)
536,2021,1621839600000,Theft from Auto,1260-1283 Erskine Street,COQUITLAM,49.28892801,-122.8056193,453,POINT (-122.8056193 49.28892801)
537,2021,1621839600000,Theft from Auto,663-675 Whiting Way,COQUITLAM,49.25933107,-122.8907246,454,POINT (-122.8907246 49.25933107)
538,2021,1621926000000,Theft from Auto,500-510 Smith Avenue,COQUITLAM,49.26036999,-122.8926495,455,POINT (-122.8926495 49.26036999)
539,2021,1621926000000,Break & Enter - Residence,222-231 Bernatchey Street,COQUITLAM,49.23737885,-122.8772539,456,POINT (-122.8772539 49.23737885)
540,2021,1621926000000,Theft from Auto,508-520 Blue Mountain Street,COQUITLAM,49.25015016,-122.8690945,457,POINT (-122.8690945 49.25015016)
541,2021,1621926000000,Break & Enter - Business,975-1020 King Albert Avenue,COQUITLAM,49.25148681,-122.8673862,458,POINT (-122.8673862 49.25148681)
542,2021,1621926000000,Break & Enter - Business,321-329 Begin Street,COQUITLAM,49.24241527,-122.8598038,459,POINT (-122.8598038 49.24241527)
543,2021,1622012400000,Break & Enter - Residence,1517-1694 Regan Avenue,COQUITLAM,49.26159695,-122.8491152,460,POINT (-122.8491152 49.26159695)
544,2021,1622012400000,Theft from Auto,218-249 Mundy Street,COQUITLAM,49.23712108,-122.8341543,461,POINT (-122.8341543 49.23712108)
545,2021,1622012400000,Theft from Auto,716-729 Breslay Street,COQUITLAM,49.26173552,-122.8848565,462,POINT (-122.8848565 49.26173552)
546,2021,1622012400000,Break & Enter - Residence,1261-1299 Pipeline Road,COQUITLAM,49.29001419,-122.782537,463,POINT (-122.782537 49.29001419)
547,2021,1622012400000,Theft from Auto,1950-1999 Lemax Avenue,COQUITLAM,49.25254033,-122.838891,464,POINT (-122.838891 49.25254033)
548,2021,1622012400000,Theft of Auto,557-609 Madore Avenue,COQUITLAM,49.24631385,-122.8869101,465,POINT (-122.8869101 49.24631385)
549,2021,1622012400000,Break & Enter - Residence,300-325 Decaire Street,COQUITLAM,49.2417513,-122.8505463,466,POINT (-122.8505463 49.2417513)
550,2021,1622012400000,Break & Enter - Business,65-77 Clipper Street,COQUITLAM,49.22843878,-122.8528211,467,POINT (-122.8528211 49.22843878)
551,2021,1622098800000,Break & Enter - Business,401-415 Westview Street,COQUITLAM,49.2464532,-122.8899054,468,POINT (-122.8899054 49.2464532)
552,2021,1622185200000,Break & Enter - Residence,751-764 Dansey Avenue,COQUITLAM,49.24721321,-122.8792004,469,POINT (-122.8792004 49.24721321)
553,2021,1622185200000,Break & Enter - Residence,2570-2750 Runnel Drive,COQUITLAM,49.2788356,-122.8133173,470,POINT (-122.8133173 49.2788356)
554,2021,1622185200000,Theft from Auto,0-0 Highway Ramp,COQUITLAM,49.23522891,-122.8785371,471,POINT (-122.8785371 49.23522891)
555,2021,1622185200000,Theft from Auto,2802-2811 Rambler Way,COQUITLAM,49.28624327,-122.8104256,472,POINT (-122.8104256 49.28624327)
556,2021,1622444400000,Theft from Auto,3320-3332 Frost Court,COQUITLAM,49.30196411,-122.7710944,473,POINT (-122.7710944 49.30196411)
557,2021,1622444400000,Theft from Auto,0-0 Holly Drive,COQUITLAM,49.25093961,-122.8028451,474,POINT (-122.8028451 49.25093961)
558,2021,1622444400000,Theft from Auto,601-618 Linton Street,COQUITLAM,49.25317336,-122.8410027,475,POINT (-122.8410027 49.25317336)
559,2021,1622444400000,Theft from Auto,201-204 Cayer Street,COQUITLAM,49.23618932,-122.8467221,476,POINT (-122.8467221 49.23618932)
560,2021,1622444400000,Theft of Auto,1185-1213 Pacific Street,COQUITLAM,49.28357693,-122.7985337,477,POINT (-122.7985337 49.28357693)
561,2021,1622444400000,Theft from Auto,960-1095 Lougheed Highway,COQUITLAM,49.23539794,-122.8658125,478,POINT (-122.8658125 49.23539794)
562,2021,1622530800000,Theft from Auto,2400-2450 United Boulevard,COQUITLAM,49.22622543,-122.821793,479,POINT (-122.821793 49.22622543)
563,2021,1622530800000,Break & Enter - Business,2810-2874 McCoomb Drive,COQUITLAM,49.28186168,-122.8051315,480,POINT (-122.8051315 49.28186168)
564,2021,1622530800000,Break & Enter - Residence,3300-3325 Sultan Place,COQUITLAM,49.30024368,-122.7714137,481,POINT (-122.7714137 49.30024368)
565,2021,1622530800000,Theft from Auto,440-450 Guilby Street,COQUITLAM,49.24860538,-122.8854295,482,POINT (-122.8854295 49.24860538)
566,2021,1622530800000,Theft of Auto,2975-3009 Glen Drive,COQUITLAM,49.28268513,-122.7944408,483,POINT (-122.7944408 49.28268513)
567,2021,1622530800000,Break & Enter - Business,616-629 Vanessa Court,COQUITLAM,49.25950918,-122.8856801,484,POINT (-122.8856801 49.25950918)
568,2021,1622617200000,Theft from Auto,320-329 Casey Street,COQUITLAM,49.24259331,-122.854857,485,POINT (-122.854857 49.24259331)
569,2021,1622790000000,Theft from Auto,51-78 Glacier Street,COQUITLAM,49.22944176,-122.8174434,486,POINT (-122.8174434 49.22944176)
570,2021,1622790000000,Theft from Auto,213-228 Cayer Street,COQUITLAM,49.23714683,-122.8467146,487,POINT (-122.8467146 49.23714683)
571,2021,1622876400000,Theft from Auto,2950-2978 Glen Drive,COQUITLAM,49.28272705,-122.7974008,488,POINT (-122.7974008 49.28272705)
572,2021,1622876400000,Theft from Auto,3150-3189 Tahsis Avenue,COQUITLAM,49.28229314,-122.7807035,489,POINT (-122.7807035 49.28229314)
573,2021,1622876400000,Break & Enter - Residence,3070-3078 Tantalus Court,COQUITLAM,49.30026247,-122.7848667,490,POINT (-122.7848667 49.30026247)
574,2021,1622876400000,Theft from Auto,2975-2979 Atlantic Avenue,COQUITLAM,49.28176464,-122.7965857,491,POINT (-122.7965857 49.28176464)
575,2021,1622876400000,Theft from Auto,1945-1966 Hillside Avenue,COQUITLAM,49.23292946,-122.8411332,492,POINT (-122.8411332 49.23292946)
576,2021,1622962800000,Theft from Auto,800-899 Lougheed Highway,COQUITLAM,49.26678149,-122.7986486,493,POINT (-122.7986486 49.26678149)
577,2021,1622962800000,Break & Enter - Business,570-582 Bole Court,COQUITLAM,49.26925155,-122.8900679,494,POINT (-122.8900679 49.26925155)
578,2021,1622962800000,Theft from Auto,1025-1099 Charland Avenue,COQUITLAM,49.24804534,-122.8636025,495,POINT (-122.8636025 49.24804534)
579,2021,1623049200000,Theft from Auto,2500-2666 Cape Horn Avenue,COQUITLAM,49.23878711,-122.8194502,496,POINT (-122.8194502 49.23878711)
580,2021,1623049200000,Theft from Auto,2920-2923 Atlantic Avenue,COQUITLAM,49.28177504,-122.7998728,497,POINT (-122.7998728 49.28177504)
581,2021,1623049200000,Break & Enter - Business,3033-3075 Robson Drive,COQUITLAM,49.29833512,-122.7869848,498,POINT (-122.7869848 49.29833512)
582,2021,1623049200000,Theft from Auto,2700-2745 Barnet Highway,COQUITLAM,49.27786163,-122.810408,499,POINT (-122.810408 49.27786163)
583,2021,1623135600000,Theft of Auto,1185-1199 Westwood Street,COQUITLAM,49.28396419,-122.7904627,500,POINT (-122.7904627 49.28396419)
584,2021,1623135600000,Theft from Auto,586-600 Nicola Avenue,COQUITLAM,49.26896309,-122.8894329,501,POINT (-122.8894329 49.26896309)
585,2021,1623222000000,Theft from Auto,655-668 Clarke Road,COQUITLAM,49.26616507,-122.8842238,502,POINT (-122.8842238 49.26616507)
586,2021,1623222000000,Theft from Auto,300-306 Schoolhouse Street,COQUITLAM,49.24102385,-122.8524628,503,POINT (-122.8524628 49.24102385)
587,2021,1623222000000,Theft from Auto,655-668 Clarke Road,COQUITLAM,49.26616507,-122.8842238,504,POINT (-122.8842238 49.26616507)
588,2021,1623222000000,Theft from Auto,2860-2885 Packard Avenue,COQUITLAM,49.27998352,-122.8029144,505,POINT (-122.8029144 49.27998352)
589,2021,1623222000000,Theft from Auto,519-533 Blue Mountain Street,COQUITLAM,49.2507156,-122.8690848,506,POINT (-122.8690848 49.2507156)
590,2021,1623222000000,Break & Enter - Residence,340-377 Hickey Drive,COQUITLAM,49.24376777,-122.8229135,507,POINT (-122.8229135 49.24376777)
591,2021,1623222000000,Break & Enter - Residence,601-3055 North Road,COQUITLAM,49.25429998,-122.8928879,508,POINT (-122.8928879 49.25429998)
592,2021,1623308400000,Break & Enter - Business,2600-2630 Crawley Avenue,COQUITLAM,49.24717054,-122.817274,509,POINT (-122.817274 49.24717054)
593,2021,1623308400000,Theft from Auto,416-427 Blue Mountain Street,COQUITLAM,49.2467276,-122.871858,510,POINT (-122.871858 49.2467276)
594,2021,1623308400000,Theft from Auto,775-779 Rochester Avenue,COQUITLAM,49.24537707,-122.8774741,511,POINT (-122.8774741 49.24537707)
595,2021,1623308400000,Theft from Auto,609-616 Alderson Avenue,COQUITLAM,49.23981665,-122.8854932,512,POINT (-122.8854932 49.23981665)
596,2021,1623308400000,Theft from Auto,65-77 Clipper Street,COQUITLAM,49.22843878,-122.8528211,513,POINT (-122.8528211 49.22843878)
597,2021,1623308400000,Break & Enter - Business,2600-2630 Crawley Avenue,COQUITLAM,49.24717054,-122.817274,514,POINT (-122.817274 49.24717054)
598,2021,1623308400000,Theft from Auto,322-342 Mundy Street,COQUITLAM,49.24090508,-122.8342207,515,POINT (-122.8342207 49.24090508)
599,2021,1623308400000,Theft from Auto,3100-3150 Windsor Gate,COQUITLAM,49.27975817,-122.7850148,516,POINT (-122.7850148 49.27975817)
600,2021,1623308400000,Theft from Auto,1286-1314 Daimler Street,COQUITLAM,49.29155686,-122.79952,517,POINT (-122.79952 49.29155686)
209,2021,1613721600000,Theft from Auto,602-644 Como Lake Avenue,COQUITLAM,49.26336467,-122.8849733,518,POINT (-122.8849733 49.26336467)
210,2021,1613721600000,Theft from Auto,1181-1190 Pinetree Way,COQUITLAM,49.28219754,-122.7932342,519,POINT (-122.7932342 49.28219754)
310,2021,1616137200000,Theft from Auto,908-928 Charland Avenue,COQUITLAM,49.24808483,-122.8724555,520,POINT (-122.8724555 49.24808483)
211,2021,1613808000000,Break & Enter - Residence,1848-1875 Brunette Avenue,COQUITLAM,49.23454733,-122.8426888,521,POINT (-122.8426888 49.23454733)
311,2021,1616137200000,Theft of Auto,1001-1030 Quadling Avenue,COQUITLAM,49.24083812,-122.8662981,522,POINT (-122.8662981 49.24083812)
212,2021,1613808000000,Break & Enter - Residence,605-648 Claremont Street,COQUITLAM,49.26501562,-122.8907318,523,POINT (-122.8907318 49.26501562)
312,2021,1616137200000,Theft from Auto,100-144 King Edward Street,COQUITLAM,49.23495415,-122.8616527,524,POINT (-122.8616527 49.23495415)
213,2021,1613894400000,Break & Enter - Residence,2005-2050 Regan Avenue,COQUITLAM,49.26162488,-122.8377691,525,POINT (-122.8377691 49.26162488)
313,2021,1616137200000,Theft from Auto,1271-1299 Tercel Court,COQUITLAM,49.2877122,-122.8201859,526,POINT (-122.8201859 49.2877122)
214,2021,1613894400000,Theft from Auto,960-995 Adair Avenue,COQUITLAM,49.2367741,-122.8671684,527,POINT (-122.8671684 49.2367741)
314,2021,1616137200000,Theft from Auto,1271-1299 Tercel Court,COQUITLAM,49.2877122,-122.8201859,528,POINT (-122.8201859 49.2877122)
215,2021,1613894400000,Break & Enter - Residence,514-539 Foster Avenue,COQUITLAM,49.25679755,-122.8907849,529,POINT (-122.8907849 49.25679755)
315,2021,1616223600000,Theft of Auto,120-155 Glacier Street,COQUITLAM,49.23425865,-122.8176076,530,POINT (-122.8176076 49.23425865)
216,2021,1613894400000,Theft from Auto,1220-1400 Seguin Drive,COQUITLAM,49.23429332,-122.8560282,531,POINT (-122.8560282 49.23429332)
316,2021,1616223600000,Theft from Auto,500-510 Smith Avenue,COQUITLAM,49.26036999,-122.8926495,532,POINT (-122.8926495 49.26036999)
217,2021,1613980800000,Theft from Auto,3001-3028 Maplebrook Place,COQUITLAM,49.26608023,-122.7941724,533,POINT (-122.7941724 49.26608023)
317,2021,1616223600000,Theft from Auto,248-282 Montgomery Street,COQUITLAM,49.23831962,-122.8396709,534,POINT (-122.8396709 49.23831962)
218,2021,1613980800000,Theft from Auto,732-745 Linton Street,COQUITLAM,49.26208681,-122.8408707,535,POINT (-122.8408707 49.26208681)
318,2021,1616310000000,Theft from Auto,2954-2980 Starlight Way,COQUITLAM,49.26166835,-122.8095559,536,POINT (-122.8095559 49.26166835)
219,2021,1613980800000,Theft from Auto,204-223 Jackson Street,COQUITLAM,49.23601614,-122.8778997,537,POINT (-122.8778997 49.23601614)
319,2021,1616310000000,Theft from Auto,468-487 Byng Street,COQUITLAM,49.24797635,-122.8316121,538,POINT (-122.8316121 49.24797635)
220,2021,1613980800000,Theft of Auto,3010- Riverbend Drive,COQUITLAM,49.26390019,-122.7910444,539,POINT (-122.7910444 49.26390019)
320,2021,1616396400000,Theft from Auto,614-640 Elmwood Street,COQUITLAM,49.26513953,-122.8872349,540,POINT (-122.8872349 49.26513953)
221,2021,1613980800000,Break & Enter - Residence,500-518 Marmont Street,COQUITLAM,49.25018238,-122.8622037,541,POINT (-122.8622037 49.25018238)
321,2021,1616396400000,Theft from Auto,1261-1269 Soball Street,COQUITLAM,49.28881511,-122.7502906,542,POINT (-122.7502906 49.28881511)
222,2021,1613980800000,Theft from Auto,1211-1299 Pinetree Way,COQUITLAM,49.28913924,-122.7902076,543,POINT (-122.7902076 49.28913924)
322,2021,1616396400000,Theft from Auto,345-398 Balfour Drive,COQUITLAM,49.24439927,-122.8219644,544,POINT (-122.8219644 49.24439927)
223,2021,1613980800000,Theft from Auto,0-68 Schooner Street,COQUITLAM,49.22535334,-122.8403847,545,POINT (-122.8403847 49.22535334)
323,2021,1616396400000,Theft from Auto,640-659 Lakeshore Drive,COQUITLAM,49.25647691,-122.8578607,546,POINT (-122.8578607 49.25647691)
224,2021,1613980800000,Theft of Auto,570-582 Bole Court,COQUITLAM,49.26925155,-122.8900679,547,POINT (-122.8900679 49.26925155)
324,2021,1616396400000,Theft of Auto,201-204 Cayer Street,COQUITLAM,49.23618932,-122.8467221,548,POINT (-122.8467221 49.23618932)
225,2021,1613980800000,Theft from Auto,606-645 Nicola Avenue,COQUITLAM,49.26911752,-122.8852354,549,POINT (-122.8852354 49.26911752)
325,2021,1616396400000,Theft from Auto,3001-3061 Gordon Avenue,COQUITLAM,49.27109933,-122.7927784,550,POINT (-122.7927784 49.27109933)
226,2021,1613980800000,Theft from Auto,940-970 Charland Avenue,COQUITLAM,49.24807678,-122.8690879,551,POINT (-122.8690879 49.24807678)
326,2021,1616396400000,Theft from Auto,2975-3009 Glen Drive,COQUITLAM,49.28268513,-122.7944408,552,POINT (-122.7944408 49.28268513)
227,2021,1614067200000,Theft from Auto,3190-3197 Tahsis Avenue,COQUITLAM,49.2822897,-122.7788618,553,POINT (-122.7788618 49.2822897)
327,2021,1616396400000,Theft from Auto,2975-3009 Glen Drive,COQUITLAM,49.28268513,-122.7944408,554,POINT (-122.7944408 49.28268513)
328,2021,1616396400000,Theft from Auto,2904-2942 Valleyvista Drive,COQUITLAM,49.29721153,-122.7993675,555,POINT (-122.7993675 49.29721153)
329,2021,1616396400000,Theft from Auto,532-585 Delestre Avenue,COQUITLAM,49.24191269,-122.8890368,556,POINT (-122.8890368 49.24191269)
330,2021,1616396400000,Break & Enter - Business,2975-3009 Glen Drive,COQUITLAM,49.28268513,-122.7944408,557,POINT (-122.7944408 49.28268513)
331,2021,1616482800000,Theft from Auto,300-306 Schoolhouse Street,COQUITLAM,49.24102385,-122.8524628,558,POINT (-122.8524628 49.24102385)
332,2021,1616482800000,Break & Enter - Business,646-739 Como Lake Avenue,COQUITLAM,49.26353251,-122.8817812,559,POINT (-122.8817812 49.26353251)
333,2021,1616482800000,Theft of Auto,100-120 Schoolhouse Street,COQUITLAM,49.23292046,-122.8526091,560,POINT (-122.8526091 49.23292046)
334,2021,1616482800000,Theft from Auto,1200-1239 Hudson Street,COQUITLAM,49.28629966,-122.8027492,561,POINT (-122.8027492 49.28629966)
335,2021,1616482800000,Break & Enter - Residence,1732-1799 Paddock Drive,COQUITLAM,49.3112006,-122.787501,562,POINT (-122.787501 49.3112006)
336,2021,1616569200000,Break & Enter - Business,2920-2923 Atlantic Avenue,COQUITLAM,49.28177504,-122.7998728,563,POINT (-122.7998728 49.28177504)
337,2021,1616655600000,Break & Enter - Business,3449-3488 Galloway Avenue,COQUITLAM,49.29498985,-122.7464577,564,POINT (-122.7464577 49.29498985)
338,2021,1616655600000,Theft from Auto,2263-2287 Park Crescent,COQUITLAM,49.27270568,-122.8313699,565,POINT (-122.8313699 49.27270568)
339,2021,1616655600000,Theft from Auto,3389-3417 Roxton Avenue,COQUITLAM,49.28844333,-122.7541158,566,POINT (-122.7541158 49.28844333)
340,2021,1616742000000,Theft from Auto,3400-3430 Gislason Avenue,COQUITLAM,49.28930327,-122.7516969,567,POINT (-122.7516969 49.28930327)
341,2021,1616828400000,Break & Enter - Residence,820-975 Jarvis Street,COQUITLAM,49.26677752,-122.864479,568,POINT (-122.864479 49.26677752)
342,2021,1616828400000,Theft from Auto,979-998 Jarvis Street,COQUITLAM,49.26950096,-122.8643192,569,POINT (-122.8643192 49.26950096)
343,2021,1616828400000,Theft from Auto,1009-1021 Spring Avenue,COQUITLAM,49.26923574,-122.8650963,570,POINT (-122.8650963 49.26923574)
344,2021,1616828400000,Theft from Auto,203-221 Bernatchey Street,COQUITLAM,49.23602234,-122.8763171,571,POINT (-122.8763171 49.23602234)
345,2021,1616828400000,Theft from Auto,927-940 Poirier Street,COQUITLAM,49.26712378,-122.8464109,572,POINT (-122.8464109 49.26712378)
346,2021,1616828400000,Theft from Auto,603-620 Regan Avenue,COQUITLAM,49.26220478,-122.8857915,573,POINT (-122.8857915 49.26220478)
347,2021,1616828400000,Break & Enter - Business,3122-3162 Mariner Way,COQUITLAM,49.26990883,-122.8145431,574,POINT (-122.8145431 49.26990883)
348,2021,1616914800000,Theft from Auto,500-510 Smith Avenue,COQUITLAM,49.26036999,-122.8926495,575,POINT (-122.8926495 49.26036999)
349,2021,1616914800000,Theft from Auto,2900-2915 Norman Avenue,COQUITLAM,49.27092718,-122.8002654,576,POINT (-122.8002654 49.27092718)
350,2021,1616914800000,Break & Enter - Residence,1400-1417 Mountainview Court,COQUITLAM,49.29816016,-122.7992627,577,POINT (-122.7992627 49.29816016)
351,2021,1616914800000,Theft from Auto,2900-2915 Norman Avenue,COQUITLAM,49.27092718,-122.8002654,578,POINT (-122.8002654 49.27092718)
352,2021,1616914800000,Break & Enter - Residence,1273-1294 Steeple Drive,COQUITLAM,49.28806237,-122.8168251,579,POINT (-122.8168251 49.28806237)
353,2021,1617001200000,Theft from Auto,1165-1199 The High Street,COQUITLAM,49.28334757,-122.796028,580,POINT (-122.796028 49.28334757)
354,2021,1617001200000,Break & Enter - Business,681-2761 North Road,COQUITLAM,49.25954632,-122.8930575,581,POINT (-122.8930575 49.25954632)
355,2021,1617001200000,Theft from Auto,602-644 Como Lake Avenue,COQUITLAM,49.26336467,-122.8849733,582,POINT (-122.8849733 49.26336467)
356,2021,1617001200000,Theft from Auto,1450-1580 Brigantine Drive,COQUITLAM,49.22528747,-122.8484626,583,POINT (-122.8484626 49.22528747)
357,2021,1617001200000,Theft from Auto,1517-1694 Regan Avenue,COQUITLAM,49.26159695,-122.8491152,584,POINT (-122.8491152 49.26159695)
358,2021,1617001200000,Break & Enter - Business,201-204 Cayer Street,COQUITLAM,49.23618932,-122.8467221,585,POINT (-122.8467221 49.23618932)
359,2021,1617087600000,Theft of Auto,908-958 Lillian Street,COQUITLAM,49.26710817,-122.8603313,586,POINT (-122.8603313 49.26710817)
360,2021,1617087600000,Break & Enter - Residence,0-0 Highway Ramp,COQUITLAM,49.23456381,-122.8757086,587,POINT (-122.8757086 49.23456381)
361,2021,1617087600000,Theft from Auto,564-619 Harrison Avenue,COQUITLAM,49.26709008,-122.8890942,588,POINT (-122.8890942 49.26709008)
362,2021,1617174000000,Theft from Auto,2920-2923 Atlantic Avenue,COQUITLAM,49.28177504,-122.7998728,589,POINT (-122.7998728 49.28177504)
363,2021,1617260400000,Theft from Auto,298-299 Guilby Street,COQUITLAM,49.24140227,-122.8852578,590,POINT (-122.8852578 49.24140227)
364,2021,1617260400000,Theft from Auto,1807-1842 Harbour Drive,COQUITLAM,49.26970151,-122.8426622,591,POINT (-122.8426622 49.26970151)
365,2021,1617260400000,Theft from Auto,1807-1842 Harbour Drive,COQUITLAM,49.26970151,-122.8426622,592,POINT (-122.8426622 49.26970151)
366,2021,1617260400000,Theft from Auto,315-333 Dartmoor Drive,COQUITLAM,49.24077769,-122.8230751,593,POINT (-122.8230751 49.24077769)
367,2021,1617260400000,Theft from Auto,900-968 Fresno Place,COQUITLAM,49.26973401,-122.839844,594,POINT (-122.839844 49.26973401)
368,2021,1617260400000,Theft from Auto,927-940 Poirier Street,COQUITLAM,49.26712378,-122.8464109,595,POINT (-122.8464109 49.26712378)
369,2021,1617260400000,Theft from Auto,2950-2959 Berkeley Place,COQUITLAM,49.26896435,-122.7965878,596,POINT (-122.7965878 49.26896435)
370,2021,1617260400000,Theft of Auto,925-941 Selkirk Crescent,COQUITLAM,49.26708997,-122.8447379,597,POINT (-122.8447379 49.26708997)
371,2021,1617260400000,Theft from Auto,1807-1842 Harbour Drive,COQUITLAM,49.26970151,-122.8426622,598,POINT (-122.8426622 49.26970151)
372,2021,1617260400000,Theft from Auto,1148-1156 Durant Drive,COQUITLAM,49.28740061,-122.7997733,599,POINT (-122.7997733 49.28740061)
373,2021,1617260400000,Theft from Auto,2583-2596 Harrier Drive,COQUITLAM,49.28187832,-122.8167573,600,POINT (-122.8167573 49.28187832)
374,2021,1617346800000,Theft from Auto,605-619 Ascot Street,COQUITLAM,49.25317487,-122.8424665,601,POINT (-122.8424665 49.25317487)
375,2021,1617433200000,Theft from Auto,1466-1485 Nanton Street,COQUITLAM,49.3021681,-122.7565106,602,POINT (-122.7565106 49.3021681)
376,2021,1617433200000,Break & Enter - Residence,3321-3336 Forestgate Place,COQUITLAM,49.29114667,-122.762284,603,POINT (-122.762284 49.29114667)
377,2021,1617433200000,Theft from Auto,1359-1372 Corbin Place,COQUITLAM,49.29498316,-122.8003089,604,POINT (-122.8003089 49.29498316)
378,2021,1617519600000,Theft from Auto,501-512 Hickey Street,COQUITLAM,49.24948753,-122.8244319,605,POINT (-122.8244319 49.24948753)
379,2021,1617519600000,Theft from Auto,2206-2258 Kaptey Avenue,COQUITLAM,49.2343324,-122.8328191,606,POINT (-122.8328191 49.2343324)
380,2021,1617519600000,Theft from Auto,2325-2495 King Albert Avenue,COQUITLAM,49.25092562,-122.8264448,607,POINT (-122.8264448 49.25092562)
381,2021,1617519600000,Theft from Auto,407-445 Lakeview Street,COQUITLAM,49.24540785,-122.8356679,608,POINT (-122.8356679 49.24540785)
382,2021,1617519600000,Break & Enter - Residence,1781-1805 Harbour Drive,COQUITLAM,49.2673481,-122.8419812,609,POINT (-122.8419812 49.2673481)
383,2021,1617606000000,Theft from Auto,660-677 Porter Street,COQUITLAM,49.25754367,-122.8633454,610,POINT (-122.8633454 49.25754367)
384,2021,1617606000000,Theft from Auto,0-0 Highway #1 ,COQUITLAM,49.22957278,-122.8422862,611,POINT (-122.8422862 49.22957278)
385,2021,1617606000000,Break & Enter - Business,1123-1135 Westwood Street,COQUITLAM,49.27939681,-122.7904717,612,POINT (-122.7904717 49.27939681)
386,2021,1617692400000,Theft from Auto,1400-1420 Hachey Avenue,COQUITLAM,49.24204434,-122.8542661,613,POINT (-122.8542661 49.24204434)
387,2021,1617692400000,Theft from Auto,225-7351 North Road,COQUITLAM,49.2400716,-122.8925812,614,POINT (-122.8925812 49.2400716)
388,2021,1617692400000,Break & Enter - Business,1427-1440 Cambridge Drive,COQUITLAM,49.25762831,-122.8527718,615,POINT (-122.8527718 49.25762831)
389,2021,1617692400000,Theft from Auto,936-947 Alderson Avenue,COQUITLAM,49.23974508,-122.8697084,616,POINT (-122.8697084 49.23974508)
390,2021,1617778800000,Theft of Auto,2397-2420 Cape Horn Avenue,COQUITLAM,49.23668402,-122.8268324,617,POINT (-122.8268324 49.23668402)
391,2021,1617778800000,Theft from Auto,515-521 Cottonwood Avenue,COQUITLAM,49.25886996,-122.8912508,618,POINT (-122.8912508 49.25886996)
392,2021,1617865200000,Theft from Auto,980-3160 Westwood Street,COQUITLAM,49.26900024,-122.7906585,619,POINT (-122.7906585 49.26900024)
393,2021,1617951600000,Theft from Auto,640-659 Lakeshore Drive,COQUITLAM,49.25647691,-122.8578607,620,POINT (-122.8578607 49.25647691)
394,2021,1617951600000,Theft from Auto,0-3000 Lougheed Highway,COQUITLAM,49.27521401,-122.7945543,621,POINT (-122.7945543 49.27521401)
395,2021,1617951600000,Break & Enter - Business,1050-1065 Smallwood Avenue,COQUITLAM,49.26539691,-122.8624641,622,POINT (-122.8624641 49.26539691)
396,2021,1617951600000,Theft from Auto,1566-1595 Hammond Avenue,COQUITLAM,49.24395161,-122.8488667,623,POINT (-122.8488667 49.24395161)
397,2021,1618038000000,Theft from Auto,329-343 Marmont Street,COQUITLAM,49.2431296,-122.8622625,624,POINT (-122.8622625 49.2431296)
398,2021,1618038000000,Theft from Auto,542-545 Whiting Way,COQUITLAM,49.25101335,-122.8919683,625,POINT (-122.8919683 49.25101335)
399,2021,1618038000000,Theft from Auto,401-415 Westview Street,COQUITLAM,49.2464532,-122.8899054,626,POINT (-122.8899054 49.2464532)
400,2021,1618038000000,Break & Enter - Business,222-241 Blue Mountain Street,COQUITLAM,49.23833614,-122.8730644,627,POINT (-122.8730644 49.23833614)
101,2021,1611043200000,Theft from Auto,3390-3430 Derbyshire Avenue,COQUITLAM,49.29932571,-122.7534245,628,POINT (-122.7534245 49.29932571)
228,2021,1614067200000,Theft from Auto,3521-3599 Upper Harper Road,COQUITLAM,49.31192733,-122.7490978,629,POINT (-122.7490978 49.31192733)
229,2021,1614067200000,Theft from Auto,1100-1298 Ridgeway Avenue,COQUITLAM,49.24963762,-122.8599963,630,POINT (-122.8599963 49.24963762)
230,2021,1614153600000,Theft from Auto,98-102 Begin Street,COQUITLAM,49.23877514,-122.8597983,631,POINT (-122.8597983 49.23877514)
231,2021,1614153600000,Theft from Auto,0-0 Highway Ramp,COQUITLAM,49.23114257,-122.8473109,632,POINT (-122.8473109 49.23114257)
232,2021,1614240000000,Theft from Auto,0-0 Highway Ramp,COQUITLAM,49.23986338,-122.8138393,633,POINT (-122.8138393 49.23986338)
233,2021,1614240000000,Theft from Auto,179-281 Warrick Street,COQUITLAM,49.23627167,-122.8289496,634,POINT (-122.8289496 49.23627167)
234,2021,1614240000000,Theft from Auto,601-613 Elmwood Street,COQUITLAM,49.26341886,-122.8892272,635,POINT (-122.8892272 49.26341886)
235,2021,1614326400000,Theft from Auto,500-510 Smith Avenue,COQUITLAM,49.26036999,-122.8926495,636,POINT (-122.8926495 49.26036999)
236,2021,1614326400000,Theft from Auto,571-661 Chapman Avenue,COQUITLAM,49.26979989,-122.8847877,637,POINT (-122.8847877 49.26979989)
237,2021,1614326400000,Theft from Auto,960-1095 Lougheed Highway,COQUITLAM,49.23539794,-122.8658125,638,POINT (-122.8658125 49.23539794)
238,2021,1614412800000,Theft from Auto,701-720 Newport Street,COQUITLAM,49.26026657,-122.8451864,639,POINT (-122.8451864 49.26026657)
239,2021,1614412800000,Theft from Auto,506-514 Jefferson Avenue,COQUITLAM,49.26577538,-122.8915002,640,POINT (-122.8915002 49.26577538)
901,2021,1632639600000,Theft from Auto,3040-3091 Waddington Place,COQUITLAM,49.2972661,-122.7870718,641,POINT (-122.7870718 49.2972661)
102,2021,1611043200000,Theft from Auto,3330-3346 Leston Avenue,COQUITLAM,49.2924427,-122.7595728,642,POINT (-122.7595728 49.2924427)
240,2021,1614412800000,Theft from Auto,2975-2979 Atlantic Avenue,COQUITLAM,49.28176464,-122.7965857,643,POINT (-122.7965857 49.28176464)
241,2021,1614499200000,Theft of Auto,965-973 Judd Court,COQUITLAM,49.26864675,-122.7933022,644,POINT (-122.7933022 49.26864675)
103,2021,1611043200000,Theft from Auto,2920-2923 Atlantic Avenue,COQUITLAM,49.28177504,-122.7998728,645,POINT (-122.7998728 49.28177504)
242,2021,1614499200000,Theft from Auto,514-539 Foster Avenue,COQUITLAM,49.25679755,-122.8907849,646,POINT (-122.8907849 49.25679755)
104,2021,1611043200000,Theft from Auto,2810-2874 McCoomb Drive,COQUITLAM,49.28186168,-122.8051315,647,POINT (-122.8051315 49.28186168)
105,2021,1611129600000,Theft from Auto,1181-1215 Pipeline Road,COQUITLAM,49.28422977,-122.7854423,648,POINT (-122.7854423 49.28422977)
243,2021,1614585600000,Theft from Auto,1520-1594 Booth Avenue,COQUITLAM,49.23927197,-122.8506519,649,POINT (-122.8506519 49.23927197)
106,2021,1611129600000,Break & Enter - Residence,3090-3099 Lincoln Avenue,COQUITLAM,49.27857563,-122.7871726,650,POINT (-122.7871726 49.27857563)
244,2021,1614585600000,Theft from Auto,17-48 Fawcett Road,COQUITLAM,49.2244996,-122.8341676,651,POINT (-122.8341676 49.2244996)
107,2021,1611129600000,Theft from Auto,2920-2923 Atlantic Avenue,COQUITLAM,49.28177504,-122.7998728,652,POINT (-122.7998728 49.28177504)
245,2021,1614585600000,Break & Enter - Business,22-51 Leeder Street,COQUITLAM,49.2259693,-122.8299506,653,POINT (-122.8299506 49.2259693)
108,2021,1611216000000,Theft from Auto,1290-1299 Soball Street,COQUITLAM,49.29104649,-122.7486428,654,POINT (-122.7486428 49.29104649)
246,2021,1614585600000,Theft from Auto,605-648 Claremont Street,COQUITLAM,49.26501562,-122.8907318,655,POINT (-122.8907318 49.26501562)
109,2021,1611302400000,Break & Enter - Residence,1402-1422 Magnolia Place,COQUITLAM,49.29615991,-122.821713,656,POINT (-122.821713 49.29615991)
247,2021,1614585600000,Break & Enter - Residence,719-727  ,COQUITLAM,49.26121323,-122.8805375,657,POINT (-122.8805375 49.26121323)
110,2021,1611302400000,Break & Enter - Business,924-946 Brunette Avenue,COQUITLAM,49.23704164,-122.8706009,658,POINT (-122.8706009 49.23704164)
248,2021,1614585600000,Theft from Auto,2979-2999 Como Lake Avenue,COQUITLAM,49.26308455,-122.79491,659,POINT (-122.79491 49.26308455)
111,2021,1611302400000,Break & Enter - Business,924-946 Brunette Avenue,COQUITLAM,49.23704164,-122.8706009,660,POINT (-122.8706009 49.23704164)
249,2021,1614672000000,Theft from Auto,451-499 Marmont Street,COQUITLAM,49.24934496,-122.8621996,661,POINT (-122.8621996 49.24934496)
112,2021,1611302400000,Theft from Auto,942-959 Robinson Street,COQUITLAM,49.26879198,-122.8803127,662,POINT (-122.8803127 49.26879198)
113,2021,1611388800000,Theft from Auto,310-318 Laval Square,COQUITLAM,49.24162529,-122.8578645,663,POINT (-122.8578645 49.24162529)
250,2021,1614672000000,Theft from Auto,1001-1030 Quadling Avenue,COQUITLAM,49.24083812,-122.8662981,664,POINT (-122.8662981 49.24083812)
114,2021,1611388800000,Break & Enter - Business,542-545 Whiting Way,COQUITLAM,49.25101335,-122.8919683,665,POINT (-122.8919683 49.25101335)
251,2021,1614672000000,Theft from Auto,1201-1210 Pacific Street,COQUITLAM,49.28466817,-122.7981327,666,POINT (-122.7981327 49.28466817)
115,2021,1611388800000,Theft from Auto,320-329 Laval Street,COQUITLAM,49.24220928,-122.8573347,667,POINT (-122.8573347 49.24220928)
252,2021,1614758400000,Theft from Auto,2574-2675 Barnet Highway,COQUITLAM,49.2778867,-122.8157521,668,POINT (-122.8157521 49.2778867)
116,2021,1611388800000,Theft from Auto,827-1309 Laval Square,COQUITLAM,49.24099601,-122.8567313,669,POINT (-122.8567313 49.24099601)
253,2021,1614844800000,Theft from Auto,1175-1196 Colin Place,COQUITLAM,49.28647976,-122.7693827,670,POINT (-122.7693827 49.28647976)
117,2021,1611388800000,Theft from Auto,1812-1843 Trent Avenue,COQUITLAM,49.25479757,-122.8430744,671,POINT (-122.8430744 49.25479757)
254,2021,1614844800000,Theft from Auto,1500-1698 Sprice Avenue,COQUITLAM,49.25716846,-122.8490685,672,POINT (-122.8490685 49.25716846)
118,2021,1611475200000,Theft of Auto,3370-3399 Don Moore Drive,COQUITLAM,49.29110124,-122.7533791,673,POINT (-122.7533791 49.29110124)
255,2021,1614931200000,Break & Enter - Residence,600-621 Shaw Avenue,COQUITLAM,49.24406282,-122.8860077,674,POINT (-122.8860077 49.24406282)
119,2021,1611475200000,Theft from Auto,657-659 Whiting Way,COQUITLAM,49.25712182,-122.8918807,675,POINT (-122.8918807 49.25712182)
256,2021,1614931200000,Theft from Auto,901-976 Delestre Avenue,COQUITLAM,49.24171638,-122.8701854,676,POINT (-122.8701854 49.24171638)
120,2021,1611475200000,Theft of Auto,3350-3370 Passaglia Place,COQUITLAM,49.29437939,-122.7581424,677,POINT (-122.7581424 49.29437939)
257,2021,1614931200000,Theft of Auto,2201-2329 Dawes Hill Road,COQUITLAM,49.2361372,-122.832031,678,POINT (-122.832031 49.2361372)
121,2021,1611475200000,Theft of Auto,850-859 Kinsac Street,COQUITLAM,49.26594635,-122.8700874,679,POINT (-122.8700874 49.26594635)
258,2021,1615017600000,Break & Enter - Residence,1380-1401 Gabriola Drive,COQUITLAM,49.29324544,-122.7778246,680,POINT (-122.7778246 49.29324544)
122,2021,1611561600000,Break & Enter - Residence,880-3094 Westwood Street,COQUITLAM,49.26663847,-122.7907223,681,POINT (-122.7907223 49.26663847)
259,2021,1615017600000,Break & Enter - Business,3100-3135 Ozada Avenue,COQUITLAM,49.28575282,-122.7839268,682,POINT (-122.7839268 49.28575282)
123,2021,1611561600000,Theft from Auto,1100-1298 Ridgeway Avenue,COQUITLAM,49.24963762,-122.8599963,683,POINT (-122.8599963 49.24963762)
260,2021,1615104000000,Break & Enter - Business,2700-2745 Barnet Highway,COQUITLAM,49.27786163,-122.810408,684,POINT (-122.810408 49.27786163)
124,2021,1611561600000,Break & Enter - Residence,605-621 Langside Avenue,COQUITLAM,49.26124819,-122.8856724,685,POINT (-122.8856724 49.26124819)
261,2021,1615190400000,Break & Enter - Business,83-94 North Bend Street,COQUITLAM,49.23198264,-122.8208307,686,POINT (-122.8208307 49.23198264)
902,2021,1632639600000,Theft from Auto,901-930 Tupper Avenue,COQUITLAM,49.23478412,-122.8709044,687,POINT (-122.8709044 49.23478412)
125,2021,1611561600000,Theft from Auto,1270-1331 Lansdowne Drive,COQUITLAM,49.28903719,-122.8195996,688,POINT (-122.8195996 49.28903719)
262,2021,1615190400000,Break & Enter - Business,225-7351 North Road,COQUITLAM,49.2400716,-122.8925812,689,POINT (-122.8925812 49.2400716)
701,2021,1626678000000,Break & Enter - Business,3389-3417 Roxton Avenue,COQUITLAM,49.28844333,-122.7541158,690,POINT (-122.7541158 49.28844333)
903,2021,1632726000000,Theft from Auto,100-144 King Edward Street,COQUITLAM,49.23495415,-122.8616527,691,POINT (-122.8616527 49.23495415)
263,2021,1615190400000,Break & Enter - Business,1160-1180 Pinetree Way,COQUITLAM,49.28115265,-122.7932721,692,POINT (-122.7932721 49.28115265)
126,2021,1611561600000,Theft from Auto,201-204 Cayer Street,COQUITLAM,49.23618932,-122.8467221,693,POINT (-122.8467221 49.23618932)
702,2021,1626764400000,Theft from Auto,960-999 Irvine Street,COQUITLAM,49.26899569,-122.7947895,694,POINT (-122.7947895 49.26899569)
904,2021,1632726000000,Theft from Auto,2981-2999 Christmas Way,COQUITLAM,49.27337281,-122.7952815,695,POINT (-122.7952815 49.27337281)
264,2021,1615190400000,Theft from Auto,0-0 Lower Victoria Drive,COQUITLAM,49.28573236,-122.7349759,696,POINT (-122.7349759 49.28573236)
127,2021,1611648000000,Theft of Auto,100-120 Schoolhouse Street,COQUITLAM,49.23292046,-122.8526091,697,POINT (-122.8526091 49.23292046)
703,2021,1626764400000,Break & Enter - Residence,667-674 Hailey Street,COQUITLAM,49.2576913,-122.8702764,698,POINT (-122.8702764 49.2576913)
905,2021,1632726000000,Theft from Auto,1750-1900 Brigantine Drive,COQUITLAM,49.22471569,-122.8430907,699,POINT (-122.8430907 49.22471569)
265,2021,1615190400000,Theft from Auto,0-68 Schooner Street,COQUITLAM,49.22535334,-122.8403847,700,POINT (-122.8403847 49.22535334)
128,2021,1611648000000,Theft from Auto,100-120 Schoolhouse Street,COQUITLAM,49.23292046,-122.8526091,701,POINT (-122.8526091 49.23292046)
704,2021,1626937200000,Theft from Auto,3349-3363 Scotch Pine Avenue,COQUITLAM,49.30455007,-122.7593235,702,POINT (-122.7593235 49.30455007)
906,2021,1632812400000,Theft of Auto,2920-2923 Atlantic Avenue,COQUITLAM,49.28177504,-122.7998728,703,POINT (-122.7998728 49.28177504)
266,2021,1615190400000,Theft from Auto,1219-1908 Parkland Drive,COQUITLAM,49.28896279,-122.7680564,704,POINT (-122.7680564 49.28896279)
129,2021,1611648000000,Theft from Auto,300-387 Marathon Court,COQUITLAM,49.24074395,-122.8508324,705,POINT (-122.8508324 49.24074395)
705,2021,1626937200000,Break & Enter - Residence,1460-1489 Southview Street,COQUITLAM,49.30378029,-122.7540304,706,POINT (-122.7540304 49.30378029)
907,2021,1632812400000,Theft from Auto,960-990 Crystal Court,COQUITLAM,49.26898533,-122.8018416,707,POINT (-122.8018416 49.26898533)
267,2021,1615190400000,Theft from Auto,2502-4200 Dewdney Trunk Road,COQUITLAM,49.27571247,-122.8226398,708,POINT (-122.8226398 49.27571247)
130,2021,1611648000000,Break & Enter - Business,600-603 Como Lake Avenue,COQUITLAM,49.26323902,-122.8874489,709,POINT (-122.8874489 49.26323902)
706,2021,1626937200000,Break & Enter - Residence,2999-3001 Pinewood Avenue,COQUITLAM,49.29101389,-122.7910529,710,POINT (-122.7910529 49.29101389)
908,2021,1632812400000,Theft from Auto,2960-3106 Mariner Way,COQUITLAM,49.26632406,-122.8142429,711,POINT (-122.8142429 49.26632406)
268,2021,1615276800000,Theft from Auto,2920-2923 Atlantic Avenue,COQUITLAM,49.28177504,-122.7998728,712,POINT (-122.7998728 49.28177504)
131,2021,1611734400000,Theft from Auto,511-521 Smith Avenue,COQUITLAM,49.26035744,-122.8920303,713,POINT (-122.8920303 49.26035744)
707,2021,1626937200000,Break & Enter - Business,2612-2661 Sandstone Crescent,COQUITLAM,49.2971819,-122.8189819,714,POINT (-122.8189819 49.2971819)
909,2021,1632812400000,Theft from Auto,2975-2979 Atlantic Avenue,COQUITLAM,49.28176464,-122.7965857,715,POINT (-122.7965857 49.28176464)
269,2021,1615276800000,Theft from Auto,606-645 Nicola Avenue,COQUITLAM,49.26911752,-122.8852354,716,POINT (-122.8852354 49.26911752)
132,2021,1611734400000,Theft from Auto,1130-1159 Pipeline Road,COQUITLAM,49.28093937,-122.7870507,717,POINT (-122.7870507 49.28093937)
708,2021,1626937200000,Theft of Auto,991-1010 Ogden Street,COQUITLAM,49.26981723,-122.8059142,718,POINT (-122.8059142 49.26981723)
910,2021,1632812400000,Theft from Auto,506-545 Whiting Way,COQUITLAM,49.24960081,-122.8904443,719,POINT (-122.8904443 49.24960081)
270,2021,1615276800000,Theft from Auto,322-342 Mundy Street,COQUITLAM,49.24090508,-122.8342207,720,POINT (-122.8342207 49.24090508)
133,2021,1611820800000,Break & Enter - Business,55-98 Fawcett Road,COQUITLAM,49.2276379,-122.8342218,721,POINT (-122.8342218 49.2276379)
709,2021,1626937200000,Theft from Auto,2960-2979 Burlington Drive,COQUITLAM,49.28428982,-122.7969926,722,POINT (-122.7969926 49.28428982)
911,2021,1632812400000,Theft from Auto,1220-1400 Seguin Drive,COQUITLAM,49.23429332,-122.8560282,723,POINT (-122.8560282 49.23429332)
271,2021,1615276800000,Break & Enter - Business,2920-2923 Atlantic Avenue,COQUITLAM,49.28177504,-122.7998728,724,POINT (-122.7998728 49.28177504)
134,2021,1611820800000,Theft from Auto,245-280 Chester Court,COQUITLAM,49.23835637,-122.8410706,725,POINT (-122.8410706 49.23835637)
710,2021,1626937200000,Theft from Auto,1123-1135 Westwood Street,COQUITLAM,49.27939681,-122.7904717,726,POINT (-122.7904717 49.27939681)
912,2021,1632812400000,Theft from Auto,300-306 Schoolhouse Street,COQUITLAM,49.24102385,-122.8524628,727,POINT (-122.8524628 49.24102385)
135,2021,1611820800000,Break & Enter - Business,101-195 Schoolhouse Street,COQUITLAM,49.23479161,-122.8525471,728,POINT (-122.8525471 49.23479161)
272,2021,1615363200000,Theft from Auto,223-240 Hart Street,COQUITLAM,49.23651993,-122.8798148,729,POINT (-122.8798148 49.23651993)
711,2021,1627023600000,Theft from Auto,3441-3462 Princeton Avenue,COQUITLAM,49.29845789,-122.750328,730,POINT (-122.750328 49.29845789)
913,2021,1632812400000,Theft from Auto,1740-1781 Madore Avenue,COQUITLAM,49.24611917,-122.8450584,731,POINT (-122.8450584 49.24611917)
712,2021,1627023600000,Theft from Auto,1105-1145 Inlet Street,COQUITLAM,49.28155607,-122.7842305,732,POINT (-122.7842305 49.28155607)
273,2021,1615363200000,Theft from Auto,2208-2235 Hartley Avenue,COQUITLAM,49.22591899,-122.8333599,733,POINT (-122.8333599 49.22591899)
136,2021,1611820800000,Theft of Auto,201-204 Cayer Street,COQUITLAM,49.23618932,-122.8467221,734,POINT (-122.8467221 49.23618932)
914,2021,1632812400000,Theft from Auto,241-259 Thrift Street,COQUITLAM,49.23922078,-122.8768963,735,POINT (-122.8768963 49.23922078)
713,2021,1627023600000,Theft from Auto,2500-2519 Platinum Lane,COQUITLAM,49.30739628,-122.8216723,736,POINT (-122.8216723 49.30739628)
274,2021,1615363200000,Theft from Auto,2331-2383 Dawes Hill Road,COQUITLAM,49.23712028,-122.8288776,737,POINT (-122.8288776 49.23712028)
137,2021,1611907200000,Break & Enter - Residence,544-616 Austin Avenue,COQUITLAM,49.24907771,-122.8875397,738,POINT (-122.8875397 49.24907771)
915,2021,1632812400000,Break & Enter - Business,351-379 Dartmoor Drive,COQUITLAM,49.24204646,-122.8214503,739,POINT (-122.8214503 49.24204646)
714,2021,1627023600000,Theft from Auto,1551-1692 Thomas Avenue,COQUITLAM,49.24285404,-122.8491217,740,POINT (-122.8491217 49.24285404)
275,2021,1615449600000,Theft from Auto,1316-1321 Hollybrook Street,COQUITLAM,49.29269243,-122.7576308,741,POINT (-122.7576308 49.29269243)
138,2021,1612080000000,Theft from Auto,3400-3430 Gislason Avenue,COQUITLAM,49.28930327,-122.7516969,742,POINT (-122.7516969 49.28930327)
916,2021,1632898800000,Theft from Auto,546-611 Dansey Avenue,COQUITLAM,49.24720974,-122.8874988,743,POINT (-122.8874988 49.24720974)
715,2021,1627023600000,Theft of Auto,3310-3333 Caliente Place,COQUITLAM,49.29485126,-122.7784421,744,POINT (-122.7784421 49.29485126)
276,2021,1615449600000,Theft from Auto,960-1095 Lougheed Highway,COQUITLAM,49.23539794,-122.8658125,745,POINT (-122.8658125 49.23539794)
139,2021,1612080000000,Theft from Auto,651-731 Shaw Avenue,COQUITLAM,49.24433584,-122.8812604,746,POINT (-122.8812604 49.24433584)
917,2021,1632898800000,Break & Enter - Business,1105-1145 Inlet Street,COQUITLAM,49.28155607,-122.7842305,747,POINT (-122.7842305 49.28155607)
716,2021,1627023600000,Theft from Auto,3140-3148 Tahsis Avenue,COQUITLAM,49.28229811,-122.7826372,748,POINT (-122.7826372 49.28229811)
277,2021,1615449600000,Theft from Auto,1400-1410 Dayton Street,COQUITLAM,49.2989112,-122.7515089,749,POINT (-122.7515089 49.2989112)
140,2021,1612080000000,Theft from Auto,541-611 Smith Avenue,COQUITLAM,49.26027604,-122.8872784,750,POINT (-122.8872784 49.26027604)
918,2021,1632898800000,Theft from Auto,101-195 Schoolhouse Street,COQUITLAM,49.23479161,-122.8525471,751,POINT (-122.8525471 49.23479161)
717,2021,1627023600000,Theft from Auto,800-831 Brunette Avenue,COQUITLAM,49.23587642,-122.8744394,752,POINT (-122.8744394 49.23587642)
278,2021,1615449600000,Theft from Auto,1130-1150 Lansdowne Drive,COQUITLAM,49.27971501,-122.8083445,753,POINT (-122.8083445 49.27971501)
141,2021,1612166400000,Break & Enter - Business,800-831 Brunette Avenue,COQUITLAM,49.23587642,-122.8744394,754,POINT (-122.8744394 49.23587642)
919,2021,1632898800000,Theft from Auto,1551-1681 Foster Avenue,COQUITLAM,49.25611173,-122.8485848,755,POINT (-122.8485848 49.25611173)
718,2021,1627110000000,Theft from Auto,1-20 Burbidge Street,COQUITLAM,49.22416616,-122.8237849,756,POINT (-122.8237849 49.22416616)
279,2021,1615449600000,Theft from Auto,1870-1880 Coleman Avenue,COQUITLAM,49.23145477,-122.8413048,757,POINT (-122.8413048 49.23145477)
142,2021,1612166400000,Break & Enter - Business,2920-2975 Atlantic Avenue,COQUITLAM,49.28177732,-122.79789,758,POINT (-122.79789 49.28177732)
920,2021,1632898800000,Theft from Auto,1210-1265 Falcon Drive,COQUITLAM,49.28572126,-122.8184076,759,POINT (-122.8184076 49.28572126)
719,2021,1627110000000,Theft from Auto,3320-3346 Hockaday Place,COQUITLAM,49.29902363,-122.7738235,760,POINT (-122.7738235 49.29902363)
280,2021,1615536000000,Theft from Auto,0-3251 Chartwell Lane,COQUITLAM,49.31465917,-122.7858676,761,POINT (-122.7858676 49.31465917)
143,2021,1612166400000,Theft from Auto,1750-1900 Brigantine Drive,COQUITLAM,49.22471569,-122.8430907,762,POINT (-122.8430907 49.22471569)
921,2021,1632898800000,Theft from Auto,801-829 Roderick Avenue,COQUITLAM,49.23783644,-122.8753643,763,POINT (-122.8753643 49.23783644)
720,2021,1627196400000,Theft of Auto,1397-1401 Oxford Street,COQUITLAM,49.2976164,-122.7651653,764,POINT (-122.7651653 49.2976164)
281,2021,1615536000000,Theft from Auto,1500-1549 Winslow Avenue,COQUITLAM,49.25388133,-122.8514858,765,POINT (-122.8514858 49.25388133)
144,2021,1612166400000,Theft from Auto,1460-1489 Southview Street,COQUITLAM,49.30378029,-122.7540304,766,POINT (-122.7540304 49.30378029)
922,2021,1632898800000,Theft from Auto,2950-2978 Glen Drive,COQUITLAM,49.28272705,-122.7974008,767,POINT (-122.7974008 49.28272705)
721,2021,1627196400000,Theft from Auto,2600-2622 Uplands Court,COQUITLAM,49.29366922,-122.8126937,768,POINT (-122.8126937 49.29366922)
282,2021,1615536000000,Theft from Auto,204-223 Jackson Street,COQUITLAM,49.23601614,-122.8778997,769,POINT (-122.8778997 49.23601614)
923,2021,1632985200000,Theft from Auto,568-598 Clearwater Way,COQUITLAM,49.25906529,-122.8109248,770,POINT (-122.8109248 49.25906529)
145,2021,1612166400000,Break & Enter - Business,3060-3086 Primrose Lane,COQUITLAM,49.28312919,-122.7891866,771,POINT (-122.7891866 49.28312919)
722,2021,1627196400000,Break & Enter - Residence,3100-3200 Dayanee Springs Boulevard,COQUITLAM,49.29404342,-122.7823237,772,POINT (-122.7823237 49.29404342)
283,2021,1615536000000,Theft from Auto,616-629 Vanessa Court,COQUITLAM,49.25950918,-122.8856801,773,POINT (-122.8856801 49.25950918)
723,2021,1627282800000,Theft from Auto,1035-1061 Alderson Avenue,COQUITLAM,49.23974003,-122.8636843,774,POINT (-122.8636843 49.23974003)
924,2021,1632985200000,Break & Enter - Business,1412-1429 Lemax Avenue,COQUITLAM,49.25265326,-122.853333,775,POINT (-122.853333 49.25265326)
146,2021,1612166400000,Theft from Auto,2975-2995 Princess Crescent,COQUITLAM,49.28606976,-122.796453,776,POINT (-122.796453 49.28606976)
284,2021,1615622400000,Theft from Auto,1280-1310 Sadie Crescent,COQUITLAM,49.29072203,-122.7564592,777,POINT (-122.7564592 49.29072203)
724,2021,1627282800000,Theft of Auto,623-707 Rochester Avenue,COQUITLAM,49.24543595,-122.8835015,778,POINT (-122.8835015 49.24543595)
925,2021,1633244400000,Theft from Auto,0-0 Holly Drive,COQUITLAM,49.25093961,-122.8028451,779,POINT (-122.8028451 49.25093961)
147,2021,1612252800000,Break & Enter - Business,800-831 Brunette Avenue,COQUITLAM,49.23587642,-122.8744394,780,POINT (-122.8744394 49.23587642)
285,2021,1615622400000,Theft of Auto,100-120 Schoolhouse Street,COQUITLAM,49.23292046,-122.8526091,781,POINT (-122.8526091 49.23292046)
725,2021,1627282800000,Theft from Auto,952-1026 Ridgeway Avenue,COQUITLAM,49.2497021,-122.8673709,782,POINT (-122.8673709 49.2497021)
926,2021,1633244400000,Theft from Auto,2950-2978 Glen Drive,COQUITLAM,49.28272705,-122.7974008,783,POINT (-122.7974008 49.28272705)
148,2021,1612252800000,Break & Enter - Business,1022-1071 Austin Avenue,COQUITLAM,49.24900281,-122.8639407,784,POINT (-122.8639407 49.24900281)
286,2021,1615622400000,Theft from Auto,660-679 Whiting Way,COQUITLAM,49.25817352,-122.8918992,785,POINT (-122.8918992 49.25817352)
726,2021,1627369200000,Break & Enter - Business,2208-2269 Sorrento Drive,COQUITLAM,49.23804466,-122.8311643,786,POINT (-122.8311643 49.23804466)
927,2021,1633330800000,Theft from Auto,1060-1087 Hull Court,COQUITLAM,49.27435152,-122.8107516,787,POINT (-122.8107516 49.27435152)
149,2021,1612252800000,Theft from Auto,213-228 Cayer Street,COQUITLAM,49.23714683,-122.8467146,788,POINT (-122.8467146 49.23714683)
287,2021,1615622400000,Break & Enter - Business,101-195 Schoolhouse Street,COQUITLAM,49.23479161,-122.8525471,789,POINT (-122.8525471 49.23479161)
727,2021,1627369200000,Theft from Auto,3000-3023 Anson Avenue,COQUITLAM,49.27789693,-122.7943116,790,POINT (-122.7943116 49.27789693)
928,2021,1633330800000,Break & Enter - Business,1401-1431 King Albert Avenue,COQUITLAM,49.25142559,-122.8536781,791,POINT (-122.8536781 49.25142559)
150,2021,1612252800000,Theft from Auto,3431-3559 Gislason Avenue,COQUITLAM,49.2893722,-122.7446924,792,POINT (-122.7446924 49.2893722)
288,2021,1615791600000,Theft from Auto,960-1095 Lougheed Highway,COQUITLAM,49.23539794,-122.8658125,793,POINT (-122.8658125 49.23539794)
728,2021,1627369200000,Theft from Auto,603-620 Regan Avenue,COQUITLAM,49.26220478,-122.8857915,794,POINT (-122.8857915 49.26220478)
929,2021,1633330800000,Theft from Auto,1450-1950 Hartley Avenue,COQUITLAM,49.22661466,-122.8446521,795,POINT (-122.8446521 49.22661466)
151,2021,1612339200000,Break & Enter - Residence,602-644 Como Lake Avenue,COQUITLAM,49.26336467,-122.8849733,796,POINT (-122.8849733 49.26336467)
289,2021,1615791600000,Theft from Auto,1249-1259 Burke Mountain Street,COQUITLAM,49.28821122,-122.7448868,797,POINT (-122.7448868 49.28821122)
729,2021,1627369200000,Break & Enter - Business,600-603 Como Lake Avenue,COQUITLAM,49.26323902,-122.8874489,798,POINT (-122.8874489 49.26323902)
930,2021,1633330800000,Theft from Auto,2400-2450 United Boulevard,COQUITLAM,49.22622543,-122.821793,799,POINT (-122.821793 49.22622543)
152,2021,1612339200000,Theft from Auto,1506-1528 Greenstone Court,COQUITLAM,49.2998552,-122.8168338,800,POINT (-122.8168338 49.2998552)
290,2021,1615791600000,Theft from Auto,3033-3075 Robson Drive,COQUITLAM,49.29833512,-122.7869848,801,POINT (-122.7869848 49.29833512)
730,2021,1627369200000,Break & Enter - Business,503-616 Lougheed Highway,COQUITLAM,49.24341673,-122.888154,802,POINT (-122.888154 49.24341673)
931,2021,1633330800000,Theft from Auto,150-199 Myrnam Street,COQUITLAM,49.23909524,-122.8492187,803,POINT (-122.8492187 49.23909524)
153,2021,1612339200000,Theft from Auto,1721-1861 Woodvale Avenue,COQUITLAM,49.260825,-122.8436697,804,POINT (-122.8436697 49.260825)
291,2021,1615791600000,Theft from Auto,2920-2923 Atlantic Avenue,COQUITLAM,49.28177504,-122.7998728,805,POINT (-122.7998728 49.28177504)
731,2021,1627455600000,Break & Enter - Business,620-644 Poirier Street,COQUITLAM,49.25497655,-122.8464704,806,POINT (-122.8464704 49.25497655)
932,2021,1633417200000,Break & Enter - Business,689-731 Clearwater Way,COQUITLAM,49.25790183,-122.8047174,807,POINT (-122.8047174 49.25790183)
154,2021,1612339200000,Theft from Auto,2920-2923 Atlantic Avenue,COQUITLAM,49.28177504,-122.7998728,808,POINT (-122.7998728 49.28177504)
292,2021,1615791600000,Break & Enter - Residence,3400-3430 Gislason Avenue,COQUITLAM,49.28930327,-122.7516969,809,POINT (-122.7516969 49.28930327)
732,2021,1627455600000,Theft from Auto,2743-2797 Daybreak Avenue,COQUITLAM,49.2675691,-122.8108339,810,POINT (-122.8108339 49.2675691)
933,2021,1633417200000,Break & Enter - Business,2802-2857 Glen Drive,COQUITLAM,49.28275673,-122.8069843,811,POINT (-122.8069843 49.28275673)
293,2021,1615791600000,Theft from Auto,1419-1436 El Camino Drive,COQUITLAM,49.29678406,-122.7766181,812,POINT (-122.7766181 49.29678406)
155,2021,1612425600000,Theft from Auto,1375-1399 Kingston Street,COQUITLAM,49.29768019,-122.7476283,813,POINT (-122.7476283 49.29768019)
733,2021,1627455600000,Theft from Auto,1404-1437 Lansdowne Drive,COQUITLAM,49.29275225,-122.8120298,814,POINT (-122.8120298 49.29275225)
934,2021,1633417200000,Theft from Auto,557-609 Sunset Avenue,COQUITLAM,49.24123793,-122.8877879,815,POINT (-122.8877879 49.24123793)
156,2021,1612425600000,Theft from Auto,101-195 Schoolhouse Street,COQUITLAM,49.23479161,-122.8525471,816,POINT (-122.8525471 49.23479161)
734,2021,1627542000000,Break & Enter - Residence,2905-2930 Glen Drive,COQUITLAM,49.28273402,-122.8002266,817,POINT (-122.8002266 49.28273402)
294,2021,1615878000000,Break & Enter - Business,65-77 Clipper Street,COQUITLAM,49.22843878,-122.8528211,818,POINT (-122.8528211 49.22843878)
935,2021,1633417200000,Theft from Auto,1220-1400 Seguin Drive,COQUITLAM,49.23429332,-122.8560282,819,POINT (-122.8560282 49.23429332)
157,2021,1612425600000,Theft from Auto,681-701 MacIntosh Street,COQUITLAM,49.25904099,-122.8661004,820,POINT (-122.8661004 49.25904099)
735,2021,1627542000000,Theft from Auto,1300-1400 Lougheed Highway,COQUITLAM,49.23292493,-122.8541178,821,POINT (-122.8541178 49.23292493)
295,2021,1615878000000,Break & Enter - Business,101-195 Schoolhouse Street,COQUITLAM,49.23479161,-122.8525471,822,POINT (-122.8525471 49.23479161)
936,2021,1633503600000,Theft from Auto,3020-3045 Lincoln Avenue,COQUITLAM,49.2791131,-122.7919727,823,POINT (-122.7919727 49.2791131)
158,2021,1612425600000,Break & Enter - Business,0-0 Holly Drive,COQUITLAM,49.25093961,-122.8028451,824,POINT (-122.8028451 49.25093961)
736,2021,1627628400000,Theft from Auto,380-388 Hickey Drive,COQUITLAM,49.24444327,-122.8241538,825,POINT (-122.8241538 49.24444327)
296,2021,1615878000000,Theft from Auto,544-545 Sydney Avenue,COQUITLAM,49.24819319,-122.8890042,826,POINT (-122.8890042 49.24819319)
937,2021,1633590000000,Theft of Auto,3010- Riverbend Drive,COQUITLAM,49.26390019,-122.7910444,827,POINT (-122.7910444 49.26390019)
159,2021,1612512000000,Theft from Auto,657-659 Whiting Way,COQUITLAM,49.25712182,-122.8918807,828,POINT (-122.8918807 49.25712182)
737,2021,1627628400000,Theft from Auto,3010- Riverbend Drive,COQUITLAM,49.26390019,-122.7910444,829,POINT (-122.7910444 49.26390019)
297,2021,1615878000000,Theft of Auto,100-120 Schoolhouse Street,COQUITLAM,49.23292046,-122.8526091,830,POINT (-122.8526091 49.23292046)
938,2021,1633590000000,Theft from Auto,3020-3045 Lincoln Avenue,COQUITLAM,49.2791131,-122.7919727,831,POINT (-122.7919727 49.2791131)
160,2021,1612598400000,Theft from Auto,17-48 Fawcett Road,COQUITLAM,49.2244996,-122.8341676,832,POINT (-122.8341676 49.2244996)
738,2021,1627714800000,Theft from Auto,1216-1235 Johnson Street,COQUITLAM,49.2863665,-122.8016236,833,POINT (-122.8016236 49.2863665)
298,2021,1615878000000,Break & Enter - Business,107-111 Woolridge Street,COQUITLAM,49.2353581,-122.8686814,834,POINT (-122.8686814 49.2353581)
939,2021,1633590000000,Theft from Auto,2574-2675 Barnet Highway,COQUITLAM,49.2778867,-122.8157521,835,POINT (-122.8157521 49.2778867)
161,2021,1612598400000,Theft from Auto,657-659 Whiting Way,COQUITLAM,49.25712182,-122.8918807,836,POINT (-122.8918807 49.25712182)
739,2021,1627801200000,Theft from Auto,2820-2888 Nash Drive,COQUITLAM,49.28649222,-122.8064301,837,POINT (-122.8064301 49.28649222)
299,2021,1615878000000,Theft of Auto,300-306 Schoolhouse Street,COQUITLAM,49.24102385,-122.8524628,838,POINT (-122.8524628 49.24102385)
940,2021,1633590000000,Break & Enter - Business,440-450 Guilby Street,COQUITLAM,49.24860538,-122.8854295,839,POINT (-122.8854295 49.24860538)
162,2021,1612684800000,Theft from Auto,726-748 Poirier Street,COQUITLAM,49.2619827,-122.8464836,840,POINT (-122.8464836 49.2619827)
740,2021,1627801200000,Theft from Auto,2208-2269 Sorrento Drive,COQUITLAM,49.23804466,-122.8311643,841,POINT (-122.8311643 49.23804466)
300,2021,1615964400000,Theft from Auto,2956-2994 Pinnacle Street,COQUITLAM,49.26266644,-122.8152488,842,POINT (-122.8152488 49.26266644)
941,2021,1633590000000,Theft from Auto,1400-1428 Madrona Place,COQUITLAM,49.30120982,-122.7896835,843,POINT (-122.7896835 49.30120982)
163,2021,1612684800000,Theft from Auto,1466-1479 Marguerite Street,COQUITLAM,49.30313904,-122.7590256,844,POINT (-122.7590256 49.30313904)
741,2021,1627887600000,Theft from Auto,2011-2030 Winter Crescent,COQUITLAM,49.24092557,-122.8385416,845,POINT (-122.8385416 49.24092557)
942,2021,1633676400000,Theft from Auto,1400-1428 Madrona Place,COQUITLAM,49.30120982,-122.7896835,846,POINT (-122.7896835 49.30120982)
164,2021,1612684800000,Theft from Auto,101-195 Schoolhouse Street,COQUITLAM,49.23479161,-122.8525471,847,POINT (-122.8525471 49.23479161)
742,2021,1627887600000,Theft from Auto,203-221 Bernatchey Street,COQUITLAM,49.23602234,-122.8763171,848,POINT (-122.8763171 49.23602234)
943,2021,1633676400000,Theft from Auto,3033-3075 Robson Drive,COQUITLAM,49.29833512,-122.7869848,849,POINT (-122.7869848 49.29833512)
165,2021,1612684800000,Theft from Auto,1309-1435 Summit Drive,COQUITLAM,49.26659786,-122.8549669,850,POINT (-122.8549669 49.26659786)
743,2021,1627887600000,Theft from Auto,200-225 Sicamous Place,COQUITLAM,49.23830148,-122.8316386,851,POINT (-122.8316386 49.23830148)
944,2021,1633762800000,Theft from Auto,943-961 Quadling Avenue,COQUITLAM,49.24076963,-122.8687178,852,POINT (-122.8687178 49.24076963)
166,2021,1612684800000,Theft from Auto,1309-1435 Summit Drive,COQUITLAM,49.26659786,-122.8549669,853,POINT (-122.8549669 49.26659786)
945,2021,1633762800000,Theft from Auto,1700-1759 Booth Avenue,COQUITLAM,49.23721218,-122.8455118,854,POINT (-122.8455118 49.23721218)
167,2021,1612684800000,Theft from Auto,1120-1219 Bartlett Avenue,COQUITLAM,49.26936871,-122.8589232,855,POINT (-122.8589232 49.26936871)
744,2021,1627887600000,Theft from Auto,2208-2235 Hartley Avenue,COQUITLAM,49.22591899,-122.8333599,856,POINT (-122.8333599 49.22591899)
946,2021,1633762800000,Theft from Auto,1120-1219 Bartlett Avenue,COQUITLAM,49.26936871,-122.8589232,857,POINT (-122.8589232 49.26936871)
168,2021,1612684800000,Theft from Auto,838-1015 Porter Street,COQUITLAM,49.26762363,-122.8630725,858,POINT (-122.8630725 49.26762363)
745,2021,1627974000000,Break & Enter - Business,1450-1950 Hartley Avenue,COQUITLAM,49.22661466,-122.8446521,859,POINT (-122.8446521 49.22661466)
947,2021,1633762800000,Theft from Auto,3085-3101 Starlight Way,COQUITLAM,49.26805933,-122.8080172,860,POINT (-122.8080172 49.26805933)
169,2021,1612684800000,Theft from Auto,752-762 Gatensbury Street,COQUITLAM,49.26304893,-122.8576452,861,POINT (-122.8576452 49.26304893)
746,2021,1627974000000,Break & Enter - Business,519-540 Nelson Street,COQUITLAM,49.25100936,-122.8656157,862,POINT (-122.8656157 49.25100936)
948,2021,1633849200000,Theft from Auto,3000-3023 Anson Avenue,COQUITLAM,49.27789693,-122.7943116,863,POINT (-122.7943116 49.27789693)
170,2021,1612684800000,Theft from Auto,907-920 Gatensbury Street,COQUITLAM,49.26623818,-122.8575577,864,POINT (-122.8575577 49.26623818)
747,2021,1627974000000,Theft from Auto,88-98 Brigantine Drive,COQUITLAM,49.22792656,-122.8488185,865,POINT (-122.8488185 49.22792656)
949,2021,1633849200000,Theft of Auto,1190-1198 Falcon Drive,COQUITLAM,49.28388314,-122.819073,866,POINT (-122.819073 49.28388314)
171,2021,1612684800000,Theft from Auto,1307-1327 Brisbane Avenue,COQUITLAM,49.26579673,-122.8568584,867,POINT (-122.8568584 49.26579673)
748,2021,1627974000000,Theft from Auto,1-25 Braid Street,COQUITLAM,49.22814747,-122.8764796,868,POINT (-122.8764796 49.22814747)
950,2021,1633849200000,Theft from Auto,1050-1063 Dolphin Street,COQUITLAM,49.27341881,-122.8086766,869,POINT (-122.8086766 49.27341881)
172,2021,1612684800000,Theft from Auto,821-844 Fairfax Street,COQUITLAM,49.26474164,-122.8548316,870,POINT (-122.8548316 49.26474164)
749,2021,1627974000000,Break & Enter - Business,1299-1320 Soball Street,COQUITLAM,49.29233338,-122.7493823,871,POINT (-122.7493823 49.29233338)
951,2021,1633935600000,Theft from Auto,55-98 Fawcett Road,COQUITLAM,49.2276379,-122.8342218,872,POINT (-122.8342218 49.2276379)
173,2021,1612771200000,Theft from Auto,544-616 Austin Avenue,COQUITLAM,49.24907771,-122.8875397,873,POINT (-122.8875397 49.24907771)
750,2021,1628060400000,Theft from Auto,532-585 Delestre Avenue,COQUITLAM,49.24191269,-122.8890368,874,POINT (-122.8890368 49.24191269)
952,2021,1633935600000,Theft from Auto,2950-2978 Glen Drive,COQUITLAM,49.28272705,-122.7974008,875,POINT (-122.7974008 49.28272705)
174,2021,1612771200000,Theft from Auto,50-99 Schooner Street,COQUITLAM,49.22710864,-122.8399694,876,POINT (-122.8399694 49.22710864)
751,2021,1628060400000,Theft from Auto,1430-1459 Nystrom Court,COQUITLAM,49.30071047,-122.7489095,877,POINT (-122.7489095 49.30071047)
953,2021,1634022000000,Break & Enter - Residence,1138-1154 Westwood Street,COQUITLAM,49.28069237,-122.7904673,878,POINT (-122.7904673 49.28069237)
175,2021,1612771200000,Break & Enter - Business,320-329 Casey Street,COQUITLAM,49.24259331,-122.854857,879,POINT (-122.854857 49.24259331)
752,2021,1628060400000,Break & Enter - Business,290-299 Schoolhouse Street,COQUITLAM,49.24013726,-122.8524809,880,POINT (-122.8524809 49.24013726)
954,2021,1634022000000,Break & Enter - Business,1160-1180 Pinetree Way,COQUITLAM,49.28115265,-122.7932721,881,POINT (-122.7932721 49.28115265)
176,2021,1612771200000,Break & Enter - Business,2900-2999 Silver Springs Boulevard,COQUITLAM,49.295606,-122.7904186,882,POINT (-122.7904186 49.295606)
753,2021,1628060400000,Break & Enter - Residence,336-355 Nelson Street,COQUITLAM,49.24494738,-122.8651406,883,POINT (-122.8651406 49.24494738)
955,2021,1634108400000,Theft from Auto,1999-2085 Blantyre Avenue,COQUITLAM,49.23906037,-122.8383421,884,POINT (-122.8383421 49.23906037)
177,2021,1612771200000,Theft from Auto,1090-1099 Lansdowne Drive,COQUITLAM,49.27685143,-122.8083832,885,POINT (-122.8083832 49.27685143)
754,2021,1628146800000,Theft from Auto,290-299 Schoolhouse Street,COQUITLAM,49.24013726,-122.8524809,886,POINT (-122.8524809 49.24013726)
956,2021,1634108400000,Break & Enter - Residence,1901-1908 Lodge Drive,COQUITLAM,49.28719017,-122.7687151,887,POINT (-122.7687151 49.28719017)
178,2021,1612771200000,Theft from Auto,3151-3153 Dawson Court,COQUITLAM,49.30194319,-122.7788231,888,POINT (-122.7788231 49.30194319)
755,2021,1628146800000,Theft from Auto,1307-1327 Nestor Street,COQUITLAM,49.29243351,-122.7785246,889,POINT (-122.7785246 49.29243351)
957,2021,1634108400000,Break & Enter - Business,1403-1432 Brunette Avenue,COQUITLAM,49.24058067,-122.853965,890,POINT (-122.853965 49.24058067)
179,2021,1612857600000,Theft from Auto,3521-3599 Upper Harper Road,COQUITLAM,49.31192733,-122.7490978,891,POINT (-122.7490978 49.31192733)
756,2021,1628146800000,Theft from Auto,744-757 Sprice Avenue,COQUITLAM,49.25737847,-122.878532,892,POINT (-122.878532 49.25737847)
958,2021,1634108400000,Theft from Auto,1720-1768 Hie Avenue,COQUITLAM,49.23628719,-122.8456572,893,POINT (-122.8456572 49.23628719)
180,2021,1612857600000,Theft of Auto,200-208 Nelson Street,COQUITLAM,49.23850454,-122.8650614,894,POINT (-122.8650614 49.23850454)
757,2021,1628146800000,Theft from Auto,901-930 Tupper Avenue,COQUITLAM,49.23478412,-122.8709044,895,POINT (-122.8709044 49.23478412)
758,2021,1628146800000,Theft from Auto,100-120 Schoolhouse Street,COQUITLAM,49.23292046,-122.8526091,896,POINT (-122.8526091 49.23292046)
759,2021,1628146800000,Theft from Auto,506-545 Whiting Way,COQUITLAM,49.24960081,-122.8904443,897,POINT (-122.8904443 49.24960081)
760,2021,1628146800000,Theft from Auto,313-323 Laurentian Crescent,COQUITLAM,49.2399038,-122.8469707,898,POINT (-122.8469707 49.2399038)
761,2021,1628233200000,Theft from Auto,532-585 Delestre Avenue,COQUITLAM,49.24191269,-122.8890368,899,POINT (-122.8890368 49.24191269)
762,2021,1628233200000,Break & Enter - Residence,1231-1251 Mitchell Street,COQUITLAM,49.28795066,-122.7407233,900,POINT (-122.7407233 49.28795066)
763,2021,1628319600000,Break & Enter - Residence,2248-2262 Paradise Avenue,COQUITLAM,49.24183976,-122.8305388,901,POINT (-122.8305388 49.24183976)
764,2021,1628492400000,Break & Enter - Residence,1711-1796 Charland Avenue,COQUITLAM,49.24799909,-122.845769,902,POINT (-122.845769 49.24799909)
765,2021,1628492400000,Theft from Auto,70-78 Golden Drive,COQUITLAM,49.23001384,-122.8245013,903,POINT (-122.8245013 49.23001384)
766,2021,1628578800000,Theft of Auto,1896-1998 Austin Avenue,COQUITLAM,49.24902624,-122.8401326,904,POINT (-122.8401326 49.24902624)
767,2021,1628578800000,Theft from Auto,170-179 Golden Drive,COQUITLAM,49.23332275,-122.819819,905,POINT (-122.819819 49.23332275)
768,2021,1628665200000,Theft from Auto,3061-3081 Glen Drive,COQUITLAM,49.28266674,-122.7892135,906,POINT (-122.7892135 49.28266674)
769,2021,1628751600000,Theft from Auto,901-930 Tupper Avenue,COQUITLAM,49.23478412,-122.8709044,907,POINT (-122.8709044 49.23478412)
770,2021,1628751600000,Break & Enter - Residence,726-767 Edgar Avenue,COQUITLAM,49.24257038,-122.8786696,908,POINT (-122.8786696 49.24257038)
771,2021,1628751600000,Theft from Auto,602-644 Como Lake Avenue,COQUITLAM,49.26336467,-122.8849733,909,POINT (-122.8849733 49.26336467)
772,2021,1628838000000,Theft from Auto,2570-2750 Runnel Drive,COQUITLAM,49.2788356,-122.8133173,910,POINT (-122.8133173 49.2788356)
773,2021,1628838000000,Theft from Auto,542-545 Whiting Way,COQUITLAM,49.25101335,-122.8919683,911,POINT (-122.8919683 49.25101335)
774,2021,1628838000000,Theft from Auto,2000-2100 United Boulevard,COQUITLAM,49.2284693,-122.8370439,912,POINT (-122.8370439 49.2284693)
775,2021,1628924400000,Break & Enter - Business,700-715 Robinson Street,COQUITLAM,49.2605975,-122.8798839,913,POINT (-122.8798839 49.2605975)
776,2021,1628924400000,Theft from Auto,241-259 Thrift Street,COQUITLAM,49.23922078,-122.8768963,914,POINT (-122.8768963 49.23922078)
777,2021,1629010800000,Theft from Auto,1475-1486 Galette Place,COQUITLAM,49.30415014,-122.7736962,915,POINT (-122.7736962 49.30415014)
778,2021,1629010800000,Break & Enter - Residence,1100-1101 Lansdowne Drive,COQUITLAM,49.27757725,-122.8083824,916,POINT (-122.8083824 49.27757725)
779,2021,1629097200000,Theft of Auto,1102-1124 Westwood Street,COQUITLAM,49.27809704,-122.7905106,917,POINT (-122.7905106 49.27809704)
780,2021,1629097200000,Theft of Auto,451-498 Cariboo Crescent,COQUITLAM,49.24892137,-122.8120334,918,POINT (-122.8120334 49.24892137)
781,2021,1629097200000,Theft of Auto,2754-2791 Cultus Court,COQUITLAM,49.25205493,-122.8073929,919,POINT (-122.8073929 49.25205493)
782,2021,1629097200000,Theft from Auto,50-66 Clipper Street,COQUITLAM,49.22702515,-122.8531512,920,POINT (-122.8531512 49.22702515)
783,2021,1629097200000,Theft from Auto,1977-1991 Bow Drive,COQUITLAM,49.29261784,-122.7702384,921,POINT (-122.7702384 49.29261784)
784,2021,1629097200000,Theft from Auto,960-1095 Lougheed Highway,COQUITLAM,49.23539794,-122.8658125,922,POINT (-122.8658125 49.23539794)
785,2021,1629183600000,Theft from Auto,560-578 Schoolhouse Street,COQUITLAM,49.25325293,-122.8523281,923,POINT (-122.8523281 49.25325293)
786,2021,1629183600000,Theft from Auto,542-545 Whiting Way,COQUITLAM,49.25101335,-122.8919683,924,POINT (-122.8919683 49.25101335)
787,2021,1629183600000,Theft from Auto,1-14 King Edward Street,COQUITLAM,49.22912756,-122.8615863,925,POINT (-122.8615863 49.22912756)
788,2021,1629183600000,Theft from Auto,663-718 Morrison Avenue,COQUITLAM,49.26547361,-122.8829612,926,POINT (-122.8829612 49.26547361)
789,2021,1629270000000,Break & Enter - Business,1280-1285 Sherman Street,COQUITLAM,49.29028714,-122.7977055,927,POINT (-122.7977055 49.29028714)
790,2021,1629270000000,Theft from Auto,701-729 Ebert Avenue,COQUITLAM,49.25564475,-122.8815108,928,POINT (-122.8815108 49.25564475)
791,2021,1629270000000,Theft from Auto,3010- Riverbend Drive,COQUITLAM,49.26390019,-122.7910444,929,POINT (-122.7910444 49.26390019)
792,2021,1629270000000,Break & Enter - Residence,571-661 Chapman Avenue,COQUITLAM,49.26979989,-122.8847877,930,POINT (-122.8847877 49.26979989)
793,2021,1629356400000,Theft from Auto,1310-1315 Coast Meridian Road,COQUITLAM,49.29332608,-122.755929,931,POINT (-122.755929 49.29332608)
794,2021,1629356400000,Theft from Auto,630-659 Whiting Way,COQUITLAM,49.25619193,-122.8919518,932,POINT (-122.8919518 49.25619193)
795,2021,1629356400000,Break & Enter - Residence,1270-1282 Oxford Street,COQUITLAM,49.28988368,-122.7631669,933,POINT (-122.7631669 49.28988368)
796,2021,1629442800000,Break & Enter - Residence,644-659 Porter Street,COQUITLAM,49.2565868,-122.8633691,934,POINT (-122.8633691 49.2565868)
797,2021,1629442800000,Theft from Auto,1133-1207 Cartier Avenue,COQUITLAM,49.24128968,-122.8589594,935,POINT (-122.8589594 49.24128968)
798,2021,1629529200000,Theft from Auto,1825-1833 Walnut Crescent,COQUITLAM,49.25695698,-122.8417034,936,POINT (-122.8417034 49.25695698)
799,2021,1629529200000,Theft from Auto,0-0 Holly Drive,COQUITLAM,49.25093961,-122.8028451,937,POINT (-122.8028451 49.25093961)
800,2021,1629529200000,Theft from Auto,2700-2745 Barnet Highway,COQUITLAM,49.27786163,-122.810408,938,POINT (-122.810408 49.27786163)
181,2021,1612857600000,Theft from Auto,1690-1699 Deer's Leap Place,COQUITLAM,49.30837624,-122.7835538,939,POINT (-122.7835538 49.30837624)
182,2021,1612944000000,Theft from Auto,2602-2612 Auburn Place,COQUITLAM,49.29342309,-122.8069972,940,POINT (-122.8069972 49.29342309)
183,2021,1612944000000,Theft from Auto,2770-2780 Dewdney Trunk Road,COQUITLAM,49.27402217,-122.8056042,941,POINT (-122.8056042 49.27402217)
184,2021,1612944000000,Theft from Auto,220-240 Thrift Street,COQUITLAM,49.23811897,-122.8768994,942,POINT (-122.8768994 49.23811897)
185,2021,1612944000000,Theft from Auto,703-713 Henderson Avenue,COQUITLAM,49.23640964,-122.8792358,943,POINT (-122.8792358 49.23640964)
186,2021,1612944000000,Break & Enter - Residence,1151-1189 Falcon Drive,COQUITLAM,49.28220212,-122.8191638,944,POINT (-122.8191638 49.28220212)
187,2021,1613030400000,Theft from Auto,3260-3337 Plateau Boulevard,COQUITLAM,49.31555205,-122.7895564,945,POINT (-122.7895564 49.31555205)
188,2021,1613030400000,Theft from Auto,2920-2923 Atlantic Avenue,COQUITLAM,49.28177504,-122.7998728,946,POINT (-122.7998728 49.28177504)
189,2021,1613030400000,Theft from Auto,2976-2979 Rockridge Lane,COQUITLAM,49.29991529,-122.806451,947,POINT (-122.806451 49.29991529)
190,2021,1613030400000,Break & Enter - Business,681-2761 North Road,COQUITLAM,49.25954632,-122.8930575,948,POINT (-122.8930575 49.25954632)
191,2021,1613116800000,Theft of Auto,80-169 Golden Drive,COQUITLAM,49.23265631,-122.8234303,949,POINT (-122.8234303 49.23265631)
192,2021,1613203200000,Break & Enter - Residence,3380-3398 Horizon Drive,COQUITLAM,49.30242461,-122.7549823,950,POINT (-122.7549823 49.30242461)
193,2021,1613289600000,Theft from Auto,340-352 Richard Street,COQUITLAM,49.24306283,-122.8833616,951,POINT (-122.8833616 49.24306283)
194,2021,1613376000000,Theft from Auto,619-654 Alderson Avenue,COQUITLAM,49.23978733,-122.8832341,952,POINT (-122.8832341 49.23978733)
195,2021,1613462400000,Theft from Auto,1108-1166 Dansey Avenue,COQUITLAM,49.24716006,-122.8601192,953,POINT (-122.8601192 49.24716006)
196,2021,1613462400000,Theft from Auto,285-1290 Laval Square,COQUITLAM,49.24094127,-122.8579337,954,POINT (-122.8579337 49.24094127)
197,2021,1613462400000,Theft of Auto,503-616 Lougheed Highway,COQUITLAM,49.24341673,-122.888154,955,POINT (-122.888154 49.24341673)
198,2021,1613462400000,Theft of Auto,320-334 Burns Street,COQUITLAM,49.24313008,-122.8762977,956,POINT (-122.8762977 49.24313008)
199,2021,1613462400000,Theft from Auto,300-306 Schoolhouse Street,COQUITLAM,49.24102385,-122.8524628,957,POINT (-122.8524628 49.24102385)
200,2021,1613548800000,Theft of Auto,0-0 Holly Drive,COQUITLAM,49.25093961,-122.8028451,958,POINT (-122.8028451 49.25093961)
959,2021,1634108400000,Theft from Auto,3010- Riverbend Drive,COQUITLAM,49.26390019,-122.7910444,959,POINT (-122.7910444 49.26390019)
960,2021,1634281200000,Theft from Auto,300-306 Schoolhouse Street,COQUITLAM,49.24102385,-122.8524628,960,POINT (-122.8524628 49.24102385)
961,2021,1634281200000,Theft of Auto,1807-1842 Harbour Drive,COQUITLAM,49.26970151,-122.8426622,961,POINT (-122.8426622 49.26970151)
962,2021,1634281200000,Theft from Auto,2960-3106 Mariner Way,COQUITLAM,49.26632406,-122.8142429,962,POINT (-122.8142429 49.26632406)
963,2021,1634281200000,Theft from Auto,402-409 Guilby Street,COQUITLAM,49.24588968,-122.8853729,963,POINT (-122.8853729 49.24588968)
964,2021,1634281200000,Theft from Auto,107-111 Woolridge Street,COQUITLAM,49.2353581,-122.8686814,964,POINT (-122.8686814 49.2353581)
965,2021,1634367600000,Break & Enter - Residence,955-980 Laurel Court,COQUITLAM,49.26855031,-122.8005191,965,POINT (-122.8005191 49.26855031)
966,2021,1634367600000,Theft from Auto,1160-1198 Shelter Crescent,COQUITLAM,49.28415368,-122.7802223,966,POINT (-122.7802223 49.28415368)
967,2021,1634367600000,Theft of Auto,804-815 Robinson Street,COQUITLAM,49.26420389,-122.8800878,967,POINT (-122.8800878 49.26420389)
968,2021,1634367600000,Theft of Auto,3100-3179 Pier Drive,COQUITLAM,49.27533824,-122.8151481,968,POINT (-122.8151481 49.27533824)
969,2021,1634454000000,Theft from Auto,800-831 Brunette Avenue,COQUITLAM,49.23587642,-122.8744394,969,POINT (-122.8744394 49.23587642)
970,2021,1634540400000,Break & Enter - Business,202-236 Lebleu Street,COQUITLAM,49.23846463,-122.8675335,970,POINT (-122.8675335 49.23846463)
971,2021,1634540400000,Theft from Auto,2700-2719 Atlin Place,COQUITLAM,49.24592195,-122.8148068,971,POINT (-122.8148068 49.24592195)
972,2021,1634540400000,Theft from Auto,17-48 Fawcett Road,COQUITLAM,49.2244996,-122.8341676,972,POINT (-122.8341676 49.2244996)
973,2021,1634540400000,Theft from Auto,900-925 Lougheed Highway,COQUITLAM,49.23676415,-122.8724569,973,POINT (-122.8724569 49.23676415)
974,2021,1634540400000,Theft from Auto,50-66 Clipper Street,COQUITLAM,49.22702515,-122.8531512,974,POINT (-122.8531512 49.22702515)
975,2021,1634540400000,Theft of Auto,1447-1476 Blackwater Place,COQUITLAM,49.30014211,-122.7802598,975,POINT (-122.7802598 49.30014211)
976,2021,1634540400000,Break & Enter - Business,960-1095 Lougheed Highway,COQUITLAM,49.23539794,-122.8658125,976,POINT (-122.8658125 49.23539794)
977,2021,1634626800000,Theft from Auto,644-659 Porter Street,COQUITLAM,49.2565868,-122.8633691,977,POINT (-122.8633691 49.2565868)
978,2021,1634626800000,Theft from Auto,1190-1198 Falcon Drive,COQUITLAM,49.28388314,-122.819073,978,POINT (-122.819073 49.28388314)
979,2021,1634713200000,Theft from Auto,1000-1025 Austin Avenue,COQUITLAM,49.24900186,-122.8666666,979,POINT (-122.8666666 49.24900186)
980,2021,1634713200000,Theft of Auto,602-644 Como Lake Avenue,COQUITLAM,49.26336467,-122.8849733,980,POINT (-122.8849733 49.26336467)
981,2021,1634713200000,Theft from Auto,238-262 Blue Mountain Street,COQUITLAM,49.23920584,-122.8730334,981,POINT (-122.8730334 49.23920584)
982,2021,1634713200000,Theft from Auto,440-445 Schoolhouse Street,COQUITLAM,49.24768871,-122.8524648,982,POINT (-122.8524648 49.24768871)
983,2021,1634713200000,Theft from Auto,3100-3108 Daybreak Avenue,COQUITLAM,49.26615278,-122.8088353,983,POINT (-122.8088353 49.26615278)
984,2021,1634799600000,Theft from Auto,3000-3023 Alderbrook Place,COQUITLAM,49.26760727,-122.7942352,984,POINT (-122.7942352 49.26760727)
985,2021,1634886000000,Theft from Auto,740-741 Porter Street,COQUITLAM,49.26211397,-122.8632422,985,POINT (-122.8632422 49.26211397)
986,2021,1634886000000,Theft from Auto,1035-1064 Howie Avenue,COQUITLAM,49.25056759,-122.8638816,986,POINT (-122.8638816 49.25056759)
987,2021,1634886000000,Theft from Auto,2983-2992 Robson Drive,COQUITLAM,49.30020369,-122.7905802,987,POINT (-122.7905802 49.30020369)
988,2021,1634886000000,Theft from Auto,241-259 Thrift Street,COQUITLAM,49.23922078,-122.8768963,988,POINT (-122.8768963 49.23922078)
989,2021,1634886000000,Theft from Auto,80-169 Golden Drive,COQUITLAM,49.23265631,-122.8234303,989,POINT (-122.8234303 49.23265631)
990,2021,1634972400000,Theft from Auto,100-144 King Edward Street,COQUITLAM,49.23495415,-122.8616527,990,POINT (-122.8616527 49.23495415)
991,2021,1634972400000,Theft of Auto,3000-3003 Christmas Way,COQUITLAM,49.27196253,-122.792115,991,POINT (-122.792115 49.27196253)
992,2021,1635058800000,Theft of Auto,1420-1479 Dayton Street,COQUITLAM,49.301515,-122.7516207,992,POINT (-122.7516207 49.301515)
993,2021,1635058800000,Theft of Auto,1220-1400 Seguin Drive,COQUITLAM,49.23429332,-122.8560282,993,POINT (-122.8560282 49.23429332)
994,2021,1635145200000,Break & Enter - Business,3002-3035 Ashbrook Place,COQUITLAM,49.26509916,-122.7941771,994,POINT (-122.7941771 49.26509916)
995,2021,1635145200000,Theft of Auto,901-976 Delestre Avenue,COQUITLAM,49.24171638,-122.8701854,995,POINT (-122.8701854 49.24171638)
996,2021,1635145200000,Theft from Auto,800-831 Brunette Avenue,COQUITLAM,49.23587642,-122.8744394,996,POINT (-122.8744394 49.23587642)
997,2021,1635145200000,Theft from Auto,819-831 Robinson Street,COQUITLAM,49.26516254,-122.8801425,997,POINT (-122.8801425 49.26516254)
998,2021,1635318000000,Theft of Auto,1030-1061 Delestre Avenue,COQUITLAM,49.24172593,-122.8636396,998,POINT (-122.8636396 49.24172593)
999,2021,1635318000000,Theft from Auto,3202-3210 Salt Spring Avenue,COQUITLAM,49.28621928,-122.777814,999,POINT (-122.777814 49.28621928)
1000,2021,1635318000000,Theft of Auto,65-77 Clipper Street,COQUITLAM,49.22843878,-122.8528211,1000,POINT (-122.8528211 49.22843878)
1401,2022,1645084800000,Theft from Auto,2860-2885 Packard Avenue,COQUITLAM,49.27998352,-122.8029144,1001,POINT (-122.8029144 49.27998352)
1201,2021,1640419200000,Theft from Auto,546-611 Dansey Avenue,COQUITLAM,49.24720974,-122.8874988,1002,POINT (-122.8874988 49.24720974)
1402,2022,1645084800000,Theft from Auto,1022-1071 Austin Avenue,COQUITLAM,49.24900281,-122.8639407,1003,POINT (-122.8639407 49.24900281)
1403,2022,1645084800000,Theft from Auto,1108-1222 Hammond Avenue,COQUITLAM,49.24373935,-122.8593065,1004,POINT (-122.8593065 49.24373935)
1202,2021,1640419200000,Theft from Auto,610-621 Smith Avenue,COQUITLAM,49.26024357,-122.8854075,1005,POINT (-122.8854075 49.26024357)
1601,2022,1649660400000,Theft from Auto,2960-3106 Mariner Way,COQUITLAM,49.26632406,-122.8142429,1006,POINT (-122.8142429 49.26632406)
1404,2022,1645171200000,Theft from Auto,730-737 Gatensbury Street,COQUITLAM,49.2618951,-122.8576457,1007,POINT (-122.8576457 49.2618951)
1203,2021,1640505600000,Theft from Auto,403-3965 North Road,COQUITLAM,49.24743607,-122.8927177,1008,POINT (-122.8927177 49.24743607)
1602,2022,1649660400000,Break & Enter - Business,510-540 Smith Avenue,COQUITLAM,49.26032409,-122.8901775,1009,POINT (-122.8901775 49.26032409)
1405,2022,1645171200000,Break & Enter - Business,1411-1455 Edwards Street,COQUITLAM,49.29784285,-122.7199111,1010,POINT (-122.7199111 49.29784285)
1204,2021,1640505600000,Theft from Auto,320-327 Therrien Street,COQUITLAM,49.2423792,-122.861049,1011,POINT (-122.861049 49.2423792)
1603,2022,1649660400000,Theft from Auto,2610-2635 Spuraway Avenue,COQUITLAM,49.26388697,-122.8145019,1012,POINT (-122.8145019 49.26388697)
1406,2022,1645171200000,Theft of Auto,551-621 Hillcrest Street,COQUITLAM,49.25224798,-122.8354956,1013,POINT (-122.8354956 49.25224798)
1205,2021,1640505600000,Theft from Auto,1033-1069 Stewart Avenue,COQUITLAM,49.24355003,-122.8640299,1014,POINT (-122.8640299 49.24355003)
1604,2022,1649660400000,Theft from Auto,2574-2675 Barnet Highway,COQUITLAM,49.2778867,-122.8157521,1015,POINT (-122.8157521 49.2778867)
1407,2022,1645171200000,Theft of Auto,1300-1350 Soball Street,COQUITLAM,49.29400835,-122.7510603,1016,POINT (-122.7510603 49.29400835)
1206,2021,1640592000000,Theft of Auto,738-771 Rochester Avenue,COQUITLAM,49.24538622,-122.8789563,1017,POINT (-122.8789563 49.24538622)
1408,2022,1645171200000,Theft from Auto,1181-1215 Pipeline Road,COQUITLAM,49.28422977,-122.7854423,1018,POINT (-122.7854423 49.28422977)
1207,2021,1640592000000,Theft of Auto,1104-1109 Thomas Avenue,COQUITLAM,49.24275955,-122.8617438,1019,POINT (-122.8617438 49.24275955)
1605,2022,1649660400000,Break & Enter - Business,2574-2675 Barnet Highway,COQUITLAM,49.2778867,-122.8157521,1020,POINT (-122.8157521 49.2778867)
1409,2022,1645171200000,Break & Enter - Business,2981-2999 Christmas Way,COQUITLAM,49.27337281,-122.7952815,1021,POINT (-122.7952815 49.27337281)
1208,2021,1640592000000,Theft from Auto,1040-1053 King Albert Avenue,COQUITLAM,49.25145884,-122.8645249,1022,POINT (-122.8645249 49.25145884)
1606,2022,1649660400000,Theft of Auto,540-559 Foster Avenue,COQUITLAM,49.25677513,-122.8881019,1023,POINT (-122.8881019 49.25677513)
1801,2022,1654326000000,Theft from Auto,1123-1135 Westwood Street,COQUITLAM,49.27939681,-122.7904717,1024,POINT (-122.7904717 49.27939681)
1410,2022,1645257600000,Theft from Auto,700-709 Gatensbury Street,COQUITLAM,49.26024817,-122.8565663,1025,POINT (-122.8565663 49.26024817)
1209,2021,1640592000000,Break & Enter - Business,510-520 Young Drive,COQUITLAM,49.24313375,-122.8903436,1026,POINT (-122.8903436 49.24313375)
1210,2021,1640678400000,Theft from Auto,80-169 Golden Drive,COQUITLAM,49.23265631,-122.8234303,1027,POINT (-122.8234303 49.23265631)
1211,2021,1640678400000,Theft from Auto,1425-1485 El Camino Drive,COQUITLAM,49.29800396,-122.7765955,1028,POINT (-122.7765955 49.29800396)
1212,2021,1640764800000,Theft from Auto,321-4563 North Road,COQUITLAM,49.24471378,-122.8926127,1029,POINT (-122.8926127 49.24471378)
1213,2021,1640851200000,Break & Enter - Business,300-325 Decaire Street,COQUITLAM,49.2417513,-122.8505463,1030,POINT (-122.8505463 49.2417513)
1214,2021,1640851200000,Theft from Auto,1930-2000 Brigantine Drive,COQUITLAM,49.22434804,-122.8394066,1031,POINT (-122.8394066 49.22434804)
1215,2021,1640851200000,Theft from Auto,514-539 Foster Avenue,COQUITLAM,49.25679755,-122.8907849,1032,POINT (-122.8907849 49.25679755)
1216,2022,1640851200000,Theft from Auto,1300-1428 Grover Avenue,COQUITLAM,49.26255712,-122.8548724,1033,POINT (-122.8548724 49.26255712)
1217,2022,1640851200000,Theft from Auto,940-970 Charland Avenue,COQUITLAM,49.24807678,-122.8690879,1034,POINT (-122.8690879 49.24807678)
1218,2022,1640851200000,Theft from Auto,605-619 Ascot Street,COQUITLAM,49.25317487,-122.8424665,1035,POINT (-122.8424665 49.25317487)
1219,2022,1640937600000,Theft from Auto,2920-2923 Atlantic Avenue,COQUITLAM,49.28177504,-122.7998728,1036,POINT (-122.7998728 49.28177504)
1220,2022,1640937600000,Theft of Auto,201-204 Cayer Street,COQUITLAM,49.23618932,-122.8467221,1037,POINT (-122.8467221 49.23618932)
1221,2022,1640937600000,Theft from Auto,0-3251 Chartwell Lane,COQUITLAM,49.31465917,-122.7858676,1038,POINT (-122.7858676 49.31465917)
1222,2022,1641110400000,Theft from Auto,742-768 Hailey Street,COQUITLAM,49.26303596,-122.8701914,1039,POINT (-122.8701914 49.26303596)
1223,2022,1641110400000,Break & Enter - Business,1834-1899 Lemax Avenue,COQUITLAM,49.25253423,-122.8417118,1040,POINT (-122.8417118 49.25253423)
1224,2022,1641196800000,Theft from Auto,850-859 Kinsac Street,COQUITLAM,49.26594635,-122.8700874,1041,POINT (-122.8700874 49.26594635)
1225,2022,1641196800000,Theft from Auto,1110-1120 Brunette Avenue,COQUITLAM,49.23889515,-122.8616606,1042,POINT (-122.8616606 49.23889515)
1226,2022,1641196800000,Theft from Auto,402-409 Guilby Street,COQUITLAM,49.24588968,-122.8853729,1043,POINT (-122.8853729 49.24588968)
1227,2022,1641196800000,Theft of Auto,0-68 Schooner Street,COQUITLAM,49.22535334,-122.8403847,1044,POINT (-122.8403847 49.22535334)
1228,2022,1641196800000,Theft from Auto,1930-2000 Brigantine Drive,COQUITLAM,49.22434804,-122.8394066,1045,POINT (-122.8394066 49.22434804)
1229,2022,1641196800000,Theft from Auto,101-195 Schoolhouse Street,COQUITLAM,49.23479161,-122.8525471,1046,POINT (-122.8525471 49.23479161)
1230,2022,1641196800000,Theft from Auto,490-499 Hickey Drive,COQUITLAM,49.24862044,-122.8244388,1047,POINT (-122.8244388 49.24862044)
1231,2022,1641283200000,Theft from Auto,1044-1219 Cottonwood Avenue,COQUITLAM,49.25798883,-122.8598492,1048,POINT (-122.8598492 49.25798883)
1232,2022,1641283200000,Theft from Auto,1110-1120 Brunette Avenue,COQUITLAM,49.23889515,-122.8616606,1049,POINT (-122.8616606 49.23889515)
1233,2022,1641283200000,Theft from Auto,2950-2978 Glen Drive,COQUITLAM,49.28272705,-122.7974008,1050,POINT (-122.7974008 49.28272705)
1234,2022,1641369600000,Theft from Auto,2950-2978 Glen Drive,COQUITLAM,49.28272705,-122.7974008,1051,POINT (-122.7974008 49.28272705)
1235,2022,1641456000000,Break & Enter - Business,1035-1064 Howie Avenue,COQUITLAM,49.25056759,-122.8638816,1052,POINT (-122.8638816 49.25056759)
1236,2022,1641456000000,Theft from Auto,3251-3272 Camelback Lane,COQUITLAM,49.31439396,-122.7876526,1053,POINT (-122.7876526 49.31439396)
1237,2022,1641542400000,Theft from Auto,300-387 Marathon Court,COQUITLAM,49.24074395,-122.8508324,1054,POINT (-122.8508324 49.24074395)
1238,2022,1641542400000,Theft from Auto,605-621 Langside Avenue,COQUITLAM,49.26124819,-122.8856724,1055,POINT (-122.8856724 49.26124819)
1239,2022,1641542400000,Theft from Auto,101-195 Schoolhouse Street,COQUITLAM,49.23479161,-122.8525471,1056,POINT (-122.8525471 49.23479161)
1240,2022,1641542400000,Theft from Auto,960-999 Brunette Avenue,COQUITLAM,49.23759842,-122.8679121,1057,POINT (-122.8679121 49.23759842)
1241,2022,1641542400000,Break & Enter - Business,2086-2108 Colfax Avenue,COQUITLAM,49.24665563,-122.837443,1058,POINT (-122.837443 49.24665563)
1242,2022,1641542400000,Theft from Auto,2500-2666 Cape Horn Avenue,COQUITLAM,49.23878711,-122.8194502,1059,POINT (-122.8194502 49.23878711)
1243,2022,1641628800000,Theft from Auto,3000-3023 Anson Avenue,COQUITLAM,49.27789693,-122.7943116,1060,POINT (-122.7943116 49.27789693)
1244,2022,1641628800000,Break & Enter - Residence,2500-2524 Channel Court,COQUITLAM,49.27485674,-122.8229771,1061,POINT (-122.8229771 49.27485674)
1245,2022,1641628800000,Theft from Auto,704-736 Roderick Avenue,COQUITLAM,49.23739488,-122.8792595,1062,POINT (-122.8792595 49.23739488)
1246,2022,1641628800000,Theft from Auto,520-549 Ferris Street,COQUITLAM,49.2504454,-122.828725,1063,POINT (-122.828725 49.2504454)
1247,2022,1641628800000,Theft of Auto,2966-3019 Delahaye Drive,COQUITLAM,49.29327917,-122.7948588,1064,POINT (-122.7948588 49.29327917)
1248,2022,1641715200000,Theft from Auto,1030-1071 Ridgeway Avenue,COQUITLAM,49.24965875,-122.8637775,1065,POINT (-122.8637775 49.24965875)
1249,2022,1641715200000,Theft from Auto,1100-1183 Pacific Street,COQUITLAM,49.28227517,-122.7988511,1066,POINT (-122.7988511 49.28227517)
1250,2022,1641715200000,Theft from Auto,901-970 Stewart Avenue,COQUITLAM,49.243586,-122.8703928,1067,POINT (-122.8703928 49.243586)
1251,2022,1641715200000,Theft from Auto,1500-1533 Lemax Avenue,COQUITLAM,49.25265702,-122.8515163,1068,POINT (-122.8515163 49.25265702)
1252,2022,1641801600000,Theft from Auto,800-806 Stewart Avenue,COQUITLAM,49.24365521,-122.8764645,1069,POINT (-122.8764645 49.24365521)
1253,2022,1641801600000,Theft from Auto,1930-2000 Brigantine Drive,COQUITLAM,49.22434804,-122.8394066,1070,POINT (-122.8394066 49.22434804)
1254,2022,1641801600000,Theft from Auto,109-200 Blue Mountain Street,COQUITLAM,49.23603015,-122.8731336,1071,POINT (-122.8731336 49.23603015)
1255,2022,1641801600000,Theft from Auto,2900-2999 Silver Springs Boulevard,COQUITLAM,49.295606,-122.7904186,1072,POINT (-122.7904186 49.295606)
1256,2022,1641888000000,Theft from Auto,125-166 San Juan Place,COQUITLAM,49.23465551,-122.8270081,1073,POINT (-122.8270081 49.23465551)
1257,2022,1641888000000,Theft from Auto,565-589 Clarke Road,COQUITLAM,49.26262789,-122.8887353,1074,POINT (-122.8887353 49.26262789)
1258,2022,1641888000000,Theft from Auto,2383-2645 Austin Avenue,COQUITLAM,49.24908373,-122.8199478,1075,POINT (-122.8199478 49.24908373)
1259,2022,1641974400000,Break & Enter - Business,1-14 King Edward Street,COQUITLAM,49.22912756,-122.8615863,1076,POINT (-122.8615863 49.22912756)
1260,2022,1641974400000,Theft from Auto,412-436 Donald Street,COQUITLAM,49.24673923,-122.8819384,1077,POINT (-122.8819384 49.24673923)
1261,2022,1642060800000,Theft from Auto,571-616 Rochester Avenue,COQUITLAM,49.24545891,-122.8860991,1078,POINT (-122.8860991 49.24545891)
1262,2022,1642060800000,Theft from Auto,403-3965 North Road,COQUITLAM,49.24743607,-122.8927177,1079,POINT (-122.8927177 49.24743607)
1263,2022,1642060800000,Theft from Auto,430-443 Marmont Street,COQUITLAM,49.24756543,-122.8622092,1080,POINT (-122.8622092 49.24756543)
1264,2022,1642147200000,Theft from Auto,506-527 Poirier Street,COQUITLAM,49.24949189,-122.8466668,1081,POINT (-122.8466668 49.24949189)
1265,2022,1642147200000,Break & Enter - Business,800-831 Brunette Avenue,COQUITLAM,49.23587642,-122.8744394,1082,POINT (-122.8744394 49.23587642)
1266,2022,1642147200000,Break & Enter - Business,107-111 Woolridge Street,COQUITLAM,49.2353581,-122.8686814,1083,POINT (-122.8686814 49.2353581)
1267,2022,1642147200000,Break & Enter - Residence,515-524 Como Lake Avenue,COQUITLAM,49.26303662,-122.8910026,1084,POINT (-122.8910026 49.26303662)
1268,2022,1642233600000,Break & Enter - Residence,2950-2978 Glen Drive,COQUITLAM,49.28272705,-122.7974008,1085,POINT (-122.7974008 49.28272705)
1269,2022,1642233600000,Theft from Auto,17-48 Fawcett Road,COQUITLAM,49.2244996,-122.8341676,1086,POINT (-122.8341676 49.2244996)
1270,2022,1642233600000,Theft of Auto,1450-1950 Hartley Avenue,COQUITLAM,49.22661466,-122.8446521,1087,POINT (-122.8446521 49.22661466)
1271,2022,1642320000000,Break & Enter - Residence,1151-1189 Falcon Drive,COQUITLAM,49.28220212,-122.8191638,1088,POINT (-122.8191638 49.28220212)
1272,2022,1642320000000,Break & Enter - Business,340-377 Hickey Drive,COQUITLAM,49.24376777,-122.8229135,1089,POINT (-122.8229135 49.24376777)
1273,2022,1642320000000,Break & Enter - Business,506-514 Jefferson Avenue,COQUITLAM,49.26577538,-122.8915002,1090,POINT (-122.8915002 49.26577538)
1274,2022,1642406400000,Theft from Auto,1834-1899 Lemax Avenue,COQUITLAM,49.25253423,-122.8417118,1091,POINT (-122.8417118 49.25253423)
1275,2022,1642406400000,Theft from Auto,1273-1294 Steeple Drive,COQUITLAM,49.28806237,-122.8168251,1092,POINT (-122.8168251 49.28806237)
1276,2022,1642406400000,Theft of Auto,701-728 Blue Mountain Street,COQUITLAM,49.2607955,-122.8688554,1093,POINT (-122.8688554 49.2607955)
1277,2022,1642406400000,Theft from Auto,703-726 MacIntosh Street,COQUITLAM,49.26062826,-122.8660657,1094,POINT (-122.8660657 49.26062826)
1278,2022,1642406400000,Theft from Auto,2746-2751 Cultus Avenue,COQUITLAM,49.25098065,-122.8090671,1095,POINT (-122.8090671 49.25098065)
1279,2022,1642406400000,Theft from Auto,541-611 Smith Avenue,COQUITLAM,49.26027604,-122.8872784,1096,POINT (-122.8872784 49.26027604)
1280,2022,1642406400000,Theft from Auto,3135-3152 Gambier Avenue,COQUITLAM,49.28833764,-122.7808023,1097,POINT (-122.7808023 49.28833764)
1281,2022,1642492800000,Theft from Auto,208-307 Begin Street,COQUITLAM,49.23981626,-122.8597857,1098,POINT (-122.8597857 49.23981626)
1282,2022,1642492800000,Theft from Auto,801-829 Roderick Avenue,COQUITLAM,49.23783644,-122.8753643,1099,POINT (-122.8753643 49.23783644)
1283,2022,1642492800000,Theft from Auto,202-236 Lebleu Street,COQUITLAM,49.23846463,-122.8675335,1100,POINT (-122.8675335 49.23846463)
1284,2022,1642492800000,Break & Enter - Residence,3140-3173 Bute Crescent,COQUITLAM,49.28338657,-122.7823428,1101,POINT (-122.7823428 49.28338657)
1285,2022,1642579200000,Theft of Auto,629-647 Gardena Drive,COQUITLAM,49.26455307,-122.8890598,1102,POINT (-122.8890598 49.26455307)
1286,2022,1642665600000,Theft from Auto,222-241 Blue Mountain Street,COQUITLAM,49.23833614,-122.8730644,1103,POINT (-122.8730644 49.23833614)
1287,2022,1642665600000,Theft of Auto,1402-1407 Glenview Court,COQUITLAM,49.29838854,-122.7965158,1104,POINT (-122.7965158 49.29838854)
1288,2022,1642665600000,Theft from Auto,2719-2743 Hawser Avenue,COQUITLAM,49.27087236,-122.8115536,1105,POINT (-122.8115536 49.27087236)
1289,2022,1642665600000,Theft from Auto,550-585 Poirier Street,COQUITLAM,49.25261565,-122.8465551,1106,POINT (-122.8465551 49.25261565)
1290,2022,1642665600000,Break & Enter - Business,942-959 Robinson Street,COQUITLAM,49.26879198,-122.8803127,1107,POINT (-122.8803127 49.26879198)
1291,2022,1642665600000,Theft from Auto,316-333 Allison Street,COQUITLAM,49.2421843,-122.8796237,1108,POINT (-122.8796237 49.2421843)
1292,2022,1642665600000,Theft from Auto,2905-2930 Glen Drive,COQUITLAM,49.28273402,-122.8002266,1109,POINT (-122.8002266 49.28273402)
1293,2022,1642752000000,Theft from Auto,3090-3099 Lincoln Avenue,COQUITLAM,49.27857563,-122.7871726,1110,POINT (-122.7871726 49.27857563)
1294,2022,1642752000000,Theft from Auto,2583-2596 Harrier Drive,COQUITLAM,49.28187832,-122.8167573,1111,POINT (-122.8167573 49.28187832)
1295,2022,1642752000000,Theft from Auto,639-739 Regan Avenue,COQUITLAM,49.26206767,-122.8816601,1112,POINT (-122.8816601 49.26206767)
1296,2022,1642838400000,Break & Enter - Business,1171-1190 Esperanza Drive,COQUITLAM,49.28436241,-122.779221,1113,POINT (-122.779221 49.28436241)
1297,2022,1642838400000,Break & Enter - Business,2125-2144 Elkhorn Avenue,COQUITLAM,49.23857823,-122.8360586,1114,POINT (-122.8360586 49.23857823)
1298,2022,1642838400000,Theft from Auto,0-0 Holly Drive,COQUITLAM,49.25663476,-122.7998874,1115,POINT (-122.7998874 49.25663476)
1299,2022,1642924800000,Theft from Auto,630-663 Newport Street,COQUITLAM,49.25737105,-122.845156,1116,POINT (-122.845156 49.25737105)
1300,2022,1642924800000,Break & Enter - Business,1450-1580 Brigantine Drive,COQUITLAM,49.22528747,-122.8484626,1117,POINT (-122.8484626 49.22528747)
1607,2022,1649746800000,Break & Enter - Business,2700-2737 Daybreak Avenue,COQUITLAM,49.26828248,-122.8123984,1118,POINT (-122.8123984 49.26828248)
1608,2022,1649746800000,Theft from Auto,200-208 Finnigan Street,COQUITLAM,49.23631142,-122.8369054,1119,POINT (-122.8369054 49.23631142)
1802,2022,1654412400000,Break & Enter - Residence,1160-1180 Pinetree Way,COQUITLAM,49.28115265,-122.7932721,1120,POINT (-122.7932721 49.28115265)
1609,2022,1649746800000,Theft from Auto,1750-1900 Brigantine Drive,COQUITLAM,49.22471569,-122.8430907,1121,POINT (-122.8430907 49.22471569)
1610,2022,1649746800000,Theft of Auto,425-499 Lebleu Street,COQUITLAM,49.24840766,-122.8676586,1122,POINT (-122.8676586 49.24840766)
1411,2022,1645257600000,Theft from Auto,719-724 Poirier Street,COQUITLAM,49.26111619,-122.8464745,1123,POINT (-122.8464745 49.26111619)
1611,2022,1649833200000,Theft from Auto,2975-2979 Atlantic Avenue,COQUITLAM,49.28176464,-122.7965857,1124,POINT (-122.7965857 49.28176464)
1803,2022,1654412400000,Theft from Auto,290-299 Schoolhouse Street,COQUITLAM,49.24013726,-122.8524809,1125,POINT (-122.8524809 49.24013726)
1612,2022,1649833200000,Theft from Auto,3020-3045 Lincoln Avenue,COQUITLAM,49.2791131,-122.7919727,1126,POINT (-122.7919727 49.2791131)
1412,2022,1645344000000,Break & Enter - Business,412-436 Donald Street,COQUITLAM,49.24673923,-122.8819384,1127,POINT (-122.8819384 49.24673923)
1804,2022,1654412400000,Theft of Auto,3300-3308 Oxford Place,COQUITLAM,49.29495835,-122.7635146,1128,POINT (-122.7635146 49.29495835)
1613,2022,1649833200000,Theft from Auto,101-139 Finnigan Street,COQUITLAM,49.23344985,-122.8368307,1129,POINT (-122.8368307 49.23344985)
1413,2022,1645344000000,Theft from Auto,780-835 Rochester Avenue,COQUITLAM,49.24537491,-122.8756537,1130,POINT (-122.8756537 49.24537491)
1805,2022,1654412400000,Theft from Auto,1241-1252 Town Centre Boulevard,COQUITLAM,49.28694458,-122.7935674,1131,POINT (-122.7935674 49.28694458)
1614,2022,1649919600000,Theft of Auto,951-1021 Gilroy Crescent,COQUITLAM,49.26827763,-122.8925261,1132,POINT (-122.8925261 49.26827763)
1414,2022,1645344000000,Theft from Auto,2950-2978 Glen Drive,COQUITLAM,49.28272705,-122.7974008,1133,POINT (-122.7974008 49.28272705)
1806,2022,1654412400000,Theft from Auto,1035-1064 Howie Avenue,COQUITLAM,49.25056759,-122.8638816,1134,POINT (-122.8638816 49.25056759)
1615,2022,1649919600000,Break & Enter - Residence,2600-2627 Charter Hill Place,COQUITLAM,49.28894771,-122.8124067,1135,POINT (-122.8124067 49.28894771)
1415,2022,1645344000000,Theft from Auto,2975-2979 Atlantic Avenue,COQUITLAM,49.28176464,-122.7965857,1136,POINT (-122.7965857 49.28176464)
1807,2022,1654412400000,Theft from Auto,1382-1396 Oxford Street,COQUITLAM,49.29697642,-122.7648004,1137,POINT (-122.7648004 49.29697642)
1616,2022,1649919600000,Theft from Auto,1161-1189 Heath Crescent,COQUITLAM,49.28121588,-122.8099205,1138,POINT (-122.8099205 49.28121588)
1416,2022,1645430400000,Break & Enter - Business,1035-1064 Howie Avenue,COQUITLAM,49.25056759,-122.8638816,1139,POINT (-122.8638816 49.25056759)
1808,2022,1654498800000,Break & Enter - Business,500-518 Marmont Street,COQUITLAM,49.25018238,-122.8622037,1140,POINT (-122.8622037 49.25018238)
1617,2022,1649919600000,Break & Enter - Business,1034-1061 Walls Avenue,COQUITLAM,49.2444317,-122.8636951,1141,POINT (-122.8636951 49.2444317)
1417,2022,1645430400000,Theft of Auto,2110-2131 Venice Avenue,COQUITLAM,49.24816478,-122.8360895,1142,POINT (-122.8360895 49.24816478)
1809,2022,1654498800000,Theft from Auto,417-450 Westview Street,COQUITLAM,49.24757864,-122.8896705,1143,POINT (-122.8896705 49.24757864)
1618,2022,1649919600000,Break & Enter - Business,1333-1352 Lansdowne Drive,COQUITLAM,49.2903672,-122.8175624,1144,POINT (-122.8175624 49.2903672)
1418,2022,1645430400000,Theft from Auto,2000-2030 Turnberry Lane,COQUITLAM,49.3147135,-122.798398,1145,POINT (-122.798398 49.3147135)
1810,2022,1654498800000,Break & Enter - Business,403-3965 North Road,COQUITLAM,49.24743607,-122.8927177,1146,POINT (-122.8927177 49.24743607)
1619,2022,1649919600000,Break & Enter - Business,541-560 Chapman Avenue,COQUITLAM,49.26972343,-122.891635,1147,POINT (-122.891635 49.26972343)
1419,2022,1645430400000,Theft from Auto,2000-2030 Turnberry Lane,COQUITLAM,49.3147135,-122.798398,1148,POINT (-122.798398 49.3147135)
1811,2022,1654498800000,Theft from Auto,0-0 Holly Drive,COQUITLAM,49.25093961,-122.8028451,1149,POINT (-122.8028451 49.25093961)
1620,2022,1649919600000,Theft from Auto,1035-1064 Howie Avenue,COQUITLAM,49.25056759,-122.8638816,1150,POINT (-122.8638816 49.25056759)
1420,2022,1645430400000,Theft from Auto,2000-2030 Turnberry Lane,COQUITLAM,49.3147135,-122.798398,1151,POINT (-122.798398 49.3147135)
1812,2022,1654585200000,Theft from Auto,417-450 Westview Street,COQUITLAM,49.24757864,-122.8896705,1152,POINT (-122.8896705 49.24757864)
1621,2022,1650006000000,Theft from Auto,360-371 Blue Mountain Street,COQUITLAM,49.24387067,-122.8729,1153,POINT (-122.8729 49.24387067)
1421,2022,1645516800000,Theft of Auto,2534-2565 Barnet Highway,COQUITLAM,49.27783557,-122.8216909,1154,POINT (-122.8216909 49.27783557)
1813,2022,1654585200000,Theft from Auto,430-443 Marmont Street,COQUITLAM,49.24756543,-122.8622092,1155,POINT (-122.8622092 49.24756543)
1814,2022,1654585200000,Theft from Auto,576-599 Linton Street,COQUITLAM,49.25206053,-122.8410358,1156,POINT (-122.8410358 49.25206053)
1815,2022,1654671600000,Theft from Auto,1380-1390 Honeysuckle Lane,COQUITLAM,49.29564963,-122.821241,1157,POINT (-122.821241 49.29564963)
1816,2022,1654671600000,Break & Enter - Business,181-200 Golden Drive,COQUITLAM,49.23332927,-122.8183013,1158,POINT (-122.8183013 49.23332927)
1817,2022,1654671600000,Theft from Auto,222-231 Bernatchey Street,COQUITLAM,49.23737885,-122.8772539,1159,POINT (-122.8772539 49.23737885)
1818,2022,1654758000000,Theft from Auto,101-195 Schoolhouse Street,COQUITLAM,49.23479161,-122.8525471,1160,POINT (-122.8525471 49.23479161)
1819,2022,1654758000000,Break & Enter - Business,2733-2736 Atlin Place,COQUITLAM,49.24775859,-122.8143991,1161,POINT (-122.8143991 49.24775859)
1820,2022,1654758000000,Break & Enter - Residence,2552-2568 Verbena Place,COQUITLAM,49.29456572,-122.8170666,1162,POINT (-122.8170666 49.29456572)
1821,2022,1654758000000,Break & Enter - Residence,1150-1154 The High Street,COQUITLAM,49.28126785,-122.7960978,1163,POINT (-122.7960978 49.28126785)
1822,2022,1654758000000,Theft from Auto,1216-1235 Johnson Street,COQUITLAM,49.2863665,-122.8016236,1164,POINT (-122.8016236 49.2863665)
1823,2022,1654758000000,Theft from Auto,622-634 Smith Avenue,COQUITLAM,49.26022013,-122.8840036,1165,POINT (-122.8840036 49.26022013)
1824,2022,1654758000000,Theft from Auto,2962-2988 Robson Drive,COQUITLAM,49.30051131,-122.7928945,1166,POINT (-122.7928945 49.30051131)
1825,2022,1654844400000,Theft from Auto,511-529 Rochester Avenue,COQUITLAM,49.24549031,-122.8909464,1167,POINT (-122.8909464 49.24549031)
1826,2022,1654844400000,Break & Enter - Residence,1025-1099 Charland Avenue,COQUITLAM,49.24804534,-122.8636025,1168,POINT (-122.8636025 49.24804534)
1827,2022,1654844400000,Theft from Auto,1050-1065 Smallwood Avenue,COQUITLAM,49.26539691,-122.8624641,1169,POINT (-122.8624641 49.26539691)
1828,2022,1654844400000,Theft from Auto,2975-2999 Cliffrose Crescent,COQUITLAM,49.29971255,-122.7911015,1170,POINT (-122.7911015 49.29971255)
1829,2022,1654844400000,Break & Enter - Residence,451-499 Marmont Street,COQUITLAM,49.24934496,-122.8621996,1171,POINT (-122.8621996 49.24934496)
1830,2022,1654930800000,Theft from Auto,3070-3078 Tantalus Court,COQUITLAM,49.30026247,-122.7848667,1172,POINT (-122.7848667 49.30026247)
1831,2022,1654930800000,Theft from Auto,1500-1513 Stonecrop Court,COQUITLAM,49.29925249,-122.8067681,1173,POINT (-122.8067681 49.29925249)
1832,2022,1654930800000,Theft from Auto,1140-1155 Dufferin Street,COQUITLAM,49.28044393,-122.804018,1174,POINT (-122.804018 49.28044393)
1833,2022,1654930800000,Theft from Auto,2975-2979 Atlantic Avenue,COQUITLAM,49.28176464,-122.7965857,1175,POINT (-122.7965857 49.28176464)
1834,2022,1655017200000,Break & Enter - Residence,901-930 Tupper Avenue,COQUITLAM,49.23478412,-122.8709044,1176,POINT (-122.8709044 49.23478412)
1835,2022,1655103600000,Theft from Auto,500-510 Smith Avenue,COQUITLAM,49.26036999,-122.8926495,1177,POINT (-122.8926495 49.26036999)
1836,2022,1655103600000,Theft from Auto,11-25 King Edward Street,COQUITLAM,49.23244937,-122.8616158,1178,POINT (-122.8616158 49.23244937)
1837,2022,1655103600000,Theft from Auto,2784-2792 Mara Drive,COQUITLAM,49.25860792,-122.809616,1179,POINT (-122.809616 49.25860792)
1838,2022,1655103600000,Theft from Auto,630-663 Newport Street,COQUITLAM,49.25737105,-122.845156,1180,POINT (-122.845156 49.25737105)
1839,2022,1655103600000,Break & Enter - Business,525-568 Clarke Road,COQUITLAM,49.26102606,-122.8907694,1181,POINT (-122.8907694 49.26102606)
1840,2022,1655190000000,Theft from Auto,511-521 Smith Avenue,COQUITLAM,49.26035744,-122.8920303,1182,POINT (-122.8920303 49.26035744)
1841,2022,1655190000000,Theft from Auto,544-545 Sydney Avenue,COQUITLAM,49.24819319,-122.8890042,1183,POINT (-122.8890042 49.24819319)
1842,2022,1655190000000,Theft from Auto,1748-1888 Hampton Drive,COQUITLAM,49.31330717,-122.7832457,1184,POINT (-122.7832457 49.31330717)
1843,2022,1655190000000,Break & Enter - Business,1167-1188 Pipeline Road,COQUITLAM,49.28222606,-122.7864072,1185,POINT (-122.7864072 49.28222606)
1844,2022,1655276400000,Break & Enter - Residence,513-533 Brookmere Avenue,COQUITLAM,49.25121718,-122.8912668,1186,POINT (-122.8912668 49.25121718)
1845,2022,1655276400000,Theft from Auto,513-533 Brookmere Avenue,COQUITLAM,49.25121718,-122.8912668,1187,POINT (-122.8912668 49.25121718)
1846,2022,1655276400000,Break & Enter - Business,513-533 Brookmere Avenue,COQUITLAM,49.25121718,-122.8912668,1188,POINT (-122.8912668 49.25121718)
1847,2022,1655362800000,Theft from Auto,80-169 Golden Drive,COQUITLAM,49.23265631,-122.8234303,1189,POINT (-122.8234303 49.23265631)
1848,2022,1655362800000,Theft from Auto,809-825 Arthur Place,COQUITLAM,49.269092,-122.874943,1190,POINT (-122.874943 49.269092)
1849,2022,1655449200000,Theft from Auto,1300-1301 King Albert Avenue,COQUITLAM,49.25141537,-122.8573609,1191,POINT (-122.8573609 49.25141537)
1850,2022,1655449200000,Break & Enter - Business,659-670 Schoolhouse Street,COQUITLAM,49.25780142,-122.8521658,1192,POINT (-122.8521658 49.25780142)
1851,2022,1655449200000,Theft from Auto,1500-1698 Eden Avenue,COQUITLAM,49.25799081,-122.8491995,1193,POINT (-122.8491995 49.25799081)
1852,2022,1655449200000,Theft from Auto,1050-1135 Smith Avenue,COQUITLAM,49.25983658,-122.8617953,1194,POINT (-122.8617953 49.25983658)
1853,2022,1655449200000,Theft from Auto,1774-1777 Coleman Avenue,COQUITLAM,49.23089275,-122.8422493,1195,POINT (-122.8422493 49.23089275)
1854,2022,1655449200000,Theft from Auto,2802-2857 Glen Drive,COQUITLAM,49.28275673,-122.8069843,1196,POINT (-122.8069843 49.28275673)
1855,2022,1655535600000,Theft of Auto,801-827 Gatensbury Street,COQUITLAM,49.26422749,-122.8576121,1197,POINT (-122.8576121 49.26422749)
1856,2022,1655622000000,Theft of Auto,821-851 Baker Drive,COQUITLAM,49.26639229,-122.8255186,1198,POINT (-122.8255186 49.26639229)
1857,2022,1655622000000,Theft of Auto,3100-3150 Windsor Gate,COQUITLAM,49.27975817,-122.7850148,1199,POINT (-122.7850148 49.27975817)
1858,2022,1655622000000,Theft of Auto,2700-2713 Hawser Avenue,COQUITLAM,49.27086782,-122.8126853,1200,POINT (-122.8126853 49.27086782)
1859,2022,1655622000000,Theft of Auto,1750-1900 Brigantine Drive,COQUITLAM,49.22471569,-122.8430907,1201,POINT (-122.8430907 49.22471569)
1860,2022,1655622000000,Break & Enter - Business,680-687 Keneng Court,COQUITLAM,49.25892151,-122.8551625,1202,POINT (-122.8551625 49.25892151)
1861,2022,1655708400000,Break & Enter - Residence,600-619 Robinson Street,COQUITLAM,49.25417493,-122.8798953,1203,POINT (-122.8798953 49.25417493)
1862,2022,1655708400000,Theft of Auto,2900-2909 Meadowvista Place,COQUITLAM,49.29921726,-122.7999995,1204,POINT (-122.7999995 49.29921726)
1863,2022,1655708400000,Theft from Auto,701-715 Hailey Street,COQUITLAM,49.2603536,-122.8702608,1205,POINT (-122.8702608 49.2603536)
1864,2022,1655708400000,Break & Enter - Business,530-568 Rochester Avenue,COQUITLAM,49.2454771,-122.8885276,1206,POINT (-122.8885276 49.2454771)
1865,2022,1655708400000,Theft from Auto,651-678 Florence Street,COQUITLAM,49.25744735,-122.8814531,1207,POINT (-122.8814531 49.25744735)
1866,2022,1655708400000,Theft from Auto,1220-1400 Seguin Drive,COQUITLAM,49.23429332,-122.8560282,1208,POINT (-122.8560282 49.23429332)
1867,2022,1655708400000,Theft from Auto,1130-1159 Pipeline Road,COQUITLAM,49.28093937,-122.7870507,1209,POINT (-122.7870507 49.28093937)
1868,2022,1655794800000,Theft from Auto,11-25 King Edward Street,COQUITLAM,49.23244937,-122.8616158,1210,POINT (-122.8616158 49.23244937)
1869,2022,1655794800000,Theft from Auto,2920-2923 Atlantic Avenue,COQUITLAM,49.28177504,-122.7998728,1211,POINT (-122.7998728 49.28177504)
1870,2022,1655881200000,Theft from Auto,2000-2100 United Boulevard,COQUITLAM,49.2284693,-122.8370439,1212,POINT (-122.8370439 49.2284693)
1871,2022,1655881200000,Break & Enter - Residence,1134-1152 Windsor Mews,COQUITLAM,49.28009795,-122.786301,1213,POINT (-122.786301 49.28009795)
1872,2022,1655881200000,Theft from Auto,3340-3349 Palisade Place,COQUITLAM,49.29343562,-122.759325,1214,POINT (-122.759325 49.29343562)
1873,2022,1655881200000,Theft from Auto,700-731 Guiltner Street,COQUITLAM,49.26086522,-122.8785309,1215,POINT (-122.8785309 49.26086522)
1874,2022,1655881200000,Theft from Auto,960-1095 Lougheed Highway,COQUITLAM,49.23539794,-122.8658125,1216,POINT (-122.8658125 49.23539794)
1875,2022,1655881200000,Theft of Auto,1230-1249 Ravensdale Street,COQUITLAM,49.28792454,-122.7584454,1217,POINT (-122.7584454 49.28792454)
1876,2022,1655967600000,Theft from Auto,3165-3179 Plateau Boulevard,COQUITLAM,49.31166732,-122.7862138,1218,POINT (-122.7862138 49.31166732)
1877,2022,1655967600000,Theft from Auto,3380-3420 Wilkie Avenue,COQUITLAM,49.28663961,-122.7541709,1219,POINT (-122.7541709 49.28663961)
1878,2022,1655967600000,Break & Enter - Business,1300-1322 Marguerite Street,COQUITLAM,49.29390846,-122.7587477,1220,POINT (-122.7587477 49.29390846)
1879,2022,1656054000000,Theft from Auto,3389-3417 Roxton Avenue,COQUITLAM,49.28844333,-122.7541158,1221,POINT (-122.7541158 49.28844333)
1880,2022,1656054000000,Theft from Auto,3389-3417 Roxton Avenue,COQUITLAM,49.28844333,-122.7541158,1222,POINT (-122.7541158 49.28844333)
1881,2022,1656054000000,Theft from Auto,3430-3455 Roxton Avenue,COQUITLAM,49.28846292,-122.7490076,1223,POINT (-122.7490076 49.28846292)
1882,2022,1656054000000,Theft from Auto,2005-2090 Hillside Avenue,COQUITLAM,49.23293156,-122.8386862,1224,POINT (-122.8386862 49.23293156)
1883,2022,1656054000000,Break & Enter - Residence,3028-3043 Daybreak Avenue,COQUITLAM,49.26465612,-122.8038708,1225,POINT (-122.8038708 49.26465612)
1884,2022,1656054000000,Theft from Auto,2594-2598 Shuswap Avenue,COQUITLAM,49.23057775,-122.8199222,1226,POINT (-122.8199222 49.23057775)
1885,2022,1656054000000,Theft from Auto,3004-3056 Armada Street,COQUITLAM,49.26543132,-122.8110125,1227,POINT (-122.8110125 49.26543132)
1886,2022,1656054000000,Theft from Auto,481-493 Alouette Drive,COQUITLAM,49.25022565,-122.810152,1228,POINT (-122.810152 49.25022565)
1887,2022,1656054000000,Theft from Auto,620-629 Robinson Street,COQUITLAM,49.25514025,-122.8798993,1229,POINT (-122.8798993 49.25514025)
1888,2022,1656054000000,Theft from Auto,2950-2978 Glen Drive,COQUITLAM,49.28272705,-122.7974008,1230,POINT (-122.7974008 49.28272705)
1889,2022,1656054000000,Theft from Auto,514-580 Webster Avenue,COQUITLAM,49.25501807,-122.8898078,1231,POINT (-122.8898078 49.25501807)
1890,2022,1656054000000,Theft from Auto,787-799 Dalip Court,COQUITLAM,49.2639561,-122.8767413,1232,POINT (-122.8767413 49.2639561)
1891,2022,1656054000000,Theft from Auto,2304-2323 Vista Court,COQUITLAM,49.26422954,-122.8279424,1233,POINT (-122.8279424 49.26422954)
1892,2022,1656140400000,Theft from Auto,201-204 Cayer Street,COQUITLAM,49.23618932,-122.8467221,1234,POINT (-122.8467221 49.23618932)
1893,2022,1656140400000,Theft from Auto,880-3094 Westwood Street,COQUITLAM,49.26663847,-122.7907223,1235,POINT (-122.7907223 49.26663847)
1894,2022,1656140400000,Break & Enter - Residence,100-109 Myrnam Street,COQUITLAM,49.23600634,-122.8492068,1236,POINT (-122.8492068 49.23600634)
1895,2022,1656226800000,Theft from Auto,1280-1285 Sherman Street,COQUITLAM,49.29028714,-122.7977055,1237,POINT (-122.7977055 49.29028714)
1896,2022,1656226800000,Theft from Auto,101-195 Schoolhouse Street,COQUITLAM,49.23479161,-122.8525471,1238,POINT (-122.8525471 49.23479161)
1897,2022,1656313200000,Theft from Auto,2644-2647 Austin Avenue,COQUITLAM,49.24908663,-122.8173369,1239,POINT (-122.8173369 49.24908663)
1898,2022,1656313200000,Theft from Auto,747-798 Poirier Street,COQUITLAM,49.26296046,-122.8464907,1240,POINT (-122.8464907 49.26296046)
1899,2022,1656313200000,Break & Enter - Business,2400-2450 United Boulevard,COQUITLAM,49.22622543,-122.821793,1241,POINT (-122.821793 49.22622543)
1900,2022,1656313200000,Break & Enter - Residence,0-0 Highway Ramp,COQUITLAM,49.23522891,-122.8785371,1242,POINT (-122.8785371 49.23522891)
1622,2022,1650006000000,Theft from Auto,915-2319 North Road,COQUITLAM,49.26663158,-122.8932979,1243,POINT (-122.8932979 49.26663158)
1422,2022,1645516800000,Break & Enter - Residence,960-999 Irvine Street,COQUITLAM,49.26899569,-122.7947895,1244,POINT (-122.7947895 49.26899569)
1623,2022,1650006000000,Theft from Auto,1040-1053 King Albert Avenue,COQUITLAM,49.25145884,-122.8645249,1245,POINT (-122.8645249 49.25145884)
1423,2022,1645516800000,Theft from Auto,55-98 Fawcett Road,COQUITLAM,49.2276379,-122.8342218,1246,POINT (-122.8342218 49.2276379)
1624,2022,1650006000000,Theft from Auto,550-578 Emerson Street,COQUITLAM,49.26176206,-122.887076,1247,POINT (-122.887076 49.26176206)
1625,2022,1650006000000,Theft from Auto,288-299 Bognor Street,COQUITLAM,49.24318641,-122.8220558,1248,POINT (-122.8220558 49.24318641)
1424,2022,1645603200000,Theft from Auto,2000-2030 Turnberry Lane,COQUITLAM,49.3147135,-122.798398,1249,POINT (-122.798398 49.3147135)
1626,2022,1650006000000,Theft from Auto,214-221 Blue Mountain Street,COQUITLAM,49.23738462,-122.8731043,1250,POINT (-122.8731043 49.23738462)
1627,2022,1650006000000,Break & Enter - Business,213-228 Cayer Street,COQUITLAM,49.23714683,-122.8467146,1251,POINT (-122.8467146 49.23714683)
1628,2022,1650006000000,Break & Enter - Residence,1700-1759 Booth Avenue,COQUITLAM,49.23721218,-122.8455118,1252,POINT (-122.8455118 49.23721218)
1425,2022,1645603200000,Theft from Auto,2000-2030 Turnberry Lane,COQUITLAM,49.3147135,-122.798398,1253,POINT (-122.798398 49.3147135)
1629,2022,1650006000000,Theft from Auto,417-450 Westview Street,COQUITLAM,49.24757864,-122.8896705,1254,POINT (-122.8896705 49.24757864)
1630,2022,1650092400000,Break & Enter - Business,439-440 Blue Mountain Street,COQUITLAM,49.24760788,-122.8708078,1255,POINT (-122.8708078 49.24760788)
1426,2022,1645603200000,Theft from Auto,624-644 Shaw Avenue,COQUITLAM,49.24403017,-122.8842592,1256,POINT (-122.8842592 49.24403017)
1631,2022,1650178800000,Break & Enter - Business,2950-2978 Glen Drive,COQUITLAM,49.28272705,-122.7974008,1257,POINT (-122.7974008 49.28272705)
1427,2022,1645603200000,Theft of Auto,2000-2030 Turnberry Lane,COQUITLAM,49.3147135,-122.798398,1258,POINT (-122.798398 49.3147135)
1632,2022,1650178800000,Theft from Auto,380-388 Hickey Drive,COQUITLAM,49.24444327,-122.8241538,1259,POINT (-122.8241538 49.24444327)
1428,2022,1645603200000,Theft of Auto,2975-2979 Atlantic Avenue,COQUITLAM,49.28176464,-122.7965857,1260,POINT (-122.7965857 49.28176464)
1633,2022,1650178800000,Break & Enter - Business,227-245 Montgomery Street,COQUITLAM,49.23706761,-122.8396439,1261,POINT (-122.8396439 49.23706761)
1429,2022,1645603200000,Theft of Auto,216-220 Nelson Street,COQUITLAM,49.23957969,-122.8650771,1262,POINT (-122.8650771 49.23957969)
1634,2022,1650178800000,Theft of Auto,269-298 Burns Street,COQUITLAM,49.24030779,-122.8761778,1263,POINT (-122.8761778 49.24030779)
1430,2022,1645603200000,Break & Enter - Business,721-771 Delestre Avenue,COQUITLAM,49.24170849,-122.8783882,1264,POINT (-122.8783882 49.24170849)
1635,2022,1650265200000,Theft from Auto,515-524 Como Lake Avenue,COQUITLAM,49.26303662,-122.8910026,1265,POINT (-122.8910026 49.26303662)
1636,2022,1650265200000,Break & Enter - Business,924-946 Brunette Avenue,COQUITLAM,49.23704164,-122.8706009,1266,POINT (-122.8706009 49.23704164)
1431,2022,1645603200000,Theft of Auto,880-3094 Westwood Street,COQUITLAM,49.26663847,-122.7907223,1267,POINT (-122.7907223 49.26663847)
1637,2022,1650265200000,Break & Enter - Business,2950-2978 Glen Drive,COQUITLAM,49.28272705,-122.7974008,1268,POINT (-122.7974008 49.28272705)
1638,2022,1650265200000,Break & Enter - Business,2570-2750 Runnel Drive,COQUITLAM,49.2788356,-122.8133173,1269,POINT (-122.8133173 49.2788356)
1432,2022,1645689600000,Theft from Auto,0-0 Holly Drive,COQUITLAM,49.24709039,-122.8049514,1270,POINT (-122.8049514 49.24709039)
1639,2022,1650265200000,Theft from Auto,1037-1062 Rochester Avenue,COQUITLAM,49.24533149,-122.8635901,1271,POINT (-122.8635901 49.24533149)
1640,2022,1650265200000,Theft from Auto,787-799 Dalip Court,COQUITLAM,49.2639561,-122.8767413,1272,POINT (-122.8767413 49.2639561)
1433,2022,1645689600000,Theft from Auto,3456-3479 Darwin Avenue,COQUITLAM,49.28755507,-122.7462493,1273,POINT (-122.7462493 49.28755507)
1641,2022,1650265200000,Break & Enter - Residence,940-970 Charland Avenue,COQUITLAM,49.24807678,-122.8690879,1274,POINT (-122.8690879 49.24807678)
1434,2022,1645689600000,Break & Enter - Residence,1419-1439 Strawline Hill Street,COQUITLAM,49.29946424,-122.7373701,1275,POINT (-122.7373701 49.29946424)
1642,2022,1650351600000,Theft from Auto,300-306 Schoolhouse Street,COQUITLAM,49.24102385,-122.8524628,1276,POINT (-122.8524628 49.24102385)
1435,2022,1645689600000,Theft from Auto,3530-3559 Archworth Avenue,COQUITLAM,49.29996056,-122.7370449,1277,POINT (-122.7370449 49.29996056)
1643,2022,1650351600000,Break & Enter - Business,550-578 Emerson Street,COQUITLAM,49.26176206,-122.887076,1278,POINT (-122.887076 49.26176206)
1436,2022,1645776000000,Break & Enter - Residence,11-25 King Edward Street,COQUITLAM,49.23244937,-122.8616158,1279,POINT (-122.8616158 49.23244937)
1644,2022,1650351600000,Theft of Auto,810-846 Rondeau Street,COQUITLAM,49.26503697,-122.8514114,1280,POINT (-122.8514114 49.26503697)
1437,2022,1645776000000,Break & Enter - Residence,1002-1031 Stewart Avenue,COQUITLAM,49.24354629,-122.8663164,1281,POINT (-122.8663164 49.24354629)
1645,2022,1650351600000,Theft from Auto,2644-2647 Austin Avenue,COQUITLAM,49.24908663,-122.8173369,1282,POINT (-122.8173369 49.24908663)
1438,2022,1645776000000,Break & Enter - Residence,55-98 Fawcett Road,COQUITLAM,49.2276379,-122.8342218,1283,POINT (-122.8342218 49.2276379)
1646,2022,1650438000000,Break & Enter - Business,550-578 Emerson Street,COQUITLAM,49.26176206,-122.887076,1284,POINT (-122.887076 49.26176206)
1439,2022,1645776000000,Break & Enter - Business,2860-2885 Packard Avenue,COQUITLAM,49.27998352,-122.8029144,1285,POINT (-122.8029144 49.27998352)
1440,2022,1645862400000,Theft of Auto,2860-2885 Packard Avenue,COQUITLAM,49.27998352,-122.8029144,1286,POINT (-122.8029144 49.27998352)
1441,2022,1645862400000,Theft from Auto,55-98 Fawcett Road,COQUITLAM,49.2276379,-122.8342218,1287,POINT (-122.8342218 49.2276379)
1647,2022,1650438000000,Break & Enter - Residence,907-941 Quadling Avenue,COQUITLAM,49.24076959,-122.871674,1288,POINT (-122.871674 49.24076959)
1442,2022,1645862400000,Theft of Auto,416-427 Blue Mountain Street,COQUITLAM,49.2467276,-122.871858,1289,POINT (-122.871858 49.2467276)
1648,2022,1650438000000,Break & Enter - Business,617-699 Lougheed Highway,COQUITLAM,49.24067177,-122.8831377,1290,POINT (-122.8831377 49.24067177)
1443,2022,1645862400000,Break & Enter - Business,2960-2979 Burlington Drive,COQUITLAM,49.28428982,-122.7969926,1291,POINT (-122.7969926 49.28428982)
1649,2022,1650438000000,Theft from Auto,550-578 Emerson Street,COQUITLAM,49.26176206,-122.887076,1292,POINT (-122.887076 49.26176206)
1444,2022,1645862400000,Theft from Auto,903-971 Rochester Avenue,COQUITLAM,49.24534883,-122.8701616,1293,POINT (-122.8701616 49.24534883)
1650,2022,1650438000000,Break & Enter - Business,2802-2857 Glen Drive,COQUITLAM,49.28275673,-122.8069843,1294,POINT (-122.8069843 49.28275673)
1445,2022,1645862400000,Break & Enter - Business,1500-1571 Austin Avenue,COQUITLAM,49.24899829,-122.8512805,1295,POINT (-122.8512805 49.24899829)
1651,2022,1650524400000,Break & Enter - Residence,1740-1771 Shannon Court,COQUITLAM,49.26422579,-122.8442943,1296,POINT (-122.8442943 49.26422579)
1446,2022,1645862400000,Theft of Auto,2114-2130 Austin Avenue,COQUITLAM,49.2490561,-122.8362091,1297,POINT (-122.8362091 49.2490561)
1101,2021,1637740800000,Theft from Auto,1900-1939 Brunette Avenue,COQUITLAM,49.23222292,-122.8411944,1298,POINT (-122.8411944 49.23222292)
1652,2022,1650610800000,Theft from Auto,0-0 Highway Ramp,COQUITLAM,49.23050205,-122.8268016,1299,POINT (-122.8268016 49.23050205)
1447,2022,1645862400000,Theft from Auto,1220-1400 Seguin Drive,COQUITLAM,49.23429332,-122.8560282,1300,POINT (-122.8560282 49.23429332)
1653,2022,1650610800000,Break & Enter - Business,1450-1580 Brigantine Drive,COQUITLAM,49.22528747,-122.8484626,1301,POINT (-122.8484626 49.22528747)
1102,2021,1637827200000,Theft from Auto,1650-1686 Chickadee Place,COQUITLAM,49.30774359,-122.7815092,1302,POINT (-122.7815092 49.30774359)
1448,2022,1645948800000,Break & Enter - Business,948-999 Austin Avenue,COQUITLAM,49.24899898,-122.8684311,1303,POINT (-122.8684311 49.24899898)
1654,2022,1650610800000,Theft from Auto,950-980 Birchbrook Place,COQUITLAM,49.26760884,-122.793039,1304,POINT (-122.793039 49.26760884)
1103,2021,1637913600000,Break & Enter - Business,1300-1400 Lougheed Highway,COQUITLAM,49.23292493,-122.8541178,1305,POINT (-122.8541178 49.23292493)
1449,2022,1646035200000,Theft from Auto,1219-1229 Burke Mountain Street,COQUITLAM,49.28616718,-122.7449003,1306,POINT (-122.7449003 49.28616718)
1655,2022,1650610800000,Theft from Auto,1905-1975 Regan Avenue,COQUITLAM,49.26163705,-122.8396433,1307,POINT (-122.8396433 49.26163705)
1104,2021,1637913600000,Theft from Auto,417-450 Westview Street,COQUITLAM,49.24757864,-122.8896705,1308,POINT (-122.8896705 49.24757864)
1450,2022,1646035200000,Break & Enter - Business,100-120 Schoolhouse Street,COQUITLAM,49.23292046,-122.8526091,1309,POINT (-122.8526091 49.23292046)
1656,2022,1650610800000,Break & Enter - Business,810-846 Rondeau Street,COQUITLAM,49.26503697,-122.8514114,1310,POINT (-122.8514114 49.26503697)
1105,2021,1637913600000,Theft from Auto,336-355 Nelson Street,COQUITLAM,49.24494738,-122.8651406,1311,POINT (-122.8651406 49.24494738)
1451,2022,1646035200000,Theft from Auto,1930-1981 Kaptey Avenue,COQUITLAM,49.23401629,-122.8412932,1312,POINT (-122.8412932 49.23401629)
1657,2022,1650783600000,Theft from Auto,2562-2585 Crawley Avenue,COQUITLAM,49.24665401,-122.8193591,1313,POINT (-122.8193591 49.24665401)
1106,2021,1638000000000,Theft from Auto,2100-2190 Dawes Hill Road,COQUITLAM,49.23593387,-122.8354728,1314,POINT (-122.8354728 49.23593387)
1452,2022,1646121600000,Break & Enter - Business,65-77 Clipper Street,COQUITLAM,49.22843878,-122.8528211,1315,POINT (-122.8528211 49.22843878)
1658,2022,1650870000000,Theft from Auto,2300-2349 Rocket Way,COQUITLAM,49.23067098,-122.8259737,1316,POINT (-122.8259737 49.23067098)
1107,2021,1638000000000,Theft from Auto,3426-3448 Galloway Avenue,COQUITLAM,49.29488753,-122.7492522,1317,POINT (-122.7492522 49.29488753)
1453,2022,1646121600000,Break & Enter - Business,1450-1580 Brigantine Drive,COQUITLAM,49.22528747,-122.8484626,1318,POINT (-122.8484626 49.22528747)
1659,2022,1650870000000,Theft from Auto,715-739 Farrow Street,COQUITLAM,49.26159241,-122.8919587,1319,POINT (-122.8919587 49.26159241)
1108,2021,1638000000000,Theft from Auto,65-77 Clipper Street,COQUITLAM,49.22843878,-122.8528211,1320,POINT (-122.8528211 49.22843878)
1454,2022,1646121600000,Break & Enter - Business,3364-3389 Scotch Pine Avenue,COQUITLAM,49.30393901,-122.7569571,1321,POINT (-122.7569571 49.30393901)
1660,2022,1650870000000,Theft from Auto,1527-1557 Balmoral Avenue,COQUITLAM,49.26576932,-122.8510381,1322,POINT (-122.8510381 49.26576932)
1109,2021,1638000000000,Theft from Auto,924-946 Brunette Avenue,COQUITLAM,49.23704164,-122.8706009,1323,POINT (-122.8706009 49.23704164)
1455,2022,1646208000000,Break & Enter - Business,3150-3189 Tahsis Avenue,COQUITLAM,49.28229314,-122.7807035,1324,POINT (-122.7807035 49.28229314)
1456,2022,1646208000000,Theft from Auto,544-616 Austin Avenue,COQUITLAM,49.24907771,-122.8875397,1325,POINT (-122.8875397 49.24907771)
1457,2022,1646208000000,Theft from Auto,2412-2428 Mariana Place,COQUITLAM,49.23735336,-122.8235495,1326,POINT (-122.8235495 49.23735336)
1458,2022,1646208000000,Theft from Auto,1145-1178 Heffley Crescent,COQUITLAM,49.28087253,-122.7914853,1327,POINT (-122.7914853 49.28087253)
1459,2022,1646208000000,Theft from Auto,2707-2724 Mara Drive,COQUITLAM,49.25982001,-122.8144039,1328,POINT (-122.8144039 49.25982001)
1460,2022,1646208000000,Theft of Auto,2658-2664 Brewster Drive,COQUITLAM,49.29379716,-122.8035387,1329,POINT (-122.8035387 49.29379716)
1461,2022,1646294400000,Theft from Auto,2550-2574 Fuchsia Place,COQUITLAM,49.2936668,-122.8177086,1330,POINT (-122.8177086 49.2936668)
1462,2022,1646294400000,Theft from Auto,408-417 Donald Street,COQUITLAM,49.24584423,-122.8819168,1331,POINT (-122.8819168 49.24584423)
1463,2022,1646294400000,Theft from Auto,3105-3148 Silverthrone Drive,COQUITLAM,49.3016341,-122.7808314,1332,POINT (-122.7808314 49.3016341)
1464,2022,1646380800000,Theft from Auto,924-946 Brunette Avenue,COQUITLAM,49.23704164,-122.8706009,1333,POINT (-122.8706009 49.23704164)
1465,2022,1646380800000,Theft of Auto,564-588 Gatensbury Street,COQUITLAM,49.25326211,-122.8578966,1334,POINT (-122.8578966 49.25326211)
1466,2022,1646467200000,Theft of Auto,2400-2450 United Boulevard,COQUITLAM,49.22622543,-122.821793,1335,POINT (-122.821793 49.22622543)
1467,2022,1646467200000,Theft from Auto,1706-1751 Glendale Avenue,COQUITLAM,49.23974146,-122.845352,1336,POINT (-122.845352 49.23974146)
1468,2022,1646467200000,Theft from Auto,101-195 Schoolhouse Street,COQUITLAM,49.23479161,-122.8525471,1337,POINT (-122.8525471 49.23479161)
1469,2022,1646553600000,Break & Enter - Residence,2975-3060 Lazy A Street,COQUITLAM,49.26423756,-122.805979,1338,POINT (-122.805979 49.26423756)
1470,2022,1646553600000,Theft from Auto,2975-2979 Atlantic Avenue,COQUITLAM,49.28176464,-122.7965857,1339,POINT (-122.7965857 49.28176464)
1471,2022,1646640000000,Break & Enter - Business,657-659 Whiting Way,COQUITLAM,49.25712182,-122.8918807,1340,POINT (-122.8918807 49.25712182)
1472,2022,1646640000000,Theft of Auto,1330-1340 Olmsted Street,COQUITLAM,49.29363227,-122.7422514,1341,POINT (-122.7422514 49.29363227)
1473,2022,1646640000000,Theft from Auto,1637-1699 Rochester Avenue,COQUITLAM,49.2450322,-122.8469303,1342,POINT (-122.8469303 49.2450322)
1474,2022,1646640000000,Theft from Auto,544-616 Austin Avenue,COQUITLAM,49.24907771,-122.8875397,1343,POINT (-122.8875397 49.24907771)
1475,2022,1646640000000,Break & Enter - Business,1252-1289 Mitchell Street,COQUITLAM,49.28889818,-122.7407365,1344,POINT (-122.7407365 49.28889818)
1476,2022,1646726400000,Break & Enter - Residence,564-588 Gatensbury Street,COQUITLAM,49.25326211,-122.8578966,1345,POINT (-122.8578966 49.25326211)
1477,2022,1646812800000,Break & Enter - Business,777-803 Edgar Avenue,COQUITLAM,49.24259632,-122.8770866,1346,POINT (-122.8770866 49.24259632)
1478,2022,1646812800000,Theft from Auto,429-450 Nelson Street,COQUITLAM,49.24865024,-122.8655249,1347,POINT (-122.8655249 49.24865024)
1479,2022,1646812800000,Theft from Auto,710-728 Gatensbury Street,COQUITLAM,49.26112753,-122.8571896,1348,POINT (-122.8571896 49.26112753)
1480,2022,1646899200000,Theft from Auto,1150-1154 The High Street,COQUITLAM,49.28126785,-122.7960978,1349,POINT (-122.7960978 49.28126785)
1481,2022,1646899200000,Theft from Auto,544-616 Austin Avenue,COQUITLAM,49.24907771,-122.8875397,1350,POINT (-122.8875397 49.24907771)
1482,2022,1646899200000,Theft from Auto,602-644 Como Lake Avenue,COQUITLAM,49.26336467,-122.8849733,1351,POINT (-122.8849733 49.26336467)
1483,2022,1646899200000,Theft of Auto,1810-1850 Rideau Avenue,COQUITLAM,49.2591551,-122.842703,1352,POINT (-122.842703 49.2591551)
1484,2022,1646899200000,Theft from Auto,1900-1939 Brunette Avenue,COQUITLAM,49.23222292,-122.8411944,1353,POINT (-122.8411944 49.23222292)
1485,2022,1646899200000,Theft from Auto,1130-1150 Lansdowne Drive,COQUITLAM,49.27971501,-122.8083445,1354,POINT (-122.8083445 49.27971501)
1486,2022,1646899200000,Theft from Auto,2975-2979 Atlantic Avenue,COQUITLAM,49.28176464,-122.7965857,1355,POINT (-122.7965857 49.28176464)
1487,2022,1646899200000,Theft of Auto,2202-2207 Sorrento Drive,COQUITLAM,49.23879688,-122.8329113,1356,POINT (-122.8329113 49.23879688)
1488,2022,1646899200000,Break & Enter - Business,1450-1580 Brigantine Drive,COQUITLAM,49.22528747,-122.8484626,1357,POINT (-122.8484626 49.22528747)
1489,2022,1646985600000,Break & Enter - Residence,1150-1154 The High Street,COQUITLAM,49.28126785,-122.7960978,1358,POINT (-122.7960978 49.28126785)
1490,2022,1646985600000,Theft from Auto,2553-2567 Peregrine Place,COQUITLAM,49.28689042,-122.8183804,1359,POINT (-122.8183804 49.28689042)
1491,2022,1647072000000,Theft from Auto,132-168 Mundy Street,COQUITLAM,49.23418202,-122.8341179,1360,POINT (-122.8341179 49.23418202)
1492,2022,1647072000000,Theft from Auto,1547-1735 Eagle Mountain Drive,COQUITLAM,49.30903814,-122.8121436,1361,POINT (-122.8121436 49.30903814)
1493,2022,1647072000000,Break & Enter - Business,218-249 Mundy Street,COQUITLAM,49.23712108,-122.8341543,1362,POINT (-122.8341543 49.23712108)
1494,2022,1647158400000,Theft from Auto,542-545 Whiting Way,COQUITLAM,49.25101335,-122.8919683,1363,POINT (-122.8919683 49.25101335)
1495,2022,1647158400000,Break & Enter - Business,2620-2642 Marble Court,COQUITLAM,49.29905419,-122.816768,1364,POINT (-122.816768 49.29905419)
1496,2022,1647158400000,Break & Enter - Business,225-260 Finnigan Street,COQUITLAM,49.23801277,-122.8369301,1365,POINT (-122.8369301 49.23801277)
1001,2021,1635318000000,Theft of Auto,1-23 Leeder Street,COQUITLAM,49.22332005,-122.8298842,1366,POINT (-122.8298842 49.22332005)
1497,2022,1647158400000,Theft of Auto,1160-1180 Pinetree Way,COQUITLAM,49.28115265,-122.7932721,1367,POINT (-122.7932721 49.28115265)
1498,2022,1647158400000,Theft from Auto,3061-3081 Glen Drive,COQUITLAM,49.28266674,-122.7892135,1368,POINT (-122.7892135 49.28266674)
1499,2022,1647241200000,Theft from Auto,1200-1239 Hudson Street,COQUITLAM,49.28629966,-122.8027492,1369,POINT (-122.8027492 49.28629966)
1500,2022,1647241200000,Theft from Auto,510-520 Young Drive,COQUITLAM,49.24313375,-122.8903436,1370,POINT (-122.8903436 49.24313375)
1501,2022,1647241200000,Theft from Auto,2920-2923 Atlantic Avenue,COQUITLAM,49.28177504,-122.7998728,1371,POINT (-122.7998728 49.28177504)
1002,2021,1635318000000,Theft of Auto,201-204 Cayer Street,COQUITLAM,49.23618932,-122.8467221,1372,POINT (-122.8467221 49.23618932)
1502,2022,1647241200000,Theft from Auto,1150-1154 The High Street,COQUITLAM,49.28126785,-122.7960978,1373,POINT (-122.7960978 49.28126785)
1110,2021,1638086400000,Break & Enter - Residence,241-259 Thrift Street,COQUITLAM,49.23922078,-122.8768963,1374,POINT (-122.8768963 49.23922078)
1003,2021,1635318000000,Break & Enter - Business,1100-1183 Pacific Street,COQUITLAM,49.28227517,-122.7988511,1375,POINT (-122.7988511 49.28227517)
1111,2021,1638086400000,Theft from Auto,690-706 Danville Court,COQUITLAM,49.25937815,-122.843636,1376,POINT (-122.843636 49.25937815)
1661,2022,1650870000000,Theft from Auto,1174-1181 Inlet Street,COQUITLAM,49.28426745,-122.7831869,1377,POINT (-122.7831869 49.28426745)
1004,2021,1635318000000,Break & Enter - Business,201-204 Cayer Street,COQUITLAM,49.23618932,-122.8467221,1378,POINT (-122.8467221 49.23618932)
1503,2022,1647241200000,Theft from Auto,2230-2271 Monashee Court,COQUITLAM,49.2382169,-122.8281967,1379,POINT (-122.8281967 49.2382169)
1112,2021,1638086400000,Theft from Auto,2105-2178 Craigen Avenue,COQUITLAM,49.23666027,-122.8355414,1380,POINT (-122.8355414 49.23666027)
1005,2021,1635318000000,Theft of Auto,1113-1129 Hachey Avenue,COQUITLAM,49.24204333,-122.8604195,1381,POINT (-122.8604195 49.24204333)
1662,2022,1650956400000,Break & Enter - Residence,907-920 Gatensbury Street,COQUITLAM,49.26623818,-122.8575577,1382,POINT (-122.8575577 49.26623818)
1504,2022,1647327600000,Theft from Auto,1160-1198 Shelter Crescent,COQUITLAM,49.28415368,-122.7802223,1383,POINT (-122.7802223 49.28415368)
1113,2021,1638086400000,Theft from Auto,2986-2989 Spuraway Avenue,COQUITLAM,49.26227416,-122.8050708,1384,POINT (-122.8050708 49.26227416)
1006,2021,1635318000000,Break & Enter - Business,200-208 Nelson Street,COQUITLAM,49.23850454,-122.8650614,1385,POINT (-122.8650614 49.23850454)
1505,2022,1647327600000,Theft from Auto,203-221 Bernatchey Street,COQUITLAM,49.23602234,-122.8763171,1386,POINT (-122.8763171 49.23602234)
1663,2022,1650956400000,Theft from Auto,680-690 Blue Mountain Street,COQUITLAM,49.25851962,-122.8689058,1387,POINT (-122.8689058 49.25851962)
1114,2021,1638086400000,Theft from Auto,801-809 Baker Drive,COQUITLAM,49.26365487,-122.8247211,1388,POINT (-122.8247211 49.26365487)
1007,2021,1635404400000,Theft of Auto,901-930 Tupper Avenue,COQUITLAM,49.23478412,-122.8709044,1389,POINT (-122.8709044 49.23478412)
1506,2022,1647327600000,Break & Enter - Residence,2920-2923 Atlantic Avenue,COQUITLAM,49.28177504,-122.7998728,1390,POINT (-122.7998728 49.28177504)
1664,2022,1650956400000,Break & Enter - Residence,1009-1021 Spring Avenue,COQUITLAM,49.26923574,-122.8650963,1391,POINT (-122.8650963 49.26923574)
1115,2021,1638086400000,Theft of Auto,2000-2100 United Boulevard,COQUITLAM,49.2284693,-122.8370439,1392,POINT (-122.8370439 49.2284693)
1008,2021,1635404400000,Theft from Auto,401-429 Balfour Drive,COQUITLAM,49.24581464,-122.8231871,1393,POINT (-122.8231871 49.24581464)
1507,2022,1647327600000,Theft from Auto,901-930 Tupper Avenue,COQUITLAM,49.23478412,-122.8709044,1394,POINT (-122.8709044 49.23478412)
1665,2022,1650956400000,Theft from Auto,2342-2366 Ralston Court,COQUITLAM,49.2648743,-122.8256451,1395,POINT (-122.8256451 49.2648743)
1116,2021,1638172800000,Theft from Auto,995-1100 United Boulevard,COQUITLAM,49.22954601,-122.8693532,1396,POINT (-122.8693532 49.22954601)
1009,2021,1635404400000,Theft from Auto,1702-1792 Austin Avenue,COQUITLAM,49.24899735,-122.8453967,1397,POINT (-122.8453967 49.24899735)
1508,2022,1647327600000,Theft from Auto,555-578 Shaw Avenue,COQUITLAM,49.24411774,-122.8876945,1398,POINT (-122.8876945 49.24411774)
1666,2022,1650956400000,Theft from Auto,942-959 Robinson Street,COQUITLAM,49.26879198,-122.8803127,1399,POINT (-122.8803127 49.26879198)
1117,2021,1638172800000,Break & Enter - Residence,660-679 Whiting Way,COQUITLAM,49.25817352,-122.8918992,1400,POINT (-122.8918992 49.25817352)
1010,2021,1635490800000,Break & Enter - Business,672-692 Firdale Street,COQUITLAM,49.25819638,-122.8371734,1401,POINT (-122.8371734 49.25819638)
1509,2022,1647327600000,Theft from Auto,360-374 Richard Street,COQUITLAM,49.24420123,-122.8833366,1402,POINT (-122.8833366 49.24420123)
1667,2022,1650956400000,Theft from Auto,810-846 Rondeau Street,COQUITLAM,49.26503697,-122.8514114,1403,POINT (-122.8514114 49.26503697)
1118,2021,1638172800000,Theft from Auto,179-281 Warrick Street,COQUITLAM,49.23627167,-122.8289496,1404,POINT (-122.8289496 49.23627167)
1011,2021,1635490800000,Theft from Auto,695-739 Lea Avenue,COQUITLAM,49.26463627,-122.881358,1405,POINT (-122.881358 49.26463627)
1510,2022,1647327600000,Theft from Auto,1930-2000 Brigantine Drive,COQUITLAM,49.22434804,-122.8394066,1406,POINT (-122.8394066 49.22434804)
1668,2022,1650956400000,Theft from Auto,1013-1020 Hibbard Avenue,COQUITLAM,49.26431934,-122.8652887,1407,POINT (-122.8652887 49.26431934)
1119,2021,1638172800000,Theft from Auto,3000-3023 Anson Avenue,COQUITLAM,49.27789693,-122.7943116,1408,POINT (-122.7943116 49.27789693)
1012,2021,1635577200000,Theft of Auto,3001-3061 Gordon Avenue,COQUITLAM,49.27109933,-122.7927784,1409,POINT (-122.7927784 49.27109933)
1511,2022,1647414000000,Theft from Auto,417-450 Westview Street,COQUITLAM,49.24757864,-122.8896705,1410,POINT (-122.8896705 49.24757864)
1669,2022,1650956400000,Break & Enter - Residence,0-0 Highway Ramp,COQUITLAM,49.23050205,-122.8268016,1411,POINT (-122.8268016 49.23050205)
1120,2021,1638172800000,Theft from Auto,954-999 Cherrybrook Place,COQUITLAM,49.26740678,-122.7920257,1412,POINT (-122.7920257 49.26740678)
1512,2022,1647414000000,Theft of Auto,1517-1694 Regan Avenue,COQUITLAM,49.26159695,-122.8491152,1413,POINT (-122.8491152 49.26159695)
1670,2022,1650956400000,Theft from Auto,0-0 Highway Ramp,COQUITLAM,49.23050205,-122.8268016,1414,POINT (-122.8268016 49.23050205)
1013,2021,1635577200000,Theft of Auto,660-677 Porter Street,COQUITLAM,49.25754367,-122.8633454,1415,POINT (-122.8633454 49.25754367)
1513,2022,1647414000000,Theft from Auto,800-831 Brunette Avenue,COQUITLAM,49.23587642,-122.8744394,1416,POINT (-122.8744394 49.23587642)
1121,2021,1638172800000,Break & Enter - Business,321-4563 North Road,COQUITLAM,49.24471378,-122.8926127,1417,POINT (-122.8926127 49.24471378)
1671,2022,1650956400000,Break & Enter - Residence,1220-1400 Seguin Drive,COQUITLAM,49.23429332,-122.8560282,1418,POINT (-122.8560282 49.23429332)
1014,2021,1635577200000,Theft of Auto,403-3965 North Road,COQUITLAM,49.24743607,-122.8927177,1419,POINT (-122.8927177 49.24743607)
1514,2022,1647414000000,Theft from Auto,974-1009 Foster Avenue,COQUITLAM,49.25624155,-122.8667351,1420,POINT (-122.8667351 49.25624155)
1901,2022,1656313200000,Theft from Auto,1160-1180 Pinetree Way,COQUITLAM,49.28115265,-122.7932721,1421,POINT (-122.7932721 49.28115265)
1122,2021,1638259200000,Theft of Auto,88-98 Brigantine Drive,COQUITLAM,49.22792656,-122.8488185,1422,POINT (-122.8488185 49.22792656)
1672,2022,1651042800000,Theft of Auto,1030-1071 Ridgeway Avenue,COQUITLAM,49.24965875,-122.8637775,1423,POINT (-122.8637775 49.24965875)
1015,2021,1635663600000,Theft from Auto,500-536 Austin Avenue,COQUITLAM,49.24910651,-122.8907896,1424,POINT (-122.8907896 49.24910651)
1515,2022,1647500400000,Theft from Auto,901-976 Delestre Avenue,COQUITLAM,49.24171638,-122.8701854,1425,POINT (-122.8701854 49.24171638)
1902,2022,1656313200000,Theft from Auto,741-798 Adiron Avenue,COQUITLAM,49.26750959,-122.8770657,1426,POINT (-122.8770657 49.26750959)
1123,2021,1638259200000,Theft from Auto,2954-2990 Fleming Avenue,COQUITLAM,49.27150432,-122.7960705,1427,POINT (-122.7960705 49.27150432)
1673,2022,1651042800000,Theft from Auto,0-0 Holly Drive,COQUITLAM,49.25093961,-122.8028451,1428,POINT (-122.8028451 49.25093961)
1016,2021,1635663600000,Theft from Auto,1040-1053 King Albert Avenue,COQUITLAM,49.25145884,-122.8645249,1429,POINT (-122.8645249 49.25145884)
1516,2022,1647500400000,Theft from Auto,2860-2885 Packard Avenue,COQUITLAM,49.27998352,-122.8029144,1430,POINT (-122.8029144 49.27998352)
1903,2022,1656399600000,Break & Enter - Residence,2750-2881 Barnet Highway,COQUITLAM,49.2776863,-122.8052579,1431,POINT (-122.8052579 49.2776863)
1124,2021,1638259200000,Theft from Auto,2331-2383 Dawes Hill Road,COQUITLAM,49.23712028,-122.8288776,1432,POINT (-122.8288776 49.23712028)
1674,2022,1651042800000,Theft from Auto,380-408 Lebleu Street,COQUITLAM,49.24583225,-122.8676456,1433,POINT (-122.8676456 49.24583225)
1017,2021,1635750000000,Theft from Auto,150-199 Myrnam Street,COQUITLAM,49.23909524,-122.8492187,1434,POINT (-122.8492187 49.23909524)
1517,2022,1647500400000,Theft from Auto,803-887 Shaw Avenue,COQUITLAM,49.24421276,-122.8745986,1435,POINT (-122.8745986 49.24421276)
1904,2022,1656399600000,Theft from Auto,940-970 Charland Avenue,COQUITLAM,49.24807678,-122.8690879,1436,POINT (-122.8690879 49.24807678)
1125,2021,1638259200000,Break & Enter - Business,930-953 Adair Avenue,COQUITLAM,49.23676575,-122.8696578,1437,POINT (-122.8696578 49.23676575)
1675,2022,1651042800000,Theft from Auto,620-665 Harrison Avenue,COQUITLAM,49.26719875,-122.8851315,1438,POINT (-122.8851315 49.26719875)
1018,2021,1635750000000,Theft from Auto,3001-3061 Gordon Avenue,COQUITLAM,49.27109933,-122.7927784,1439,POINT (-122.7927784 49.27109933)
1518,2022,1647500400000,Theft from Auto,2950-2978 Glen Drive,COQUITLAM,49.28272705,-122.7974008,1440,POINT (-122.7974008 49.28272705)
1905,2022,1656399600000,Theft from Auto,3500-3501 Burke Village Promenade,COQUITLAM,49.29241616,-122.7440633,1441,POINT (-122.7440633 49.29241616)
1126,2021,1638259200000,Break & Enter - Business,610-621 Smith Avenue,COQUITLAM,49.26024357,-122.8854075,1442,POINT (-122.8854075 49.26024357)
1676,2022,1651042800000,Theft from Auto,2005-2090 Hillside Avenue,COQUITLAM,49.23293156,-122.8386862,1443,POINT (-122.8386862 49.23293156)
1019,2021,1635750000000,Theft of Auto,1105-1145 Inlet Street,COQUITLAM,49.28155607,-122.7842305,1444,POINT (-122.7842305 49.28155607)
1519,2022,1647500400000,Theft from Auto,960-1016 Howie Avenue,COQUITLAM,49.25060994,-122.8673844,1445,POINT (-122.8673844 49.25060994)
1906,2022,1656399600000,Break & Enter - Business,2940-2987 Wickham Drive,COQUITLAM,49.26450914,-122.8009079,1446,POINT (-122.8009079 49.26450914)
1127,2021,1638259200000,Theft from Auto,2750-2881 Barnet Highway,COQUITLAM,49.2776863,-122.8052579,1447,POINT (-122.8052579 49.2776863)
1677,2022,1651129200000,Theft from Auto,565-589 Clarke Road,COQUITLAM,49.26262789,-122.8887353,1448,POINT (-122.8887353 49.26262789)
1020,2021,1635750000000,Theft of Auto,652-668 Poirier Street,COQUITLAM,49.25756245,-122.8464448,1449,POINT (-122.8464448 49.25756245)
1520,2022,1647500400000,Theft from Auto,2920-2923 Atlantic Avenue,COQUITLAM,49.28177504,-122.7998728,1450,POINT (-122.7998728 49.28177504)
1907,2022,1656399600000,Theft of Auto,2701-2759 Beach Court,COQUITLAM,49.26489334,-122.8145963,1451,POINT (-122.8145963 49.26489334)
1128,2021,1638259200000,Theft from Auto,500-513 Cochrane Avenue,COQUITLAM,49.25201198,-122.8923837,1452,POINT (-122.8923837 49.25201198)
1678,2022,1651129200000,Theft from Auto,606-645 Nicola Avenue,COQUITLAM,49.26911752,-122.8852354,1453,POINT (-122.8852354 49.26911752)
1021,2021,1635750000000,Break & Enter - Business,901-930 Tupper Avenue,COQUITLAM,49.23478412,-122.8709044,1454,POINT (-122.8709044 49.23478412)
1301,2022,1642924800000,Theft of Auto,508-520 Blue Mountain Street,COQUITLAM,49.25015016,-122.8690945,1455,POINT (-122.8690945 49.25015016)
1521,2022,1647500400000,Theft of Auto,544-545 Sydney Avenue,COQUITLAM,49.24819319,-122.8890042,1456,POINT (-122.8890042 49.24819319)
1522,2022,1647500400000,Theft from Auto,222-231 Bernatchey Street,COQUITLAM,49.23737885,-122.8772539,1457,POINT (-122.8772539 49.23737885)
1523,2022,1647586800000,Theft from Auto,0-0 Highway Ramp,COQUITLAM,49.23050205,-122.8268016,1458,POINT (-122.8268016 49.23050205)
1524,2022,1647586800000,Theft from Auto,447-460 Westview Street,COQUITLAM,49.2485655,-122.8896559,1459,POINT (-122.8896559 49.2485655)
1525,2022,1647586800000,Theft from Auto,704-736 Roderick Avenue,COQUITLAM,49.23739488,-122.8792595,1460,POINT (-122.8792595 49.23739488)
1526,2022,1647586800000,Theft from Auto,401-419 Winona Street,COQUITLAM,49.24556884,-122.8475845,1461,POINT (-122.8475845 49.24556884)
1527,2022,1647586800000,Theft of Auto,2975-2979 Atlantic Avenue,COQUITLAM,49.28176464,-122.7965857,1462,POINT (-122.7965857 49.28176464)
1528,2022,1647673200000,Theft from Auto,2950-2978 Glen Drive,COQUITLAM,49.28272705,-122.7974008,1463,POINT (-122.7974008 49.28272705)
1529,2022,1647846000000,Theft from Auto,1401-1499 Parkway Boulevard,COQUITLAM,49.29656774,-122.8064403,1464,POINT (-122.8064403 49.29656774)
1530,2022,1647846000000,Theft from Auto,1151-1189 Falcon Drive,COQUITLAM,49.28220212,-122.8191638,1465,POINT (-122.8191638 49.28220212)
1531,2022,1647846000000,Theft from Auto,2920-2923 Atlantic Avenue,COQUITLAM,49.28177504,-122.7998728,1466,POINT (-122.7998728 49.28177504)
1532,2022,1647846000000,Break & Enter - Residence,1213-1218 Texada Street,COQUITLAM,49.28719535,-122.7818534,1467,POINT (-122.7818534 49.28719535)
1533,2022,1647846000000,Theft from Auto,132-168 Mundy Street,COQUITLAM,49.23418202,-122.8341179,1468,POINT (-122.8341179 49.23418202)
1534,2022,1647932400000,Theft from Auto,1140-1145 Falcon Drive,COQUITLAM,49.28051787,-122.8183777,1469,POINT (-122.8183777 49.28051787)
1535,2022,1648018800000,Theft from Auto,661-737 Clarke Road,COQUITLAM,49.26737316,-122.8827465,1470,POINT (-122.8827465 49.26737316)
1536,2022,1648018800000,Break & Enter - Business,0-0 Holly Drive,COQUITLAM,49.25093961,-122.8028451,1471,POINT (-122.8028451 49.25093961)
1537,2022,1648105200000,Theft from Auto,745-796 Westwood Street,COQUITLAM,49.26267422,-122.7949617,1472,POINT (-122.7949617 49.26267422)
1538,2022,1648105200000,Break & Enter - Business,1022-1071 Austin Avenue,COQUITLAM,49.24900281,-122.8639407,1473,POINT (-122.8639407 49.24900281)
1539,2022,1648105200000,Theft from Auto,1380-1390 Honeysuckle Lane,COQUITLAM,49.29564963,-122.821241,1474,POINT (-122.821241 49.29564963)
1540,2022,1648105200000,Theft from Auto,924-946 Brunette Avenue,COQUITLAM,49.23704164,-122.8706009,1475,POINT (-122.8706009 49.23704164)
1541,2022,1648191600000,Theft from Auto,1104-1125 Wallace Court,COQUITLAM,49.27282662,-122.8028724,1476,POINT (-122.8028724 49.27282662)
1542,2022,1648191600000,Theft from Auto,1044-1075 Spar Drive,COQUITLAM,49.27473419,-122.8175249,1477,POINT (-122.8175249 49.27473419)
1543,2022,1648191600000,Break & Enter - Business,1030-1061 Delestre Avenue,COQUITLAM,49.24172593,-122.8636396,1478,POINT (-122.8636396 49.24172593)
1544,2022,1648191600000,Break & Enter - Business,2300-2349 Rocket Way,COQUITLAM,49.23067098,-122.8259737,1479,POINT (-122.8259737 49.23067098)
1545,2022,1648278000000,Theft from Auto,1146-1188 Condor Crescent,COQUITLAM,49.28222573,-122.8179996,1480,POINT (-122.8179996 49.28222573)
1546,2022,1648278000000,Theft from Auto,85-96 Glacier Street,COQUITLAM,49.23195259,-122.8175706,1481,POINT (-122.8175706 49.23195259)
1547,2022,1648364400000,Theft from Auto,2020-2061 Quinton Avenue,COQUITLAM,49.26076712,-122.8374864,1482,POINT (-122.8374864 49.26076712)
1548,2022,1648364400000,Theft from Auto,80-169 Golden Drive,COQUITLAM,49.23265631,-122.8234303,1483,POINT (-122.8234303 49.23265631)
1549,2022,1648364400000,Theft of Auto,2975-2979 Atlantic Avenue,COQUITLAM,49.28176464,-122.7965857,1484,POINT (-122.7965857 49.28176464)
1550,2022,1648364400000,Theft from Auto,3380-3420 Wilkie Avenue,COQUITLAM,49.28663961,-122.7541709,1485,POINT (-122.7541709 49.28663961)
1551,2022,1648364400000,Break & Enter - Business,1706-1751 Glendale Avenue,COQUITLAM,49.23974146,-122.845352,1486,POINT (-122.845352 49.23974146)
1552,2022,1648364400000,Theft from Auto,654-668 Schoolhouse Street,COQUITLAM,49.25739917,-122.8521803,1487,POINT (-122.8521803 49.25739917)
1553,2022,1648450800000,Break & Enter - Business,907-920 Gatensbury Street,COQUITLAM,49.26623818,-122.8575577,1488,POINT (-122.8575577 49.26623818)
1554,2022,1648450800000,Break & Enter - Residence,601-3055 North Road,COQUITLAM,49.25429998,-122.8928879,1489,POINT (-122.8928879 49.25429998)
1555,2022,1648450800000,Break & Enter - Business,3490-3528 Sheffield Avenue,COQUITLAM,49.29794195,-122.7429881,1490,POINT (-122.7429881 49.29794195)
1556,2022,1648450800000,Theft from Auto,2954-2976 Pheasant Street,COQUITLAM,49.27333178,-122.7964967,1491,POINT (-122.7964967 49.27333178)
1557,2022,1648537200000,Theft from Auto,1103-1209 Howie Avenue,COQUITLAM,49.25053291,-122.8600807,1492,POINT (-122.8600807 49.25053291)
1558,2022,1648537200000,Theft from Auto,2000-2131 Hartley Avenue,COQUITLAM,49.22598236,-122.837319,1493,POINT (-122.837319 49.22598236)
1559,2022,1648537200000,Theft of Auto,1245-1259 Soball Street,COQUITLAM,49.28801794,-122.7503047,1494,POINT (-122.7503047 49.28801794)
1560,2022,1648537200000,Theft from Auto,3090-3099 Lincoln Avenue,COQUITLAM,49.27857563,-122.7871726,1495,POINT (-122.7871726 49.27857563)
1561,2022,1648623600000,Theft from Auto,601-3055 North Road,COQUITLAM,49.25429998,-122.8928879,1496,POINT (-122.8928879 49.25429998)
1562,2022,1648623600000,Theft from Auto,901-930 Tupper Avenue,COQUITLAM,49.23478412,-122.8709044,1497,POINT (-122.8709044 49.23478412)
1563,2022,1648623600000,Break & Enter - Business,1210-1214 Crest Court,COQUITLAM,49.26743742,-122.8587335,1498,POINT (-122.8587335 49.26743742)
1564,2022,1648710000000,Theft from Auto,2000-2131 Hartley Avenue,COQUITLAM,49.22598236,-122.837319,1499,POINT (-122.837319 49.22598236)
1565,2022,1648710000000,Theft from Auto,321-4563 North Road,COQUITLAM,49.24471378,-122.8926127,1500,POINT (-122.8926127 49.24471378)
1566,2022,1648710000000,Theft from Auto,214-221 Blue Mountain Street,COQUITLAM,49.23738462,-122.8731043,1501,POINT (-122.8731043 49.23738462)
1567,2022,1648710000000,Break & Enter - Residence,695-739 Lea Avenue,COQUITLAM,49.26463627,-122.881358,1502,POINT (-122.881358 49.26463627)
1568,2022,1648796400000,Break & Enter - Business,200-213 Laval Street,COQUITLAM,49.24027445,-122.8573554,1503,POINT (-122.8573554 49.24027445)
1569,2022,1648796400000,Theft from Auto,1000-1025 Austin Avenue,COQUITLAM,49.24900186,-122.8666666,1504,POINT (-122.8666666 49.24900186)
1570,2022,1648796400000,Break & Enter - Residence,550-578 Emerson Street,COQUITLAM,49.26176206,-122.887076,1505,POINT (-122.887076 49.26176206)
1571,2022,1648796400000,Theft from Auto,2950-2978 Glen Drive,COQUITLAM,49.28272705,-122.7974008,1506,POINT (-122.7974008 49.28272705)
1572,2022,1648882800000,Theft from Auto,100-120 Schoolhouse Street,COQUITLAM,49.23292046,-122.8526091,1507,POINT (-122.8526091 49.23292046)
1573,2022,1648969200000,Break & Enter - Business,2920-2923 Atlantic Avenue,COQUITLAM,49.28177504,-122.7998728,1508,POINT (-122.7998728 49.28177504)
1574,2022,1648969200000,Theft from Auto,901-976 Delestre Avenue,COQUITLAM,49.24171638,-122.8701854,1509,POINT (-122.8701854 49.24171638)
1575,2022,1649055600000,Theft of Auto,2986-3019 Guildford Way,COQUITLAM,49.28492167,-122.7933942,1510,POINT (-122.7933942 49.28492167)
1576,2022,1649055600000,Theft from Auto,100-120 Schoolhouse Street,COQUITLAM,49.23292046,-122.8526091,1511,POINT (-122.8526091 49.23292046)
1577,2022,1649055600000,Break & Enter - Business,1180-1198 Lansdowne Drive,COQUITLAM,49.28356536,-122.8091939,1512,POINT (-122.8091939 49.28356536)
1578,2022,1649055600000,Theft from Auto,360-371 Blue Mountain Street,COQUITLAM,49.24387067,-122.8729,1513,POINT (-122.8729 49.24387067)
1579,2022,1649055600000,Theft from Auto,65-77 Clipper Street,COQUITLAM,49.22843878,-122.8528211,1514,POINT (-122.8528211 49.22843878)
1580,2022,1649055600000,Theft from Auto,1210-1265 Falcon Drive,COQUITLAM,49.28572126,-122.8184076,1515,POINT (-122.8184076 49.28572126)
1581,2022,1649142000000,Theft from Auto,804-810 MacIntosh Street,COQUITLAM,49.26388442,-122.8659975,1516,POINT (-122.8659975 49.26388442)
1582,2022,1649142000000,Theft from Auto,568-598 Clearwater Way,COQUITLAM,49.25906529,-122.8109248,1517,POINT (-122.8109248 49.25906529)
1583,2022,1649142000000,Theft from Auto,542-545 Whiting Way,COQUITLAM,49.25101335,-122.8919683,1518,POINT (-122.8919683 49.25101335)
1584,2022,1649228400000,Break & Enter - Business,300-319 Casey Street,COQUITLAM,49.24164572,-122.8548629,1519,POINT (-122.8548629 49.24164572)
1585,2022,1649228400000,Break & Enter - Residence,944-946 Smith Avenue,COQUITLAM,49.25992757,-122.869487,1520,POINT (-122.869487 49.25992757)
1586,2022,1649228400000,Theft from Auto,80-169 Golden Drive,COQUITLAM,49.23265631,-122.8234303,1521,POINT (-122.8234303 49.23265631)
1587,2022,1649228400000,Theft from Auto,2200-2228 King Albert Avenue,COQUITLAM,49.25091753,-122.8334897,1522,POINT (-122.8334897 49.25091753)
1588,2022,1649228400000,Theft of Auto,0-0 Highway Ramp,COQUITLAM,49.23522891,-122.8785371,1523,POINT (-122.8785371 49.23522891)
1589,2022,1649314800000,Theft from Auto,2100-2190 Dawes Hill Road,COQUITLAM,49.23593387,-122.8354728,1524,POINT (-122.8354728 49.23593387)
1590,2022,1649401200000,Theft from Auto,2000-2131 Hartley Avenue,COQUITLAM,49.22598236,-122.837319,1525,POINT (-122.837319 49.22598236)
1591,2022,1649401200000,Theft from Auto,501-512 Hickey Street,COQUITLAM,49.24948753,-122.8244319,1526,POINT (-122.8244319 49.24948753)
1592,2022,1649487600000,Theft of Auto,1570-1663 Charland Avenue,COQUITLAM,49.24821837,-122.8478275,1527,POINT (-122.8478275 49.24821837)
1593,2022,1649487600000,Break & Enter - Business,3520-3529 Forst Avenue,COQUITLAM,49.28734632,-122.7386416,1528,POINT (-122.7386416 49.28734632)
1594,2022,1649574000000,Break & Enter - Residence,1500-1579 Pinetree Way,COQUITLAM,49.30235774,-122.7845817,1529,POINT (-122.7845817 49.30235774)
1595,2022,1649574000000,Break & Enter - Residence,3000-3023 Anson Avenue,COQUITLAM,49.27789693,-122.7943116,1530,POINT (-122.7943116 49.27789693)
1596,2022,1649574000000,Theft from Auto,1103-1209 Howie Avenue,COQUITLAM,49.25053291,-122.8600807,1531,POINT (-122.8600807 49.25053291)
1597,2022,1649660400000,Theft of Auto,75-100 Blue Mountain Street,COQUITLAM,49.23459614,-122.8730972,1532,POINT (-122.8730972 49.23459614)
1598,2022,1649660400000,Theft from Auto,55-98 Fawcett Road,COQUITLAM,49.2276379,-122.8342218,1533,POINT (-122.8342218 49.2276379)
1599,2022,1649660400000,Theft from Auto,900-924 Dansey Avenue,COQUITLAM,49.24717828,-122.872162,1534,POINT (-122.872162 49.24717828)
1600,2022,1649660400000,Theft from Auto,2954-2976 Pheasant Street,COQUITLAM,49.27333178,-122.7964967,1535,POINT (-122.7964967 49.27333178)
1129,2021,1638345600000,Theft of Auto,85-96 Glacier Street,COQUITLAM,49.23195259,-122.8175706,1536,POINT (-122.8175706 49.23195259)
1302,2022,1643011200000,Theft from Auto,770-798 Chilko Drive,COQUITLAM,49.26239643,-122.7994392,1537,POINT (-122.7994392 49.26239643)
1679,2022,1651215600000,Theft from Auto,1045-1213 Grover Avenue,COQUITLAM,49.2625994,-122.8611481,1538,POINT (-122.8611481 49.2625994)
1908,2022,1656399600000,Theft from Auto,275-343 Leroy Street,COQUITLAM,49.23955121,-122.835593,1539,POINT (-122.835593 49.23955121)
1022,2021,1635836400000,Theft from Auto,901-930 Tupper Avenue,COQUITLAM,49.23478412,-122.8709044,1540,POINT (-122.8709044 49.23478412)
1680,2022,1651215600000,Theft from Auto,1527-1557 Balmoral Avenue,COQUITLAM,49.26576932,-122.8510381,1541,POINT (-122.8510381 49.26576932)
1303,2022,1643011200000,Theft from Auto,701-715 Alderson Avenue,COQUITLAM,49.23976214,-122.8806953,1542,POINT (-122.8806953 49.23976214)
1130,2021,1638345600000,Break & Enter - Residence,974-1009 Foster Avenue,COQUITLAM,49.25624155,-122.8667351,1543,POINT (-122.8667351 49.25624155)
1701,2022,1651734000000,Theft from Auto,1656-1699 Harbour Drive,COQUITLAM,49.2664598,-122.8471146,1544,POINT (-122.8471146 49.2664598)
1909,2022,1656486000000,Break & Enter - Business,542-545 Whiting Way,COQUITLAM,49.25101335,-122.8919683,1545,POINT (-122.8919683 49.25101335)
1702,2022,1651734000000,Theft from Auto,624-644 Shaw Avenue,COQUITLAM,49.24403017,-122.8842592,1546,POINT (-122.8842592 49.24403017)
1131,2021,1638345600000,Break & Enter - Business,3280-3295 Fortune Lane,COQUITLAM,49.28752598,-122.7612945,1547,POINT (-122.7612945 49.28752598)
1023,2021,1635836400000,Theft from Auto,1006-3288 Westwood Street,COQUITLAM,49.27087168,-122.7906023,1548,POINT (-122.7906023 49.27087168)
1681,2022,1651215600000,Theft from Auto,2800-2885 Barnet Highway,COQUITLAM,49.27737465,-122.8024254,1549,POINT (-122.8024254 49.27737465)
1703,2022,1651734000000,Theft from Auto,2975-2995 Princess Crescent,COQUITLAM,49.28606976,-122.796453,1550,POINT (-122.796453 49.28606976)
1910,2022,1656486000000,Theft of Auto,2500-2519 Platinum Lane,COQUITLAM,49.30739628,-122.8216723,1551,POINT (-122.8216723 49.30739628)
1132,2021,1638345600000,Theft from Auto,681-699 Robinson Street,COQUITLAM,49.25917162,-122.8798588,1552,POINT (-122.8798588 49.25917162)
1304,2022,1643011200000,Theft from Auto,2750-2881 Barnet Highway,COQUITLAM,49.2776863,-122.8052579,1553,POINT (-122.8052579 49.2776863)
1133,2021,1638345600000,Theft from Auto,527-528 Como Lake Avenue,COQUITLAM,49.26308069,-122.8901637,1554,POINT (-122.8901637 49.26308069)
1024,2021,1635836400000,Break & Enter - Business,300-325 Decaire Street,COQUITLAM,49.2417513,-122.8505463,1555,POINT (-122.8505463 49.2417513)
1682,2022,1651215600000,Theft of Auto,646-680 Thompson Avenue,COQUITLAM,49.26843807,-122.8821196,1556,POINT (-122.8821196 49.26843807)
1704,2022,1651820400000,Theft from Auto,435-480 Decaire Street,COQUITLAM,49.24763437,-122.8500833,1557,POINT (-122.8500833 49.24763437)
1305,2022,1643011200000,Break & Enter - Business,2400-2450 United Boulevard,COQUITLAM,49.22622543,-122.821793,1558,POINT (-122.821793 49.22622543)
1911,2022,1656486000000,Theft from Auto,952-1026 Ridgeway Avenue,COQUITLAM,49.2497021,-122.8673709,1559,POINT (-122.8673709 49.2497021)
1134,2021,1638432000000,Theft from Auto,2500-2591 Panorama Drive,COQUITLAM,49.30076688,-122.8213531,1560,POINT (-122.8213531 49.30076688)
1025,2021,1635836400000,Theft from Auto,340-359 Blue Mountain Street,COQUITLAM,49.24313819,-122.8729312,1561,POINT (-122.8729312 49.24313819)
1683,2022,1651302000000,Break & Enter - Residence,11-25 King Edward Street,COQUITLAM,49.23244937,-122.8616158,1562,POINT (-122.8616158 49.23244937)
1705,2022,1651820400000,Theft from Auto,290-299 Schoolhouse Street,COQUITLAM,49.24013726,-122.8524809,1563,POINT (-122.8524809 49.24013726)
1306,2022,1643011200000,Theft of Auto,3100-3150 Lincoln Avenue,COQUITLAM,49.27852126,-122.784641,1564,POINT (-122.784641 49.27852126)
1912,2022,1656572400000,Break & Enter - Business,403-3965 North Road,COQUITLAM,49.24743607,-122.8927177,1565,POINT (-122.8927177 49.24743607)
1684,2022,1651302000000,Break & Enter - Business,701-728 Blue Mountain Street,COQUITLAM,49.2607955,-122.8688554,1566,POINT (-122.8688554 49.2607955)
1135,2021,1638432000000,Theft from Auto,3150-3189 Tahsis Avenue,COQUITLAM,49.28229314,-122.7807035,1567,POINT (-122.7807035 49.28229314)
1706,2022,1651906800000,Break & Enter - Business,922-936 Crestwood Drive,COQUITLAM,49.26717291,-122.8526822,1568,POINT (-122.8526822 49.26717291)
1026,2021,1635922800000,Theft from Auto,501-525 Delestre Avenue,COQUITLAM,49.24224836,-122.8917783,1569,POINT (-122.8917783 49.24224836)
1307,2022,1643097600000,Break & Enter - Business,2950-2978 Glen Drive,COQUITLAM,49.28272705,-122.7974008,1570,POINT (-122.7974008 49.28272705)
1913,2022,1656572400000,Theft from Auto,2208-2269 Sorrento Drive,COQUITLAM,49.23804466,-122.8311643,1571,POINT (-122.8311643 49.23804466)
1707,2022,1651906800000,Break & Enter - Residence,2960-2979 Burlington Drive,COQUITLAM,49.28428982,-122.7969926,1572,POINT (-122.7969926 49.28428982)
1136,2021,1638432000000,Theft from Auto,401-415 Westview Street,COQUITLAM,49.2464532,-122.8899054,1573,POINT (-122.8899054 49.2464532)
1027,2021,1635922800000,Theft from Auto,1450-1950 Hartley Avenue,COQUITLAM,49.22661466,-122.8446521,1574,POINT (-122.8446521 49.22661466)
1685,2022,1651388400000,Theft from Auto,1022-1071 Austin Avenue,COQUITLAM,49.24900281,-122.8639407,1575,POINT (-122.8639407 49.24900281)
1914,2022,1656572400000,Break & Enter - Residence,500-510 Young Drive,COQUITLAM,49.24311916,-122.8918878,1576,POINT (-122.8918878 49.24311916)
1308,2022,1643097600000,Theft from Auto,1140-1145 Falcon Drive,COQUITLAM,49.28051787,-122.8183777,1577,POINT (-122.8183777 49.28051787)
1708,2022,1651906800000,Theft of Auto,50-66 Clipper Street,COQUITLAM,49.22702515,-122.8531512,1578,POINT (-122.8531512 49.22702515)
1137,2021,1638518400000,Break & Enter - Business,322-342 Mundy Street,COQUITLAM,49.24090508,-122.8342207,1579,POINT (-122.8342207 49.24090508)
1028,2021,1635922800000,Theft from Auto,2600-2630 Crawley Avenue,COQUITLAM,49.24717054,-122.817274,1580,POINT (-122.817274 49.24717054)
1686,2022,1651388400000,Theft from Auto,451-499 Marmont Street,COQUITLAM,49.24934496,-122.8621996,1581,POINT (-122.8621996 49.24934496)
1915,2022,1656658800000,Theft from Auto,1329-1356 Gabriola Drive,COQUITLAM,49.29338462,-122.7751353,1582,POINT (-122.7751353 49.29338462)
1309,2022,1643097600000,Theft from Auto,241-259 Thrift Street,COQUITLAM,49.23922078,-122.8768963,1583,POINT (-122.8768963 49.23922078)
1709,2022,1651993200000,Break & Enter - Residence,821-844 Fairfax Street,COQUITLAM,49.26474164,-122.8548316,1584,POINT (-122.8548316 49.26474164)
1138,2021,1638604800000,Theft of Auto,2551-2588 Harrier Drive,COQUITLAM,49.28090473,-122.8170907,1585,POINT (-122.8170907 49.28090473)
1029,2021,1635922800000,Theft from Auto,2974-2987 Dewdney Trunk Road,COQUITLAM,49.26808361,-122.7956176,1586,POINT (-122.7956176 49.26808361)
1687,2022,1651388400000,Theft from Auto,359-362 Laval Street,COQUITLAM,49.24476332,-122.857307,1587,POINT (-122.857307 49.24476332)
1916,2022,1656658800000,Theft of Auto,565-589 Clarke Road,COQUITLAM,49.26262789,-122.8887353,1588,POINT (-122.8887353 49.26262789)
1310,2022,1643097600000,Break & Enter - Residence,975-1020 King Albert Avenue,COQUITLAM,49.25148681,-122.8673862,1589,POINT (-122.8673862 49.25148681)
1710,2022,1651993200000,Break & Enter - Business,907-920 Gatensbury Street,COQUITLAM,49.26623818,-122.8575577,1590,POINT (-122.8575577 49.26623818)
1139,2021,1638604800000,Theft of Auto,1600-2006 Parkway Boulevard,COQUITLAM,49.30741296,-122.8040034,1591,POINT (-122.8040034 49.30741296)
1030,2021,1635922800000,Theft from Auto,700-715 Delestre Avenue,COQUITLAM,49.24171699,-122.880413,1592,POINT (-122.880413 49.24171699)
1688,2022,1651388400000,Theft from Auto,1500-1549 Winslow Avenue,COQUITLAM,49.25388133,-122.8514858,1593,POINT (-122.8514858 49.25388133)
1917,2022,1656658800000,Break & Enter - Business,1022-1071 Austin Avenue,COQUITLAM,49.24900281,-122.8639407,1594,POINT (-122.8639407 49.24900281)
1311,2022,1643097600000,Break & Enter - Business,1000-1079 Ponderosa Street,COQUITLAM,49.27519137,-122.7932969,1595,POINT (-122.7932969 49.27519137)
1711,2022,1651993200000,Theft of Auto,907-920 Gatensbury Street,COQUITLAM,49.26623818,-122.8575577,1596,POINT (-122.8575577 49.26623818)
1140,2021,1638604800000,Theft from Auto,525-568 Clarke Road,COQUITLAM,49.26102606,-122.8907694,1597,POINT (-122.8907694 49.26102606)
1031,2021,1636009200000,Break & Enter - Business,1563-1640 Rochester Avenue,COQUITLAM,49.2450435,-122.8488762,1598,POINT (-122.8488762 49.2450435)
1689,2022,1651474800000,Break & Enter - Residence,3090-3099 Lincoln Avenue,COQUITLAM,49.27857563,-122.7871726,1599,POINT (-122.7871726 49.27857563)
1918,2022,1656745200000,Theft from Auto,514-580 Webster Avenue,COQUITLAM,49.25501807,-122.8898078,1600,POINT (-122.8898078 49.25501807)
1312,2022,1643184000000,Break & Enter - Business,620-644 Poirier Street,COQUITLAM,49.25497655,-122.8464704,1601,POINT (-122.8464704 49.25497655)
1712,2022,1651993200000,Theft from Auto,1316-1353 Harbour Drive,COQUITLAM,49.26805723,-122.8558443,1602,POINT (-122.8558443 49.26805723)
1141,2021,1638604800000,Theft from Auto,0-3000 Lougheed Highway,COQUITLAM,49.27521401,-122.7945543,1603,POINT (-122.7945543 49.27521401)
1032,2021,1636009200000,Theft from Auto,2971-2991 Reece Avenue,COQUITLAM,49.26990939,-122.7954179,1604,POINT (-122.7954179 49.26990939)
1690,2022,1651561200000,Theft from Auto,806-840 Seymour Drive,COQUITLAM,49.26388206,-122.8295915,1605,POINT (-122.8295915 49.26388206)
1919,2022,1656745200000,Theft of Auto,1185-1213 Pacific Street,COQUITLAM,49.28357693,-122.7985337,1606,POINT (-122.7985337 49.28357693)
1033,2021,1636009200000,Theft from Auto,2975-3009 Glen Drive,COQUITLAM,49.28268513,-122.7944408,1607,POINT (-122.7944408 49.28268513)
1313,2022,1643184000000,Theft from Auto,241-259 Thrift Street,COQUITLAM,49.23922078,-122.8768963,1608,POINT (-122.8768963 49.23922078)
1034,2021,1636009200000,Theft of Auto,3001-3026 Reece Avenue,COQUITLAM,49.26980195,-122.7937249,1609,POINT (-122.7937249 49.26980195)
1713,2022,1652079600000,Theft from Auto,1603-1646 Harbour Drive,COQUITLAM,49.26660078,-122.8485086,1610,POINT (-122.8485086 49.26660078)
1142,2021,1638691200000,Break & Enter - Residence,1300-1324 Ketch Court,COQUITLAM,49.22760962,-122.8540704,1611,POINT (-122.8540704 49.22760962)
1691,2022,1651561200000,Break & Enter - Business,2927-2959 Keets Drive,COQUITLAM,49.26389979,-122.8002924,1612,POINT (-122.8002924 49.26389979)
1714,2022,1652079600000,Break & Enter - Business,651-699 Folsom Street,COQUITLAM,49.25783213,-122.8648163,1613,POINT (-122.8648163 49.25783213)
1314,2022,1643184000000,Theft of Auto,403-3965 North Road,COQUITLAM,49.24743607,-122.8927177,1614,POINT (-122.8927177 49.24743607)
1035,2021,1636095600000,Theft from Auto,3033-3075 Robson Drive,COQUITLAM,49.29833512,-122.7869848,1615,POINT (-122.7869848 49.29833512)
1920,2022,1656831600000,Theft from Auto,657-659 Whiting Way,COQUITLAM,49.25712182,-122.8918807,1616,POINT (-122.8918807 49.25712182)
1715,2022,1652079600000,Theft from Auto,100-120 Schoolhouse Street,COQUITLAM,49.23292046,-122.8526091,1617,POINT (-122.8526091 49.23292046)
1692,2022,1651647600000,Theft from Auto,586-600 Nicola Avenue,COQUITLAM,49.26896309,-122.8894329,1618,POINT (-122.8894329 49.26896309)
1036,2021,1636095600000,Theft from Auto,1-25 Braid Street,COQUITLAM,49.22814747,-122.8764796,1619,POINT (-122.8764796 49.22814747)
1143,2021,1638691200000,Break & Enter - Residence,170-179 Golden Drive,COQUITLAM,49.23332275,-122.819819,1620,POINT (-122.819819 49.23332275)
1921,2022,1656831600000,Break & Enter - Residence,98-102 Begin Street,COQUITLAM,49.23877514,-122.8597983,1621,POINT (-122.8597983 49.23877514)
1315,2022,1643184000000,Theft from Auto,560-591 Carmen Court,COQUITLAM,49.25152071,-122.8340597,1622,POINT (-122.8340597 49.25152071)
1716,2022,1652079600000,Theft from Auto,1502-1560 Harbour Drive,COQUITLAM,49.26742967,-122.8508756,1623,POINT (-122.8508756 49.26742967)
1693,2022,1651647600000,Theft from Auto,901-930 Tupper Avenue,COQUITLAM,49.23478412,-122.8709044,1624,POINT (-122.8709044 49.23478412)
1037,2021,1636095600000,Theft from Auto,3451-3467 Roxton Ave,COQUITLAM,49.28845864,-122.7469314,1625,POINT (-122.7469314 49.28845864)
1144,2021,1638691200000,Break & Enter - Business,65-77 Clipper Street,COQUITLAM,49.22843878,-122.8528211,1626,POINT (-122.8528211 49.22843878)
1922,2022,1656918000000,Theft from Auto,565-589 Clarke Road,COQUITLAM,49.26262789,-122.8887353,1627,POINT (-122.8887353 49.26262789)
1316,2022,1643184000000,Break & Enter - Residence,1450-1950 Hartley Avenue,COQUITLAM,49.22661466,-122.8446521,1628,POINT (-122.8446521 49.22661466)
1717,2022,1652079600000,Break & Enter - Residence,601-613 Elmwood Street,COQUITLAM,49.26341886,-122.8892272,1629,POINT (-122.8892272 49.26341886)
1694,2022,1651647600000,Theft from Auto,440-448 Karp Court,COQUITLAM,49.24743946,-122.8562525,1630,POINT (-122.8562525 49.24743946)
1038,2021,1636095600000,Theft from Auto,2600-2630 Crawley Avenue,COQUITLAM,49.24717054,-122.817274,1631,POINT (-122.817274 49.24717054)
1145,2021,1638691200000,Break & Enter - Business,617-699 Lougheed Highway,COQUITLAM,49.24067177,-122.8831377,1632,POINT (-122.8831377 49.24067177)
1923,2022,1656918000000,Theft from Auto,542-556 Tipton Street,COQUITLAM,49.25257491,-122.8546594,1633,POINT (-122.8546594 49.25257491)
1317,2022,1643270400000,Theft from Auto,1700-1759 Booth Avenue,COQUITLAM,49.23721218,-122.8455118,1634,POINT (-122.8455118 49.23721218)
1718,2022,1652079600000,Theft from Auto,2888-2899 Morton Place,COQUITLAM,49.25556804,-122.8066875,1635,POINT (-122.8066875 49.25556804)
1695,2022,1651647600000,Theft from Auto,754-806 Alderson Avenue,COQUITLAM,49.23971685,-122.8765032,1636,POINT (-122.8765032 49.23971685)
1039,2021,1636095600000,Break & Enter - Business,1956-1989 Peterson Avenue,COQUITLAM,49.23586398,-122.8404182,1637,POINT (-122.8404182 49.23586398)
1146,2021,1638777600000,Theft of Auto,425-499 Lebleu Street,COQUITLAM,49.24840766,-122.8676586,1638,POINT (-122.8676586 49.24840766)
1924,2022,1656918000000,Theft from Auto,3340-3349 Palisade Place,COQUITLAM,49.29343562,-122.759325,1639,POINT (-122.759325 49.29343562)
1318,2022,1643270400000,Theft from Auto,660-679 Cypress Street,COQUITLAM,49.25689815,-122.8399784,1640,POINT (-122.8399784 49.25689815)
1719,2022,1652079600000,Theft from Auto,501-3953 North Road,COQUITLAM,49.25007926,-122.8927924,1641,POINT (-122.8927924 49.25007926)
1696,2022,1651647600000,Theft from Auto,2920-2934 Cord Avenue,COQUITLAM,49.29233018,-122.7991811,1642,POINT (-122.7991811 49.29233018)
1040,2021,1636095600000,Theft from Auto,2600-2630 Crawley Avenue,COQUITLAM,49.24717054,-122.817274,1643,POINT (-122.817274 49.24717054)
1147,2021,1638777600000,Break & Enter - Business,622-647 Kemsley Avenue,COQUITLAM,49.26650038,-122.8851776,1644,POINT (-122.8851776 49.26650038)
1925,2022,1657004400000,Theft from Auto,1000-1025 Austin Avenue,COQUITLAM,49.24900186,-122.8666666,1645,POINT (-122.8666666 49.24900186)
1319,2022,1643270400000,Theft from Auto,450-498 Bray Street,COQUITLAM,49.24843406,-122.8209449,1646,POINT (-122.8209449 49.24843406)
1720,2022,1652079600000,Theft from Auto,65-77 Clipper Street,COQUITLAM,49.22843878,-122.8528211,1647,POINT (-122.8528211 49.22843878)
1697,2022,1651734000000,Theft from Auto,300-325 Decaire Street,COQUITLAM,49.2417513,-122.8505463,1648,POINT (-122.8505463 49.2417513)
1041,2021,1636182000000,Theft from Auto,957-963 Brunette Avenue,COQUITLAM,49.23747578,-122.8685599,1649,POINT (-122.8685599 49.23747578)
1042,2021,1636182000000,Theft from Auto,1181-1215 Pipeline Road,COQUITLAM,49.28422977,-122.7854423,1650,POINT (-122.7854423 49.28422977)
1043,2021,1636182000000,Theft from Auto,1930-2000 Brigantine Drive,COQUITLAM,49.22434804,-122.8394066,1651,POINT (-122.8394066 49.22434804)
1044,2021,1636268400000,Theft of Auto,1291-1315 Jordan Street,COQUITLAM,49.29122162,-122.7967379,1652,POINT (-122.7967379 49.29122162)
1045,2021,1636358400000,Theft from Auto,1131-1138 Dufferin Street,COQUITLAM,49.27951084,-122.8040268,1653,POINT (-122.8040268 49.27951084)
1046,2021,1636358400000,Theft from Auto,510-520 Young Drive,COQUITLAM,49.24313375,-122.8903436,1654,POINT (-122.8903436 49.24313375)
1047,2021,1636358400000,Theft from Auto,3717-3749 Quarry Road,COQUITLAM,49.29854333,-122.7143485,1655,POINT (-122.7143485 49.29854333)
1048,2021,1636444800000,Break & Enter - Residence,161-168 San Lucas Court,COQUITLAM,49.2350995,-122.8270706,1656,POINT (-122.8270706 49.2350995)
1049,2021,1636444800000,Theft from Auto,2905-2930 Glen Drive,COQUITLAM,49.28273402,-122.8002266,1657,POINT (-122.8002266 49.28273402)
1050,2021,1636444800000,Break & Enter - Residence,1190-1198 Falcon Drive,COQUITLAM,49.28388314,-122.819073,1658,POINT (-122.819073 49.28388314)
1051,2021,1636531200000,Theft from Auto,701-728 Blue Mountain Street,COQUITLAM,49.2607955,-122.8688554,1659,POINT (-122.8688554 49.2607955)
1052,2021,1636531200000,Theft from Auto,1035-1064 Howie Avenue,COQUITLAM,49.25056759,-122.8638816,1660,POINT (-122.8638816 49.25056759)
1053,2021,1636617600000,Theft from Auto,1151-1189 Falcon Drive,COQUITLAM,49.28220212,-122.8191638,1661,POINT (-122.8191638 49.28220212)
1054,2021,1636617600000,Theft from Auto,2920-2923 Atlantic Avenue,COQUITLAM,49.28177504,-122.7998728,1662,POINT (-122.7998728 49.28177504)
1055,2021,1636617600000,Theft from Auto,200-208 Nelson Street,COQUITLAM,49.23850454,-122.8650614,1663,POINT (-122.8650614 49.23850454)
1056,2021,1636704000000,Theft from Auto,400-430 Glenholme Street,COQUITLAM,49.2451895,-122.8403903,1664,POINT (-122.8403903 49.2451895)
1057,2021,1636704000000,Theft from Auto,403-3965 North Road,COQUITLAM,49.24743607,-122.8927177,1665,POINT (-122.8927177 49.24743607)
1058,2021,1636790400000,Theft of Auto,960-1095 Lougheed Highway,COQUITLAM,49.23539794,-122.8658125,1666,POINT (-122.8658125 49.23539794)
1059,2021,1636790400000,Theft from Auto,721-771 Delestre Avenue,COQUITLAM,49.24170849,-122.8783882,1667,POINT (-122.8783882 49.24170849)
1060,2021,1636790400000,Theft from Auto,501-3953 North Road,COQUITLAM,49.25007926,-122.8927924,1668,POINT (-122.8927924 49.25007926)
1061,2021,1636790400000,Break & Enter - Business,1035-1064 Howie Avenue,COQUITLAM,49.25056759,-122.8638816,1669,POINT (-122.8638816 49.25056759)
1062,2021,1636790400000,Theft from Auto,1332-1364 Brisbane Avenue,COQUITLAM,49.26578375,-122.8553889,1670,POINT (-122.8553889 49.26578375)
1063,2021,1636790400000,Theft from Auto,245-263 Pare Court,COQUITLAM,49.23822338,-122.8436924,1671,POINT (-122.8436924 49.23822338)
1064,2021,1636790400000,Theft from Auto,248-282 Montgomery Street,COQUITLAM,49.23831962,-122.8396709,1672,POINT (-122.8396709 49.23831962)
1065,2021,1636876800000,Theft from Auto,1503-1600 Broadview Court,COQUITLAM,49.26664016,-122.8500965,1673,POINT (-122.8500965 49.26664016)
1066,2021,1636876800000,Theft from Auto,2603-2688 Rogate Avenue,COQUITLAM,49.24189469,-122.8192043,1674,POINT (-122.8192043 49.24189469)
1067,2021,1636876800000,Break & Enter - Residence,1124-1209 Luxton Square,COQUITLAM,49.27019969,-122.8593628,1675,POINT (-122.8593628 49.27019969)
1068,2021,1636963200000,Break & Enter - Business,417-450 Westview Street,COQUITLAM,49.24757864,-122.8896705,1676,POINT (-122.8896705 49.24757864)
1069,2021,1636963200000,Theft from Auto,1845-1869 Harbour Drive,COQUITLAM,49.27097092,-122.8424104,1677,POINT (-122.8424104 49.27097092)
1070,2021,1636963200000,Theft from Auto,2726-2770 Mara Drive,COQUITLAM,49.25894565,-122.8122541,1678,POINT (-122.8122541 49.25894565)
1071,2021,1636963200000,Theft from Auto,501-3953 North Road,COQUITLAM,49.25007926,-122.8927924,1679,POINT (-122.8927924 49.25007926)
1072,2021,1636963200000,Theft from Auto,417-450 Westview Street,COQUITLAM,49.24757864,-122.8896705,1680,POINT (-122.8896705 49.24757864)
1073,2021,1636963200000,Theft from Auto,80-169 Golden Drive,COQUITLAM,49.23265631,-122.8234303,1681,POINT (-122.8234303 49.23265631)
1074,2021,1637049600000,Theft of Auto,417-450 Westview Street,COQUITLAM,49.24757864,-122.8896705,1682,POINT (-122.8896705 49.24757864)
1075,2021,1637049600000,Break & Enter - Business,2000-2100 United Boulevard,COQUITLAM,49.2284693,-122.8370439,1683,POINT (-122.8370439 49.2284693)
1076,2021,1637049600000,Theft from Auto,1403-1432 Brunette Avenue,COQUITLAM,49.24058067,-122.853965,1684,POINT (-122.853965 49.24058067)
1077,2021,1637049600000,Theft from Auto,960-1095 Lougheed Highway,COQUITLAM,49.23539794,-122.8658125,1685,POINT (-122.8658125 49.23539794)
1078,2021,1637049600000,Theft from Auto,601-3055 North Road,COQUITLAM,49.25429998,-122.8928879,1686,POINT (-122.8928879 49.25429998)
1079,2021,1637136000000,Theft from Auto,987-1021 Corona Crescent,COQUITLAM,49.27122027,-122.8294998,1687,POINT (-122.8294998 49.27122027)
1080,2021,1637136000000,Theft from Auto,2141-2182 Berkshire Crescent,COQUITLAM,49.31679702,-122.7960953,1688,POINT (-122.7960953 49.31679702)
1081,2021,1637222400000,Theft from Auto,672-692 Firdale Street,COQUITLAM,49.25819638,-122.8371734,1689,POINT (-122.8371734 49.25819638)
1082,2021,1637308800000,Theft from Auto,413-414 Guilby Street,COQUITLAM,49.24679048,-122.8854027,1690,POINT (-122.8854027 49.24679048)
1083,2021,1637308800000,Theft from Auto,560-591 Orkney Court,COQUITLAM,49.25156283,-122.8327895,1691,POINT (-122.8327895 49.25156283)
1084,2021,1637308800000,Theft from Auto,560-591 Orkney Court,COQUITLAM,49.25156283,-122.8327895,1692,POINT (-122.8327895 49.25156283)
1085,2021,1637308800000,Break & Enter - Residence,3010- Riverbend Drive,COQUITLAM,49.26390019,-122.7910444,1693,POINT (-122.7910444 49.26390019)
1086,2021,1637308800000,Theft from Auto,3180-3194 Bowen Drive,COQUITLAM,49.28590364,-122.7789223,1694,POINT (-122.7789223 49.28590364)
1087,2021,1637308800000,Theft from Auto,0-3251 Chartwell Lane,COQUITLAM,49.31465917,-122.7858676,1695,POINT (-122.7858676 49.31465917)
1088,2021,1637308800000,Theft of Auto,3250-3327 Chartwell Green,COQUITLAM,49.31694353,-122.7884304,1696,POINT (-122.7884304 49.31694353)
1089,2021,1637481600000,Theft from Auto,100-120 Schoolhouse Street,COQUITLAM,49.23292046,-122.8526091,1697,POINT (-122.8526091 49.23292046)
1090,2021,1637481600000,Theft of Auto,3000-3023 Anson Avenue,COQUITLAM,49.27789693,-122.7943116,1698,POINT (-122.7943116 49.27789693)
1091,2021,1637481600000,Theft from Auto,744-798 Cottonwood Avenue,COQUITLAM,49.25821857,-122.8785163,1699,POINT (-122.8785163 49.25821857)
1092,2021,1637568000000,Theft from Auto,3000-3023 Anson Avenue,COQUITLAM,49.27789693,-122.7943116,1700,POINT (-122.7943116 49.27789693)
1093,2021,1637568000000,Theft from Auto,1500-1579 Pinetree Way,COQUITLAM,49.30235774,-122.7845817,1701,POINT (-122.7845817 49.30235774)
1094,2021,1637568000000,Break & Enter - Residence,2930-2969 Grizzly Place,COQUITLAM,49.30176633,-122.7873492,1702,POINT (-122.7873492 49.30176633)
1095,2021,1637654400000,Theft from Auto,605-621 Langside Avenue,COQUITLAM,49.26124819,-122.8856724,1703,POINT (-122.8856724 49.26124819)
1096,2021,1637654400000,Theft from Auto,980-3160 Westwood Street,COQUITLAM,49.26900024,-122.7906585,1704,POINT (-122.7906585 49.26900024)
1097,2021,1637654400000,Theft from Auto,226-236 Nelson Street,COQUITLAM,49.24028715,-122.8650851,1705,POINT (-122.8650851 49.24028715)
1098,2021,1637654400000,Break & Enter - Residence,100-132 San Antonio Place,COQUITLAM,49.23431182,-122.8286989,1706,POINT (-122.8286989 49.23431182)
1099,2021,1637740800000,Theft from Auto,901-930 Tupper Avenue,COQUITLAM,49.23478412,-122.8709044,1707,POINT (-122.8709044 49.23478412)
1100,2021,1637740800000,Theft of Auto,321-4563 North Road,COQUITLAM,49.24471378,-122.8926127,1708,POINT (-122.8926127 49.24471378)
1148,2021,1638864000000,Theft from Auto,1568-1722 Dansey Avenue,COQUITLAM,49.24725278,-122.8481376,1709,POINT (-122.8481376 49.24725278)
1320,2022,1643270400000,Theft from Auto,3501-3528 Bishop Place,COQUITLAM,49.29904314,-122.7414389,1710,POINT (-122.7414389 49.29904314)
1698,2022,1651734000000,Theft from Auto,100-120 Schoolhouse Street,COQUITLAM,49.23292046,-122.8526091,1711,POINT (-122.8526091 49.23292046)
1721,2022,1652079600000,Theft from Auto,51-78 Glacier Street,COQUITLAM,49.22944176,-122.8174434,1712,POINT (-122.8174434 49.22944176)
1926,2022,1657004400000,Theft of Auto,3100-3150 Lincoln Avenue,COQUITLAM,49.27852126,-122.784641,1713,POINT (-122.784641 49.27852126)
1149,2021,1638864000000,Break & Enter - Business,367-403 Lebleu Street,COQUITLAM,49.24488324,-122.8676348,1714,POINT (-122.8676348 49.24488324)
1699,2022,1651734000000,Theft from Auto,952-1026 Ridgeway Avenue,COQUITLAM,49.2497021,-122.8673709,1715,POINT (-122.8673709 49.2497021)
1722,2022,1652079600000,Break & Enter - Business,1342-1358 El Camino Drive,COQUITLAM,49.29397481,-122.7795721,1716,POINT (-122.7795721 49.29397481)
1927,2022,1657004400000,Theft from Auto,3635-3663 Victoria Drive,COQUITLAM,49.29313301,-122.7256666,1717,POINT (-122.7256666 49.29313301)
1321,2022,1643356800000,Theft from Auto,570-582 Bole Court,COQUITLAM,49.26925155,-122.8900679,1718,POINT (-122.8900679 49.26925155)
1150,2021,1638864000000,Break & Enter - Business,1350-1399 Johnson Street,COQUITLAM,49.29615757,-122.8019578,1719,POINT (-122.8019578 49.29615757)
1700,2022,1651734000000,Theft from Auto,408-417 Donald Street,COQUITLAM,49.24584423,-122.8819168,1720,POINT (-122.8819168 49.24584423)
1723,2022,1652079600000,Theft from Auto,1280-1300 Durant Drive,COQUITLAM,49.29081659,-122.807691,1721,POINT (-122.807691 49.29081659)
1928,2022,1657004400000,Theft of Auto,2300-2399 United Boulevard,COQUITLAM,49.22704672,-122.8271649,1722,POINT (-122.8271649 49.22704672)
1322,2022,1643356800000,Theft from Auto,801-829 Roderick Avenue,COQUITLAM,49.23783644,-122.8753643,1723,POINT (-122.8753643 49.23783644)
1151,2021,1638950400000,Theft from Auto,3001-3028 Maplebrook Place,COQUITLAM,49.26608023,-122.7941724,1724,POINT (-122.7941724 49.26608023)
1724,2022,1652079600000,Theft from Auto,3310-3320 El Casa Court,COQUITLAM,49.29426168,-122.779143,1725,POINT (-122.779143 49.29426168)
1929,2022,1657090800000,Theft from Auto,1022-1071 Austin Avenue,COQUITLAM,49.24900281,-122.8639407,1726,POINT (-122.8639407 49.24900281)
1323,2022,1643356800000,Theft from Auto,663-675 Whiting Way,COQUITLAM,49.25933107,-122.8907246,1727,POINT (-122.8907246 49.25933107)
1152,2021,1638950400000,Break & Enter - Residence,3451-3467 Roxton Ave,COQUITLAM,49.28845864,-122.7469314,1728,POINT (-122.7469314 49.28845864)
1725,2022,1652166000000,Theft from Auto,960-1016 Howie Avenue,COQUITLAM,49.25060994,-122.8673844,1729,POINT (-122.8673844 49.25060994)
1930,2022,1657090800000,Break & Enter - Business,600-603 Como Lake Avenue,COQUITLAM,49.26323902,-122.8874489,1730,POINT (-122.8874489 49.26323902)
1324,2022,1643356800000,Theft from Auto,667-674 Hailey Street,COQUITLAM,49.2576913,-122.8702764,1731,POINT (-122.8702764 49.2576913)
1153,2021,1638950400000,Theft from Auto,2950-2978 Glen Drive,COQUITLAM,49.28272705,-122.7974008,1732,POINT (-122.7974008 49.28272705)
1726,2022,1652166000000,Break & Enter - Business,1201-1210 Pacific Street,COQUITLAM,49.28466817,-122.7981327,1733,POINT (-122.7981327 49.28466817)
1931,2022,1657090800000,Theft from Auto,600-603 Como Lake Avenue,COQUITLAM,49.26323902,-122.8874489,1734,POINT (-122.8874489 49.26323902)
1325,2022,1643356800000,Break & Enter - Residence,3027-3099 Spuraway Avenue,COQUITLAM,49.26659406,-122.8028809,1735,POINT (-122.8028809 49.26659406)
1154,2021,1638950400000,Break & Enter - Business,624-644 Shaw Avenue,COQUITLAM,49.24403017,-122.8842592,1736,POINT (-122.8842592 49.24403017)
1932,2022,1657090800000,Theft from Auto,2860-2885 Packard Avenue,COQUITLAM,49.27998352,-122.8029144,1737,POINT (-122.8029144 49.27998352)
1727,2022,1652166000000,Theft from Auto,216-236 McBay Lane,COQUITLAM,49.23922954,-122.866727,1738,POINT (-122.866727 49.23922954)
1933,2022,1657090800000,Theft from Auto,2920-2923 Atlantic Avenue,COQUITLAM,49.28177504,-122.7998728,1739,POINT (-122.7998728 49.28177504)
1728,2022,1652166000000,Break & Enter - Business,603-620 Regan Avenue,COQUITLAM,49.26220478,-122.8857915,1740,POINT (-122.8857915 49.26220478)
1729,2022,1652166000000,Theft from Auto,1174-1181 Inlet Street,COQUITLAM,49.28426745,-122.7831869,1741,POINT (-122.7831869 49.28426745)
1934,2022,1657177200000,Theft from Auto,1411-1455 Edwards Street,COQUITLAM,49.29784285,-122.7199111,1742,POINT (-122.7199111 49.29784285)
1730,2022,1652166000000,Theft from Auto,3141-3171 Sechelt Drive,COQUITLAM,49.28530467,-122.7818805,1743,POINT (-122.7818805 49.28530467)
1935,2022,1657177200000,Break & Enter - Residence,3100-3150 Lincoln Avenue,COQUITLAM,49.27852126,-122.784641,1744,POINT (-122.784641 49.27852126)
1326,2022,1643356800000,Theft of Auto,213-228 Cayer Street,COQUITLAM,49.23714683,-122.8467146,1745,POINT (-122.8467146 49.23714683)
1731,2022,1652166000000,Theft of Auto,3165-3179 Plateau Boulevard,COQUITLAM,49.31166732,-122.7862138,1746,POINT (-122.7862138 49.31166732)
1936,2022,1657177200000,Theft from Auto,544-616 Austin Avenue,COQUITLAM,49.24907771,-122.8875397,1747,POINT (-122.8875397 49.24907771)
1155,2021,1638950400000,Theft of Auto,2750-2881 Barnet Highway,COQUITLAM,49.2776863,-122.8052579,1748,POINT (-122.8052579 49.2776863)
1732,2022,1652252400000,Break & Enter - Residence,3001-3027 Firbrook Place,COQUITLAM,49.26672693,-122.7936337,1749,POINT (-122.7936337 49.26672693)
1327,2022,1643443200000,Theft of Auto,1188-1206 Johnson Street,COQUITLAM,49.28406416,-122.8016881,1750,POINT (-122.8016881 49.28406416)
1937,2022,1657177200000,Theft from Auto,1450-1950 Hartley Avenue,COQUITLAM,49.22661466,-122.8446521,1751,POINT (-122.8446521 49.22661466)
1156,2021,1638950400000,Break & Enter - Residence,320-329 Casey Street,COQUITLAM,49.24259331,-122.854857,1752,POINT (-122.854857 49.24259331)
1733,2022,1652252400000,Theft from Auto,3346-3369 Highland Drive,COQUITLAM,49.30021589,-122.7592453,1753,POINT (-122.7592453 49.30021589)
1328,2022,1643529600000,Theft from Auto,1574-1608 Spray Avenue,COQUITLAM,49.26428072,-122.8493595,1754,POINT (-122.8493595 49.26428072)
1938,2022,1657263600000,Theft from Auto,544-616 Austin Avenue,COQUITLAM,49.24907771,-122.8875397,1755,POINT (-122.8875397 49.24907771)
1157,2021,1638950400000,Theft from Auto,500-510 Young Drive,COQUITLAM,49.24311916,-122.8918878,1756,POINT (-122.8918878 49.24311916)
1734,2022,1652252400000,Theft from Auto,187-200 San Juan Place,COQUITLAM,49.23593057,-122.8269726,1757,POINT (-122.8269726 49.23593057)
1329,2022,1643616000000,Theft from Auto,2594-2598 Shuswap Avenue,COQUITLAM,49.23057775,-122.8199222,1758,POINT (-122.8199222 49.23057775)
1939,2022,1657436400000,Theft from Auto,600-603 Como Lake Avenue,COQUITLAM,49.26323902,-122.8874489,1759,POINT (-122.8874489 49.26323902)
1158,2021,1639036800000,Break & Enter - Residence,527-551 Sunset Avenue,COQUITLAM,49.24118249,-122.8890208,1760,POINT (-122.8890208 49.24118249)
1735,2022,1652252400000,Break & Enter - Business,2000-2100 United Boulevard,COQUITLAM,49.2284693,-122.8370439,1761,POINT (-122.8370439 49.2284693)
1330,2022,1643616000000,Theft from Auto,2900-2909 Meadowvista Place,COQUITLAM,49.29921726,-122.7999995,1762,POINT (-122.7999995 49.29921726)
1940,2022,1657436400000,Break & Enter - Business,2920-2923 Atlantic Avenue,COQUITLAM,49.28177504,-122.7998728,1763,POINT (-122.7998728 49.28177504)
1159,2021,1639036800000,Theft from Auto,806-838 Sharpe Street,COQUITLAM,49.2634889,-122.7991828,1764,POINT (-122.7991828 49.2634889)
1736,2022,1652425200000,Theft from Auto,2700-2745 Barnet Highway,COQUITLAM,49.27786163,-122.810408,1765,POINT (-122.810408 49.27786163)
1331,2022,1643616000000,Break & Enter - Residence,309-317 Loring Street,COQUITLAM,49.24158743,-122.8881331,1766,POINT (-122.8881331 49.24158743)
1941,2022,1657436400000,Theft from Auto,2920-2923 Atlantic Avenue,COQUITLAM,49.28177504,-122.7998728,1767,POINT (-122.7998728 49.28177504)
1160,2021,1639036800000,Theft from Auto,802-811 Wasco Street,COQUITLAM,49.26385779,-122.8496543,1768,POINT (-122.8496543 49.26385779)
1737,2022,1652425200000,Theft from Auto,1100-1101 Lansdowne Drive,COQUITLAM,49.27757725,-122.8083824,1769,POINT (-122.8083824 49.27757725)
1332,2022,1643616000000,Theft from Auto,100-144 King Edward Street,COQUITLAM,49.23495415,-122.8616527,1770,POINT (-122.8616527 49.23495415)
1942,2022,1657522800000,Theft from Auto,420-438 Guilby Street,COQUITLAM,49.24772793,-122.8854212,1771,POINT (-122.8854212 49.24772793)
1161,2021,1639123200000,Theft from Auto,2962-2990 Forestridge Place,COQUITLAM,49.30335023,-122.8044075,1772,POINT (-122.8044075 49.30335023)
1738,2022,1652425200000,Theft from Auto,1450-1465 Nanton Street,COQUITLAM,49.30111353,-122.756535,1773,POINT (-122.756535 49.30111353)
1333,2022,1643616000000,Theft from Auto,657-659 Whiting Way,COQUITLAM,49.25712182,-122.8918807,1774,POINT (-122.8918807 49.25712182)
1943,2022,1657522800000,Break & Enter - Business,660-679 Cypress Street,COQUITLAM,49.25689815,-122.8399784,1775,POINT (-122.8399784 49.25689815)
1162,2021,1639123200000,Break & Enter - Residence,570-582 Bole Court,COQUITLAM,49.26925155,-122.8900679,1776,POINT (-122.8900679 49.26925155)
1739,2022,1652511600000,Theft from Auto,2900-2909 Meadowvista Place,COQUITLAM,49.29921726,-122.7999995,1777,POINT (-122.7999995 49.29921726)
1334,2022,1643616000000,Theft from Auto,2331-2383 Dawes Hill Road,COQUITLAM,49.23712028,-122.8288776,1778,POINT (-122.8288776 49.23712028)
1163,2021,1639123200000,Theft of Auto,1022-1071 Austin Avenue,COQUITLAM,49.24900281,-122.8639407,1779,POINT (-122.8639407 49.24900281)
1740,2022,1652511600000,Theft from Auto,75-100 Blue Mountain Street,COQUITLAM,49.23459614,-122.8730972,1780,POINT (-122.8730972 49.23459614)
1335,2022,1643616000000,Theft from Auto,100-120 Schoolhouse Street,COQUITLAM,49.23292046,-122.8526091,1781,POINT (-122.8526091 49.23292046)
1944,2022,1657522800000,Theft from Auto,670-679 Poirier Street,COQUITLAM,49.25837761,-122.8464498,1782,POINT (-122.8464498 49.25837761)
1741,2022,1652598000000,Theft from Auto,1450-1465 Nanton Street,COQUITLAM,49.30111353,-122.756535,1783,POINT (-122.756535 49.30111353)
1164,2021,1639123200000,Break & Enter - Residence,2383-2645 Austin Avenue,COQUITLAM,49.24908373,-122.8199478,1784,POINT (-122.8199478 49.24908373)
1945,2022,1657522800000,Break & Enter - Business,705-717 Poirier Street,COQUITLAM,49.26016821,-122.8464664,1785,POINT (-122.8464664 49.26016821)
1336,2022,1643702400000,Break & Enter - Business,500-510 Como Lake Avenue,COQUITLAM,49.2629373,-122.8926037,1786,POINT (-122.8926037 49.2629373)
1742,2022,1652598000000,Theft from Auto,2920-2923 Atlantic Avenue,COQUITLAM,49.28177504,-122.7998728,1787,POINT (-122.7998728 49.28177504)
1165,2021,1639209600000,Theft of Auto,1299-1320 Soball Street,COQUITLAM,49.29233338,-122.7493823,1788,POINT (-122.7493823 49.29233338)
1946,2022,1657522800000,Theft from Auto,705-717 Poirier Street,COQUITLAM,49.26016821,-122.8464664,1789,POINT (-122.8464664 49.26016821)
1337,2022,1643702400000,Break & Enter - Business,451-499 Marmont Street,COQUITLAM,49.24934496,-122.8621996,1790,POINT (-122.8621996 49.24934496)
1743,2022,1652598000000,Theft of Auto,401-415 Westview Street,COQUITLAM,49.2464532,-122.8899054,1791,POINT (-122.8899054 49.2464532)
1166,2021,1639209600000,Break & Enter - Residence,623-707 Rochester Avenue,COQUITLAM,49.24543595,-122.8835015,1792,POINT (-122.8835015 49.24543595)
1947,2022,1657609200000,Theft from Auto,682-689 Schoolhouse Street,COQUITLAM,49.25923837,-122.8521261,1793,POINT (-122.8521261 49.25923837)
1338,2022,1643702400000,Theft of Auto,601-3055 North Road,COQUITLAM,49.25429998,-122.8928879,1794,POINT (-122.8928879 49.25429998)
1744,2022,1652598000000,Break & Enter - Business,525-568 Clarke Road,COQUITLAM,49.26102606,-122.8907694,1795,POINT (-122.8907694 49.26102606)
1167,2021,1639209600000,Break & Enter - Business,1220-1230 Soball Street,COQUITLAM,49.28614753,-122.7503712,1796,POINT (-122.7503712 49.28614753)
1948,2022,1657609200000,Theft from Auto,2800-2838 Norman Avenue,COQUITLAM,49.27085423,-122.8066658,1797,POINT (-122.8066658 49.27085423)
1339,2022,1643702400000,Theft of Auto,1300-1400 Lougheed Highway,COQUITLAM,49.23292493,-122.8541178,1798,POINT (-122.8541178 49.23292493)
1745,2022,1652684400000,Theft from Auto,620-665 Harrison Avenue,COQUITLAM,49.26719875,-122.8851315,1799,POINT (-122.8851315 49.26719875)
1168,2021,1639296000000,Break & Enter - Business,3400-3430 Gislason Avenue,COQUITLAM,49.28930327,-122.7516969,1800,POINT (-122.7516969 49.28930327)
1949,2022,1657609200000,Theft from Auto,1319-1431 Smith Avenue,COQUITLAM,49.25980003,-122.8541587,1801,POINT (-122.8541587 49.25980003)
1340,2022,1643702400000,Theft from Auto,716-729 Breslay Street,COQUITLAM,49.26173552,-122.8848565,1802,POINT (-122.8848565 49.26173552)
1746,2022,1652684400000,Break & Enter - Business,681-2761 North Road,COQUITLAM,49.25954632,-122.8930575,1803,POINT (-122.8930575 49.25954632)
1169,2021,1639296000000,Theft from Auto,1299-1320 Soball Street,COQUITLAM,49.29233338,-122.7493823,1804,POINT (-122.7493823 49.29233338)
1950,2022,1657782000000,Theft from Auto,1394-1399 Kenney Street,COQUITLAM,49.29894712,-122.7789642,1805,POINT (-122.7789642 49.29894712)
1341,2022,1643702400000,Theft from Auto,3070-3078 Tantalus Court,COQUITLAM,49.30026247,-122.7848667,1806,POINT (-122.7848667 49.30026247)
1747,2022,1652684400000,Theft from Auto,2750-2881 Barnet Highway,COQUITLAM,49.2776863,-122.8052579,1807,POINT (-122.8052579 49.2776863)
1170,2021,1639296000000,Break & Enter - Residence,431-441 Bray Street,COQUITLAM,49.24651974,-122.8209758,1808,POINT (-122.8209758 49.24651974)
1951,2022,1657782000000,Theft from Auto,2927-2959 Keets Drive,COQUITLAM,49.26389979,-122.8002924,1809,POINT (-122.8002924 49.26389979)
1342,2022,1643788800000,Theft from Auto,2230-2271 Monashee Court,COQUITLAM,49.2382169,-122.8281967,1810,POINT (-122.8281967 49.2382169)
1748,2022,1652684400000,Theft from Auto,2000-2100 United Boulevard,COQUITLAM,49.2284693,-122.8370439,1811,POINT (-122.8370439 49.2284693)
1171,2021,1639296000000,Theft of Auto,449-487 Lakeview Street,COQUITLAM,49.24775284,-122.8356613,1812,POINT (-122.8356613 49.24775284)
1952,2022,1657782000000,Theft from Auto,2721-2753 Westlake Drive,COQUITLAM,49.25673479,-122.8131164,1813,POINT (-122.8131164 49.25673479)
1343,2022,1643875200000,Theft of Auto,546-611 Dansey Avenue,COQUITLAM,49.24720974,-122.8874988,1814,POINT (-122.8874988 49.24720974)
1749,2022,1652684400000,Theft from Auto,1188-1206 Johnson Street,COQUITLAM,49.28406416,-122.8016881,1815,POINT (-122.8016881 49.28406416)
1172,2021,1639296000000,Theft from Auto,1884-1898 Bluff Way,COQUITLAM,49.28971705,-122.765959,1816,POINT (-122.765959 49.28971705)
1953,2022,1657782000000,Theft from Auto,3300-3325 Sultan Place,COQUITLAM,49.30024368,-122.7714137,1817,POINT (-122.7714137 49.30024368)
1344,2022,1643875200000,Break & Enter - Business,530-568 Rochester Avenue,COQUITLAM,49.2454771,-122.8885276,1818,POINT (-122.8885276 49.2454771)
1750,2022,1652684400000,Theft from Auto,803-887 Shaw Avenue,COQUITLAM,49.24421276,-122.8745986,1819,POINT (-122.8745986 49.24421276)
1173,2021,1639296000000,Theft from Auto,701-720 Newport Street,COQUITLAM,49.26026657,-122.8451864,1820,POINT (-122.8451864 49.26026657)
1954,2022,1657782000000,Theft from Auto,2707-2724 Mara Drive,COQUITLAM,49.25982001,-122.8144039,1821,POINT (-122.8144039 49.25982001)
1751,2022,1652770800000,Break & Enter - Business,3010- Riverbend Drive,COQUITLAM,49.26390019,-122.7910444,1822,POINT (-122.7910444 49.26390019)
1345,2022,1643961600000,Break & Enter - Business,2750-2881 Barnet Highway,COQUITLAM,49.2776863,-122.8052579,1823,POINT (-122.8052579 49.2776863)
1174,2021,1639382400000,Theft from Auto,1160-1180 Pinetree Way,COQUITLAM,49.28115265,-122.7932721,1824,POINT (-122.7932721 49.28115265)
1752,2022,1652770800000,Break & Enter - Residence,500-510 Como Lake Avenue,COQUITLAM,49.2629373,-122.8926037,1825,POINT (-122.8926037 49.2629373)
1346,2022,1643961600000,Theft from Auto,573-595 Midvale Street,COQUITLAM,49.25205232,-122.8382685,1826,POINT (-122.8382685 49.25205232)
1955,2022,1657868400000,Break & Enter - Business,2700-2739 Anchor Place,COQUITLAM,49.26761209,-122.8120463,1827,POINT (-122.8120463 49.26761209)
1175,2021,1639468800000,Theft from Auto,506-545 Whiting Way,COQUITLAM,49.24960081,-122.8904443,1828,POINT (-122.8904443 49.24960081)
1753,2022,1652770800000,Theft from Auto,3001-3061 Gordon Avenue,COQUITLAM,49.27109933,-122.7927784,1829,POINT (-122.7927784 49.27109933)
1347,2022,1643961600000,Break & Enter - Residence,1600-1656 Pinetree Way,COQUITLAM,49.30548775,-122.7840138,1830,POINT (-122.7840138 49.30548775)
1956,2022,1657868400000,Theft from Auto,1150-1175 Johnson Street,COQUITLAM,49.28142444,-122.8017156,1831,POINT (-122.8017156 49.28142444)
1176,2021,1639468800000,Theft from Auto,729-752 Alderson Avenue,COQUITLAM,49.23973178,-122.8779736,1832,POINT (-122.8779736 49.23973178)
1754,2022,1652770800000,Theft from Auto,506-545 Whiting Way,COQUITLAM,49.24960081,-122.8904443,1833,POINT (-122.8904443 49.24960081)
1348,2022,1643961600000,Break & Enter - Business,1450-1580 Brigantine Drive,COQUITLAM,49.22528747,-122.8484626,1834,POINT (-122.8484626 49.22528747)
1957,2022,1657868400000,Break & Enter - Residence,55-98 Fawcett Road,COQUITLAM,49.2276379,-122.8342218,1835,POINT (-122.8342218 49.2276379)
1177,2021,1639555200000,Theft from Auto,530-568 Rochester Avenue,COQUITLAM,49.2454771,-122.8885276,1836,POINT (-122.8885276 49.2454771)
1755,2022,1652770800000,Theft from Auto,285-1290 Laval Square,COQUITLAM,49.24094127,-122.8579337,1837,POINT (-122.8579337 49.24094127)
1349,2022,1643961600000,Break & Enter - Business,511-521 Smith Avenue,COQUITLAM,49.26035744,-122.8920303,1838,POINT (-122.8920303 49.26035744)
1958,2022,1657868400000,Theft from Auto,1136-1149 Woodbine Place,COQUITLAM,49.28021656,-122.8072919,1839,POINT (-122.8072919 49.28021656)
1178,2021,1639555200000,Theft from Auto,181-200 Golden Drive,COQUITLAM,49.23332927,-122.8183013,1840,POINT (-122.8183013 49.23332927)
1756,2022,1652857200000,Break & Enter - Business,1607-1647 Balmoral Avenue,COQUITLAM,49.26576103,-122.8483934,1841,POINT (-122.8483934 49.26576103)
1350,2022,1644048000000,Break & Enter - Residence,201-204 Cayer Street,COQUITLAM,49.23618932,-122.8467221,1842,POINT (-122.8467221 49.23618932)
1959,2022,1657868400000,Theft from Auto,817-871 Greene Street,COQUITLAM,49.26518434,-122.7928496,1843,POINT (-122.7928496 49.26518434)
1179,2021,1639641600000,Break & Enter - Residence,1876-1898 Brunette Avenue,COQUITLAM,49.23339437,-122.8419731,1844,POINT (-122.8419731 49.23339437)
1757,2022,1652857200000,Break & Enter - Residence,802-811 Wasco Street,COQUITLAM,49.26385779,-122.8496543,1845,POINT (-122.8496543 49.26385779)
1351,2022,1644048000000,Break & Enter - Residence,901-970 Stewart Avenue,COQUITLAM,49.243586,-122.8703928,1846,POINT (-122.8703928 49.243586)
1960,2022,1657868400000,Theft from Auto,1910-1941 Jasper Court,COQUITLAM,49.25165809,-122.8405437,1847,POINT (-122.8405437 49.25165809)
1180,2021,1639641600000,Theft from Auto,1033-1069 Stewart Avenue,COQUITLAM,49.24355003,-122.8640299,1848,POINT (-122.8640299 49.24355003)
1758,2022,1652857200000,Theft from Auto,3750-3799 Quarry Road,COQUITLAM,49.29959111,-122.7095626,1849,POINT (-122.7095626 49.29959111)
1352,2022,1644048000000,Theft of Auto,222-231 Bernatchey Street,COQUITLAM,49.23737885,-122.8772539,1850,POINT (-122.8772539 49.23737885)
1961,2022,1657868400000,Theft from Auto,1185-1213 Pacific Street,COQUITLAM,49.28357693,-122.7985337,1851,POINT (-122.7985337 49.28357693)
1181,2021,1639728000000,Break & Enter - Business,602-650 Clarke Road,COQUITLAM,49.26447482,-122.8863665,1852,POINT (-122.8863665 49.26447482)
1759,2022,1652943600000,Break & Enter - Residence,2702-2819 Spuraway Avenue,COQUITLAM,49.2638911,-122.8120832,1853,POINT (-122.8120832 49.2638911)
1353,2022,1644048000000,Break & Enter - Residence,452-480 Draycott Street,COQUITLAM,49.2473238,-122.8368326,1854,POINT (-122.8368326 49.2473238)
1962,2022,1657868400000,Theft from Auto,1185-1213 Pacific Street,COQUITLAM,49.28357693,-122.7985337,1855,POINT (-122.7985337 49.28357693)
1182,2021,1639728000000,Theft from Auto,571-616 Rochester Avenue,COQUITLAM,49.24545891,-122.8860991,1856,POINT (-122.8860991 49.24545891)
1760,2022,1652943600000,Break & Enter - Business,2300-2350 Sumpter Drive,COQUITLAM,49.26863152,-122.8271096,1857,POINT (-122.8271096 49.26863152)
1354,2022,1644134400000,Theft from Auto,1001-1028 Walls Avenue,COQUITLAM,49.24444182,-122.8663615,1858,POINT (-122.8663615 49.24444182)
1963,2022,1657954800000,Break & Enter - Residence,2700-2736 Pilot Drive,COQUITLAM,49.26902631,-122.8132135,1859,POINT (-122.8132135 49.26902631)
1183,2021,1639728000000,Theft from Auto,0-0 Highway Ramp,COQUITLAM,49.23522891,-122.8785371,1860,POINT (-122.8785371 49.23522891)
1761,2022,1652943600000,Theft from Auto,1120-1219 Bartlett Avenue,COQUITLAM,49.26936871,-122.8589232,1861,POINT (-122.8589232 49.26936871)
1355,2022,1644220800000,Theft of Auto,416-449 Fairway Street,COQUITLAM,49.2472783,-122.8756845,1862,POINT (-122.8756845 49.2472783)
1184,2021,1639728000000,Break & Enter - Residence,1-14 King Edward Street,COQUITLAM,49.22912756,-122.8615863,1863,POINT (-122.8615863 49.22912756)
1762,2022,1653030000000,Theft from Auto,620-665 Harrison Avenue,COQUITLAM,49.26719875,-122.8851315,1864,POINT (-122.8851315 49.26719875)
1356,2022,1644220800000,Break & Enter - Business,408-417 Donald Street,COQUITLAM,49.24584423,-122.8819168,1865,POINT (-122.8819168 49.24584423)
1964,2022,1658041200000,Theft from Auto,1131-1138 Dufferin Street,COQUITLAM,49.27951084,-122.8040268,1866,POINT (-122.8040268 49.27951084)
1185,2021,1639814400000,Break & Enter - Business,750-903 Sprice Avenue,COQUITLAM,49.25723163,-122.8755943,1867,POINT (-122.8755943 49.25723163)
1763,2022,1653030000000,Theft from Auto,700-728 Dansey Avenue,COQUITLAM,49.24722481,-122.8821191,1868,POINT (-122.8821191 49.24722481)
1965,2022,1658041200000,Break & Enter - Business,201-204 Cayer Street,COQUITLAM,49.23618932,-122.8467221,1869,POINT (-122.8467221 49.23618932)
1357,2022,1644220800000,Theft from Auto,511-521 Smith Avenue,COQUITLAM,49.26035744,-122.8920303,1870,POINT (-122.8920303 49.26035744)
1186,2021,1639814400000,Break & Enter - Residence,3280-3295 Fortune Lane,COQUITLAM,49.28752598,-122.7612945,1871,POINT (-122.7612945 49.28752598)
1764,2022,1653030000000,Theft from Auto,1516-1698 Smith Avenue,COQUITLAM,49.25977076,-122.8493128,1872,POINT (-122.8493128 49.25977076)
1966,2022,1658041200000,Theft from Auto,2656-2697 Burnside Place,COQUITLAM,49.27979445,-122.8101851,1873,POINT (-122.8101851 49.27979445)
1358,2022,1644220800000,Theft from Auto,0-0 Holly Drive,COQUITLAM,49.25093961,-122.8028451,1874,POINT (-122.8028451 49.25093961)
1187,2021,1639900800000,Break & Enter - Business,1450-1580 Brigantine Drive,COQUITLAM,49.22528747,-122.8484626,1875,POINT (-122.8484626 49.22528747)
1765,2022,1653202800000,Theft from Auto,3004-3056 Armada Street,COQUITLAM,49.26543132,-122.8110125,1876,POINT (-122.8110125 49.26543132)
1967,2022,1658041200000,Theft from Auto,682-689 Schoolhouse Street,COQUITLAM,49.25923837,-122.8521261,1877,POINT (-122.8521261 49.25923837)
1359,2022,1644220800000,Theft of Auto,721-771 Delestre Avenue,COQUITLAM,49.24170849,-122.8783882,1878,POINT (-122.8783882 49.24170849)
1188,2021,1639900800000,Break & Enter - Business,960-1095 Lougheed Highway,COQUITLAM,49.23539794,-122.8658125,1879,POINT (-122.8658125 49.23539794)
1766,2022,1653202800000,Theft from Auto,2972-2992 Thacker Avenue,COQUITLAM,49.26541533,-122.7957851,1880,POINT (-122.7957851 49.26541533)
1968,2022,1658127600000,Theft from Auto,3085-3101 Starlight Way,COQUITLAM,49.26805933,-122.8080172,1881,POINT (-122.8080172 49.26805933)
1360,2022,1644220800000,Theft from Auto,3470-3499 Danielson Drive,COQUITLAM,49.30199128,-122.7485891,1882,POINT (-122.7485891 49.30199128)
1189,2021,1639987200000,Theft from Auto,1450-1950 Hartley Avenue,COQUITLAM,49.22661466,-122.8446521,1883,POINT (-122.8446521 49.22661466)
1767,2022,1653289200000,Theft from Auto,2950-2978 Glen Drive,COQUITLAM,49.28272705,-122.7974008,1884,POINT (-122.7974008 49.28272705)
1969,2022,1658127600000,Break & Enter - Residence,2920-2923 Atlantic Avenue,COQUITLAM,49.28177504,-122.7998728,1885,POINT (-122.7998728 49.28177504)
1361,2022,1644220800000,Theft from Auto,1427-1440 Cambridge Drive,COQUITLAM,49.25762831,-122.8527718,1886,POINT (-122.8527718 49.25762831)
1190,2021,1639987200000,Theft from Auto,732-745 Linton Street,COQUITLAM,49.26208681,-122.8408707,1887,POINT (-122.8408707 49.26208681)
1768,2022,1653289200000,Theft from Auto,680-690 Blue Mountain Street,COQUITLAM,49.25851962,-122.8689058,1888,POINT (-122.8689058 49.25851962)
1970,2022,1658127600000,Break & Enter - Residence,280-296 Mariner Way,COQUITLAM,49.23975538,-122.8215072,1889,POINT (-122.8215072 49.23975538)
1362,2022,1644220800000,Theft from Auto,201-204 Cayer Street,COQUITLAM,49.23618932,-122.8467221,1890,POINT (-122.8467221 49.23618932)
1191,2021,1639987200000,Break & Enter - Business,900-959 Sherwood Avenue,COQUITLAM,49.23584614,-122.8712234,1891,POINT (-122.8712234 49.23584614)
1769,2022,1653289200000,Break & Enter - Residence,2500-2666 Cape Horn Avenue,COQUITLAM,49.23878711,-122.8194502,1892,POINT (-122.8194502 49.23878711)
1971,2022,1658127600000,Theft from Auto,120-155 Glacier Street,COQUITLAM,49.23425865,-122.8176076,1893,POINT (-122.8176076 49.23425865)
1363,2022,1644307200000,Theft from Auto,2956-2994 Pinnacle Street,COQUITLAM,49.26266644,-122.8152488,1894,POINT (-122.8152488 49.26266644)
1192,2021,1639987200000,Theft from Auto,1201-1210 Pacific Street,COQUITLAM,49.28466817,-122.7981327,1895,POINT (-122.7981327 49.28466817)
1770,2022,1653289200000,Theft from Auto,1031-1046 Brunette Avenue,COQUITLAM,49.23848894,-122.8635922,1896,POINT (-122.8635922 49.23848894)
1972,2022,1658127600000,Break & Enter - Business,1319-1431 Smith Avenue,COQUITLAM,49.25980003,-122.8541587,1897,POINT (-122.8541587 49.25980003)
1364,2022,1644307200000,Theft from Auto,3100-3108 Daybreak Avenue,COQUITLAM,49.26615278,-122.8088353,1898,POINT (-122.8088353 49.26615278)
1193,2021,1639987200000,Break & Enter - Business,721-771 Delestre Avenue,COQUITLAM,49.24170849,-122.8783882,1899,POINT (-122.8783882 49.24170849)
1771,2022,1653289200000,Theft from Auto,801-830 Henderson Avenue,COQUITLAM,49.23693271,-122.875324,1900,POINT (-122.875324 49.23693271)
1973,2022,1658127600000,Theft from Auto,940-970 Charland Avenue,COQUITLAM,49.24807678,-122.8690879,1901,POINT (-122.8690879 49.24807678)
1365,2022,1644307200000,Theft from Auto,50-99 Schooner Street,COQUITLAM,49.22710864,-122.8399694,1902,POINT (-122.8399694 49.22710864)
1194,2021,1640073600000,Theft from Auto,1101-1112 Hachey Avenue,COQUITLAM,49.24205089,-122.861571,1903,POINT (-122.861571 49.24205089)
1772,2022,1653289200000,Theft from Auto,1807-1842 Harbour Drive,COQUITLAM,49.26970151,-122.8426622,1904,POINT (-122.8426622 49.26970151)
1195,2021,1640160000000,Break & Enter - Business,416-449 Fairway Street,COQUITLAM,49.2472783,-122.8756845,1905,POINT (-122.8756845 49.2472783)
1974,2022,1658127600000,Theft from Auto,240-241 Cayer Street,COQUITLAM,49.23786047,-122.8465891,1906,POINT (-122.8465891 49.23786047)
1773,2022,1653375600000,Theft from Auto,907-920 Gatensbury Street,COQUITLAM,49.26623818,-122.8575577,1907,POINT (-122.8575577 49.26623818)
1366,2022,1644393600000,Break & Enter - Residence,745-796 Westwood Street,COQUITLAM,49.26267422,-122.7949617,1908,POINT (-122.7949617 49.26267422)
1196,2021,1640160000000,Break & Enter - Business,1450-1580 Brigantine Drive,COQUITLAM,49.22528747,-122.8484626,1909,POINT (-122.8484626 49.22528747)
1774,2022,1653375600000,Break & Enter - Business,1332-1364 Brisbane Avenue,COQUITLAM,49.26578375,-122.8553889,1910,POINT (-122.8553889 49.26578375)
1367,2022,1644393600000,Theft of Auto,514-580 Webster Avenue,COQUITLAM,49.25501807,-122.8898078,1911,POINT (-122.8898078 49.25501807)
1197,2021,1640160000000,Theft from Auto,672-692 Firdale Street,COQUITLAM,49.25819638,-122.8371734,1912,POINT (-122.8371734 49.25819638)
1775,2022,1653375600000,Theft from Auto,1206-1217 Como Lake Avenue,COQUITLAM,49.26349246,-122.8582567,1913,POINT (-122.8582567 49.26349246)
1368,2022,1644480000000,Theft from Auto,2114-2130 Austin Avenue,COQUITLAM,49.2490561,-122.8362091,1914,POINT (-122.8362091 49.2490561)
1198,2021,1640246400000,Theft from Auto,681-2761 North Road,COQUITLAM,49.25954632,-122.8930575,1915,POINT (-122.8930575 49.25954632)
1776,2022,1653462000000,Theft of Auto,815-820 Dogwood Street,COQUITLAM,49.26439899,-122.8836277,1916,POINT (-122.8836277 49.26439899)
1369,2022,1644480000000,Theft from Auto,201-204 Cayer Street,COQUITLAM,49.23618932,-122.8467221,1917,POINT (-122.8467221 49.23618932)
1975,2022,1658127600000,Break & Enter - Residence,2534-2565 Barnet Highway,COQUITLAM,49.27783557,-122.8216909,1918,POINT (-122.8216909 49.27783557)
1199,2021,1640246400000,Theft from Auto,2206-2258 Kaptey Avenue,COQUITLAM,49.2343324,-122.8328191,1919,POINT (-122.8328191 49.2343324)
1777,2022,1653462000000,Theft from Auto,2880-2895 Dacre Avenue,COQUITLAM,49.27261528,-122.8024284,1920,POINT (-122.8024284 49.27261528)
1370,2022,1644566400000,Theft from Auto,813-838 Prospect Street,COQUITLAM,49.26467925,-122.8435455,1921,POINT (-122.8435455 49.26467925)
1976,2022,1658127600000,Theft from Auto,1110-1120 Brunette Avenue,COQUITLAM,49.23889515,-122.8616606,1922,POINT (-122.8616606 49.23889515)
1200,2021,1640332800000,Theft from Auto,511-521 Smith Avenue,COQUITLAM,49.26035744,-122.8920303,1923,POINT (-122.8920303 49.26035744)
1778,2022,1653462000000,Theft from Auto,701-715 Alderson Avenue,COQUITLAM,49.23976214,-122.8806953,1924,POINT (-122.8806953 49.23976214)
1371,2022,1644566400000,Theft from Auto,810-846 Rondeau Street,COQUITLAM,49.26503697,-122.8514114,1925,POINT (-122.8514114 49.26503697)
1977,2022,1658127600000,Break & Enter - Business,3509-3520 Hall Avenue,COQUITLAM,49.3013989,-122.7402488,1926,POINT (-122.7402488 49.3013989)
1779,2022,1653462000000,Theft from Auto,2920-2923 Atlantic Avenue,COQUITLAM,49.28177504,-122.7998728,1927,POINT (-122.7998728 49.28177504)
1372,2022,1644566400000,Theft from Auto,2860-2879 Glen Drive,COQUITLAM,49.28274495,-122.8028364,1928,POINT (-122.8028364 49.28274495)
1978,2022,1658127600000,Theft from Auto,3509-3520 Hall Avenue,COQUITLAM,49.3013989,-122.7402488,1929,POINT (-122.7402488 49.3013989)
1780,2022,1653548400000,Theft of Auto,701-715 Alderson Avenue,COQUITLAM,49.23976214,-122.8806953,1930,POINT (-122.8806953 49.23976214)
1373,2022,1644566400000,Theft from Auto,1310-1315 Coast Meridian Road,COQUITLAM,49.29332608,-122.755929,1931,POINT (-122.755929 49.29332608)
1979,2022,1658214000000,Theft from Auto,683-702 Fairview Street,COQUITLAM,49.25935631,-122.882893,1932,POINT (-122.882893 49.25935631)
1781,2022,1653548400000,Theft from Auto,507-525 Joyce Street,COQUITLAM,49.24973762,-122.8733108,1933,POINT (-122.8733108 49.24973762)
1374,2022,1644566400000,Break & Enter - Business,2500-2666 Cape Horn Avenue,COQUITLAM,49.23878711,-122.8194502,1934,POINT (-122.8194502 49.23878711)
1980,2022,1658214000000,Theft from Auto,2644-2647 Austin Avenue,COQUITLAM,49.24908663,-122.8173369,1935,POINT (-122.8173369 49.24908663)
1782,2022,1653548400000,Theft from Auto,1300-1324 Ketch Court,COQUITLAM,49.22760962,-122.8540704,1936,POINT (-122.8540704 49.22760962)
1375,2022,1644652800000,Theft of Auto,201-204 Cayer Street,COQUITLAM,49.23618932,-122.8467221,1937,POINT (-122.8467221 49.23618932)
1981,2022,1658300400000,Break & Enter - Business,960-1095 Lougheed Highway,COQUITLAM,49.23539794,-122.8658125,1938,POINT (-122.8658125 49.23539794)
1783,2022,1653634800000,Theft from Auto,821-844 Fairfax Street,COQUITLAM,49.26474164,-122.8548316,1939,POINT (-122.8548316 49.26474164)
1376,2022,1644652800000,Theft from Auto,942-959 Robinson Street,COQUITLAM,49.26879198,-122.8803127,1940,POINT (-122.8803127 49.26879198)
1982,2022,1658300400000,Theft from Auto,901-930 Tupper Avenue,COQUITLAM,49.23478412,-122.8709044,1941,POINT (-122.8709044 49.23478412)
1784,2022,1653807600000,Break & Enter - Residence,927-940 Poirier Street,COQUITLAM,49.26712378,-122.8464109,1942,POINT (-122.8464109 49.26712378)
1377,2022,1644652800000,Theft of Auto,901-943 Harris Avenue,COQUITLAM,49.23887814,-122.8709977,1943,POINT (-122.8709977 49.23887814)
1983,2022,1658386800000,Theft from Auto,3070-3078 Tantalus Court,COQUITLAM,49.30026247,-122.7848667,1944,POINT (-122.7848667 49.30026247)
1785,2022,1653807600000,Theft of Auto,1035-1061 Alderson Avenue,COQUITLAM,49.23974003,-122.8636843,1945,POINT (-122.8636843 49.23974003)
1378,2022,1644652800000,Break & Enter - Business,2126-3249 Lincoln Avenue,COQUITLAM,49.27842824,-122.770124,1946,POINT (-122.770124 49.27842824)
1984,2022,1658473200000,Theft from Auto,1110-1400 Lougheed Highway,COQUITLAM,49.23390747,-122.8588771,1947,POINT (-122.8588771 49.23390747)
1786,2022,1653807600000,Theft from Auto,2957-2966 Albion Drive,COQUITLAM,49.29055256,-122.7972978,1948,POINT (-122.7972978 49.29055256)
1985,2022,1658473200000,Theft from Auto,2985-2999 David Avenue,COQUITLAM,49.29453399,-122.790782,1949,POINT (-122.790782 49.29453399)
1379,2022,1644739200000,Break & Enter - Business,417-450 Westview Street,COQUITLAM,49.24757864,-122.8896705,1950,POINT (-122.8896705 49.24757864)
1787,2022,1653807600000,Theft from Auto,900-924 Dansey Avenue,COQUITLAM,49.24717828,-122.872162,1951,POINT (-122.872162 49.24717828)
1986,2022,1658473200000,Theft of Auto,100-120 Schoolhouse Street,COQUITLAM,49.23292046,-122.8526091,1952,POINT (-122.8526091 49.23292046)
1380,2022,1644739200000,Break & Enter - Business,663-718 Morrison Avenue,COQUITLAM,49.26547361,-122.8829612,1953,POINT (-122.8829612 49.26547361)
1788,2022,1653894000000,Theft from Auto,2945-2957 Fleming Avenue,COQUITLAM,49.27176314,-122.7971485,1954,POINT (-122.7971485 49.27176314)
1987,2022,1658559600000,Theft of Auto,2985-2999 David Avenue,COQUITLAM,49.29453399,-122.790782,1955,POINT (-122.790782 49.29453399)
1381,2022,1644825600000,Theft from Auto,65-77 Clipper Street,COQUITLAM,49.22843878,-122.8528211,1956,POINT (-122.8528211 49.22843878)
1789,2022,1653894000000,Theft from Auto,1210-1265 Falcon Drive,COQUITLAM,49.28572126,-122.8184076,1957,POINT (-122.8184076 49.28572126)
1988,2022,1658559600000,Theft from Auto,709-711 Smith Avenue,COQUITLAM,49.26018198,-122.8817815,1958,POINT (-122.8817815 49.26018198)
1382,2022,1644825600000,Break & Enter - Residence,2500-2591 Panorama Drive,COQUITLAM,49.30076688,-122.8213531,1959,POINT (-122.8213531 49.30076688)
1790,2022,1653894000000,Theft from Auto,2500-2666 Cape Horn Avenue,COQUITLAM,49.23878711,-122.8194502,1960,POINT (-122.8194502 49.23878711)
1989,2022,1658559600000,Break & Enter - Business,525-568 Clarke Road,COQUITLAM,49.26102606,-122.8907694,1961,POINT (-122.8907694 49.26102606)
1383,2022,1644825600000,Break & Enter - Residence,3130-3160 Plimsoll Street,COQUITLAM,49.27005522,-122.8121288,1962,POINT (-122.8121288 49.27005522)
1791,2022,1653894000000,Theft from Auto,663-718 Morrison Avenue,COQUITLAM,49.26547361,-122.8829612,1963,POINT (-122.8829612 49.26547361)
1990,2022,1658646000000,Theft from Auto,416-427 Blue Mountain Street,COQUITLAM,49.2467276,-122.871858,1964,POINT (-122.871858 49.2467276)
1384,2022,1644825600000,Theft from Auto,525-568 Clarke Road,COQUITLAM,49.26102606,-122.8907694,1965,POINT (-122.8907694 49.26102606)
1792,2022,1653980400000,Theft from Auto,101-139 Finnigan Street,COQUITLAM,49.23344985,-122.8368307,1966,POINT (-122.8368307 49.23344985)
1991,2022,1658646000000,Break & Enter - Business,1330-1340 Olmsted Street,COQUITLAM,49.29363227,-122.7422514,1967,POINT (-122.7422514 49.29363227)
1385,2022,1644825600000,Theft from Auto,110-250 Myrnam Street,COQUITLAM,49.23745496,-122.8491712,1968,POINT (-122.8491712 49.23745496)
1793,2022,1653980400000,Theft from Auto,650-751 Edgar Avenue,COQUITLAM,49.24258912,-122.8815267,1969,POINT (-122.8815267 49.24258912)
1992,2022,1658646000000,Break & Enter - Business,3070-3089 Guildford Way,COQUITLAM,49.28473541,-122.7893348,1970,POINT (-122.7893348 49.28473541)
1386,2022,1644825600000,Break & Enter - Residence,3601-3795 Lincoln Avenue,COQUITLAM,49.27853339,-122.721935,1971,POINT (-122.721935 49.27853339)
1794,2022,1653980400000,Theft from Auto,101-195 Schoolhouse Street,COQUITLAM,49.23479161,-122.8525471,1972,POINT (-122.8525471 49.23479161)
1993,2022,1658646000000,Break & Enter - Business,2000-2100 United Boulevard,COQUITLAM,49.2284693,-122.8370439,1973,POINT (-122.8370439 49.2284693)
1387,2022,1644825600000,Theft from Auto,2975-2995 Princess Crescent,COQUITLAM,49.28606976,-122.796453,1974,POINT (-122.796453 49.28606976)
1795,2022,1653980400000,Break & Enter - Residence,3565-3579 Harper Road,COQUITLAM,49.30108728,-122.7333438,1975,POINT (-122.7333438 49.30108728)
1994,2022,1658732400000,Theft from Auto,1160-1180 Pinetree Way,COQUITLAM,49.28115265,-122.7932721,1976,POINT (-122.7932721 49.28115265)
1388,2022,1644912000000,Theft from Auto,201-204 Cayer Street,COQUITLAM,49.23618932,-122.8467221,1977,POINT (-122.8467221 49.23618932)
1796,2022,1654153200000,Theft from Auto,3750-3799 Quarry Road,COQUITLAM,49.29959111,-122.7095626,1978,POINT (-122.7095626 49.29959111)
1995,2022,1658905200000,Break & Enter - Residence,1531-1559 Parkway Boulevard,COQUITLAM,49.30179601,-122.806586,1979,POINT (-122.806586 49.30179601)
1389,2022,1644912000000,Theft of Auto,3164-3200 Mariner Way,COQUITLAM,49.27191053,-122.8138856,1980,POINT (-122.8138856 49.27191053)
1797,2022,1654153200000,Break & Enter - Residence,3565-3579 Harper Road,COQUITLAM,49.30108728,-122.7333438,1981,POINT (-122.7333438 49.30108728)
1996,2022,1658991600000,Theft from Auto,2904-2942 Valleyvista Drive,COQUITLAM,49.29721153,-122.7993675,1982,POINT (-122.7993675 49.29721153)
1390,2022,1644912000000,Theft from Auto,3085-3101 Starlight Way,COQUITLAM,49.26805933,-122.8080172,1983,POINT (-122.8080172 49.26805933)
1798,2022,1654153200000,Theft from Auto,1401-1431 King Albert Avenue,COQUITLAM,49.25142559,-122.8536781,1984,POINT (-122.8536781 49.25142559)
1997,2022,1659078000000,Theft of Auto,101-195 Schoolhouse Street,COQUITLAM,49.23479161,-122.8525471,1985,POINT (-122.8525471 49.23479161)
1391,2022,1644912000000,Break & Enter - Business,906-919 Sprice Avenue,COQUITLAM,49.25719507,-122.8711017,1986,POINT (-122.8711017 49.25719507)
1799,2022,1654239600000,Theft from Auto,500-518 Marmont Street,COQUITLAM,49.25018238,-122.8622037,1987,POINT (-122.8622037 49.25018238)
1998,2022,1659078000000,Theft from Auto,1037-1062 Rochester Avenue,COQUITLAM,49.24533149,-122.8635901,1988,POINT (-122.8635901 49.24533149)
1392,2022,1644912000000,Theft from Auto,1300-1324 Ketch Court,COQUITLAM,49.22760962,-122.8540704,1989,POINT (-122.8540704 49.22760962)
1393,2022,1644912000000,Break & Enter - Business,0-1439 Collins Road,COQUITLAM,49.29980539,-122.7614458,1990,POINT (-122.7614458 49.29980539)
1800,2022,1654326000000,Break & Enter - Business,451-499 Marmont Street,COQUITLAM,49.24934496,-122.8621996,1991,POINT (-122.8621996 49.24934496)
1394,2022,1644912000000,Theft from Auto,200-208 Finnigan Street,COQUITLAM,49.23631142,-122.8369054,1992,POINT (-122.8369054 49.23631142)
1999,2022,1659164400000,Theft from Auto,1220-1400 Seguin Drive,COQUITLAM,49.23429332,-122.8560282,1993,POINT (-122.8560282 49.23429332)
1395,2022,1644912000000,Break & Enter - Residence,2005-2090 Hillside Avenue,COQUITLAM,49.23293156,-122.8386862,1994,POINT (-122.8386862 49.23293156)
2000,2022,1659164400000,Theft from Auto,330-348 Laval Street,COQUITLAM,49.24329081,-122.8573233,1995,POINT (-122.8573233 49.24329081)
1396,2022,1644912000000,Theft from Auto,2091-2211 Kaptey Avenue,COQUITLAM,49.23394084,-122.8354466,1996,POINT (-122.8354466 49.23394084)
1397,2022,1644912000000,Theft from Auto,1031-1046 Brunette Avenue,COQUITLAM,49.23848894,-122.8635922,1997,POINT (-122.8635922 49.23848894)
1398,2022,1644998400000,Theft from Auto,1310-1315 Coast Meridian Road,COQUITLAM,49.29332608,-122.755929,1998,POINT (-122.755929 49.29332608)
1399,2022,1644998400000,Theft from Auto,1527-1557 Balmoral Avenue,COQUITLAM,49.26576932,-122.8510381,1999,POINT (-122.8510381 49.26576932)
1400,2022,1644998400000,Theft from Auto,629-647 Gardena Drive,COQUITLAM,49.26455307,-122.8890598,2000,POINT (-122.8890598 49.26455307)
2001,2022,1659164400000,Break & Enter - Business,1037-1062 Rochester Avenue,COQUITLAM,49.24533149,-122.8635901,2001,POINT (-122.8635901 49.24533149)
2002,2022,1659250800000,Theft of Auto,11-25 King Edward Street,COQUITLAM,49.23244937,-122.8616158,2002,POINT (-122.8616158 49.23244937)
2003,2022,1659250800000,Theft from Auto,1004-1025 Dory Street,COQUITLAM,49.27133117,-122.8087003,2003,POINT (-122.8087003 49.27133117)
2004,2022,1659337200000,Theft from Auto,2916-2933 Walton Avenue,COQUITLAM,49.2899499,-122.7996984,2004,POINT (-122.7996984 49.2899499)
2005,2022,1659337200000,Break & Enter - Business,101-195 Schoolhouse Street,COQUITLAM,49.23479161,-122.8525471,2005,POINT (-122.8525471 49.23479161)
2006,2022,1659337200000,Theft from Auto,3075-3087 Plateau Boulevard,COQUITLAM,49.30620236,-122.7904715,2006,POINT (-122.7904715 49.30620236)
2007,2022,1659423600000,Theft from Auto,1015-1039 Saddle Street,COQUITLAM,49.27179826,-122.8045004,2007,POINT (-122.8045004 49.27179826)
2008,2022,1659423600000,Theft from Auto,1542-1570 Stoneridge Lane,COQUITLAM,49.30409722,-122.8221485,2008,POINT (-122.8221485 49.30409722)
2009,2022,1659423600000,Theft from Auto,3170-3218 Sylvia Place,COQUITLAM,49.2996269,-122.7798319,2009,POINT (-122.7798319 49.2996269)
2010,2022,1659510000000,Break & Enter - Business,3001-3061 Gordon Avenue,COQUITLAM,49.27109933,-122.7927784,2010,POINT (-122.7927784 49.27109933)
2011,2022,1659510000000,Theft from Auto,681-2761 North Road,COQUITLAM,49.25954632,-122.8930575,2011,POINT (-122.8930575 49.25954632)
2012,2022,1659596400000,Theft from Auto,749-757 Dogwood Street,COQUITLAM,49.26313464,-122.88354,2012,POINT (-122.88354 49.26313464)
2013,2022,1659596400000,Theft from Auto,681-2761 North Road,COQUITLAM,49.25954632,-122.8930575,2013,POINT (-122.8930575 49.25954632)
2014,2022,1659596400000,Theft from Auto,715-739 Farrow Street,COQUITLAM,49.26159241,-122.8919587,2014,POINT (-122.8919587 49.26159241)
2015,2022,1659682800000,Break & Enter - Residence,101-195 Schoolhouse Street,COQUITLAM,49.23479161,-122.8525471,2015,POINT (-122.8525471 49.23479161)
2016,2022,1659682800000,Theft from Auto,1400-1418 Strawline Hill Street,COQUITLAM,49.29862229,-122.7390539,2016,POINT (-122.7390539 49.29862229)
2017,2022,1659682800000,Theft from Auto,518-551 Poirier Street,COQUITLAM,49.25050132,-122.8466294,2017,POINT (-122.8466294 49.25050132)
2018,2022,1659682800000,Break & Enter - Business,1220-1400 Seguin Drive,COQUITLAM,49.23429332,-122.8560282,2018,POINT (-122.8560282 49.23429332)
2019,2022,1659682800000,Break & Enter - Residence,319-343 Finnigan Street,COQUITLAM,49.24076904,-122.8369711,2019,POINT (-122.8369711 49.24076904)
2020,2022,1659682800000,Theft from Auto,508-520 Blue Mountain Street,COQUITLAM,49.25015016,-122.8690945,2020,POINT (-122.8690945 49.25015016)
2021,2022,1659682800000,Break & Enter - Residence,213-228 Cayer Street,COQUITLAM,49.23714683,-122.8467146,2021,POINT (-122.8467146 49.23714683)
2022,2022,1659682800000,Break & Enter - Business,525-568 Clarke Road,COQUITLAM,49.26102606,-122.8907694,2022,POINT (-122.8907694 49.26102606)
2023,2022,1659682800000,Theft from Auto,2161-2348 Cape Horn Avenue,COQUITLAM,49.23172539,-122.8327541,2023,POINT (-122.8327541 49.23172539)
2024,2022,1659769200000,Theft from Auto,3393-3440 Princeton Avenue,COQUITLAM,49.29849521,-122.7533185,2024,POINT (-122.7533185 49.29849521)
2025,2022,1659769200000,Theft from Auto,2000-2131 Hartley Avenue,COQUITLAM,49.22598236,-122.837319,2025,POINT (-122.837319 49.22598236)
2026,2022,1659769200000,Theft from Auto,1300-1340 Kintail Court,COQUITLAM,49.29377237,-122.7528098,2026,POINT (-122.7528098 49.29377237)
2409,2022,1668412800000,Theft from Auto,451-499 Marmont Street,COQUITLAM,49.24934496,-122.8621996,2027,POINT (-122.8621996 49.24934496)
2027,2022,1659855600000,Break & Enter - Residence,541-611 Smith Avenue,COQUITLAM,49.26027604,-122.8872784,2028,POINT (-122.8872784 49.26027604)
2028,2022,1659855600000,Theft from Auto,322-329 Teck Street,COQUITLAM,49.24242206,-122.8585354,2029,POINT (-122.8585354 49.24242206)
2029,2022,1659855600000,Theft from Auto,403-3965 North Road,COQUITLAM,49.24743607,-122.8927177,2030,POINT (-122.8927177 49.24743607)
2030,2022,1660028400000,Break & Enter - Business,1001-1011 Palmdale Street,COQUITLAM,49.27004174,-122.8073502,2031,POINT (-122.8073502 49.27004174)
2031,2022,1660028400000,Theft from Auto,502-574 Linton Street,COQUITLAM,49.2502589,-122.8410908,2032,POINT (-122.8410908 49.2502589)
2032,2022,1660028400000,Theft from Auto,1100-1183 Pacific Street,COQUITLAM,49.28227517,-122.7988511,2033,POINT (-122.7988511 49.28227517)
2033,2022,1660028400000,Theft from Auto,2794-2819 Nash Drive,COQUITLAM,49.28699903,-122.8095819,2034,POINT (-122.8095819 49.28699903)
2034,2022,1660028400000,Theft from Auto,550-578 Emerson Street,COQUITLAM,49.26176206,-122.887076,2035,POINT (-122.887076 49.26176206)
2035,2022,1660028400000,Theft from Auto,1211-1260 Thomas Avenue,COQUITLAM,49.24280113,-122.857877,2036,POINT (-122.857877 49.24280113)
2036,2022,1660114800000,Break & Enter - Residence,817-835 Porter Street,COQUITLAM,49.26483065,-122.8631702,2037,POINT (-122.8631702 49.26483065)
2037,2022,1660114800000,Theft from Auto,0-0 Holly Drive,COQUITLAM,49.25093961,-122.8028451,2038,POINT (-122.8028451 49.25093961)
2038,2022,1660114800000,Theft from Auto,560-576 Tipton Street,COQUITLAM,49.25333109,-122.8544391,2039,POINT (-122.8544391 49.25333109)
2039,2022,1660114800000,Theft from Auto,241-259 Thrift Street,COQUITLAM,49.23922078,-122.8768963,2040,POINT (-122.8768963 49.23922078)
2040,2022,1660114800000,Break & Enter - Business,953-962 Ranch Park Way,COQUITLAM,49.26756099,-122.8037742,2041,POINT (-122.8037742 49.26756099)
2041,2022,1660114800000,Theft from Auto,132-168 Mundy Street,COQUITLAM,49.23418202,-122.8341179,2042,POINT (-122.8341179 49.23418202)
2042,2022,1660201200000,Break & Enter - Business,301-324 Burns Street,COQUITLAM,49.24143357,-122.8761494,2043,POINT (-122.8761494 49.24143357)
2043,2022,1660201200000,Theft from Auto,608-618 Clearwater Way,COQUITLAM,49.25730684,-122.8089827,2044,POINT (-122.8089827 49.25730684)
2044,2022,1660201200000,Theft from Auto,964-1007 Ranch Park Way,COQUITLAM,49.26919801,-122.803226,2045,POINT (-122.803226 49.26919801)
2045,2022,1660201200000,Break & Enter - Business,2700-2739 Anchor Place,COQUITLAM,49.26761209,-122.8120463,2046,POINT (-122.8120463 49.26761209)
2046,2022,1660201200000,Theft of Auto,2900-2909 Meadowvista Place,COQUITLAM,49.29921726,-122.7999995,2047,POINT (-122.7999995 49.29921726)
2047,2022,1660201200000,Break & Enter - Residence,411-456 Walker Street,COQUITLAM,49.24771793,-122.8771313,2048,POINT (-122.8771313 49.24771793)
2048,2022,1660287600000,Theft of Auto,3162-3188 Leeward Court,COQUITLAM,49.27303504,-122.8140947,2049,POINT (-122.8140947 49.27303504)
2049,2022,1660287600000,Theft from Auto,2007-2129 Parkway Boulevard,COQUITLAM,49.31516039,-122.796336,2050,POINT (-122.796336 49.31516039)
2050,2022,1660287600000,Theft from Auto,1000-1021 Windward Drive,COQUITLAM,49.27312623,-122.81235,2051,POINT (-122.81235 49.27312623)
2051,2022,1660287600000,Theft from Auto,101-195 Schoolhouse Street,COQUITLAM,49.23479161,-122.8525471,2052,POINT (-122.8525471 49.23479161)
2052,2022,1660287600000,Theft from Auto,3061-3069 Daybreak Avenue,COQUITLAM,49.26585899,-122.8062092,2053,POINT (-122.8062092 49.26585899)
2053,2022,1660287600000,Theft from Auto,3061-3069 Daybreak Avenue,COQUITLAM,49.26585899,-122.8062092,2054,POINT (-122.8062092 49.26585899)
2054,2022,1660374000000,Break & Enter - Business,2900-2915 Norman Avenue,COQUITLAM,49.27092718,-122.8002654,2055,POINT (-122.8002654 49.27092718)
2055,2022,1660374000000,Theft from Auto,417-450 Westview Street,COQUITLAM,49.24757864,-122.8896705,2056,POINT (-122.8896705 49.24757864)
2056,2022,1660374000000,Theft from Auto,2950-2959 Berkeley Place,COQUITLAM,49.26896435,-122.7965878,2057,POINT (-122.7965878 49.26896435)
2057,2022,1660460400000,Theft from Auto,1104-1125 Wallace Court,COQUITLAM,49.27282662,-122.8028724,2058,POINT (-122.8028724 49.27282662)
2058,2022,1660460400000,Theft from Auto,2971-2991 Reece Avenue,COQUITLAM,49.26990939,-122.7954179,2059,POINT (-122.7954179 49.26990939)
2059,2022,1660460400000,Theft from Auto,2707-2724 Mara Drive,COQUITLAM,49.25982001,-122.8144039,2060,POINT (-122.8144039 49.25982001)
2060,2022,1660460400000,Theft from Auto,1004-1025 Dory Street,COQUITLAM,49.27133117,-122.8087003,2061,POINT (-122.8087003 49.27133117)
2061,2022,1660460400000,Theft from Auto,952-1026 Ridgeway Avenue,COQUITLAM,49.2497021,-122.8673709,2062,POINT (-122.8673709 49.2497021)
2062,2022,1660460400000,Theft from Auto,1035-1064 Howie Avenue,COQUITLAM,49.25056759,-122.8638816,2063,POINT (-122.8638816 49.25056759)
2063,2022,1660546800000,Theft from Auto,667-674 Hailey Street,COQUITLAM,49.2576913,-122.8702764,2064,POINT (-122.8702764 49.2576913)
2064,2022,1660633200000,Theft of Auto,213-228 Cayer Street,COQUITLAM,49.23714683,-122.8467146,2065,POINT (-122.8467146 49.23714683)
2065,2022,1660633200000,Theft from Auto,2700-2745 Barnet Highway,COQUITLAM,49.27786163,-122.810408,2066,POINT (-122.810408 49.27786163)
2066,2022,1660633200000,Theft from Auto,549-618 Draycott Street,COQUITLAM,49.25213256,-122.8369105,2067,POINT (-122.8369105 49.25213256)
2067,2022,1660633200000,Theft from Auto,716-729 Hailey Street,COQUITLAM,49.26130046,-122.8702365,2068,POINT (-122.8702365 49.26130046)
2068,2022,1660719600000,Theft from Auto,2700-2745 Barnet Highway,COQUITLAM,49.27786163,-122.810408,2069,POINT (-122.810408 49.27786163)
2069,2022,1660719600000,Theft from Auto,340-359 Blue Mountain Street,COQUITLAM,49.24313819,-122.8729312,2070,POINT (-122.8729312 49.24313819)
2070,2022,1660719600000,Break & Enter - Business,202-236 Lebleu Street,COQUITLAM,49.23846463,-122.8675335,2071,POINT (-122.8675335 49.23846463)
2071,2022,1660806000000,Break & Enter - Residence,900-976 Edgar Avenue,COQUITLAM,49.24268421,-122.8696692,2072,POINT (-122.8696692 49.24268421)
2072,2022,1660806000000,Theft from Auto,452-496 Midvale Street,COQUITLAM,49.24787082,-122.8380211,2073,POINT (-122.8380211 49.24787082)
2073,2022,1660806000000,Theft from Auto,1160-1180 Pinetree Way,COQUITLAM,49.28115265,-122.7932721,2074,POINT (-122.7932721 49.28115265)
2074,2022,1660806000000,Theft from Auto,412-439 Schoolhouse Street,COQUITLAM,49.24668303,-122.8524618,2075,POINT (-122.8524618 49.24668303)
2075,2022,1660892400000,Theft from Auto,1025-1099 Charland Avenue,COQUITLAM,49.24804534,-122.8636025,2076,POINT (-122.8636025 49.24804534)
2076,2022,1660892400000,Theft from Auto,55-98 Fawcett Road,COQUITLAM,49.2276379,-122.8342218,2077,POINT (-122.8342218 49.2276379)
2077,2022,1660892400000,Theft from Auto,1460-1489 Southview Street,COQUITLAM,49.30378029,-122.7540304,2078,POINT (-122.7540304 49.30378029)
2078,2022,1660892400000,Theft from Auto,744-757 Sprice Avenue,COQUITLAM,49.25737847,-122.878532,2079,POINT (-122.878532 49.25737847)
2079,2022,1660892400000,Theft from Auto,320-334 Burns Street,COQUITLAM,49.24313008,-122.8762977,2080,POINT (-122.8762977 49.24313008)
2080,2022,1660892400000,Theft from Auto,525-568 Clarke Road,COQUITLAM,49.26102606,-122.8907694,2081,POINT (-122.8907694 49.26102606)
2081,2022,1660892400000,Theft from Auto,500-518 Marmont Street,COQUITLAM,49.25018238,-122.8622037,2082,POINT (-122.8622037 49.25018238)
2082,2022,1660892400000,Theft from Auto,1103-1209 Howie Avenue,COQUITLAM,49.25053291,-122.8600807,2083,POINT (-122.8600807 49.25053291)
2083,2022,1660978800000,Theft from Auto,269-298 Burns Street,COQUITLAM,49.24030779,-122.8761778,2084,POINT (-122.8761778 49.24030779)
2084,2022,1660978800000,Break & Enter - Business,817-835 Porter Street,COQUITLAM,49.26483065,-122.8631702,2085,POINT (-122.8631702 49.26483065)
2085,2022,1660978800000,Theft from Auto,451-499 Marmont Street,COQUITLAM,49.24934496,-122.8621996,2086,POINT (-122.8621996 49.24934496)
2086,2022,1660978800000,Theft from Auto,624-763 Sydney Avenue,COQUITLAM,49.24812685,-122.8814936,2087,POINT (-122.8814936 49.24812685)
2087,2022,1661065200000,Theft from Auto,2954-2980 Starlight Way,COQUITLAM,49.26166835,-122.8095559,2088,POINT (-122.8095559 49.26166835)
2088,2022,1661065200000,Theft from Auto,2701-2738 Alice Lake Place,COQUITLAM,49.2551925,-122.812669,2089,POINT (-122.812669 49.2551925)
2089,2022,1661065200000,Theft from Auto,659-670 Schoolhouse Street,COQUITLAM,49.25780142,-122.8521658,2090,POINT (-122.8521658 49.25780142)
2090,2022,1661065200000,Theft from Auto,2707-2724 Mara Drive,COQUITLAM,49.25982001,-122.8144039,2091,POINT (-122.8144039 49.25982001)
2091,2022,1661065200000,Theft from Auto,407-445 Lakeview Street,COQUITLAM,49.24540785,-122.8356679,2092,POINT (-122.8356679 49.24540785)
2092,2022,1661065200000,Theft from Auto,801-829 Smith Avenue,COQUITLAM,49.25997604,-122.875731,2093,POINT (-122.875731 49.25997604)
2093,2022,1661065200000,Theft from Auto,2750-2881 Barnet Highway,COQUITLAM,49.2776863,-122.8052579,2094,POINT (-122.8052579 49.2776863)
2094,2022,1661151600000,Break & Enter - Residence,801-827 Gatensbury Street,COQUITLAM,49.26422749,-122.8576121,2095,POINT (-122.8576121 49.26422749)
2095,2022,1661151600000,Theft from Auto,2975-3009 Glen Drive,COQUITLAM,49.28268513,-122.7944408,2096,POINT (-122.7944408 49.28268513)
2096,2022,1661151600000,Theft from Auto,1450-1580 Brigantine Drive,COQUITLAM,49.22528747,-122.8484626,2097,POINT (-122.8484626 49.22528747)
2097,2022,1661151600000,Theft from Auto,2920-2975 Atlantic Avenue,COQUITLAM,49.28177732,-122.79789,2098,POINT (-122.79789 49.28177732)
2098,2022,1661151600000,Theft from Auto,3000-3023 Alderbrook Place,COQUITLAM,49.26760727,-122.7942352,2099,POINT (-122.7942352 49.26760727)
2613,2023,1674115200000,Theft from Auto,2920-2923 Atlantic Avenue,COQUITLAM,49.28177504,-122.7998728,2100,POINT (-122.7998728 49.28177504)
2099,2022,1661238000000,Theft from Auto,320-334 Burns Street,COQUITLAM,49.24313008,-122.8762977,2101,POINT (-122.8762977 49.24313008)
2817,2023,1679468400000,Theft from Auto,594-611 Sydney Avenue,COQUITLAM,49.24817014,-122.8866523,2102,POINT (-122.8866523 49.24817014)
2100,2022,1661238000000,Theft from Auto,3000-3023 Alderbrook Place,COQUITLAM,49.26760727,-122.7942352,2103,POINT (-122.7942352 49.26760727)
2101,2022,1661238000000,Theft of Auto,407-443 Draycott Street,COQUITLAM,49.24564665,-122.8368384,2104,POINT (-122.8368384 49.24564665)
2102,2022,1661238000000,Theft from Auto,3000-3023 Alderbrook Place,COQUITLAM,49.26760727,-122.7942352,2105,POINT (-122.7942352 49.26760727)
2307,2022,1665644400000,Theft from Auto,500-518 Marmont Street,COQUITLAM,49.25018238,-122.8622037,2106,POINT (-122.8622037 49.25018238)
2205,2022,1663225200000,Theft from Auto,3161-3168 Hallam Court,COQUITLAM,49.30293318,-122.7784997,2107,POINT (-122.7784997 49.30293318)
2308,2022,1665730800000,Theft from Auto,560-576 Tipton Street,COQUITLAM,49.25333109,-122.8544391,2108,POINT (-122.8544391 49.25333109)
2818,2023,1679468400000,Theft from Auto,942-959 Robinson Street,COQUITLAM,49.26879198,-122.8803127,2109,POINT (-122.8803127 49.26879198)
2309,2022,1665817200000,Theft from Auto,960-971 Lillian Street,COQUITLAM,49.26886468,-122.860257,2110,POINT (-122.860257 49.26886468)
2410,2022,1668499200000,Theft from Auto,1257-1279 Durant Drive,COQUITLAM,49.28972902,-122.8079677,2111,POINT (-122.8079677 49.28972902)
2819,2023,1679554800000,Theft from Auto,1900-1910 Foster Avenue,COQUITLAM,49.25605633,-122.840456,2112,POINT (-122.840456 49.25605633)
2614,2023,1674115200000,Theft from Auto,1181-1215 Pipeline Road,COQUITLAM,49.28422977,-122.7854423,2113,POINT (-122.7854423 49.28422977)
2310,2022,1665903600000,Theft from Auto,2700-2745 Barnet Highway,COQUITLAM,49.27786163,-122.810408,2114,POINT (-122.810408 49.27786163)
2411,2022,1668499200000,Theft from Auto,1020-1048 Winslow Avenue,COQUITLAM,49.25390773,-122.8645399,2115,POINT (-122.8645399 49.25390773)
2820,2023,1679554800000,Theft from Auto,0-0 Highway Ramp,COQUITLAM,49.23986338,-122.8138393,2116,POINT (-122.8138393 49.23986338)
2615,2023,1674115200000,Break & Enter - Business,540-559 Foster Avenue,COQUITLAM,49.25677513,-122.8881019,2117,POINT (-122.8881019 49.25677513)
2311,2022,1665903600000,Theft from Auto,1310-1329 Lemax Avenue,COQUITLAM,49.25263736,-122.8569305,2118,POINT (-122.8569305 49.25263736)
2312,2022,1665903600000,Theft from Auto,624-644 Shaw Avenue,COQUITLAM,49.24403017,-122.8842592,2119,POINT (-122.8842592 49.24403017)
2313,2022,1665903600000,Theft from Auto,1121-1180 Como Lake Avenue,COQUITLAM,49.26350377,-122.8597596,2120,POINT (-122.8597596 49.26350377)
2314,2022,1666076400000,Theft from Auto,201-204 Cayer Street,COQUITLAM,49.23618932,-122.8467221,2121,POINT (-122.8467221 49.23618932)
2315,2022,1666076400000,Theft from Auto,517-578 Ascot Street,COQUITLAM,49.25061632,-122.8425445,2122,POINT (-122.8425445 49.25061632)
2316,2022,1666076400000,Theft from Auto,1304-1411 Winslow Avenue,COQUITLAM,49.25386042,-122.8561745,2123,POINT (-122.8561745 49.25386042)
2317,2022,1666076400000,Theft from Auto,280-294 Hart Street,COQUITLAM,49.2393973,-122.8818861,2124,POINT (-122.8818861 49.2393973)
2318,2022,1666076400000,Theft from Auto,447-460 Westview Street,COQUITLAM,49.2485655,-122.8896559,2125,POINT (-122.8896559 49.2485655)
2319,2022,1666076400000,Theft from Auto,2110-2131 Venice Avenue,COQUITLAM,49.24816478,-122.8360895,2126,POINT (-122.8360895 49.24816478)
2320,2022,1666076400000,Theft from Auto,2860-2885 Packard Avenue,COQUITLAM,49.27998352,-122.8029144,2127,POINT (-122.8029144 49.27998352)
2321,2022,1666076400000,Theft from Auto,293-315 Finnigan Street,COQUITLAM,49.23950391,-122.8369442,2128,POINT (-122.8369442 49.23950391)
2322,2022,1666162800000,Theft from Auto,506-545 Whiting Way,COQUITLAM,49.24960081,-122.8904443,2129,POINT (-122.8904443 49.24960081)
2323,2022,1666162800000,Theft of Auto,1031-1070 Quadling Avenue,COQUITLAM,49.24082247,-122.8637259,2130,POINT (-122.8637259 49.24082247)
2324,2022,1666162800000,Theft from Auto,3001-3028 Maplebrook Place,COQUITLAM,49.26608023,-122.7941724,2131,POINT (-122.7941724 49.26608023)
2325,2022,1666162800000,Theft from Auto,514-539 Foster Avenue,COQUITLAM,49.25679755,-122.8907849,2132,POINT (-122.8907849 49.25679755)
2326,2022,1666162800000,Theft from Auto,833-863 Herrmann Street,COQUITLAM,49.26506097,-122.7967318,2133,POINT (-122.7967318 49.26506097)
2327,2022,1666162800000,Theft from Auto,2975-2979 Atlantic Avenue,COQUITLAM,49.28176464,-122.7965857,2134,POINT (-122.7965857 49.28176464)
2328,2022,1666162800000,Theft from Auto,701-715 Alderson Avenue,COQUITLAM,49.23976214,-122.8806953,2135,POINT (-122.8806953 49.23976214)
2329,2022,1666249200000,Break & Enter - Residence,2920-2975 Atlantic Avenue,COQUITLAM,49.28177732,-122.79789,2136,POINT (-122.79789 49.28177732)
2330,2022,1666335600000,Theft of Auto,101-139 Finnigan Street,COQUITLAM,49.23344985,-122.8368307,2137,POINT (-122.8368307 49.23344985)
2331,2022,1666335600000,Break & Enter - Business,3544-3579 Victoria Drive,COQUITLAM,49.28696314,-122.7354999,2138,POINT (-122.7354999 49.28696314)
2332,2022,1666335600000,Theft from Auto,3544-3579 Victoria Drive,COQUITLAM,49.28696314,-122.7354999,2139,POINT (-122.7354999 49.28696314)
2333,2022,1666335600000,Theft from Auto,511-518 Como Lake Avenue,COQUITLAM,49.26299807,-122.8916802,2140,POINT (-122.8916802 49.26299807)
2334,2022,1666335600000,Break & Enter - Residence,1134-1152 Windsor Mews,COQUITLAM,49.28009795,-122.786301,2141,POINT (-122.786301 49.28009795)
2335,2022,1666335600000,Break & Enter - Residence,1750-1900 Brigantine Drive,COQUITLAM,49.22471569,-122.8430907,2142,POINT (-122.8430907 49.22471569)
2336,2022,1666422000000,Theft from Auto,2700-2737 Daybreak Avenue,COQUITLAM,49.26828248,-122.8123984,2143,POINT (-122.8123984 49.26828248)
2337,2022,1666422000000,Theft from Auto,1240-1249 Rocklin Street,COQUITLAM,49.28794517,-122.7378579,2144,POINT (-122.7378579 49.28794517)
2338,2022,1666422000000,Theft of Auto,1150-1158 Esperanza Drive,COQUITLAM,49.28266018,-122.7791931,2145,POINT (-122.7791931 49.28266018)
2339,2022,1666508400000,Theft from Auto,429-450 Nelson Street,COQUITLAM,49.24865024,-122.8655249,2146,POINT (-122.8655249 49.24865024)
2340,2022,1666508400000,Theft from Auto,1115-1169 Madore Avenue,COQUITLAM,49.24627321,-122.8592411,2147,POINT (-122.8592411 49.24627321)
2341,2022,1666508400000,Theft from Auto,22-51 Leeder Street,COQUITLAM,49.2259693,-122.8299506,2148,POINT (-122.8299506 49.2259693)
2342,2022,1666594800000,Theft from Auto,3544-3579 Victoria Drive,COQUITLAM,49.28696314,-122.7354999,2149,POINT (-122.7354999 49.28696314)
2343,2022,1666681200000,Theft from Auto,101-195 Schoolhouse Street,COQUITLAM,49.23479161,-122.8525471,2150,POINT (-122.8525471 49.23479161)
2344,2022,1666681200000,Theft from Auto,1104-1125 Wallace Court,COQUITLAM,49.27282662,-122.8028724,2151,POINT (-122.8028724 49.27282662)
2345,2022,1666681200000,Break & Enter - Residence,1290-1299 Soball Street,COQUITLAM,49.29104649,-122.7486428,2152,POINT (-122.7486428 49.29104649)
2346,2022,1666681200000,Theft from Auto,701-728 Blue Mountain Street,COQUITLAM,49.2607955,-122.8688554,2153,POINT (-122.8688554 49.2607955)
2347,2022,1666681200000,Theft from Auto,2905-2930 Glen Drive,COQUITLAM,49.28273402,-122.8002266,2154,POINT (-122.8002266 49.28273402)
2348,2022,1666681200000,Theft from Auto,565-589 Clarke Road,COQUITLAM,49.26262789,-122.8887353,2155,POINT (-122.8887353 49.26262789)
2349,2022,1666681200000,Theft from Auto,901-930 Tupper Avenue,COQUITLAM,49.23478412,-122.8709044,2156,POINT (-122.8709044 49.23478412)
2350,2022,1666681200000,Theft from Auto,501-3953 North Road,COQUITLAM,49.25007926,-122.8927924,2157,POINT (-122.8927924 49.25007926)
2351,2022,1666767600000,Theft from Auto,2905-2930 Glen Drive,COQUITLAM,49.28273402,-122.8002266,2158,POINT (-122.8002266 49.28273402)
2352,2022,1666767600000,Break & Enter - Business,1219-1908 Parkland Drive,COQUITLAM,49.28896279,-122.7680564,2159,POINT (-122.7680564 49.28896279)
2353,2022,1666767600000,Theft from Auto,654-668 Schoolhouse Street,COQUITLAM,49.25739917,-122.8521803,2160,POINT (-122.8521803 49.25739917)
2206,2022,1663225200000,Theft from Auto,200-225 Sicamous Place,COQUITLAM,49.23830148,-122.8316386,2161,POINT (-122.8316386 49.23830148)
2354,2022,1666854000000,Break & Enter - Residence,1300-1329 Brunette Avenue,COQUITLAM,49.2401463,-122.8560016,2162,POINT (-122.8560016 49.2401463)
2355,2022,1666854000000,Theft from Auto,417-450 Westview Street,COQUITLAM,49.24757864,-122.8896705,2163,POINT (-122.8896705 49.24757864)
2356,2022,1666854000000,Theft from Auto,2925-2985 The Dell ,COQUITLAM,49.26090514,-122.8053124,2164,POINT (-122.8053124 49.26090514)
2357,2022,1666854000000,Theft of Auto,3320-3359 Thor Court,COQUITLAM,49.30116162,-122.7737045,2165,POINT (-122.7737045 49.30116162)
2358,2022,1667026800000,Theft from Auto,544-616 Austin Avenue,COQUITLAM,49.24907771,-122.8875397,2166,POINT (-122.8875397 49.24907771)
2359,2022,1667026800000,Theft from Auto,1174-1181 Inlet Street,COQUITLAM,49.28426745,-122.7831869,2167,POINT (-122.7831869 49.28426745)
2360,2022,1667026800000,Theft from Auto,88-98 Brigantine Drive,COQUITLAM,49.22792656,-122.8488185,2168,POINT (-122.8488185 49.22792656)
2361,2022,1667113200000,Theft of Auto,1520-1594 Booth Avenue,COQUITLAM,49.23927197,-122.8506519,2169,POINT (-122.8506519 49.23927197)
2362,2022,1667199600000,Theft from Auto,98-123 Laval Street,COQUITLAM,49.23932009,-122.8573506,2170,POINT (-122.8573506 49.23932009)
2363,2022,1667199600000,Theft from Auto,100-120 Schoolhouse Street,COQUITLAM,49.23292046,-122.8526091,2171,POINT (-122.8526091 49.23292046)
2364,2022,1667199600000,Theft from Auto,1002-1031 Stewart Avenue,COQUITLAM,49.24354629,-122.8663164,2172,POINT (-122.8663164 49.24354629)
2365,2022,1667199600000,Theft from Auto,88-98 Brigantine Drive,COQUITLAM,49.22792656,-122.8488185,2173,POINT (-122.8488185 49.22792656)
2366,2022,1667199600000,Theft from Auto,0-0 Highway Ramp,COQUITLAM,49.23456381,-122.8757086,2174,POINT (-122.8757086 49.23456381)
2367,2022,1667199600000,Break & Enter - Residence,1517-1694 Regan Avenue,COQUITLAM,49.26159695,-122.8491152,2175,POINT (-122.8491152 49.26159695)
2368,2022,1667286000000,Theft from Auto,960-1095 Lougheed Highway,COQUITLAM,49.23539794,-122.8658125,2176,POINT (-122.8658125 49.23539794)
2369,2022,1667286000000,Theft from Auto,1236-1250 Mounce Drive,COQUITLAM,49.28788533,-122.7394883,2177,POINT (-122.7394883 49.28788533)
2370,2022,1667286000000,Theft from Auto,3124-3163 Beacon Drive,COQUITLAM,49.26952274,-122.8097623,2178,POINT (-122.8097623 49.26952274)
2371,2022,1667286000000,Theft from Auto,646-674 Lost Lake Drive,COQUITLAM,49.25772529,-122.8150289,2179,POINT (-122.8150289 49.25772529)
2372,2022,1667286000000,Break & Enter - Business,1100-1183 Pacific Street,COQUITLAM,49.28227517,-122.7988511,2180,POINT (-122.7988511 49.28227517)
2373,2022,1667286000000,Theft from Auto,2000-2100 United Boulevard,COQUITLAM,49.2284693,-122.8370439,2181,POINT (-122.8370439 49.2284693)
2374,2022,1667286000000,Theft from Auto,2905-2930 Glen Drive,COQUITLAM,49.28273402,-122.8002266,2182,POINT (-122.8002266 49.28273402)
2375,2022,1667286000000,Theft from Auto,1247-1335 Charter Hill Drive,COQUITLAM,49.28691799,-122.8128223,2183,POINT (-122.8128223 49.28691799)
2376,2022,1667372400000,Theft from Auto,2941-2949 Waterford Place,COQUITLAM,49.29856956,-122.7909991,2184,POINT (-122.7909991 49.29856956)
2377,2022,1667372400000,Theft from Auto,1241-1252 Town Centre Boulevard,COQUITLAM,49.28694458,-122.7935674,2185,POINT (-122.7935674 49.28694458)
2378,2022,1667458800000,Theft from Auto,2851-2869 Norman Avenue,COQUITLAM,49.27083964,-122.8039598,2186,POINT (-122.8039598 49.27083964)
2379,2022,1667458800000,Theft from Auto,2790-2799 Norman Avenue,COQUITLAM,49.27086991,-122.8082751,2187,POINT (-122.8082751 49.27086991)
2380,2022,1667458800000,Theft from Auto,513-533 Brookmere Avenue,COQUITLAM,49.25121718,-122.8912668,2188,POINT (-122.8912668 49.25121718)
2381,2022,1667458800000,Break & Enter - Business,1225-1230 Mitchell Street,COQUITLAM,49.28684502,-122.7406597,2189,POINT (-122.7406597 49.28684502)
2382,2022,1667458800000,Theft of Auto,1834-1899 Lemax Avenue,COQUITLAM,49.25253423,-122.8417118,2190,POINT (-122.8417118 49.25253423)
2383,2022,1667458800000,Break & Enter - Business,1220-1230 Rocklin Street,COQUITLAM,49.28626455,-122.738088,2191,POINT (-122.738088 49.28626455)
2384,2022,1667458800000,Break & Enter - Residence,1245-1277 Johnson Street,COQUITLAM,49.28870893,-122.8015161,2192,POINT (-122.8015161 49.28870893)
2385,2022,1667631600000,Theft from Auto,1014-1031 Palmdale Street,COQUITLAM,49.27164306,-122.8073273,2193,POINT (-122.8073273 49.27164306)
2386,2022,1667718000000,Theft from Auto,451-499 Marmont Street,COQUITLAM,49.24934496,-122.8621996,2194,POINT (-122.8621996 49.24934496)
2387,2022,1667808000000,Theft from Auto,2920-2923 Atlantic Avenue,COQUITLAM,49.28177504,-122.7998728,2195,POINT (-122.7998728 49.28177504)
2388,2022,1667808000000,Theft of Auto,2604-2639 Turret Crescent,COQUITLAM,49.28987034,-122.8129168,2196,POINT (-122.8129168 49.28987034)
2389,2022,1667894400000,Theft from Auto,3300-3325 Sultan Place,COQUITLAM,49.30024368,-122.7714137,2197,POINT (-122.7714137 49.30024368)
2390,2022,1667894400000,Break & Enter - Residence,241-259 Thrift Street,COQUITLAM,49.23922078,-122.8768963,2198,POINT (-122.8768963 49.23922078)
2391,2022,1667894400000,Theft from Auto,3550-3569 Baycrest Avenue,COQUITLAM,49.28849003,-122.7363672,2199,POINT (-122.7363672 49.28849003)
2392,2022,1667894400000,Theft from Auto,2920-2923 Atlantic Avenue,COQUITLAM,49.28177504,-122.7998728,2200,POINT (-122.7998728 49.28177504)
2393,2022,1667980800000,Break & Enter - Residence,901-930 Tupper Avenue,COQUITLAM,49.23478412,-122.8709044,2201,POINT (-122.8709044 49.23478412)
2394,2022,1667980800000,Theft from Auto,223-240 Hart Street,COQUITLAM,49.23651993,-122.8798148,2202,POINT (-122.8798148 49.23651993)
2395,2022,1667980800000,Break & Enter - Business,1154-1170 The High Street,COQUITLAM,49.28229413,-122.7960942,2203,POINT (-122.7960942 49.28229413)
2396,2022,1667980800000,Theft from Auto,672-692 Firdale Street,COQUITLAM,49.25819638,-122.8371734,2204,POINT (-122.8371734 49.25819638)
2397,2022,1667980800000,Theft from Auto,1245-1264 Durant Drive,COQUITLAM,49.2880427,-122.808762,2205,POINT (-122.808762 49.2880427)
2398,2022,1668067200000,Theft from Auto,2905-2930 Glen Drive,COQUITLAM,49.28273402,-122.8002266,2206,POINT (-122.8002266 49.28273402)
2399,2022,1668153600000,Break & Enter - Business,3200-3225 Bosun Place,COQUITLAM,49.27383148,-122.8093652,2207,POINT (-122.8093652 49.27383148)
2400,2022,1668153600000,Theft from Auto,690-714 Schoolhouse Street,COQUITLAM,49.26023243,-122.8521108,2208,POINT (-122.8521108 49.26023243)
2401,2022,1668240000000,Theft from Auto,411-443 Byng Street,COQUITLAM,49.24553518,-122.8314835,2209,POINT (-122.8314835 49.24553518)
2402,2022,1668240000000,Break & Enter - Business,2880-2897 Norbury Place,COQUITLAM,49.25485931,-122.8075366,2210,POINT (-122.8075366 49.25485931)
2403,2022,1668240000000,Theft from Auto,747-798 Poirier Street,COQUITLAM,49.26296046,-122.8464907,2211,POINT (-122.8464907 49.26296046)
2404,2022,1668326400000,Break & Enter - Business,351-379 Dartmoor Drive,COQUITLAM,49.24204646,-122.8214503,2212,POINT (-122.8214503 49.24204646)
2405,2022,1668326400000,Theft from Auto,100-109 Myrnam Street,COQUITLAM,49.23600634,-122.8492068,2213,POINT (-122.8492068 49.23600634)
2406,2022,1668326400000,Theft of Auto,1705-1709 Hampton Drive,COQUITLAM,49.30912017,-122.7841779,2214,POINT (-122.7841779 49.30912017)
2407,2022,1668326400000,Break & Enter - Business,924-946 Brunette Avenue,COQUITLAM,49.23704164,-122.8706009,2215,POINT (-122.8706009 49.23704164)
2408,2022,1668412800000,Theft from Auto,901-930 Tupper Avenue,COQUITLAM,49.23478412,-122.8709044,2216,POINT (-122.8709044 49.23478412)
2103,2022,1661238000000,Theft from Auto,351-379 Dartmoor Drive,COQUITLAM,49.24204646,-122.8214503,2217,POINT (-122.8214503 49.24204646)
2715,2023,1676707200000,Theft of Auto,3426-3448 Galloway Avenue,COQUITLAM,49.29488753,-122.7492522,2218,POINT (-122.7492522 49.29488753)
2412,2022,1668585600000,Theft from Auto,1300-1301 King Albert Avenue,COQUITLAM,49.25141537,-122.8573609,2219,POINT (-122.8573609 49.25141537)
2104,2022,1661238000000,Break & Enter - Business,345-398 Balfour Drive,COQUITLAM,49.24439927,-122.8219644,2220,POINT (-122.8219644 49.24439927)
2716,2023,1676707200000,Break & Enter - Residence,2600-2601 Spuraway Avenue,COQUITLAM,49.26322002,-122.8163115,2221,POINT (-122.8163115 49.26322002)
2821,2023,1679554800000,Theft from Auto,652-668 Poirier Street,COQUITLAM,49.25756245,-122.8464448,2222,POINT (-122.8464448 49.25756245)
2413,2022,1668672000000,Theft of Auto,3468-3479 Roxton Avenue,COQUITLAM,49.28845467,-122.745265,2223,POINT (-122.745265 49.28845467)
2105,2022,1661324400000,Theft from Auto,644-659 Porter Street,COQUITLAM,49.2565868,-122.8633691,2224,POINT (-122.8633691 49.2565868)
2717,2023,1676793600000,Theft from Auto,2999-3001 Pinewood Avenue,COQUITLAM,49.29101389,-122.7910529,2225,POINT (-122.7910529 49.29101389)
2207,2022,1663311600000,Theft from Auto,300-325 Decaire Street,COQUITLAM,49.2417513,-122.8505463,2226,POINT (-122.8505463 49.2417513)
2414,2022,1668672000000,Break & Enter - Residence,1400-1420 Hachey Avenue,COQUITLAM,49.24204434,-122.8542661,2227,POINT (-122.8542661 49.24204434)
2106,2022,1661324400000,Break & Enter - Business,300-325 Decaire Street,COQUITLAM,49.2417513,-122.8505463,2228,POINT (-122.8505463 49.2417513)
2822,2023,1679554800000,Break & Enter - Residence,1574-1608 Spray Avenue,COQUITLAM,49.26428072,-122.8493595,2229,POINT (-122.8493595 49.26428072)
2208,2022,1663311600000,Theft from Auto,1100-1101 Lansdowne Drive,COQUITLAM,49.27757725,-122.8083824,2230,POINT (-122.8083824 49.27757725)
2718,2023,1676793600000,Theft from Auto,555-578 Shaw Avenue,COQUITLAM,49.24411774,-122.8876945,2231,POINT (-122.8876945 49.24411774)
2415,2022,1668672000000,Break & Enter - Business,2924-2936 Wickham Drive,COQUITLAM,49.26357889,-122.801783,2232,POINT (-122.801783 49.26357889)
2107,2022,1661324400000,Theft from Auto,1221-1401 Lucille Starr Drive,COQUITLAM,49.23626788,-122.8551912,2233,POINT (-122.8551912 49.23626788)
2823,2023,1679554800000,Break & Enter - Residence,747-798 Poirier Street,COQUITLAM,49.26296046,-122.8464907,2234,POINT (-122.8464907 49.26296046)
2209,2022,1663311600000,Theft from Auto,2228-2276 Sicamous Avenue,COQUITLAM,49.23980152,-122.8297919,2235,POINT (-122.8297919 49.23980152)
2719,2023,1676793600000,Theft of Auto,1200-1226 Coast Meridian Road,COQUITLAM,49.28612109,-122.7560099,2236,POINT (-122.7560099 49.28612109)
2416,2022,1668672000000,Break & Enter - Business,690-714 Schoolhouse Street,COQUITLAM,49.26023243,-122.8521108,2237,POINT (-122.8521108 49.26023243)
2108,2022,1661324400000,Break & Enter - Residence,2962-2988 Robson Drive,COQUITLAM,49.30051131,-122.7928945,2238,POINT (-122.7928945 49.30051131)
2824,2023,1679641200000,Break & Enter - Business,1500-1551 Dansey Avenue,COQUITLAM,49.24725552,-122.8511332,2239,POINT (-122.8511332 49.24725552)
2210,2022,1663311600000,Break & Enter - Business,468-487 Byng Street,COQUITLAM,49.24797635,-122.8316121,2240,POINT (-122.8316121 49.24797635)
2720,2023,1676966400000,Theft from Auto,2920-2923 Atlantic Avenue,COQUITLAM,49.28177504,-122.7998728,2241,POINT (-122.7998728 49.28177504)
2417,2022,1668672000000,Break & Enter - Business,525-568 Clarke Road,COQUITLAM,49.26102606,-122.8907694,2242,POINT (-122.8907694 49.26102606)
2109,2022,1661410800000,Break & Enter - Residence,525-568 Clarke Road,COQUITLAM,49.26102606,-122.8907694,2243,POINT (-122.8907694 49.26102606)
2825,2023,1679641200000,Theft from Auto,2800-2880 Panorama Drive,COQUITLAM,49.29747599,-122.8128954,2244,POINT (-122.8128954 49.29747599)
2211,2022,1663311600000,Theft from Auto,2270-2498 Latimer Avenue,COQUITLAM,49.2474931,-122.8279018,2245,POINT (-122.8279018 49.2474931)
2721,2023,1676966400000,Theft of Auto,544-616 Austin Avenue,COQUITLAM,49.24907771,-122.8875397,2246,POINT (-122.8875397 49.24907771)
2418,2022,1668758400000,Theft from Auto,1035-1064 Howie Avenue,COQUITLAM,49.25056759,-122.8638816,2247,POINT (-122.8638816 49.25056759)
2110,2022,1661410800000,Theft from Auto,952-1004 Como Lake Avenue,COQUITLAM,49.26354949,-122.8674529,2248,POINT (-122.8674529 49.26354949)
2616,2023,1674115200000,Theft from Auto,2000-2100 United Boulevard,COQUITLAM,49.2284693,-122.8370439,2249,POINT (-122.8370439 49.2284693)
2212,2022,1663311600000,Break & Enter - Business,181-200 Golden Drive,COQUITLAM,49.23332927,-122.8183013,2250,POINT (-122.8183013 49.23332927)
2722,2023,1676966400000,Theft from Auto,564-619 Harrison Avenue,COQUITLAM,49.26709008,-122.8890942,2251,POINT (-122.8890942 49.26709008)
2826,2023,1679727600000,Theft from Auto,650-661 Poirier Street,COQUITLAM,49.25659552,-122.8464375,2252,POINT (-122.8464375 49.25659552)
2617,2023,1674115200000,Theft of Auto,3070-3089 Guildford Way,COQUITLAM,49.28473541,-122.7893348,2253,POINT (-122.7893348 49.28473541)
2213,2022,1663311600000,Theft from Auto,2208-2269 Sorrento Drive,COQUITLAM,49.23804466,-122.8311643,2254,POINT (-122.8311643 49.23804466)
2419,2022,1668758400000,Theft of Auto,2900-2915 Norman Avenue,COQUITLAM,49.27092718,-122.8002654,2255,POINT (-122.8002654 49.27092718)
2111,2022,1661410800000,Theft from Auto,2920-2923 Atlantic Avenue,COQUITLAM,49.28177504,-122.7998728,2256,POINT (-122.7998728 49.28177504)
2618,2023,1674115200000,Break & Enter - Business,340-352 Richard Street,COQUITLAM,49.24306283,-122.8833616,2257,POINT (-122.8833616 49.24306283)
2827,2023,1679727600000,Theft of Auto,2888-2920 Keets Drive,COQUITLAM,49.26199224,-122.8010992,2258,POINT (-122.8010992 49.26199224)
2420,2022,1668758400000,Break & Enter - Business,217-239 Allard Street,COQUITLAM,49.23932447,-122.8692473,2259,POINT (-122.8692473 49.23932447)
2214,2022,1663398000000,Break & Enter - Business,3100-3200 Dayanee Springs Boulevard,COQUITLAM,49.29404342,-122.7823237,2260,POINT (-122.7823237 49.29404342)
2112,2022,1661410800000,Theft from Auto,1167-1188 Pipeline Road,COQUITLAM,49.28222606,-122.7864072,2261,POINT (-122.7864072 49.28222606)
2723,2023,1676966400000,Break & Enter - Business,1100-1101 Lansdowne Drive,COQUITLAM,49.27757725,-122.8083824,2262,POINT (-122.8083824 49.27757725)
2619,2023,1674115200000,Theft from Auto,3300-3310 Robson Drive,COQUITLAM,49.29881075,-122.7773139,2263,POINT (-122.7773139 49.29881075)
2828,2023,1679727600000,Theft from Auto,2900-2915 Norman Avenue,COQUITLAM,49.27092718,-122.8002654,2264,POINT (-122.8002654 49.27092718)
2421,2022,1668758400000,Theft from Auto,633-640 Fairview Street,COQUITLAM,49.25611019,-122.8829519,2265,POINT (-122.8829519 49.25611019)
2215,2022,1663484400000,Theft from Auto,1403-1432 Brunette Avenue,COQUITLAM,49.24058067,-122.853965,2266,POINT (-122.853965 49.24058067)
2113,2022,1661497200000,Theft from Auto,2920-2975 Atlantic Avenue,COQUITLAM,49.28177732,-122.79789,2267,POINT (-122.79789 49.28177732)
2724,2023,1676966400000,Theft from Auto,1160-1191 Creekside Drive,COQUITLAM,49.28139674,-122.8110716,2268,POINT (-122.8110716 49.28139674)
2620,2023,1674115200000,Theft from Auto,3100-3146 Quintette Crescent,COQUITLAM,49.30236063,-122.7814766,2269,POINT (-122.7814766 49.30236063)
2829,2023,1679814000000,Theft from Auto,2900-2915 Norman Avenue,COQUITLAM,49.27092718,-122.8002654,2270,POINT (-122.8002654 49.27092718)
2422,2022,1668844800000,Theft from Auto,2920-2975 Atlantic Avenue,COQUITLAM,49.28177732,-122.79789,2271,POINT (-122.79789 49.28177732)
2216,2022,1663484400000,Break & Enter - Residence,663-689 Adler Avenue,COQUITLAM,49.25812579,-122.8841541,2272,POINT (-122.8841541 49.25812579)
2114,2022,1661497200000,Theft from Auto,3162-3168 Silverthrone Drive,COQUITLAM,49.30332701,-122.7790008,2273,POINT (-122.7790008 49.30332701)
2725,2023,1676966400000,Theft from Auto,1270-1331 Lansdowne Drive,COQUITLAM,49.28903719,-122.8195996,2274,POINT (-122.8195996 49.28903719)
2621,2023,1674115200000,Theft from Auto,806-840 Seymour Drive,COQUITLAM,49.26388206,-122.8295915,2275,POINT (-122.8295915 49.26388206)
2830,2023,1679814000000,Theft from Auto,1205-1249 Pinetree Way,COQUITLAM,49.28583135,-122.7919267,2276,POINT (-122.7919267 49.28583135)
2423,2022,1668844800000,Theft from Auto,2930-2971 Blackbear Court,COQUITLAM,49.30457461,-122.786895,2277,POINT (-122.786895 49.30457461)
2217,2022,1663484400000,Theft from Auto,3010- Riverbend Drive,COQUITLAM,49.26390019,-122.7910444,2278,POINT (-122.7910444 49.26390019)
2115,2022,1661497200000,Theft of Auto,2700-2745 Barnet Highway,COQUITLAM,49.27786163,-122.810408,2279,POINT (-122.810408 49.27786163)
2726,2023,1676966400000,Theft from Auto,924-946 Brunette Avenue,COQUITLAM,49.23704164,-122.8706009,2280,POINT (-122.8706009 49.23704164)
2622,2023,1674201600000,Theft of Auto,710-731 Anskar Court,COQUITLAM,49.26632124,-122.8822655,2281,POINT (-122.8822655 49.26632124)
2831,2023,1679814000000,Theft from Auto,1903-1907 Keith Place,COQUITLAM,49.28855329,-122.7679512,2282,POINT (-122.7679512 49.28855329)
2424,2022,1668931200000,Theft from Auto,995-1100 United Boulevard,COQUITLAM,49.22954601,-122.8693532,2283,POINT (-122.8693532 49.22954601)
2218,2022,1663484400000,Theft from Auto,2975-2979 Atlantic Avenue,COQUITLAM,49.28176464,-122.7965857,2284,POINT (-122.7965857 49.28176464)
2116,2022,1661497200000,Break & Enter - Business,401-415 Westview Street,COQUITLAM,49.2464532,-122.8899054,2285,POINT (-122.8899054 49.2464532)
2727,2023,1677052800000,Theft from Auto,1160-1191 Creekside Drive,COQUITLAM,49.28139674,-122.8110716,2286,POINT (-122.8110716 49.28139674)
2623,2023,1674201600000,Break & Enter - Business,3170-3218 Sylvia Place,COQUITLAM,49.2996269,-122.7798319,2287,POINT (-122.7798319 49.2996269)
2832,2023,1679814000000,Theft from Auto,150-199 Myrnam Street,COQUITLAM,49.23909524,-122.8492187,2288,POINT (-122.8492187 49.23909524)
2425,2022,1668931200000,Theft from Auto,715-739 Farrow Street,COQUITLAM,49.26159241,-122.8919587,2289,POINT (-122.8919587 49.26159241)
2219,2022,1663484400000,Theft from Auto,2810-2874 McCoomb Drive,COQUITLAM,49.28186168,-122.8051315,2290,POINT (-122.8051315 49.28186168)
2117,2022,1661583600000,Theft from Auto,3001-3048 Maplewood Court,COQUITLAM,49.30539711,-122.7940088,2291,POINT (-122.7940088 49.30539711)
2728,2023,1677052800000,Theft from Auto,241-259 Thrift Street,COQUITLAM,49.23922078,-122.8768963,2292,POINT (-122.8768963 49.23922078)
2624,2023,1674201600000,Break & Enter - Residence,1291-1315 Jordan Street,COQUITLAM,49.29122162,-122.7967379,2293,POINT (-122.7967379 49.29122162)
2833,2023,1679814000000,Theft of Auto,907-920 Gatensbury Street,COQUITLAM,49.26623818,-122.8575577,2294,POINT (-122.8575577 49.26623818)
2729,2023,1677052800000,Theft from Auto,544-616 Austin Avenue,COQUITLAM,49.24907771,-122.8875397,2295,POINT (-122.8875397 49.24907771)
2625,2023,1674201600000,Theft from Auto,210-287 Schoolhouse Street,COQUITLAM,49.23787927,-122.8525074,2296,POINT (-122.8525074 49.23787927)
2220,2022,1663570800000,Theft from Auto,2600-2627 Charter Hill Place,COQUITLAM,49.28894771,-122.8124067,2297,POINT (-122.8124067 49.28894771)
2834,2023,1679814000000,Theft from Auto,1154-1170 The High Street,COQUITLAM,49.28229413,-122.7960942,2298,POINT (-122.7960942 49.28229413)
2426,2022,1669017600000,Theft from Auto,1320-1424 Austin Avenue,COQUITLAM,49.24897926,-122.8552423,2299,POINT (-122.8552423 49.24897926)
2626,2023,1674201600000,Break & Enter - Business,960-995 Adair Avenue,COQUITLAM,49.2367741,-122.8671684,2300,POINT (-122.8671684 49.2367741)
2730,2023,1677052800000,Theft from Auto,2534-2565 Barnet Highway,COQUITLAM,49.27783557,-122.8216909,2301,POINT (-122.8216909 49.27783557)
2118,2022,1661583600000,Theft of Auto,1001-1011 Palmdale Street,COQUITLAM,49.27004174,-122.8073502,2302,POINT (-122.8073502 49.27004174)
2427,2022,1669017600000,Theft from Auto,403-3965 North Road,COQUITLAM,49.24743607,-122.8927177,2303,POINT (-122.8927177 49.24743607)
2627,2023,1674201600000,Break & Enter - Residence,1150-1158 Esperanza Drive,COQUITLAM,49.28266018,-122.7791931,2304,POINT (-122.7791931 49.28266018)
2221,2022,1663570800000,Theft from Auto,2960-3001 Walton Avenue,COQUITLAM,49.29018204,-122.79556,2305,POINT (-122.79556 49.29018204)
2835,2023,1679900400000,Theft from Auto,3544-3579 Victoria Drive,COQUITLAM,49.28696314,-122.7354999,2306,POINT (-122.7354999 49.28696314)
2731,2023,1677139200000,Theft from Auto,1951-2099 Cape Horn Avenue,COQUITLAM,49.23117735,-122.839209,2307,POINT (-122.839209 49.23117735)
2119,2022,1661583600000,Theft from Auto,647-730 Ivy Avenue,COQUITLAM,49.25467695,-122.8814038,2308,POINT (-122.8814038 49.25467695)
2428,2022,1669017600000,Theft from Auto,65-77 Clipper Street,COQUITLAM,49.22843878,-122.8528211,2309,POINT (-122.8528211 49.22843878)
2628,2023,1674201600000,Theft from Auto,1220-1400 Seguin Drive,COQUITLAM,49.23429332,-122.8560282,2310,POINT (-122.8560282 49.23429332)
2222,2022,1663570800000,Theft from Auto,2581-2595 Trillium Place,COQUITLAM,49.29242238,-122.8165057,2311,POINT (-122.8165057 49.29242238)
2836,2023,1679900400000,Theft from Auto,100-144 King Edward Street,COQUITLAM,49.23495415,-122.8616527,2312,POINT (-122.8616527 49.23495415)
2120,2022,1661583600000,Theft from Auto,2335-2485 Haversley Avenue,COQUITLAM,49.24999791,-122.8264048,2313,POINT (-122.8264048 49.24999791)
2732,2023,1677225600000,Theft of Auto,369-380 Mundy Street,COQUITLAM,49.24291321,-122.8342441,2314,POINT (-122.8342441 49.24291321)
2429,2022,1669104000000,Theft from Auto,2900-2909 Meadowvista Place,COQUITLAM,49.29921726,-122.7999995,2315,POINT (-122.7999995 49.29921726)
2629,2023,1674201600000,Theft from Auto,1045-1210 Sprice Avenue,COQUITLAM,49.25707691,-122.8604481,2316,POINT (-122.8604481 49.25707691)
2223,2022,1663570800000,Break & Enter - Residence,1360-1382 Deeridge Lane,COQUITLAM,49.29142344,-122.812898,2317,POINT (-122.812898 49.29142344)
2837,2023,1679900400000,Break & Enter - Residence,525-568 Clarke Road,COQUITLAM,49.26102606,-122.8907694,2318,POINT (-122.8907694 49.26102606)
2121,2022,1661583600000,Theft from Auto,290-299 Schoolhouse Street,COQUITLAM,49.24013726,-122.8524809,2319,POINT (-122.8524809 49.24013726)
2733,2023,1677225600000,Break & Enter - Business,161-168 San Lucas Court,COQUITLAM,49.2350995,-122.8270706,2320,POINT (-122.8270706 49.2350995)
2430,2022,1669104000000,Theft from Auto,1101-1300 Austin Avenue,COQUITLAM,49.24898057,-122.8599363,2321,POINT (-122.8599363 49.24898057)
2630,2023,1674288000000,Break & Enter - Residence,1456-1483 Purcell Drive,COQUITLAM,49.30078762,-122.7834186,2322,POINT (-122.7834186 49.30078762)
2224,2022,1663657200000,Theft from Auto,1306-1315 Aster Court,COQUITLAM,49.29113524,-122.8201881,2323,POINT (-122.8201881 49.29113524)
2838,2023,1679900400000,Theft from Auto,1222-1227 Hornby Street,COQUITLAM,49.28792075,-122.7767628,2324,POINT (-122.7767628 49.28792075)
2122,2022,1661583600000,Theft from Auto,1-20 Burbidge Street,COQUITLAM,49.22416616,-122.8237849,2325,POINT (-122.8237849 49.22416616)
2734,2023,1677312000000,Break & Enter - Residence,1044-1120 Como Lake Avenue,COQUITLAM,49.2635174,-122.8619407,2326,POINT (-122.8619407 49.2635174)
2431,2022,1669104000000,Theft from Auto,1350-1399 Johnson Street,COQUITLAM,49.29615757,-122.8019578,2327,POINT (-122.8019578 49.29615757)
2631,2023,1674288000000,Break & Enter - Business,2820-2888 Nash Drive,COQUITLAM,49.28649222,-122.8064301,2328,POINT (-122.8064301 49.28649222)
2225,2022,1663657200000,Theft from Auto,1580-1586 Bramble Lane,COQUITLAM,49.30305337,-122.8130181,2329,POINT (-122.8130181 49.30305337)
2839,2023,1679986800000,Theft from Auto,600-603 Como Lake Avenue,COQUITLAM,49.26323902,-122.8874489,2330,POINT (-122.8874489 49.26323902)
2123,2022,1661670000000,Theft from Auto,901-930 Tupper Avenue,COQUITLAM,49.23478412,-122.8709044,2331,POINT (-122.8709044 49.23478412)
2735,2023,1677312000000,Theft from Auto,433-499 Nelson Street,COQUITLAM,49.24933126,-122.8656045,2332,POINT (-122.8656045 49.24933126)
2432,2022,1669190400000,Theft from Auto,245-280 Chester Court,COQUITLAM,49.23835637,-122.8410706,2333,POINT (-122.8410706 49.23835637)
2632,2023,1674288000000,Theft from Auto,280-294 Hart Street,COQUITLAM,49.2393973,-122.8818861,2334,POINT (-122.8818861 49.2393973)
2226,2022,1663657200000,Theft from Auto,1702-1717 Augusta Place,COQUITLAM,49.31021529,-122.7835628,2335,POINT (-122.7835628 49.31021529)
2840,2023,1680073200000,Theft from Auto,320-333 Nelson Street,COQUITLAM,49.24311878,-122.8651142,2336,POINT (-122.8651142 49.24311878)
2124,2022,1661670000000,Theft from Auto,750-903 Sprice Avenue,COQUITLAM,49.25723163,-122.8755943,2337,POINT (-122.8755943 49.25723163)
2125,2022,1661670000000,Break & Enter - Residence,519-540 Marmont Street,COQUITLAM,49.25098661,-122.8622052,2338,POINT (-122.8622052 49.25098661)
2126,2022,1661670000000,Theft from Auto,481-493 Alouette Drive,COQUITLAM,49.25022565,-122.810152,2339,POINT (-122.810152 49.25022565)
2127,2022,1661756400000,Theft from Auto,1123-1135 Westwood Street,COQUITLAM,49.27939681,-122.7904717,2340,POINT (-122.7904717 49.27939681)
2128,2022,1661756400000,Theft from Auto,401-411 Nelson Street,COQUITLAM,49.24581132,-122.865145,2341,POINT (-122.865145 49.24581132)
2129,2022,1661756400000,Break & Enter - Residence,2783-2788 Tabor Place,COQUITLAM,49.25746471,-122.8095048,2342,POINT (-122.8095048 49.25746471)
2130,2022,1661756400000,Break & Enter - Business,101-195 Schoolhouse Street,COQUITLAM,49.23479161,-122.8525471,2343,POINT (-122.8525471 49.23479161)
2131,2022,1661756400000,Theft from Auto,3200-3210 Harwood Avenue,COQUITLAM,49.29124552,-122.7779139,2344,POINT (-122.7779139 49.29124552)
2132,2022,1661756400000,Theft from Auto,336-355 Nelson Street,COQUITLAM,49.24494738,-122.8651406,2345,POINT (-122.8651406 49.24494738)
2133,2022,1661756400000,Theft from Auto,663-675 Whiting Way,COQUITLAM,49.25933107,-122.8907246,2346,POINT (-122.8907246 49.25933107)
2134,2022,1661842800000,Theft from Auto,830-840 Irvine Street,COQUITLAM,49.26427898,-122.7948566,2347,POINT (-122.7948566 49.26427898)
2135,2022,1661842800000,Break & Enter - Residence,952-1026 Ridgeway Avenue,COQUITLAM,49.2497021,-122.8673709,2348,POINT (-122.8673709 49.2497021)
2136,2022,1661842800000,Break & Enter - Business,2880-2897 Norbury Place,COQUITLAM,49.25485931,-122.8075366,2349,POINT (-122.8075366 49.25485931)
2137,2022,1661842800000,Theft from Auto,2952-2995 Fleet Street,COQUITLAM,49.26209186,-122.8121496,2350,POINT (-122.8121496 49.26209186)
2138,2022,1661929200000,Theft from Auto,1101-1112 Hachey Avenue,COQUITLAM,49.24205089,-122.861571,2351,POINT (-122.861571 49.24205089)
2139,2022,1661929200000,Break & Enter - Business,439-454 Joyce Street,COQUITLAM,49.24759779,-122.872986,2352,POINT (-122.872986 49.24759779)
2140,2022,1661929200000,Theft of Auto,427-449 Selman Street,COQUITLAM,49.2478538,-122.8785197,2353,POINT (-122.8785197 49.2478538)
2141,2022,1661929200000,Theft of Auto,120-155 Glacier Street,COQUITLAM,49.23425865,-122.8176076,2354,POINT (-122.8176076 49.23425865)
2142,2022,1661929200000,Theft from Auto,1001-1011 Palmdale Street,COQUITLAM,49.27004174,-122.8073502,2355,POINT (-122.8073502 49.27004174)
2143,2022,1661929200000,Theft from Auto,916-927 Grant Street,COQUITLAM,49.26957901,-122.8768979,2356,POINT (-122.8768979 49.26957901)
2144,2022,1661929200000,Break & Enter - Business,1022-1071 Austin Avenue,COQUITLAM,49.24900281,-122.8639407,2357,POINT (-122.8639407 49.24900281)
2145,2022,1662015600000,Theft from Auto,101-195 Schoolhouse Street,COQUITLAM,49.23479161,-122.8525471,2358,POINT (-122.8525471 49.23479161)
2146,2022,1662015600000,Theft from Auto,519-540 Marmont Street,COQUITLAM,49.25098661,-122.8622052,2359,POINT (-122.8622052 49.25098661)
2147,2022,1662102000000,Theft from Auto,0-0 Holly Drive,COQUITLAM,49.25093961,-122.8028451,2360,POINT (-122.8028451 49.25093961)
2148,2022,1662102000000,Break & Enter - Residence,1181-1215 Pipeline Road,COQUITLAM,49.28422977,-122.7854423,2361,POINT (-122.7854423 49.28422977)
2149,2022,1662102000000,Theft from Auto,703-713 Henderson Avenue,COQUITLAM,49.23640964,-122.8792358,2362,POINT (-122.8792358 49.23640964)
2150,2022,1662102000000,Theft from Auto,2500-2555 Arundel Lane,COQUITLAM,49.2418006,-122.823379,2363,POINT (-122.823379 49.2418006)
2151,2022,1662188400000,Theft from Auto,372-379 Blue Mountain Street,COQUITLAM,49.24436632,-122.8728868,2364,POINT (-122.8728868 49.24436632)
2152,2022,1662274800000,Theft of Auto,2644-2647 Austin Avenue,COQUITLAM,49.24908663,-122.8173369,2365,POINT (-122.8173369 49.24908663)
2153,2022,1662361200000,Break & Enter - Business,55-98 Fawcett Road,COQUITLAM,49.2276379,-122.8342218,2366,POINT (-122.8342218 49.2276379)
2154,2022,1662361200000,Theft from Auto,2614-2641 Auburn Place,COQUITLAM,49.29249895,-122.806728,2367,POINT (-122.806728 49.29249895)
2155,2022,1662361200000,Theft from Auto,2610-2635 Spuraway Avenue,COQUITLAM,49.26388697,-122.8145019,2368,POINT (-122.8145019 49.26388697)
2156,2022,1662361200000,Theft from Auto,568-598 Clearwater Way,COQUITLAM,49.25906529,-122.8109248,2369,POINT (-122.8109248 49.25906529)
2157,2022,1662361200000,Theft from Auto,940-970 Charland Avenue,COQUITLAM,49.24807678,-122.8690879,2370,POINT (-122.8690879 49.24807678)
2158,2022,1662447600000,Theft from Auto,640-660 Nicola Avenue,COQUITLAM,49.26916557,-122.882772,2371,POINT (-122.882772 49.26916557)
2159,2022,1662447600000,Theft from Auto,532-585 Delestre Avenue,COQUITLAM,49.24191269,-122.8890368,2372,POINT (-122.8890368 49.24191269)
2160,2022,1662447600000,Theft from Auto,540-559 Foster Avenue,COQUITLAM,49.25677513,-122.8881019,2373,POINT (-122.8881019 49.25677513)
2161,2022,1662534000000,Break & Enter - Business,300-387 Marathon Court,COQUITLAM,49.24074395,-122.8508324,2374,POINT (-122.8508324 49.24074395)
2162,2022,1662534000000,Theft from Auto,2500-2666 Cape Horn Avenue,COQUITLAM,49.23878711,-122.8194502,2375,POINT (-122.8194502 49.23878711)
2163,2022,1662534000000,Break & Enter - Residence,2400-2410 Mariana Place,COQUITLAM,49.2368996,-122.8244697,2376,POINT (-122.8244697 49.2368996)
2164,2022,1662534000000,Theft from Auto,1281-1292 Bluff Drive,COQUITLAM,49.2927153,-122.7674821,2377,POINT (-122.7674821 49.2927153)
2165,2022,1662534000000,Theft of Auto,1250-1255 Pipeline Road,COQUITLAM,49.28824644,-122.78341,2378,POINT (-122.78341 49.28824644)
2511,2022,1671696000000,Break & Enter - Residence,3531-3552 Hickstead Avenue,COQUITLAM,49.30139429,-122.7365146,2379,POINT (-122.7365146 49.30139429)
2166,2022,1662534000000,Theft from Auto,3140-3173 Bute Crescent,COQUITLAM,49.28338657,-122.7823428,2380,POINT (-122.7823428 49.28338657)
2167,2022,1662620400000,Break & Enter - Business,2944-2990 Panorama Drive,COQUITLAM,49.29886481,-122.8035889,2381,POINT (-122.8035889 49.29886481)
2168,2022,1662620400000,Theft from Auto,1002-1031 Madore Avenue,COQUITLAM,49.24624952,-122.8663048,2382,POINT (-122.8663048 49.24624952)
2169,2022,1662620400000,Theft from Auto,1300-1428 Grover Avenue,COQUITLAM,49.26255712,-122.8548724,2383,POINT (-122.8548724 49.26255712)
2170,2022,1662706800000,Theft of Auto,620-644 Poirier Street,COQUITLAM,49.25497655,-122.8464704,2384,POINT (-122.8464704 49.25497655)
2171,2022,1662706800000,Theft from Auto,408-417 Donald Street,COQUITLAM,49.24584423,-122.8819168,2385,POINT (-122.8819168 49.24584423)
2172,2022,1662706800000,Theft from Auto,1371-1403 Trafalgar Street,COQUITLAM,49.29764265,-122.7572493,2386,POINT (-122.7572493 49.29764265)
2173,2022,1662706800000,Theft from Auto,1461-1498 Lansdowne Drive,COQUITLAM,49.29610372,-122.8124075,2387,POINT (-122.8124075 49.29610372)
2174,2022,1662706800000,Theft from Auto,500-510 Young Drive,COQUITLAM,49.24311916,-122.8918878,2388,POINT (-122.8918878 49.24311916)
2175,2022,1662706800000,Theft from Auto,2750-2881 Barnet Highway,COQUITLAM,49.2776863,-122.8052579,2389,POINT (-122.8052579 49.2776863)
2176,2022,1662706800000,Theft from Auto,2400-2450 United Boulevard,COQUITLAM,49.22622543,-122.821793,2390,POINT (-122.821793 49.22622543)
2177,2022,1662706800000,Theft from Auto,290-299 Schoolhouse Street,COQUITLAM,49.24013726,-122.8524809,2391,POINT (-122.8524809 49.24013726)
2178,2022,1662706800000,Theft from Auto,2900-2912 Silver Lake Place,COQUITLAM,49.25892061,-122.8033466,2392,POINT (-122.8033466 49.25892061)
2179,2022,1662793200000,Theft from Auto,1560-1579 Parkway Boulevard,COQUITLAM,49.30272134,-122.80641,2393,POINT (-122.80641 49.30272134)
2180,2022,1662793200000,Break & Enter - Residence,1545-1560 Salal Crescent,COQUITLAM,49.30223174,-122.8088049,2394,POINT (-122.8088049 49.30223174)
2181,2022,1662879600000,Theft from Auto,2941-2950 Valleyvista Drive,COQUITLAM,49.29813266,-122.798163,2395,POINT (-122.798163 49.29813266)
2182,2022,1662966000000,Theft from Auto,2920-2975 Atlantic Avenue,COQUITLAM,49.28177732,-122.79789,2396,POINT (-122.79789 49.28177732)
2183,2022,1662966000000,Theft from Auto,312-315 Schoolhouse Street,COQUITLAM,49.24204831,-122.8527743,2397,POINT (-122.8527743 49.24204831)
2184,2022,1662966000000,Break & Enter - Business,916-935 Austin Avenue,COQUITLAM,49.24899712,-122.8713829,2398,POINT (-122.8713829 49.24899712)
2185,2022,1662966000000,Theft from Auto,1280-1295 Flynn Crescent,COQUITLAM,49.2919249,-122.7680343,2399,POINT (-122.7680343 49.2919249)
2186,2022,1663052400000,Theft from Auto,515-524 Como Lake Avenue,COQUITLAM,49.26303662,-122.8910026,2400,POINT (-122.8910026 49.26303662)
2187,2022,1663052400000,Theft from Auto,201-204 Cayer Street,COQUITLAM,49.23618932,-122.8467221,2401,POINT (-122.8467221 49.23618932)
2188,2022,1663052400000,Theft from Auto,1884-1898 Bluff Way,COQUITLAM,49.28971705,-122.765959,2402,POINT (-122.765959 49.28971705)
2189,2022,1663052400000,Theft from Auto,300-325 Decaire Street,COQUITLAM,49.2417513,-122.8505463,2403,POINT (-122.8505463 49.2417513)
2190,2022,1663052400000,Theft from Auto,1400-1420 Hachey Avenue,COQUITLAM,49.24204434,-122.8542661,2404,POINT (-122.8542661 49.24204434)
2191,2022,1663052400000,Break & Enter - Business,1256-1284 Bluff Drive,COQUITLAM,49.29228794,-122.7665635,2405,POINT (-122.7665635 49.29228794)
2192,2022,1663138800000,Theft from Auto,333-339 Decaire Street,COQUITLAM,49.24319929,-122.8500625,2406,POINT (-122.8500625 49.24319929)
2193,2022,1663138800000,Theft from Auto,1145-1178 Heffley Crescent,COQUITLAM,49.28087253,-122.7914853,2407,POINT (-122.7914853 49.28087253)
2194,2022,1663138800000,Theft from Auto,321-329 Begin Street,COQUITLAM,49.24241527,-122.8598038,2408,POINT (-122.8598038 49.24241527)
2195,2022,1663138800000,Theft from Auto,3161-3168 Hallam Court,COQUITLAM,49.30293318,-122.7784997,2409,POINT (-122.7784997 49.30293318)
2196,2022,1663138800000,Theft from Auto,2929-2970 Coyote Court,COQUITLAM,49.30345951,-122.78665,2410,POINT (-122.78665 49.30345951)
2197,2022,1663138800000,Theft from Auto,320-329 Laval Street,COQUITLAM,49.24220928,-122.8573347,2411,POINT (-122.8573347 49.24220928)
2198,2022,1663138800000,Theft from Auto,2750-2881 Barnet Highway,COQUITLAM,49.2776863,-122.8052579,2412,POINT (-122.8052579 49.2776863)
2199,2022,1663138800000,Theft from Auto,600-619 Whiting Way,COQUITLAM,49.25426675,-122.8920568,2413,POINT (-122.8920568 49.25426675)
2200,2022,1663138800000,Theft from Auto,3002-3035 Ashbrook Place,COQUITLAM,49.26509916,-122.7941771,2414,POINT (-122.7941771 49.26509916)
2201,2022,1663225200000,Theft from Auto,802-820 Greene Street,COQUITLAM,49.26347947,-122.7956294,2415,POINT (-122.7956294 49.26347947)
2202,2022,1663225200000,Break & Enter - Business,546-611 Dansey Avenue,COQUITLAM,49.24720974,-122.8874988,2416,POINT (-122.8874988 49.24720974)
2203,2022,1663225200000,Theft from Auto,2930-2969 Grizzly Place,COQUITLAM,49.30176633,-122.7873492,2417,POINT (-122.7873492 49.30176633)
2204,2022,1663225200000,Theft from Auto,2800-2885 Barnet Highway,COQUITLAM,49.27737465,-122.8024254,2418,POINT (-122.8024254 49.27737465)
2227,2022,1663657200000,Break & Enter - Business,2000-2100 United Boulevard,COQUITLAM,49.2284693,-122.8370439,2419,POINT (-122.8370439 49.2284693)
2512,2022,1671696000000,Break & Enter - Residence,655-668 Clarke Road,COQUITLAM,49.26616507,-122.8842238,2420,POINT (-122.8842238 49.26616507)
2841,2023,1680073200000,Break & Enter - Residence,85-96 Glacier Street,COQUITLAM,49.23195259,-122.8175706,2421,POINT (-122.8175706 49.23195259)
2433,2022,1669190400000,Theft from Auto,2920-2923 Atlantic Avenue,COQUITLAM,49.28177504,-122.7998728,2422,POINT (-122.7998728 49.28177504)
2633,2023,1674374400000,Theft from Auto,609-616 Alderson Avenue,COQUITLAM,49.23981665,-122.8854932,2423,POINT (-122.8854932 49.23981665)
2228,2022,1663743600000,Theft from Auto,602-644 Como Lake Avenue,COQUITLAM,49.26336467,-122.8849733,2424,POINT (-122.8849733 49.26336467)
2736,2023,1677312000000,Theft from Auto,900-959 Sherwood Avenue,COQUITLAM,49.23584614,-122.8712234,2425,POINT (-122.8712234 49.23584614)
2513,2022,1671782400000,Theft from Auto,800-903 Lillian Street,COQUITLAM,49.26468402,-122.860419,2426,POINT (-122.860419 49.26468402)
2514,2022,1671782400000,Theft from Auto,1160-1180 Pinetree Way,COQUITLAM,49.28115265,-122.7932721,2427,POINT (-122.7932721 49.28115265)
2515,2022,1671868800000,Theft of Auto,542-545 Whiting Way,COQUITLAM,49.25101335,-122.8919683,2428,POINT (-122.8919683 49.25101335)
2516,2022,1671868800000,Theft from Auto,181-200 Golden Drive,COQUITLAM,49.23332927,-122.8183013,2429,POINT (-122.8183013 49.23332927)
2517,2022,1671955200000,Break & Enter - Residence,401-419 Winona Street,COQUITLAM,49.24556884,-122.8475845,2430,POINT (-122.8475845 49.24556884)
2518,2022,1671955200000,Theft from Auto,1066-1081 Buoy Drive,COQUITLAM,49.2746716,-122.8210418,2431,POINT (-122.8210418 49.2746716)
2519,2022,1672041600000,Break & Enter - Business,620-644 Poirier Street,COQUITLAM,49.25497655,-122.8464704,2432,POINT (-122.8464704 49.25497655)
2520,2022,1672128000000,Break & Enter - Residence,952-1026 Ridgeway Avenue,COQUITLAM,49.2497021,-122.8673709,2433,POINT (-122.8673709 49.2497021)
2521,2023,1672128000000,Break & Enter - Residence,218-249 Mundy Street,COQUITLAM,49.23712108,-122.8341543,2434,POINT (-122.8341543 49.23712108)
2522,2023,1672128000000,Break & Enter - Residence,3017-3055 Glen Drive,COQUITLAM,49.2826723,-122.791784,2435,POINT (-122.791784 49.2826723)
2523,2023,1672214400000,Theft from Auto,2664-2675 Stellar Court,COQUITLAM,49.28068202,-122.813469,2436,POINT (-122.813469 49.28068202)
2524,2023,1672214400000,Break & Enter - Business,679-688 Clearwater Way,COQUITLAM,49.25565521,-122.8060968,2437,POINT (-122.8060968 49.25565521)
2525,2023,1672214400000,Theft from Auto,2397-2420 Cape Horn Avenue,COQUITLAM,49.23668402,-122.8268324,2438,POINT (-122.8268324 49.23668402)
2526,2023,1672214400000,Theft from Auto,510-540 Smith Avenue,COQUITLAM,49.26032409,-122.8901775,2439,POINT (-122.8901775 49.26032409)
2527,2023,1672300800000,Break & Enter - Residence,2729-2740 Douglas Drive,COQUITLAM,49.2557838,-122.8118513,2440,POINT (-122.8118513 49.2557838)
2528,2023,1672387200000,Theft from Auto,730-750 Smith Avenue,COQUITLAM,49.26007253,-122.879173,2441,POINT (-122.879173 49.26007253)
2529,2023,1672473600000,Theft from Auto,0-0 Holly Drive,COQUITLAM,49.25093961,-122.8028451,2442,POINT (-122.8028451 49.25093961)
2530,2023,1672646400000,Theft from Auto,500-510 Young Drive,COQUITLAM,49.24311916,-122.8918878,2443,POINT (-122.8918878 49.24311916)
2531,2023,1672646400000,Theft from Auto,1273-1294 Steeple Drive,COQUITLAM,49.28806237,-122.8168251,2444,POINT (-122.8168251 49.28806237)
2532,2023,1672646400000,Theft from Auto,555-578 Shaw Avenue,COQUITLAM,49.24411774,-122.8876945,2445,POINT (-122.8876945 49.24411774)
2533,2023,1672732800000,Theft from Auto,600-619 Laurentian Crescent,COQUITLAM,49.25317973,-122.8437708,2446,POINT (-122.8437708 49.25317973)
2534,2023,1672732800000,Theft from Auto,1171-1190 Esperanza Drive,COQUITLAM,49.28436241,-122.779221,2447,POINT (-122.779221 49.28436241)
2535,2023,1672732800000,Theft from Auto,1400-1421 Johnson Street,COQUITLAM,49.29729891,-122.8016435,2448,POINT (-122.8016435 49.29729891)
2536,2023,1672732800000,Theft from Auto,703-726 MacIntosh Street,COQUITLAM,49.26062826,-122.8660657,2449,POINT (-122.8660657 49.26062826)
2537,2023,1672819200000,Theft from Auto,100-109 Myrnam Street,COQUITLAM,49.23600634,-122.8492068,2450,POINT (-122.8492068 49.23600634)
2538,2023,1672819200000,Break & Enter - Business,729-752 Alderson Avenue,COQUITLAM,49.23973178,-122.8779736,2451,POINT (-122.8779736 49.23973178)
2539,2023,1672819200000,Theft from Auto,1-20 Burbidge Street,COQUITLAM,49.22416616,-122.8237849,2452,POINT (-122.8237849 49.22416616)
2540,2023,1672819200000,Theft from Auto,801-830 Poirier Street,COQUITLAM,49.26417301,-122.8464754,2453,POINT (-122.8464754 49.26417301)
2541,2023,1672819200000,Theft from Auto,510-540 Smith Avenue,COQUITLAM,49.26032409,-122.8901775,2454,POINT (-122.8901775 49.26032409)
2542,2023,1672819200000,Theft from Auto,1500-1551 Charland Avenue,COQUITLAM,49.24816344,-122.8511032,2455,POINT (-122.8511032 49.24816344)
2543,2023,1672905600000,Theft from Auto,745-796 Westwood Street,COQUITLAM,49.26267422,-122.7949617,2456,POINT (-122.7949617 49.26267422)
2544,2023,1672905600000,Break & Enter - Business,900-911 Herrmann Street,COQUITLAM,49.26710539,-122.7966603,2457,POINT (-122.7966603 49.26710539)
2545,2023,1672905600000,Theft from Auto,683-690 Poplar Street,COQUITLAM,49.25880222,-122.8398337,2458,POINT (-122.8398337 49.25880222)
2546,2023,1672905600000,Theft from Auto,670-679 Poirier Street,COQUITLAM,49.25837761,-122.8464498,2459,POINT (-122.8464498 49.25837761)
2547,2023,1672905600000,Theft from Auto,340-352 Richard Street,COQUITLAM,49.24306283,-122.8833616,2460,POINT (-122.8833616 49.24306283)
2548,2023,1672905600000,Break & Enter - Business,2986-3019 Guildford Way,COQUITLAM,49.28492167,-122.7933942,2461,POINT (-122.7933942 49.28492167)
2549,2023,1672905600000,Theft from Auto,603-620 Regan Avenue,COQUITLAM,49.26220478,-122.8857915,2462,POINT (-122.8857915 49.26220478)
2550,2023,1672905600000,Theft from Auto,3171-3181 Gambier Avenue,COQUITLAM,49.28865409,-122.7790889,2463,POINT (-122.7790889 49.28865409)
2551,2023,1672992000000,Theft from Auto,1280-1310 Sadie Crescent,COQUITLAM,49.29072203,-122.7564592,2464,POINT (-122.7564592 49.29072203)
2552,2023,1672992000000,Theft from Auto,1382-1396 Oxford Street,COQUITLAM,49.29697642,-122.7648004,2465,POINT (-122.7648004 49.29697642)
2553,2023,1672992000000,Theft of Auto,2920-2975 Atlantic Avenue,COQUITLAM,49.28177732,-122.79789,2466,POINT (-122.79789 49.28177732)
2554,2023,1672992000000,Theft from Auto,542-545 Whiting Way,COQUITLAM,49.25101335,-122.8919683,2467,POINT (-122.8919683 49.25101335)
2555,2023,1672992000000,Theft from Auto,2750-2881 Barnet Highway,COQUITLAM,49.2776863,-122.8052579,2468,POINT (-122.8052579 49.2776863)
2556,2023,1673078400000,Theft of Auto,806-838 Sharpe Street,COQUITLAM,49.2634889,-122.7991828,2469,POINT (-122.7991828 49.2634889)
2557,2023,1673164800000,Theft from Auto,200-207 Marmont Street,COQUITLAM,49.23927977,-122.8622749,2470,POINT (-122.8622749 49.23927977)
2558,2023,1673164800000,Theft from Auto,1419-1436 El Camino Drive,COQUITLAM,49.29678406,-122.7766181,2471,POINT (-122.7766181 49.29678406)
2559,2023,1673164800000,Theft from Auto,520-540 Gatensbury Street,COQUITLAM,49.25096094,-122.8579598,2472,POINT (-122.8579598 49.25096094)
2560,2023,1673164800000,Theft from Auto,660-679 Whiting Way,COQUITLAM,49.25817352,-122.8918992,2473,POINT (-122.8918992 49.25817352)
2561,2023,1673164800000,Theft of Auto,995-1100 United Boulevard,COQUITLAM,49.22954601,-122.8693532,2474,POINT (-122.8693532 49.22954601)
2562,2023,1673164800000,Theft from Auto,3000-3023 Anson Avenue,COQUITLAM,49.27789693,-122.7943116,2475,POINT (-122.7943116 49.27789693)
2563,2023,1673164800000,Break & Enter - Business,600-621 Shaw Avenue,COQUITLAM,49.24406282,-122.8860077,2476,POINT (-122.8860077 49.24406282)
2564,2023,1673251200000,Theft from Auto,602-644 Como Lake Avenue,COQUITLAM,49.26336467,-122.8849733,2477,POINT (-122.8849733 49.26336467)
2565,2023,1673251200000,Theft from Auto,3380-3400 David Avenue,COQUITLAM,49.29305206,-122.7527327,2478,POINT (-122.7527327 49.29305206)
2566,2023,1673251200000,Theft from Auto,2975-2979 Atlantic Avenue,COQUITLAM,49.28176464,-122.7965857,2479,POINT (-122.7965857 49.28176464)
2567,2023,1673337600000,Theft from Auto,2975-2979 Atlantic Avenue,COQUITLAM,49.28176464,-122.7965857,2480,POINT (-122.7965857 49.28176464)
2568,2023,1673337600000,Break & Enter - Residence,3100-3166 Plateau Boulevard,COQUITLAM,49.30968107,-122.7860783,2481,POINT (-122.7860783 49.30968107)
2569,2023,1673337600000,Theft from Auto,1220-1400 Seguin Drive,COQUITLAM,49.23429332,-122.8560282,2482,POINT (-122.8560282 49.23429332)
2570,2023,1673337600000,Theft from Auto,514-642 Ebert Avenue,COQUITLAM,49.25553716,-122.8872537,2483,POINT (-122.8872537 49.25553716)
2571,2023,1673337600000,Break & Enter - Business,330-348 Laval Street,COQUITLAM,49.24329081,-122.8573233,2484,POINT (-122.8573233 49.24329081)
2572,2023,1673337600000,Break & Enter - Residence,2110-2131 Venice Avenue,COQUITLAM,49.24816478,-122.8360895,2485,POINT (-122.8360895 49.24816478)
2573,2023,1673424000000,Break & Enter - Business,514-580 Webster Avenue,COQUITLAM,49.25501807,-122.8898078,2486,POINT (-122.8898078 49.25501807)
2574,2023,1673510400000,Break & Enter - Business,1700-1891 Regan Avenue,COQUITLAM,49.26164762,-122.8437879,2487,POINT (-122.8437879 49.26164762)
2575,2023,1673596800000,Theft from Auto,224-229 Marmont Street,COQUITLAM,49.24070006,-122.8622735,2488,POINT (-122.8622735 49.24070006)
2576,2023,1673596800000,Break & Enter - Business,813-845 Quadling Avenue,COQUITLAM,49.24087977,-122.8746658,2489,POINT (-122.8746658 49.24087977)
2577,2023,1673683200000,Break & Enter - Residence,738-771 Rochester Avenue,COQUITLAM,49.24538622,-122.8789563,2490,POINT (-122.8789563 49.24538622)
2578,2023,1673683200000,Theft from Auto,340-359 Blue Mountain Street,COQUITLAM,49.24313819,-122.8729312,2491,POINT (-122.8729312 49.24313819)
2579,2023,1673683200000,Theft from Auto,3010- Riverbend Drive,COQUITLAM,49.26390019,-122.7910444,2492,POINT (-122.7910444 49.26390019)
2580,2023,1673683200000,Theft from Auto,943-961 Quadling Avenue,COQUITLAM,49.24076963,-122.8687178,2493,POINT (-122.8687178 49.24076963)
2581,2023,1673769600000,Theft of Auto,672-692 Firdale Street,COQUITLAM,49.25819638,-122.8371734,2494,POINT (-122.8371734 49.25819638)
2582,2023,1673769600000,Theft of Auto,216-236 McBay Lane,COQUITLAM,49.23922954,-122.866727,2495,POINT (-122.866727 49.23922954)
2583,2023,1673769600000,Theft from Auto,3301-3325 Carriage Court,COQUITLAM,49.29659727,-122.7655439,2496,POINT (-122.7655439 49.29659727)
2584,2023,1673769600000,Theft from Auto,500-518 Marmont Street,COQUITLAM,49.25018238,-122.8622037,2497,POINT (-122.8622037 49.25018238)
2585,2023,1673769600000,Theft from Auto,1121-1180 Como Lake Avenue,COQUITLAM,49.26350377,-122.8597596,2498,POINT (-122.8597596 49.26350377)
2586,2023,1673769600000,Theft from Auto,300-387 Marathon Court,COQUITLAM,49.24074395,-122.8508324,2499,POINT (-122.8508324 49.24074395)
2587,2023,1673769600000,Theft from Auto,431-441 Bray Street,COQUITLAM,49.24651974,-122.8209758,2500,POINT (-122.8209758 49.24651974)
2588,2023,1673769600000,Theft of Auto,694-726 Poplar Street,COQUITLAM,49.26027145,-122.8396332,2501,POINT (-122.8396332 49.26027145)
2589,2023,1673769600000,Theft from Auto,944-952 Harris Avenue,COQUITLAM,49.23885846,-122.8687937,2502,POINT (-122.8687937 49.23885846)
2590,2023,1673769600000,Theft from Auto,944-952 Harris Avenue,COQUITLAM,49.23885846,-122.8687937,2503,POINT (-122.8687937 49.23885846)
2591,2023,1673856000000,Theft from Auto,430-443 Marmont Street,COQUITLAM,49.24756543,-122.8622092,2504,POINT (-122.8622092 49.24756543)
2592,2023,1673856000000,Theft from Auto,1570-1663 Charland Avenue,COQUITLAM,49.24821837,-122.8478275,2505,POINT (-122.8478275 49.24821837)
2593,2023,1673856000000,Theft from Auto,401-409 Dartmoor Drive,COQUITLAM,49.24321679,-122.8176583,2506,POINT (-122.8176583 49.24321679)
2594,2023,1673856000000,Theft from Auto,1185-1213 Pacific Street,COQUITLAM,49.28357693,-122.7985337,2507,POINT (-122.7985337 49.28357693)
2595,2023,1673856000000,Theft from Auto,1425-1485 El Camino Drive,COQUITLAM,49.29800396,-122.7765955,2508,POINT (-122.7765955 49.29800396)
2596,2023,1673856000000,Theft from Auto,1815-1858 Haversley Avenue,COQUITLAM,49.24988094,-122.8431091,2509,POINT (-122.8431091 49.24988094)
2597,2023,1673856000000,Theft from Auto,2860-2879 Glen Drive,COQUITLAM,49.28274495,-122.8028364,2510,POINT (-122.8028364 49.28274495)
2598,2023,1673856000000,Theft from Auto,265-331 Lebleu Street,COQUITLAM,49.24134341,-122.8676015,2511,POINT (-122.8676015 49.24134341)
2599,2023,1673942400000,Theft from Auto,0-3000 Lougheed Highway,COQUITLAM,49.27521401,-122.7945543,2512,POINT (-122.7945543 49.27521401)
2600,2023,1673942400000,Theft from Auto,1022-1071 Austin Avenue,COQUITLAM,49.24900281,-122.8639407,2513,POINT (-122.8639407 49.24900281)
2601,2023,1673942400000,Theft of Auto,65-77 Clipper Street,COQUITLAM,49.22843878,-122.8528211,2514,POINT (-122.8528211 49.22843878)
2602,2023,1673942400000,Break & Enter - Residence,1150-1158 Esperanza Drive,COQUITLAM,49.28266018,-122.7791931,2515,POINT (-122.7791931 49.28266018)
2603,2023,1673942400000,Break & Enter - Business,2170-2389 Parkway Boulevard,COQUITLAM,49.3191455,-122.7947607,2516,POINT (-122.7947607 49.3191455)
2604,2023,1673942400000,Theft from Auto,55-98 Fawcett Road,COQUITLAM,49.2276379,-122.8342218,2517,POINT (-122.8342218 49.2276379)
2605,2023,1673942400000,Theft from Auto,3320-3359 Thor Court,COQUITLAM,49.30116162,-122.7737045,2518,POINT (-122.7737045 49.30116162)
2606,2023,1673942400000,Break & Enter - Residence,0-0 Highway Ramp,COQUITLAM,49.23522891,-122.8785371,2519,POINT (-122.8785371 49.23522891)
2607,2023,1673942400000,Theft from Auto,3170-3218 Sylvia Place,COQUITLAM,49.2996269,-122.7798319,2520,POINT (-122.7798319 49.2996269)
2608,2023,1673942400000,Theft of Auto,2161-2348 Cape Horn Avenue,COQUITLAM,49.23172539,-122.8327541,2521,POINT (-122.8327541 49.23172539)
2609,2023,1674028800000,Theft from Auto,600-603 Como Lake Avenue,COQUITLAM,49.26323902,-122.8874489,2522,POINT (-122.8874489 49.26323902)
2610,2023,1674028800000,Break & Enter - Business,952-1026 Ridgeway Avenue,COQUITLAM,49.2497021,-122.8673709,2523,POINT (-122.8673709 49.2497021)
2611,2023,1674028800000,Break & Enter - Residence,1416-1421 Hockaday Street,COQUITLAM,49.30004026,-122.772618,2524,POINT (-122.772618 49.30004026)
2612,2023,1674115200000,Theft of Auto,1343-1351 Pipeline Road,COQUITLAM,49.29388569,-122.7806277,2525,POINT (-122.7806277 49.29388569)
2842,2023,1680073200000,Theft from Auto,3171-3188 Beacon Drive,COQUITLAM,49.27146454,-122.80985,2526,POINT (-122.80985 49.27146454)
2737,2023,1677484800000,Break & Enter - Residence,2600-2630 Crawley Avenue,COQUITLAM,49.24717054,-122.817274,2527,POINT (-122.817274 49.24717054)
2434,2022,1669190400000,Theft of Auto,1520-1530 Parkway Boulevard,COQUITLAM,49.30040922,-122.8075359,2528,POINT (-122.8075359 49.30040922)
2634,2023,1674374400000,Theft from Auto,1181-1215 Pipeline Road,COQUITLAM,49.28422977,-122.7854423,2529,POINT (-122.7854423 49.28422977)
2843,2023,1680159600000,Theft from Auto,1108-1222 Hammond Avenue,COQUITLAM,49.24373935,-122.8593065,2530,POINT (-122.8593065 49.24373935)
2738,2023,1677484800000,Theft from Auto,280-294 Hart Street,COQUITLAM,49.2393973,-122.8818861,2531,POINT (-122.8818861 49.2393973)
2229,2022,1663743600000,Theft from Auto,1500-1549 Winslow Avenue,COQUITLAM,49.25388133,-122.8514858,2532,POINT (-122.8514858 49.25388133)
2635,2023,1674460800000,Break & Enter - Business,609-616 Alderson Avenue,COQUITLAM,49.23981665,-122.8854932,2533,POINT (-122.8854932 49.23981665)
2844,2023,1680159600000,Theft from Auto,3181-3205 Capstan Crescent,COQUITLAM,49.27166788,-122.8119072,2534,POINT (-122.8119072 49.27166788)
2435,2022,1669276800000,Theft from Auto,1030-1061 Delestre Avenue,COQUITLAM,49.24172593,-122.8636396,2535,POINT (-122.8636396 49.24172593)
2230,2022,1663743600000,Theft from Auto,298-299 Guilby Street,COQUITLAM,49.24140227,-122.8852578,2536,POINT (-122.8852578 49.24140227)
2739,2023,1677657600000,Theft from Auto,600-652 Blue Mountain Street,COQUITLAM,49.25507281,-122.8689839,2537,POINT (-122.8689839 49.25507281)
2636,2023,1674460800000,Theft of Auto,1404-1437 Lansdowne Drive,COQUITLAM,49.29275225,-122.8120298,2538,POINT (-122.8120298 49.29275225)
2845,2023,1680159600000,Theft from Auto,2900-2915 Norman Avenue,COQUITLAM,49.27092718,-122.8002654,2539,POINT (-122.8002654 49.27092718)
2436,2022,1669276800000,Theft from Auto,952-1026 Ridgeway Avenue,COQUITLAM,49.2497021,-122.8673709,2540,POINT (-122.8673709 49.2497021)
2231,2022,1663743600000,Theft from Auto,501-3953 North Road,COQUITLAM,49.25007926,-122.8927924,2541,POINT (-122.8927924 49.25007926)
2740,2023,1677744000000,Theft of Auto,683-690 Poplar Street,COQUITLAM,49.25880222,-122.8398337,2542,POINT (-122.8398337 49.25880222)
2637,2023,1674460800000,Break & Enter - Residence,601-3055 North Road,COQUITLAM,49.25429998,-122.8928879,2543,POINT (-122.8928879 49.25429998)
2846,2023,1680159600000,Theft from Auto,1145-1178 Heffley Crescent,COQUITLAM,49.28087253,-122.7914853,2544,POINT (-122.7914853 49.28087253)
2437,2022,1669276800000,Break & Enter - Business,2802-2857 Glen Drive,COQUITLAM,49.28275673,-122.8069843,2545,POINT (-122.8069843 49.28275673)
2232,2022,1663743600000,Theft from Auto,1401-1431 King Albert Avenue,COQUITLAM,49.25142559,-122.8536781,2546,POINT (-122.8536781 49.25142559)
2741,2023,1677744000000,Theft from Auto,417-450 Westview Street,COQUITLAM,49.24757864,-122.8896705,2547,POINT (-122.8896705 49.24757864)
2638,2023,1674460800000,Break & Enter - Business,3260-3280 Mason Avenue,COQUITLAM,49.28931034,-122.7623386,2548,POINT (-122.7623386 49.28931034)
2847,2023,1680332400000,Theft from Auto,710-731 Anskar Court,COQUITLAM,49.26632124,-122.8822655,2549,POINT (-122.8822655 49.26632124)
2438,2022,1669363200000,Break & Enter - Business,433-499 Nelson Street,COQUITLAM,49.24933126,-122.8656045,2550,POINT (-122.8656045 49.24933126)
2233,2022,1663743600000,Theft from Auto,1300-1301 King Albert Avenue,COQUITLAM,49.25141537,-122.8573609,2551,POINT (-122.8573609 49.25141537)
2742,2023,1677744000000,Theft from Auto,2202-2207 Sorrento Drive,COQUITLAM,49.23879688,-122.8329113,2552,POINT (-122.8329113 49.23879688)
2639,2023,1674460800000,Theft of Auto,17-48 Fawcett Road,COQUITLAM,49.2244996,-122.8341676,2553,POINT (-122.8341676 49.2244996)
2848,2023,1680418800000,Theft from Auto,107-111 Woolridge Street,COQUITLAM,49.2353581,-122.8686814,2554,POINT (-122.8686814 49.2353581)
2439,2022,1669449600000,Break & Enter - Business,181-200 Golden Drive,COQUITLAM,49.23332927,-122.8183013,2555,POINT (-122.8183013 49.23332927)
2640,2023,1674547200000,Theft from Auto,403-3965 North Road,COQUITLAM,49.24743607,-122.8927177,2556,POINT (-122.8927177 49.24743607)
2234,2022,1663743600000,Theft from Auto,336-347 Dartmoor Drive,COQUITLAM,49.24120396,-122.8232078,2557,POINT (-122.8232078 49.24120396)
2849,2023,1680505200000,Theft from Auto,2900-2909 Meadowvista Place,COQUITLAM,49.29921726,-122.7999995,2558,POINT (-122.7999995 49.29921726)
2743,2023,1677744000000,Theft from Auto,300-325 Decaire Street,COQUITLAM,49.2417513,-122.8505463,2559,POINT (-122.8505463 49.2417513)
2440,2022,1669449600000,Break & Enter - Business,100-120 Schoolhouse Street,COQUITLAM,49.23292046,-122.8526091,2560,POINT (-122.8526091 49.23292046)
2850,2023,1680505200000,Theft from Auto,83-94 North Bend Street,COQUITLAM,49.23198264,-122.8208307,2561,POINT (-122.8208307 49.23198264)
2235,2022,1663743600000,Theft of Auto,3000-3003 Christmas Way,COQUITLAM,49.27196253,-122.792115,2562,POINT (-122.792115 49.27196253)
2641,2023,1674547200000,Theft from Auto,3061-3089 Yellowcedar Place,COQUITLAM,49.30449884,-122.7898522,2563,POINT (-122.7898522 49.30449884)
2744,2023,1677830400000,Break & Enter - Residence,2950-2978 Glen Drive,COQUITLAM,49.28272705,-122.7974008,2564,POINT (-122.7974008 49.28272705)
2441,2022,1669536000000,Theft of Auto,3520-3549 Baycrest Avenue,COQUITLAM,49.28845043,-122.7384911,2565,POINT (-122.7384911 49.28845043)
2851,2023,1680505200000,Break & Enter - Business,3141-3171 Sechelt Drive,COQUITLAM,49.28530467,-122.7818805,2566,POINT (-122.7818805 49.28530467)
2236,2022,1663830000000,Theft from Auto,594-611 Sydney Avenue,COQUITLAM,49.24817014,-122.8866523,2567,POINT (-122.8866523 49.24817014)
2642,2023,1674547200000,Theft from Auto,960-1095 Lougheed Highway,COQUITLAM,49.23539794,-122.8658125,2568,POINT (-122.8658125 49.23539794)
2745,2023,1677830400000,Theft from Auto,261-299 Blue Mountain Street,COQUITLAM,49.24028853,-122.8729971,2569,POINT (-122.8729971 49.24028853)
2442,2022,1669536000000,Break & Enter - Business,2960-2979 Christmas Way,COQUITLAM,49.27469238,-122.7959065,2570,POINT (-122.7959065 49.27469238)
2852,2023,1680505200000,Theft from Auto,3389-3417 Roxton Avenue,COQUITLAM,49.28844333,-122.7541158,2571,POINT (-122.7541158 49.28844333)
2237,2022,1663830000000,Break & Enter - Business,2981-2999 Christmas Way,COQUITLAM,49.27337281,-122.7952815,2572,POINT (-122.7952815 49.27337281)
2643,2023,1674633600000,Theft from Auto,520-549 Ferris Street,COQUITLAM,49.2504454,-122.828725,2573,POINT (-122.828725 49.2504454)
2746,2023,1677830400000,Theft from Auto,950-969 Leland Avenue,COQUITLAM,49.26939758,-122.8678956,2574,POINT (-122.8678956 49.26939758)
2443,2022,1669622400000,Theft from Auto,948-999 Austin Avenue,COQUITLAM,49.24899898,-122.8684311,2575,POINT (-122.8684311 49.24899898)
2853,2023,1680505200000,Theft from Auto,1302-1330 Flynn Crescent,COQUITLAM,49.29336612,-122.7685895,2576,POINT (-122.7685895 49.29336612)
2238,2022,1663830000000,Theft from Auto,544-545 Sydney Avenue,COQUITLAM,49.24819319,-122.8890042,2577,POINT (-122.8890042 49.24819319)
2644,2023,1674633600000,Theft from Auto,2335-2485 Haversley Avenue,COQUITLAM,49.24999791,-122.8264048,2578,POINT (-122.8264048 49.24999791)
2747,2023,1677830400000,Theft from Auto,1450-1950 Hartley Avenue,COQUITLAM,49.22661466,-122.8446521,2579,POINT (-122.8446521 49.22661466)
2444,2022,1669622400000,Break & Enter - Residence,801-829 Smith Avenue,COQUITLAM,49.25997604,-122.875731,2580,POINT (-122.875731 49.25997604)
2854,2023,1680505200000,Theft from Auto,1302-1332 Oxford Street,COQUITLAM,49.29213745,-122.7631495,2581,POINT (-122.7631495 49.29213745)
2239,2022,1663830000000,Break & Enter - Business,551-621 Hillcrest Street,COQUITLAM,49.25224798,-122.8354956,2582,POINT (-122.8354956 49.25224798)
2645,2023,1674633600000,Break & Enter - Residence,601-3055 North Road,COQUITLAM,49.25429998,-122.8928879,2583,POINT (-122.8928879 49.25429998)
2748,2023,1677916800000,Theft of Auto,0-0 Holly Drive,COQUITLAM,49.25093961,-122.8028451,2584,POINT (-122.8028451 49.25093961)
2445,2022,1669622400000,Theft from Auto,447-499 Schoolhouse Street,COQUITLAM,49.24847174,-122.8524658,2585,POINT (-122.8524658 49.24847174)
2855,2023,1680505200000,Theft from Auto,3310-3333 Caliente Place,COQUITLAM,49.29485126,-122.7784421,2586,POINT (-122.7784421 49.29485126)
2240,2022,1663916400000,Break & Enter - Business,1-20 Burbidge Street,COQUITLAM,49.22416616,-122.8237849,2587,POINT (-122.8237849 49.22416616)
2646,2023,1674633600000,Theft from Auto,623-657 Cypress Street,COQUITLAM,49.25462355,-122.8398207,2588,POINT (-122.8398207 49.25462355)
2749,2023,1677916800000,Theft from Auto,1720-1731 Hampton Drive,COQUITLAM,49.31070178,-122.7845315,2589,POINT (-122.7845315 49.31070178)
2446,2022,1669622400000,Break & Enter - Business,1800-1892 Austin Avenue,COQUITLAM,49.24900866,-122.8424675,2590,POINT (-122.8424675 49.24900866)
2856,2023,1680591600000,Break & Enter - Business,2860-2879 Glen Drive,COQUITLAM,49.28274495,-122.8028364,2591,POINT (-122.8028364 49.28274495)
2241,2022,1664002800000,Theft of Auto,240-249 Casey Street,COQUITLAM,49.24016529,-122.8548706,2592,POINT (-122.8548706 49.24016529)
2647,2023,1674633600000,Break & Enter - Business,1700-1712 Deer's Leap Place,COQUITLAM,49.30938221,-122.7824891,2593,POINT (-122.7824891 49.30938221)
2750,2023,1677916800000,Theft from Auto,667-674 Hailey Street,COQUITLAM,49.2576913,-122.8702764,2594,POINT (-122.8702764 49.2576913)
2447,2022,1669622400000,Break & Enter - Business,520-547 Hillcrest Street,COQUITLAM,49.25053045,-122.8355377,2595,POINT (-122.8355377 49.25053045)
2857,2023,1680591600000,Break & Enter - Business,3100-3154 Bowen Drive,COQUITLAM,49.28623574,-122.7824879,2596,POINT (-122.7824879 49.28623574)
2242,2022,1664002800000,Theft from Auto,439-440 Blue Mountain Street,COQUITLAM,49.24760788,-122.8708078,2597,POINT (-122.8708078 49.24760788)
2648,2023,1674633600000,Theft from Auto,901-930 Tupper Avenue,COQUITLAM,49.23478412,-122.8709044,2598,POINT (-122.8709044 49.23478412)
2649,2023,1674633600000,Theft from Auto,2261-2331 Tolmie Avenue,COQUITLAM,49.24672301,-122.830445,2599,POINT (-122.830445 49.24672301)
2650,2023,1674633600000,Break & Enter - Business,2707-2724 Mara Drive,COQUITLAM,49.25982001,-122.8144039,2600,POINT (-122.8144039 49.25982001)
2651,2023,1674633600000,Theft from Auto,506-545 Whiting Way,COQUITLAM,49.24960081,-122.8904443,2601,POINT (-122.8904443 49.24960081)
2652,2023,1674633600000,Theft of Auto,1629-1749 Sheridan Avenue,COQUITLAM,49.23926819,-122.8466035,2602,POINT (-122.8466035 49.23926819)
2653,2023,1674720000000,Theft from Auto,75-100 Blue Mountain Street,COQUITLAM,49.23459614,-122.8730972,2603,POINT (-122.8730972 49.23459614)
2654,2023,1674720000000,Theft from Auto,901-930 Tupper Avenue,COQUITLAM,49.23478412,-122.8709044,2604,POINT (-122.8709044 49.23478412)
2655,2023,1674720000000,Theft from Auto,1151-1189 Falcon Drive,COQUITLAM,49.28220212,-122.8191638,2605,POINT (-122.8191638 49.28220212)
2656,2023,1674806400000,Break & Enter - Residence,901-930 Tupper Avenue,COQUITLAM,49.23478412,-122.8709044,2606,POINT (-122.8709044 49.23478412)
2657,2023,1674806400000,Theft from Auto,1820-1833 Lemax Avenue,COQUITLAM,49.25252755,-122.8431444,2607,POINT (-122.8431444 49.25252755)
2658,2023,1674892800000,Theft from Auto,300-387 Marathon Court,COQUITLAM,49.24074395,-122.8508324,2608,POINT (-122.8508324 49.24074395)
2659,2023,1674892800000,Theft from Auto,2000-2131 Hartley Avenue,COQUITLAM,49.22598236,-122.837319,2609,POINT (-122.837319 49.22598236)
2660,2023,1674892800000,Theft from Auto,2726-2770 Mara Drive,COQUITLAM,49.25894565,-122.8122541,2610,POINT (-122.8122541 49.25894565)
2661,2023,1674892800000,Theft from Auto,1181-1215 Pipeline Road,COQUITLAM,49.28422977,-122.7854423,2611,POINT (-122.7854423 49.28422977)
2662,2023,1674892800000,Theft from Auto,1022-1071 Austin Avenue,COQUITLAM,49.24900281,-122.8639407,2612,POINT (-122.8639407 49.24900281)
2663,2023,1674979200000,Theft from Auto,320-334 Burns Street,COQUITLAM,49.24313008,-122.8762977,2613,POINT (-122.8762977 49.24313008)
2664,2023,1674979200000,Theft from Auto,1200-1235 Lansdowne Drive,COQUITLAM,49.28512513,-122.8105988,2614,POINT (-122.8105988 49.28512513)
2665,2023,1674979200000,Break & Enter - Residence,939-948 Dennison Avenue,COQUITLAM,49.25084467,-122.8698468,2615,POINT (-122.8698468 49.25084467)
2666,2023,1675065600000,Theft from Auto,2534-2565 Barnet Highway,COQUITLAM,49.27783557,-122.8216909,2616,POINT (-122.8216909 49.27783557)
2667,2023,1675065600000,Theft from Auto,3100-3166 Plateau Boulevard,COQUITLAM,49.30968107,-122.7860783,2617,POINT (-122.7860783 49.30968107)
2668,2023,1675065600000,Theft from Auto,55-98 Fawcett Road,COQUITLAM,49.2276379,-122.8342218,2618,POINT (-122.8342218 49.2276379)
2669,2023,1675152000000,Theft from Auto,223-240 Hart Street,COQUITLAM,49.23651993,-122.8798148,2619,POINT (-122.8798148 49.23651993)
2670,2023,1675152000000,Theft of Auto,318-333 Loring Street,COQUITLAM,49.24229152,-122.8881109,2620,POINT (-122.8881109 49.24229152)
2671,2023,1675238400000,Theft from Auto,1044-3380 Westwood Street,COQUITLAM,49.27298408,-122.7905604,2621,POINT (-122.7905604 49.27298408)
2672,2023,1675238400000,Break & Enter - Business,3425-3450 Horizon Drive,COQUITLAM,49.30282206,-122.7510389,2622,POINT (-122.7510389 49.30282206)
2673,2023,1675238400000,Theft from Auto,1400-1425 Marguerite Street,COQUITLAM,49.29893142,-122.7585523,2623,POINT (-122.7585523 49.29893142)
2674,2023,1675324800000,Break & Enter - Residence,3364-3389 Scotch Pine Avenue,COQUITLAM,49.30393901,-122.7569571,2624,POINT (-122.7569571 49.30393901)
2675,2023,1675324800000,Theft from Auto,525-568 Clarke Road,COQUITLAM,49.26102606,-122.8907694,2625,POINT (-122.8907694 49.26102606)
2676,2023,1675324800000,Theft of Auto,1258-1287 Hollybrook Street,COQUITLAM,49.28985977,-122.7576595,2626,POINT (-122.7576595 49.28985977)
2677,2023,1675324800000,Break & Enter - Residence,950-969 Leland Avenue,COQUITLAM,49.26939758,-122.8678956,2627,POINT (-122.8678956 49.26939758)
2678,2023,1675324800000,Break & Enter - Business,321-4563 North Road,COQUITLAM,49.24471378,-122.8926127,2628,POINT (-122.8926127 49.24471378)
2679,2023,1675324800000,Theft from Auto,2860-2879 Glen Drive,COQUITLAM,49.28274495,-122.8028364,2629,POINT (-122.8028364 49.28274495)
2680,2023,1675324800000,Theft from Auto,500-548 Chapman Avenue,COQUITLAM,49.26970577,-122.8927901,2630,POINT (-122.8927901 49.26970577)
2681,2023,1675411200000,Theft from Auto,498-499 Decaire Street,COQUITLAM,49.24855497,-122.8500909,2631,POINT (-122.8500909 49.24855497)
2682,2023,1675411200000,Theft from Auto,2534-2565 Barnet Highway,COQUITLAM,49.27783557,-122.8216909,2632,POINT (-122.8216909 49.27783557)
2683,2023,1675411200000,Theft from Auto,0-0 Highway Ramp,COQUITLAM,49.23050205,-122.8268016,2633,POINT (-122.8268016 49.23050205)
2684,2023,1675411200000,Theft from Auto,741-798 Adiron Avenue,COQUITLAM,49.26750959,-122.8770657,2634,POINT (-122.8770657 49.26750959)
2685,2023,1675411200000,Theft from Auto,1-14 King Edward Street,COQUITLAM,49.22912756,-122.8615863,2635,POINT (-122.8615863 49.22912756)
2686,2023,1675411200000,Theft from Auto,2986-2989 Spuraway Avenue,COQUITLAM,49.26227416,-122.8050708,2636,POINT (-122.8050708 49.26227416)
2687,2023,1675497600000,Break & Enter - Residence,2581-2595 Trillium Place,COQUITLAM,49.29242238,-122.8165057,2637,POINT (-122.8165057 49.29242238)
2688,2023,1675497600000,Theft from Auto,1-20 Burbidge Street,COQUITLAM,49.22416616,-122.8237849,2638,POINT (-122.8237849 49.22416616)
2689,2023,1675670400000,Break & Enter - Residence,3470-3483 Highland Drive,COQUITLAM,49.30032217,-122.7492298,2639,POINT (-122.7492298 49.30032217)
2690,2023,1675670400000,Break & Enter - Residence,960-1095 Lougheed Highway,COQUITLAM,49.23539794,-122.8658125,2640,POINT (-122.8658125 49.23539794)
2691,2023,1675756800000,Theft from Auto,525-568 Clarke Road,COQUITLAM,49.26102606,-122.8907694,2641,POINT (-122.8907694 49.26102606)
2692,2023,1675843200000,Theft of Auto,433-499 Nelson Street,COQUITLAM,49.24933126,-122.8656045,2642,POINT (-122.8656045 49.24933126)
2693,2023,1675843200000,Theft from Auto,817-835 Porter Street,COQUITLAM,49.26483065,-122.8631702,2643,POINT (-122.8631702 49.26483065)
2694,2023,1675843200000,Theft from Auto,0-0 Holly Drive,COQUITLAM,49.25093961,-122.8028451,2644,POINT (-122.8028451 49.25093961)
2695,2023,1675929600000,Theft from Auto,0-0 Holly Drive,COQUITLAM,49.25093961,-122.8028451,2645,POINT (-122.8028451 49.25093961)
2696,2023,1675929600000,Theft from Auto,3020-3045 Lincoln Avenue,COQUITLAM,49.2791131,-122.7919727,2646,POINT (-122.7919727 49.2791131)
2697,2023,1675929600000,Theft from Auto,3400-3500 Burke Village Promenade,COQUITLAM,49.29187818,-122.7468803,2647,POINT (-122.7468803 49.29187818)
2698,2023,1675929600000,Theft from Auto,298-299 Guilby Street,COQUITLAM,49.24140227,-122.8852578,2648,POINT (-122.8852578 49.24140227)
2699,2023,1676102400000,Theft from Auto,500-510 Smith Avenue,COQUITLAM,49.26036999,-122.8926495,2649,POINT (-122.8926495 49.26036999)
2700,2023,1676102400000,Break & Enter - Business,2700-2745 Barnet Highway,COQUITLAM,49.27786163,-122.810408,2650,POINT (-122.810408 49.27786163)
2701,2023,1676102400000,Theft from Auto,3446-3459 Wilkie Avenue,COQUITLAM,49.28665968,-122.7477686,2651,POINT (-122.7477686 49.28665968)
2702,2023,1676188800000,Break & Enter - Business,1350-1449 United Boulevard,COQUITLAM,49.22916081,-122.8506619,2652,POINT (-122.8506619 49.22916081)
2703,2023,1676275200000,Theft from Auto,2960-2979 Burlington Drive,COQUITLAM,49.28428982,-122.7969926,2653,POINT (-122.7969926 49.28428982)
2704,2023,1676275200000,Break & Enter - Business,2470-2499 Cape Horn Avenue,COQUITLAM,49.23895951,-122.8238576,2654,POINT (-122.8238576 49.23895951)
2705,2023,1676275200000,Break & Enter - Business,3530-3559 Archworth Avenue,COQUITLAM,49.29996056,-122.7370449,2655,POINT (-122.7370449 49.29996056)
2706,2023,1676361600000,Theft from Auto,2962-2990 Forestridge Place,COQUITLAM,49.30335023,-122.8044075,2656,POINT (-122.8044075 49.30335023)
2707,2023,1676448000000,Theft from Auto,298-299 Guilby Street,COQUITLAM,49.24140227,-122.8852578,2657,POINT (-122.8852578 49.24140227)
2708,2023,1676534400000,Theft from Auto,451-499 Marmont Street,COQUITLAM,49.24934496,-122.8621996,2658,POINT (-122.8621996 49.24934496)
2709,2023,1676534400000,Theft from Auto,222-231 Bernatchey Street,COQUITLAM,49.23737885,-122.8772539,2659,POINT (-122.8772539 49.23737885)
2710,2023,1676534400000,Theft from Auto,315-333 Dartmoor Drive,COQUITLAM,49.24077769,-122.8230751,2660,POINT (-122.8230751 49.24077769)
2711,2023,1676534400000,Theft from Auto,85-90 Mundy Street,COQUITLAM,49.23123472,-122.8368275,2661,POINT (-122.8368275 49.23123472)
2712,2023,1676620800000,Theft from Auto,447-460 Westview Street,COQUITLAM,49.2485655,-122.8896559,2662,POINT (-122.8896559 49.2485655)
2713,2023,1676620800000,Theft from Auto,1400-1421 Johnson Street,COQUITLAM,49.29729891,-122.8016435,2663,POINT (-122.8016435 49.29729891)
2714,2023,1676707200000,Theft from Auto,300-306 Schoolhouse Street,COQUITLAM,49.24102385,-122.8524628,2664,POINT (-122.8524628 49.24102385)
2243,2022,1664002800000,Theft from Auto,672-692 Firdale Street,COQUITLAM,49.25819638,-122.8371734,2665,POINT (-122.8371734 49.25819638)
2858,2023,1680678000000,Break & Enter - Business,1618-1645 Blue Jay Place,COQUITLAM,49.30660049,-122.7812734,2666,POINT (-122.7812734 49.30660049)
2859,2023,1680764400000,Break & Enter - Business,1224-1240 Oxbow Way,COQUITLAM,49.29019507,-122.7678702,2667,POINT (-122.7678702 49.29019507)
2448,2022,1669622400000,Theft from Auto,2053-2099 Winslow Avenue,COQUITLAM,49.25377406,-122.8360979,2668,POINT (-122.8360979 49.25377406)
2244,2022,1664002800000,Break & Enter - Business,300-316 Mundy Street,COQUITLAM,49.23980918,-122.8342058,2669,POINT (-122.8342058 49.23980918)
2751,2023,1678003200000,Break & Enter - Residence,646-739 Como Lake Avenue,COQUITLAM,49.26353251,-122.8817812,2670,POINT (-122.8817812 49.26353251)
2860,2023,1680764400000,Theft from Auto,3150-3189 Tahsis Avenue,COQUITLAM,49.28229314,-122.7807035,2671,POINT (-122.7807035 49.28229314)
2449,2022,1669708800000,Theft from Auto,312-315 Schoolhouse Street,COQUITLAM,49.24204831,-122.8527743,2672,POINT (-122.8527743 49.24204831)
2861,2023,1680850800000,Theft from Auto,2860-2879 Glen Drive,COQUITLAM,49.28274495,-122.8028364,2673,POINT (-122.8028364 49.28274495)
2752,2023,1678003200000,Theft from Auto,698-712 Duval Court,COQUITLAM,49.2596132,-122.8384107,2674,POINT (-122.8384107 49.2596132)
2245,2022,1664175600000,Break & Enter - Business,101-195 Schoolhouse Street,COQUITLAM,49.23479161,-122.8525471,2675,POINT (-122.8525471 49.23479161)
2862,2023,1680850800000,Theft from Auto,1159-1169 Esperanza Drive,COQUITLAM,49.28334328,-122.7791944,2676,POINT (-122.7791944 49.28334328)
2450,2022,1669708800000,Break & Enter - Residence,521-534 Midvale Street,COQUITLAM,49.25041218,-122.8383168,2677,POINT (-122.8383168 49.25041218)
2753,2023,1678003200000,Break & Enter - Business,301-324 Burns Street,COQUITLAM,49.24143357,-122.8761494,2678,POINT (-122.8761494 49.24143357)
2246,2022,1664175600000,Theft from Auto,300-306 Schoolhouse Street,COQUITLAM,49.24102385,-122.8524628,2679,POINT (-122.8524628 49.24102385)
2863,2023,1680850800000,Theft from Auto,1400-1418 Strawline Hill Street,COQUITLAM,49.29862229,-122.7390539,2680,POINT (-122.7390539 49.29862229)
2451,2022,1669795200000,Break & Enter - Business,312-315 Schoolhouse Street,COQUITLAM,49.24204831,-122.8527743,2681,POINT (-122.8527743 49.24204831)
2754,2023,1678003200000,Theft from Auto,2900-2925 Hedgestone Court,COQUITLAM,49.29794484,-122.7936732,2682,POINT (-122.7936732 49.29794484)
2247,2022,1664175600000,Theft from Auto,101-195 Schoolhouse Street,COQUITLAM,49.23479161,-122.8525471,2683,POINT (-122.8525471 49.23479161)
2864,2023,1680850800000,Theft from Auto,2600-2627 Charter Hill Place,COQUITLAM,49.28894771,-122.8124067,2684,POINT (-122.8124067 49.28894771)
2452,2022,1669795200000,Theft from Auto,1320-1424 Austin Avenue,COQUITLAM,49.24897926,-122.8552423,2685,POINT (-122.8552423 49.24897926)
2755,2023,1678003200000,Theft from Auto,806-840 Seymour Drive,COQUITLAM,49.26388206,-122.8295915,2686,POINT (-122.8295915 49.26388206)
2248,2022,1664175600000,Theft from Auto,1307-1390 Willow Way,COQUITLAM,49.26754044,-122.8550583,2687,POINT (-122.8550583 49.26754044)
2865,2023,1680850800000,Theft from Auto,1004-1025 Dory Street,COQUITLAM,49.27133117,-122.8087003,2688,POINT (-122.8087003 49.27133117)
2249,2022,1664175600000,Break & Enter - Business,300-306 Schoolhouse Street,COQUITLAM,49.24102385,-122.8524628,2689,POINT (-122.8524628 49.24102385)
2453,2022,1669795200000,Theft from Auto,957-988 Grover Avenue,COQUITLAM,49.26257037,-122.8673302,2690,POINT (-122.8673302 49.26257037)
2756,2023,1678089600000,Theft from Auto,551-621 Hillcrest Street,COQUITLAM,49.25224798,-122.8354956,2691,POINT (-122.8354956 49.25224798)
2866,2023,1680850800000,Theft from Auto,732-750 Anskar Court,COQUITLAM,49.26718718,-122.8810858,2692,POINT (-122.8810858 49.26718718)
2250,2022,1664175600000,Theft from Auto,1350-1359 Mitchell Street,COQUITLAM,49.29338615,-122.738728,2693,POINT (-122.738728 49.29338615)
2454,2022,1669795200000,Theft from Auto,1414-1421 Haversley Avenue,COQUITLAM,49.25020678,-122.8532315,2694,POINT (-122.8532315 49.25020678)
2757,2023,1678089600000,Theft from Auto,2534-2565 Barnet Highway,COQUITLAM,49.27783557,-122.8216909,2695,POINT (-122.8216909 49.27783557)
2867,2023,1680850800000,Theft from Auto,425-431 Decaire Street,COQUITLAM,49.24667675,-122.8500806,2696,POINT (-122.8500806 49.24667675)
2251,2022,1664175600000,Theft from Auto,510-520 Young Drive,COQUITLAM,49.24313375,-122.8903436,2697,POINT (-122.8903436 49.24313375)
2455,2022,1669795200000,Theft from Auto,451-499 Marmont Street,COQUITLAM,49.24934496,-122.8621996,2698,POINT (-122.8621996 49.24934496)
2758,2023,1678089600000,Break & Enter - Business,3544-3579 Victoria Drive,COQUITLAM,49.28696314,-122.7354999,2699,POINT (-122.7354999 49.28696314)
2868,2023,1680850800000,Theft from Auto,3061-3081 Glen Drive,COQUITLAM,49.28266674,-122.7892135,2700,POINT (-122.7892135 49.28266674)
2252,2022,1664262000000,Theft of Auto,974-1009 Foster Avenue,COQUITLAM,49.25624155,-122.8667351,2701,POINT (-122.8667351 49.25624155)
2456,2022,1669881600000,Theft from Auto,545-559 Berry Street,COQUITLAM,49.25199331,-122.8508097,2702,POINT (-122.8508097 49.25199331)
2759,2023,1678089600000,Break & Enter - Residence,2975-3060 Lazy A Street,COQUITLAM,49.26423756,-122.805979,2703,POINT (-122.805979 49.26423756)
2869,2023,1680850800000,Theft from Auto,820-849 Wyvern Avenue,COQUITLAM,49.26897181,-122.8742918,2704,POINT (-122.8742918 49.26897181)
2253,2022,1664262000000,Theft from Auto,2810-2874 McCoomb Drive,COQUITLAM,49.28186168,-122.8051315,2705,POINT (-122.8051315 49.28186168)
2457,2022,1669881600000,Theft from Auto,500-518 Gatensbury Street,COQUITLAM,49.2500271,-122.857985,2706,POINT (-122.857985 49.2500271)
2760,2023,1678176000000,Theft from Auto,100-120 Schoolhouse Street,COQUITLAM,49.23292046,-122.8526091,2707,POINT (-122.8526091 49.23292046)
2870,2023,1680937200000,Theft from Auto,1100-1133 Kensal Place,COQUITLAM,49.27914124,-122.7843054,2708,POINT (-122.7843054 49.27914124)
2254,2022,1664262000000,Theft from Auto,740-741 Porter Street,COQUITLAM,49.26211397,-122.8632422,2709,POINT (-122.8632422 49.26211397)
2458,2022,1669881600000,Theft from Auto,2920-2923 Atlantic Avenue,COQUITLAM,49.28177504,-122.7998728,2710,POINT (-122.7998728 49.28177504)
2761,2023,1678176000000,Break & Enter - Business,0-68 Schooner Street,COQUITLAM,49.22535334,-122.8403847,2711,POINT (-122.8403847 49.22535334)
2871,2023,1680937200000,Theft from Auto,330-348 Laval Street,COQUITLAM,49.24329081,-122.8573233,2712,POINT (-122.8573233 49.24329081)
2255,2022,1664262000000,Theft from Auto,3090-3099 Lincoln Avenue,COQUITLAM,49.27857563,-122.7871726,2713,POINT (-122.7871726 49.27857563)
2459,2022,1669881600000,Theft from Auto,1967-2055 Como Lake Avenue,COQUITLAM,49.26334067,-122.8377604,2714,POINT (-122.8377604 49.26334067)
2762,2023,1678176000000,Theft from Auto,1035-1069 Dansey Avenue,COQUITLAM,49.24714082,-122.8636017,2715,POINT (-122.8636017 49.24714082)
2872,2023,1680937200000,Theft from Auto,1500-1513 Stonecrop Court,COQUITLAM,49.29925249,-122.8067681,2716,POINT (-122.8067681 49.29925249)
2256,2022,1664262000000,Break & Enter - Business,290-299 Schoolhouse Street,COQUITLAM,49.24013726,-122.8524809,2717,POINT (-122.8524809 49.24013726)
2460,2022,1669968000000,Theft from Auto,1515-1550 King Albert Avenue,COQUITLAM,49.25143464,-122.8515988,2718,POINT (-122.8515988 49.25143464)
2763,2023,1678176000000,Theft from Auto,1930-2000 Brigantine Drive,COQUITLAM,49.22434804,-122.8394066,2719,POINT (-122.8394066 49.22434804)
2873,2023,1680937200000,Theft from Auto,710-731 Anskar Court,COQUITLAM,49.26632124,-122.8822655,2720,POINT (-122.8822655 49.26632124)
2257,2022,1664348400000,Theft from Auto,1110-1120 Brunette Avenue,COQUITLAM,49.23889515,-122.8616606,2721,POINT (-122.8616606 49.23889515)
2461,2022,1669968000000,Theft of Auto,1445-1472 Pipeline Road,COQUITLAM,49.30291952,-122.7754287,2722,POINT (-122.7754287 49.30291952)
2764,2023,1678176000000,Theft from Auto,602-644 Como Lake Avenue,COQUITLAM,49.26336467,-122.8849733,2723,POINT (-122.8849733 49.26336467)
2874,2023,1680937200000,Theft from Auto,1400-1410 Dayton Street,COQUITLAM,49.2989112,-122.7515089,2724,POINT (-122.7515089 49.2989112)
2258,2022,1664348400000,Theft from Auto,943-946 Gatensbury Street,COQUITLAM,49.2678258,-122.8575154,2725,POINT (-122.8575154 49.2678258)
2462,2022,1670140800000,Theft from Auto,1646-1699 Austin Avenue,COQUITLAM,49.24899841,-122.8469358,2726,POINT (-122.8469358 49.24899841)
2765,2023,1678176000000,Break & Enter - Residence,278-297 Guilby Street,COQUITLAM,49.24096271,-122.8852689,2727,POINT (-122.8852689 49.24096271)
2766,2023,1678176000000,Theft from Auto,101-195 Schoolhouse Street,COQUITLAM,49.23479161,-122.8525471,2728,POINT (-122.8525471 49.23479161)
2767,2023,1678176000000,Theft of Auto,1181-1215 Pipeline Road,COQUITLAM,49.28422977,-122.7854423,2729,POINT (-122.7854423 49.28422977)
2768,2023,1678262400000,Break & Enter - Residence,3139-3167 Redonda Drive,COQUITLAM,49.290141,-122.781266,2730,POINT (-122.781266 49.290141)
2769,2023,1678262400000,Theft from Auto,2935-3001 Surf Crescent,COQUITLAM,49.26213761,-122.8139133,2731,POINT (-122.8139133 49.26213761)
2770,2023,1678348800000,Theft from Auto,3470-3499 Danielson Drive,COQUITLAM,49.30199128,-122.7485891,2732,POINT (-122.7485891 49.30199128)
2771,2023,1678348800000,Theft from Auto,1035-1064 Howie Avenue,COQUITLAM,49.25056759,-122.8638816,2733,POINT (-122.8638816 49.25056759)
2772,2023,1678348800000,Theft from Auto,300-306 Schoolhouse Street,COQUITLAM,49.24102385,-122.8524628,2734,POINT (-122.8524628 49.24102385)
2773,2023,1678435200000,Theft from Auto,1563-1640 Rochester Avenue,COQUITLAM,49.2450435,-122.8488762,2735,POINT (-122.8488762 49.2450435)
2774,2023,1678435200000,Break & Enter - Residence,920-956 Lougheed Highway,COQUITLAM,49.23634272,-122.8703877,2736,POINT (-122.8703877 49.23634272)
2775,2023,1678435200000,Theft from Auto,222-241 Blue Mountain Street,COQUITLAM,49.23833614,-122.8730644,2737,POINT (-122.8730644 49.23833614)
2776,2023,1678435200000,Theft from Auto,1309-1435 Summit Drive,COQUITLAM,49.26659786,-122.8549669,2738,POINT (-122.8549669 49.26659786)
2777,2023,1678521600000,Theft from Auto,3060-3082 Finch Court,COQUITLAM,49.3060656,-122.7812411,2739,POINT (-122.7812411 49.3060656)
2778,2023,1678608000000,Theft of Auto,2060-2100 Edgewood Avenue,COQUITLAM,49.2447094,-122.8374951,2740,POINT (-122.8374951 49.2447094)
2779,2023,1678608000000,Theft from Auto,1750-1900 Brigantine Drive,COQUITLAM,49.22471569,-122.8430907,2741,POINT (-122.8430907 49.22471569)
2780,2023,1678690800000,Theft from Auto,2500-2666 Cape Horn Avenue,COQUITLAM,49.23878711,-122.8194502,2742,POINT (-122.8194502 49.23878711)
2781,2023,1678690800000,Theft from Auto,1221-1401 Lucille Starr Drive,COQUITLAM,49.23626788,-122.8551912,2743,POINT (-122.8551912 49.23626788)
2782,2023,1678690800000,Theft from Auto,700-715 Delestre Avenue,COQUITLAM,49.24171699,-122.880413,2744,POINT (-122.880413 49.24171699)
2783,2023,1678690800000,Theft from Auto,468-487 Byng Street,COQUITLAM,49.24797635,-122.8316121,2745,POINT (-122.8316121 49.24797635)
2784,2023,1678690800000,Theft from Auto,1110-1120 Brunette Avenue,COQUITLAM,49.23889515,-122.8616606,2746,POINT (-122.8616606 49.23889515)
2785,2023,1678690800000,Break & Enter - Residence,1732-1799 Paddock Drive,COQUITLAM,49.3112006,-122.787501,2747,POINT (-122.787501 49.3112006)
2786,2023,1678777200000,Break & Enter - Residence,2106-2152 Edgewood Avenue,COQUITLAM,49.24471168,-122.836032,2748,POINT (-122.836032 49.24471168)
2787,2023,1678863600000,Theft from Auto,500-510 Smith Avenue,COQUITLAM,49.26036999,-122.8926495,2749,POINT (-122.8926495 49.26036999)
2788,2023,1678863600000,Theft from Auto,2000-2100 United Boulevard,COQUITLAM,49.2284693,-122.8370439,2750,POINT (-122.8370439 49.2284693)
2789,2023,1678863600000,Break & Enter - Business,1150-1154 The High Street,COQUITLAM,49.28126785,-122.7960978,2751,POINT (-122.7960978 49.28126785)
2790,2023,1678950000000,Theft from Auto,560-591 Orkney Court,COQUITLAM,49.25156283,-122.8327895,2752,POINT (-122.8327895 49.25156283)
2791,2023,1678950000000,Theft of Auto,65-77 Clipper Street,COQUITLAM,49.22843878,-122.8528211,2753,POINT (-122.8528211 49.22843878)
2792,2023,1678950000000,Theft of Auto,2975-2979 Atlantic Avenue,COQUITLAM,49.28176464,-122.7965857,2754,POINT (-122.7965857 49.28176464)
2793,2023,1678950000000,Theft from Auto,2700-2899 David Avenue,COQUITLAM,49.29498932,-122.804336,2755,POINT (-122.804336 49.29498932)
2794,2023,1678950000000,Break & Enter - Business,417-450 Westview Street,COQUITLAM,49.24757864,-122.8896705,2756,POINT (-122.8896705 49.24757864)
2795,2023,1678950000000,Theft from Auto,942-959 Robinson Street,COQUITLAM,49.26879198,-122.8803127,2757,POINT (-122.8803127 49.26879198)
2796,2023,1679036400000,Theft from Auto,312-315 Schoolhouse Street,COQUITLAM,49.24204831,-122.8527743,2758,POINT (-122.8527743 49.24204831)
2797,2023,1679036400000,Theft of Auto,0-0 Holly Drive,COQUITLAM,49.25093961,-122.8028451,2759,POINT (-122.8028451 49.25093961)
2798,2023,1679036400000,Theft from Auto,1280-1300 Durant Drive,COQUITLAM,49.29081659,-122.807691,2760,POINT (-122.807691 49.29081659)
2799,2023,1679036400000,Theft of Auto,2534-2565 Barnet Highway,COQUITLAM,49.27783557,-122.8216909,2761,POINT (-122.8216909 49.27783557)
2800,2023,1679036400000,Break & Enter - Residence,505-516 Hillcrest Street,COQUITLAM,49.24945949,-122.8355637,2762,POINT (-122.8355637 49.24945949)
2801,2023,1679036400000,Break & Enter - Business,2750-2881 Barnet Highway,COQUITLAM,49.2776863,-122.8052579,2763,POINT (-122.8052579 49.2776863)
2802,2023,1679036400000,Theft from Auto,640-650 Sargent Court,COQUITLAM,49.25506482,-122.8436926,2764,POINT (-122.8436926 49.25506482)
2803,2023,1679122800000,Theft of Auto,500-518 Marmont Street,COQUITLAM,49.25018238,-122.8622037,2765,POINT (-122.8622037 49.25018238)
2804,2023,1679122800000,Theft from Auto,320-329 Casey Street,COQUITLAM,49.24259331,-122.854857,2766,POINT (-122.854857 49.24259331)
2805,2023,1679122800000,Break & Enter - Business,3050-3099 David Avenue,COQUITLAM,49.29287924,-122.78352,2767,POINT (-122.78352 49.29287924)
2806,2023,1679209200000,Theft from Auto,960-996 Kinsac Street,COQUITLAM,49.26969398,-122.8698808,2768,POINT (-122.8698808 49.26969398)
2807,2023,1679209200000,Break & Enter - Business,500-518 Marmont Street,COQUITLAM,49.25018238,-122.8622037,2769,POINT (-122.8622037 49.25018238)
2808,2023,1679209200000,Theft from Auto,814-976 MacIntosh Street,COQUITLAM,49.26673752,-122.8658836,2770,POINT (-122.8658836 49.26673752)
2809,2023,1679295600000,Theft of Auto,1050-1065 Smallwood Avenue,COQUITLAM,49.26539691,-122.8624641,2771,POINT (-122.8624641 49.26539691)
2810,2023,1679295600000,Theft of Auto,801-919 Crestwood Drive,COQUITLAM,49.26492992,-122.8527274,2772,POINT (-122.8527274 49.26492992)
2811,2023,1679295600000,Theft from Auto,55-98 Fawcett Road,COQUITLAM,49.2276379,-122.8342218,2773,POINT (-122.8342218 49.2276379)
2812,2023,1679295600000,Break & Enter - Residence,560-578 Schoolhouse Street,COQUITLAM,49.25325293,-122.8523281,2774,POINT (-122.8523281 49.25325293)
2813,2023,1679382000000,Theft from Auto,1200-1226 Coast Meridian Road,COQUITLAM,49.28612109,-122.7560099,2775,POINT (-122.7560099 49.28612109)
2814,2023,1679382000000,Theft from Auto,1646-1699 Austin Avenue,COQUITLAM,49.24899841,-122.8469358,2776,POINT (-122.8469358 49.24899841)
2815,2023,1679382000000,Break & Enter - Residence,2950-2978 Glen Drive,COQUITLAM,49.28272705,-122.7974008,2777,POINT (-122.7974008 49.28272705)
2816,2023,1679468400000,Theft from Auto,429-450 Nelson Street,COQUITLAM,49.24865024,-122.8655249,2778,POINT (-122.8655249 49.24865024)
2875,2023,1681023600000,Break & Enter - Residence,594-611 Sydney Avenue,COQUITLAM,49.24817014,-122.8866523,2779,POINT (-122.8866523 49.24817014)
2463,2022,1670140800000,Theft from Auto,1020-1048 Winslow Avenue,COQUITLAM,49.25390773,-122.8645399,2780,POINT (-122.8645399 49.25390773)
2876,2023,1681110000000,Break & Enter - Business,690-714 Schoolhouse Street,COQUITLAM,49.26023243,-122.8521108,2781,POINT (-122.8521108 49.26023243)
2877,2023,1681110000000,Theft from Auto,1908-1991 Custer Court,COQUITLAM,49.26399397,-122.8385272,2782,POINT (-122.8385272 49.26399397)
2464,2022,1670140800000,Theft from Auto,908-958 Lillian Street,COQUITLAM,49.26710817,-122.8603313,2783,POINT (-122.8603313 49.26710817)
2878,2023,1681110000000,Theft from Auto,1000-1036 Hoy Street,COQUITLAM,49.27036995,-122.7968876,2784,POINT (-122.7968876 49.27036995)
2465,2022,1670140800000,Theft from Auto,652-668 Poirier Street,COQUITLAM,49.25756245,-122.8464448,2785,POINT (-122.8464448 49.25756245)
2879,2023,1681110000000,Theft from Auto,2700-2745 Barnet Highway,COQUITLAM,49.27786163,-122.810408,2786,POINT (-122.810408 49.27786163)
2466,2022,1670140800000,Theft from Auto,1025-1099 Charland Avenue,COQUITLAM,49.24804534,-122.8636025,2787,POINT (-122.8636025 49.24804534)
2880,2023,1681110000000,Theft from Auto,702-721 Alta Lake Place,COQUITLAM,49.25990572,-122.8102253,2788,POINT (-122.8102253 49.25990572)
2467,2022,1670140800000,Break & Enter - Business,1500-1571 Austin Avenue,COQUITLAM,49.24899829,-122.8512805,2789,POINT (-122.8512805 49.24899829)
2881,2023,1681110000000,Theft from Auto,519-533 Blue Mountain Street,COQUITLAM,49.2507156,-122.8690848,2790,POINT (-122.8690848 49.2507156)
2468,2022,1670140800000,Break & Enter - Business,1022-1071 Austin Avenue,COQUITLAM,49.24900281,-122.8639407,2791,POINT (-122.8639407 49.24900281)
2882,2023,1681196400000,Theft from Auto,2793-2800 Mara Drive,COQUITLAM,49.25945407,-122.8098409,2792,POINT (-122.8098409 49.25945407)
2469,2022,1670227200000,Theft from Auto,1001-1033 Dansey Avenue,COQUITLAM,49.24715226,-122.8664486,2793,POINT (-122.8664486 49.24715226)
2883,2023,1681369200000,Break & Enter - Business,749-757 Dogwood Street,COQUITLAM,49.26313464,-122.88354,2794,POINT (-122.88354 49.26313464)
2470,2022,1670227200000,Theft from Auto,500-518 Gatensbury Street,COQUITLAM,49.2500271,-122.857985,2795,POINT (-122.857985 49.2500271)
2884,2023,1681369200000,Break & Enter - Business,586-600 Nicola Avenue,COQUITLAM,49.26896309,-122.8894329,2796,POINT (-122.8894329 49.26896309)
2471,2022,1670227200000,Theft from Auto,447-460 Westview Street,COQUITLAM,49.2485655,-122.8896559,2797,POINT (-122.8896559 49.2485655)
2885,2023,1681455600000,Theft from Auto,2924-2936 Wickham Drive,COQUITLAM,49.26357889,-122.801783,2798,POINT (-122.801783 49.26357889)
2472,2022,1670227200000,Theft of Auto,517-539 Schoolhouse Street,COQUITLAM,49.25078971,-122.8524193,2799,POINT (-122.8524193 49.25078971)
2886,2023,1681455600000,Theft of Auto,3027-3099 Spuraway Avenue,COQUITLAM,49.26659406,-122.8028809,2800,POINT (-122.8028809 49.26659406)
2473,2022,1670227200000,Theft from Auto,3000-3023 Anson Avenue,COQUITLAM,49.27789693,-122.7943116,2801,POINT (-122.7943116 49.27789693)
2887,2023,1681542000000,Theft of Auto,298-299 Guilby Street,COQUITLAM,49.24140227,-122.8852578,2802,POINT (-122.8852578 49.24140227)
2474,2022,1670227200000,Theft of Auto,510-520 Young Drive,COQUITLAM,49.24313375,-122.8903436,2803,POINT (-122.8903436 49.24313375)
2888,2023,1681542000000,Theft from Auto,0-0 Holly Drive,COQUITLAM,49.25093961,-122.8028451,2804,POINT (-122.8028451 49.25093961)
2475,2022,1670227200000,Theft from Auto,88-98 Brigantine Drive,COQUITLAM,49.22792656,-122.8488185,2805,POINT (-122.8488185 49.22792656)
2889,2023,1681542000000,Theft from Auto,0-0 Holly Drive,COQUITLAM,49.25093961,-122.8028451,2806,POINT (-122.8028451 49.25093961)
2476,2022,1670400000000,Theft from Auto,505-512 Schoolhouse Street,COQUITLAM,49.24952358,-122.8524596,2807,POINT (-122.8524596 49.24952358)
2890,2023,1681542000000,Theft of Auto,801-830 Henderson Avenue,COQUITLAM,49.23693271,-122.875324,2808,POINT (-122.875324 49.23693271)
2477,2022,1670400000000,Break & Enter - Business,565-589 Clarke Road,COQUITLAM,49.26262789,-122.8887353,2809,POINT (-122.8887353 49.26262789)
2891,2023,1681714800000,Break & Enter - Business,1950-2111 Orland Drive,COQUITLAM,49.25699708,-122.8378811,2810,POINT (-122.8378811 49.25699708)
2478,2022,1670400000000,Break & Enter - Residence,600-603 Como Lake Avenue,COQUITLAM,49.26323902,-122.8874489,2811,POINT (-122.8874489 49.26323902)
2892,2023,1681714800000,Theft from Auto,1876-1898 Brunette Avenue,COQUITLAM,49.23339437,-122.8419731,2812,POINT (-122.8419731 49.23339437)
2479,2022,1670400000000,Theft from Auto,2989-2998 Grizzly Place,COQUITLAM,49.30170656,-122.7860892,2813,POINT (-122.7860892 49.30170656)
2893,2023,1681714800000,Theft from Auto,540-559 Foster Avenue,COQUITLAM,49.25677513,-122.8881019,2814,POINT (-122.8881019 49.25677513)
2894,2023,1681801200000,Theft from Auto,620-636 Schoolhouse Street,COQUITLAM,49.25567322,-122.8522431,2815,POINT (-122.8522431 49.25567322)
2480,2022,1670400000000,Theft from Auto,960-1095 Lougheed Highway,COQUITLAM,49.23539794,-122.8658125,2816,POINT (-122.8658125 49.23539794)
2481,2022,1670400000000,Theft from Auto,701-729 Ebert Avenue,COQUITLAM,49.25564475,-122.8815108,2817,POINT (-122.8815108 49.25564475)
2482,2022,1670486400000,Theft from Auto,1181-1215 Pipeline Road,COQUITLAM,49.28422977,-122.7854423,2818,POINT (-122.7854423 49.28422977)
2483,2022,1670486400000,Theft of Auto,807-813 Porter Street,COQUITLAM,49.263893,-122.8632019,2819,POINT (-122.8632019 49.263893)
2484,2022,1670572800000,Theft from Auto,1231-1251 Mitchell Street,COQUITLAM,49.28795066,-122.7407233,2820,POINT (-122.7407233 49.28795066)
2485,2022,1670659200000,Theft from Auto,1337-1350 Hames Crescent,COQUITLAM,49.29427976,-122.7528352,2821,POINT (-122.7528352 49.29427976)
2259,2022,1664348400000,Theft from Auto,2000-2100 United Boulevard,COQUITLAM,49.2284693,-122.8370439,2822,POINT (-122.8370439 49.2284693)
2486,2022,1670659200000,Theft from Auto,179-281 Warrick Street,COQUITLAM,49.23627167,-122.8289496,2823,POINT (-122.8289496 49.23627167)
2895,2023,1681801200000,Theft from Auto,0-0 Holly Drive,COQUITLAM,49.25093961,-122.8028451,2824,POINT (-122.8028451 49.25093961)
2260,2022,1664348400000,Theft from Auto,960-1095 Lougheed Highway,COQUITLAM,49.23539794,-122.8658125,2825,POINT (-122.8658125 49.23539794)
2487,2022,1670659200000,Theft from Auto,1800-1892 Austin Avenue,COQUITLAM,49.24900866,-122.8424675,2826,POINT (-122.8424675 49.24900866)
2896,2023,1681801200000,Theft from Auto,0-0 Holly Drive,COQUITLAM,49.25093961,-122.8028451,2827,POINT (-122.8028451 49.25093961)
2261,2022,1664348400000,Theft from Auto,1181-1215 Pipeline Road,COQUITLAM,49.28422977,-122.7854423,2828,POINT (-122.7854423 49.28422977)
2488,2022,1670745600000,Theft from Auto,1400-1420 Hachey Avenue,COQUITLAM,49.24204434,-122.8542661,2829,POINT (-122.8542661 49.24204434)
2897,2023,1681887600000,Break & Enter - Business,0-0 Highway Ramp,COQUITLAM,49.23986338,-122.8138393,2830,POINT (-122.8138393 49.23986338)
2262,2022,1664434800000,Theft from Auto,1219-1908 Parkland Drive,COQUITLAM,49.28896279,-122.7680564,2831,POINT (-122.7680564 49.28896279)
2489,2022,1670832000000,Theft of Auto,3100-3150 Windsor Gate,COQUITLAM,49.27975817,-122.7850148,2832,POINT (-122.7850148 49.27975817)
2898,2023,1681887600000,Theft from Auto,210-287 Schoolhouse Street,COQUITLAM,49.23787927,-122.8525074,2833,POINT (-122.8525074 49.23787927)
2263,2022,1664434800000,Theft from Auto,428-441 Balfour Drive,COQUITLAM,49.24686138,-122.8230973,2834,POINT (-122.8230973 49.24686138)
2490,2022,1670832000000,Theft of Auto,201-204 Cayer Street,COQUITLAM,49.23618932,-122.8467221,2835,POINT (-122.8467221 49.23618932)
2899,2023,1681974000000,Break & Enter - Business,681-2761 North Road,COQUITLAM,49.25954632,-122.8930575,2836,POINT (-122.8930575 49.25954632)
2264,2022,1664607600000,Break & Enter - Residence,3302-3330 Hyde Park Place,COQUITLAM,49.29508154,-122.7650768,2837,POINT (-122.7650768 49.29508154)
2491,2022,1670918400000,Break & Enter - Business,429-450 Nelson Street,COQUITLAM,49.24865024,-122.8655249,2838,POINT (-122.8655249 49.24865024)
2900,2023,1681974000000,Break & Enter - Business,1155-1173 Inlet Street,COQUITLAM,49.28314285,-122.7832132,2839,POINT (-122.7832132 49.28314285)
2265,2022,1664607600000,Theft from Auto,925-941 Selkirk Crescent,COQUITLAM,49.26708997,-122.8447379,2840,POINT (-122.8447379 49.26708997)
2492,2022,1670918400000,Theft from Auto,960-1095 Lougheed Highway,COQUITLAM,49.23539794,-122.8658125,2841,POINT (-122.8658125 49.23539794)
2901,2023,1681974000000,Theft of Auto,842-919 Thermal Drive,COQUITLAM,49.26514907,-122.8302024,2842,POINT (-122.8302024 49.26514907)
2266,2022,1664607600000,Theft from Auto,17-48 Fawcett Road,COQUITLAM,49.2244996,-122.8341676,2843,POINT (-122.8341676 49.2244996)
2493,2022,1671004800000,Theft from Auto,321-4563 North Road,COQUITLAM,49.24471378,-122.8926127,2844,POINT (-122.8926127 49.24471378)
2902,2023,1682060400000,Theft of Auto,1100-1133 Kensal Place,COQUITLAM,49.27914124,-122.7843054,2845,POINT (-122.7843054 49.27914124)
2267,2022,1664694000000,Break & Enter - Residence,1900-1940 Winslow Avenue,COQUITLAM,49.25377977,-122.8403857,2846,POINT (-122.8403857 49.25377977)
2494,2022,1671091200000,Theft from Auto,2129-2160 Cape Horn Avenue,COQUITLAM,49.23070185,-122.8350913,2847,POINT (-122.8350913 49.23070185)
2903,2023,1682060400000,Theft from Auto,88-98 Brigantine Drive,COQUITLAM,49.22792656,-122.8488185,2848,POINT (-122.8488185 49.22792656)
2268,2022,1664694000000,Theft from Auto,1405-1418 Greenhill Court,COQUITLAM,49.292531,-122.8104955,2849,POINT (-122.8104955 49.292531)
2495,2022,1671091200000,Theft of Auto,340-352 Richard Street,COQUITLAM,49.24306283,-122.8833616,2850,POINT (-122.8833616 49.24306283)
2904,2023,1682146800000,Theft of Auto,1150-1175 Johnson Street,COQUITLAM,49.28142444,-122.8017156,2851,POINT (-122.8017156 49.28142444)
2269,2022,1664694000000,Theft from Auto,2920-2923 Atlantic Avenue,COQUITLAM,49.28177504,-122.7998728,2852,POINT (-122.7998728 49.28177504)
2496,2022,1671091200000,Theft from Auto,403-3965 North Road,COQUITLAM,49.24743607,-122.8927177,2853,POINT (-122.8927177 49.24743607)
2905,2023,1682146800000,Break & Enter - Business,672-692 Firdale Street,COQUITLAM,49.25819638,-122.8371734,2854,POINT (-122.8371734 49.25819638)
2270,2022,1664694000000,Break & Enter - Business,3544-3579 Victoria Drive,COQUITLAM,49.28696314,-122.7354999,2855,POINT (-122.7354999 49.28696314)
2497,2022,1671177600000,Theft from Auto,0-3000 Lougheed Highway,COQUITLAM,49.27521401,-122.7945543,2856,POINT (-122.7945543 49.27521401)
2906,2023,1682233200000,Break & Enter - Business,1980-2001 Arbury Avenue,COQUITLAM,49.25920126,-122.8390503,2857,POINT (-122.8390503 49.25920126)
2271,2022,1664780400000,Theft from Auto,3301-3325 Carriage Court,COQUITLAM,49.29659727,-122.7655439,2858,POINT (-122.7655439 49.29659727)
2907,2023,1682233200000,Theft of Auto,427-449 Selman Street,COQUITLAM,49.2478538,-122.8785197,2859,POINT (-122.8785197 49.2478538)
2498,2022,1671177600000,Theft from Auto,333-339 Decaire Street,COQUITLAM,49.24319929,-122.8500625,2860,POINT (-122.8500625 49.24319929)
2908,2023,1682319600000,Break & Enter - Business,1150-1175 Johnson Street,COQUITLAM,49.28142444,-122.8017156,2861,POINT (-122.8017156 49.28142444)
2272,2022,1664780400000,Break & Enter - Residence,950-980 Birchbrook Place,COQUITLAM,49.26760884,-122.793039,2862,POINT (-122.793039 49.26760884)
2499,2022,1671177600000,Theft of Auto,1967-2055 Como Lake Avenue,COQUITLAM,49.26334067,-122.8377604,2863,POINT (-122.8377604 49.26334067)
2909,2023,1682319600000,Theft of Auto,1030-1060 James Avenue,COQUITLAM,49.23883989,-122.8639223,2864,POINT (-122.8639223 49.23883989)
2273,2022,1664780400000,Theft from Auto,3042-3099 Lincoln Avenue,COQUITLAM,49.27893052,-122.7895276,2865,POINT (-122.7895276 49.27893052)
2500,2022,1671264000000,Break & Enter - Business,740-741 Porter Street,COQUITLAM,49.26211397,-122.8632422,2866,POINT (-122.8632422 49.26211397)
2910,2023,1682406000000,Theft from Auto,2975-2979 Atlantic Avenue,COQUITLAM,49.28176464,-122.7965857,2867,POINT (-122.7965857 49.28176464)
2274,2022,1664780400000,Theft from Auto,2135-2171 Palliser Avenue,COQUITLAM,49.23761269,-122.8355441,2868,POINT (-122.8355441 49.23761269)
2501,2022,1671264000000,Theft from Auto,2700-2745 Barnet Highway,COQUITLAM,49.27786163,-122.810408,2869,POINT (-122.810408 49.27786163)
2911,2023,1682492400000,Theft from Auto,2975-2979 Atlantic Avenue,COQUITLAM,49.28176464,-122.7965857,2870,POINT (-122.7965857 49.28176464)
2275,2022,1664780400000,Break & Enter - Business,1146-1188 Condor Crescent,COQUITLAM,49.28222573,-122.8179996,2871,POINT (-122.8179996 49.28222573)
2502,2022,1671264000000,Theft from Auto,610-621 Smith Avenue,COQUITLAM,49.26024357,-122.8854075,2872,POINT (-122.8854075 49.26024357)
2912,2023,1682492400000,Theft from Auto,657-660 Wilmot Street,COQUITLAM,49.25640525,-122.8356843,2873,POINT (-122.8356843 49.25640525)
2276,2022,1664866800000,Theft from Auto,407-420 Lebleu Street,COQUITLAM,49.2466707,-122.8676605,2874,POINT (-122.8676605 49.2466707)
2503,2022,1671350400000,Theft of Auto,610-621 Smith Avenue,COQUITLAM,49.26024357,-122.8854075,2875,POINT (-122.8854075 49.26024357)
2913,2023,1682492400000,Theft from Auto,942-943 Miller Avenue,COQUITLAM,49.2681655,-122.8690045,2876,POINT (-122.8690045 49.2681655)
2277,2022,1664866800000,Theft from Auto,260-298 Solar Court,COQUITLAM,49.23962443,-122.8206157,2877,POINT (-122.8206157 49.23962443)
2504,2022,1671350400000,Theft from Auto,80-169 Golden Drive,COQUITLAM,49.23265631,-122.8234303,2878,POINT (-122.8234303 49.23265631)
2914,2023,1682492400000,Theft from Auto,820-840 Norfolk Street,COQUITLAM,49.2651178,-122.8740119,2879,POINT (-122.8740119 49.2651178)
2278,2022,1664866800000,Theft from Auto,691-727 Firdale Street,COQUITLAM,49.26015101,-122.8371772,2880,POINT (-122.8371772 49.26015101)
2505,2022,1671436800000,Theft from Auto,544-616 Austin Avenue,COQUITLAM,49.24907771,-122.8875397,2881,POINT (-122.8875397 49.24907771)
2279,2022,1664866800000,Theft from Auto,2500-2666 Cape Horn Avenue,COQUITLAM,49.23878711,-122.8194502,2882,POINT (-122.8194502 49.23878711)
2506,2022,1671436800000,Break & Enter - Business,530-568 Rochester Avenue,COQUITLAM,49.2454771,-122.8885276,2883,POINT (-122.8885276 49.2454771)
2280,2022,1664866800000,Theft from Auto,2272-2299 Lorraine Avenue,COQUITLAM,49.24227643,-122.8292835,2884,POINT (-122.8292835 49.24227643)
2507,2022,1671523200000,Theft from Auto,1950-1999 Lemax Avenue,COQUITLAM,49.25254033,-122.838891,2885,POINT (-122.838891 49.25254033)
2281,2022,1664953200000,Break & Enter - Business,3100-3200 Dayanee Springs Boulevard,COQUITLAM,49.29404342,-122.7823237,2886,POINT (-122.7823237 49.29404342)
2508,2022,1671523200000,Theft of Auto,320-329 Laval Street,COQUITLAM,49.24220928,-122.8573347,2887,POINT (-122.8573347 49.24220928)
2282,2022,1664953200000,Theft from Auto,3350-3405 Plateau Boulevard,COQUITLAM,49.31927055,-122.7917746,2888,POINT (-122.7917746 49.31927055)
2509,2022,1671523200000,Theft of Auto,2000-2100 United Boulevard,COQUITLAM,49.2284693,-122.8370439,2889,POINT (-122.8370439 49.2284693)
2283,2022,1664953200000,Theft from Auto,1720-1731 Hampton Drive,COQUITLAM,49.31070178,-122.7845315,2890,POINT (-122.7845315 49.31070178)
2510,2022,1671696000000,Theft of Auto,510-520 Young Drive,COQUITLAM,49.24313375,-122.8903436,2891,POINT (-122.8903436 49.24313375)
2284,2022,1665039600000,Theft from Auto,1567-1597 Balmoral Avenue,COQUITLAM,49.26576656,-122.8495327,2892,POINT (-122.8495327 49.26576656)
2285,2022,1665126000000,Theft from Auto,2920-2923 Atlantic Avenue,COQUITLAM,49.28177504,-122.7998728,2893,POINT (-122.7998728 49.28177504)
2286,2022,1665126000000,Theft from Auto,1700-1751 Paddock Drive,COQUITLAM,49.30819582,-122.7875824,2894,POINT (-122.7875824 49.30819582)
2287,2022,1665212400000,Theft of Auto,2888-2920 Keets Drive,COQUITLAM,49.26199224,-122.8010992,2895,POINT (-122.8010992 49.26199224)
2288,2022,1665212400000,Theft from Auto,0-0 Highway Ramp,COQUITLAM,49.22786126,-122.8304424,2896,POINT (-122.8304424 49.22786126)
2289,2022,1665212400000,Theft from Auto,1001-1030 Quadling Avenue,COQUITLAM,49.24083812,-122.8662981,2897,POINT (-122.8662981 49.24083812)
2290,2022,1665298800000,Break & Enter - Residence,1090-1099 Lansdowne Drive,COQUITLAM,49.27685143,-122.8083832,2898,POINT (-122.8083832 49.27685143)
2291,2022,1665298800000,Theft from Auto,0-0 Highway Ramp,COQUITLAM,49.23522891,-122.8785371,2899,POINT (-122.8785371 49.23522891)
2292,2022,1665298800000,Break & Enter - Residence,150-199 Myrnam Street,COQUITLAM,49.23909524,-122.8492187,2900,POINT (-122.8492187 49.23909524)
2293,2022,1665298800000,Theft of Auto,1035-1061 Alderson Avenue,COQUITLAM,49.23974003,-122.8636843,2901,POINT (-122.8636843 49.23974003)
2294,2022,1665298800000,Theft from Auto,1930-2000 Brigantine Drive,COQUITLAM,49.22434804,-122.8394066,2902,POINT (-122.8394066 49.22434804)
2295,2022,1665298800000,Break & Enter - Residence,2750-2881 Barnet Highway,COQUITLAM,49.2776863,-122.8052579,2903,POINT (-122.8052579 49.2776863)
2296,2022,1665385200000,Theft from Auto,2930-2969 Grizzly Place,COQUITLAM,49.30176633,-122.7873492,2904,POINT (-122.7873492 49.30176633)
2297,2022,1665385200000,Theft of Auto,88-98 Brigantine Drive,COQUITLAM,49.22792656,-122.8488185,2905,POINT (-122.8488185 49.22792656)
2298,2022,1665385200000,Theft from Auto,960-1095 Lougheed Highway,COQUITLAM,49.23539794,-122.8658125,2906,POINT (-122.8658125 49.23539794)
2299,2022,1665471600000,Theft from Auto,2534-2565 Barnet Highway,COQUITLAM,49.27783557,-122.8216909,2907,POINT (-122.8216909 49.27783557)
2300,2022,1665558000000,Break & Enter - Business,1270-1331 Lansdowne Drive,COQUITLAM,49.28903719,-122.8195996,2908,POINT (-122.8195996 49.28903719)
2301,2022,1665558000000,Theft from Auto,1200-1203 Nestor Street,COQUITLAM,49.28590904,-122.7785258,2909,POINT (-122.7785258 49.28590904)
2302,2022,1665558000000,Theft from Auto,1000-1029 Delestre Avenue,COQUITLAM,49.24173705,-122.86639,2910,POINT (-122.86639 49.24173705)
2303,2022,1665558000000,Theft from Auto,3200-3226 Mariner Way,COQUITLAM,49.27287145,-122.8099063,2911,POINT (-122.8099063 49.27287145)
2304,2022,1665644400000,Break & Enter - Business,433-499 Nelson Street,COQUITLAM,49.24933126,-122.8656045,2912,POINT (-122.8656045 49.24933126)
2305,2022,1665644400000,Theft from Auto,2528-2548 Ashurst Avenue,COQUITLAM,49.24272251,-122.8230361,2913,POINT (-122.8230361 49.24272251)
2306,2022,1665644400000,Break & Enter - Business,560-576 Tipton Street,COQUITLAM,49.25333109,-122.8544391,2914,POINT (-122.8544391 49.25333109)
1,2023,1682899200000,Theft from Auto,600-603 Como Lake Avenue,COQUITLAM,49.2632390211449,-122.887448903522,2915,POINT (-122.887448903522 49.2632390211449)
2,2023,1682899200000,Theft from Auto,1-20 Burbidge Street,COQUITLAM,49.2241661554383,-122.823784898263,2916,POINT (-122.823784898263 49.2241661554383)
3,2023,1682899200000,Theft of Auto,1313-1386 Glenbrook Street,COQUITLAM,49.2964994636497,-122.760067749021,2917,POINT (-122.760067749021 49.2964994636497)
4,2023,1682985600000,Theft of Auto,0-0 Northern Avenue,COQUITLAM,49.2808130529281,-122.796588035525,2918,POINT (-122.796588035525 49.2808130529281)
5,2023,1682985600000,Theft from Auto,1420-1479 Dayton Street,COQUITLAM,49.3015150037218,-122.751620651978,2919,POINT (-122.751620651978 49.3015150037218)
6,2023,1683072000000,Theft from Auto,3140-3148 Tahsis Avenue,COQUITLAM,49.2822981086777,-122.782637247314,2920,POINT (-122.782637247314 49.2822981086777)
7,2023,1683072000000,Theft from Auto,1105-1145 Inlet Street,COQUITLAM,49.2815560720048,-122.784230498795,2921,POINT (-122.784230498795 49.2815560720048)
8,2023,1683072000000,Theft from Auto,0-0 Northern Avenue,COQUITLAM,49.2808130529281,-122.796588035525,2922,POINT (-122.796588035525 49.2808130529281)
9,2023,1683072000000,Theft from Auto,1100-1200 Glen Pine Court,COQUITLAM,49.2828985229571,-122.794452876561,2923,POINT (-122.794452876561 49.2828985229571)
10,2023,1683072000000,Theft from Auto,3100-3154 Bowen Drive,COQUITLAM,49.2862357439922,-122.782487928774,2924,POINT (-122.782487928774 49.2862357439922)
11,2023,1683072000000,Theft from Auto,3061-3081 Glen Drive,COQUITLAM,49.2826667415661,-122.789213548265,2925,POINT (-122.789213548265 49.2826667415661)
12,2023,1683072000000,Break & Enter - Business,3413-3431 Harper Road,COQUITLAM,49.3038351748842,-122.748149636957,2926,POINT (-122.748149636957 49.3038351748842)
13,2023,1683158400000,Theft from Auto,0-0 Northern Avenue,COQUITLAM,49.2808130529281,-122.796588035525,2927,POINT (-122.796588035525 49.2808130529281)
14,2023,1683158400000,Theft from Auto,901-921 Roderick Avenue,COQUITLAM,49.2379484417181,-122.871161682223,2928,POINT (-122.871161682223 49.2379484417181)
15,2023,1683158400000,Theft from Auto,1034-1061 Walls Avenue,COQUITLAM,49.2444316968013,-122.863695086073,2929,POINT (-122.863695086073 49.2444316968013)
16,2023,1683331200000,Theft from Auto,603-620 Regan Avenue,COQUITLAM,49.2622047824503,-122.885791471986,2930,POINT (-122.885791471986 49.2622047824503)
17,2023,1683331200000,Break & Enter - Business,710-731 Anskar Court,COQUITLAM,49.2663212421992,-122.882265517038,2931,POINT (-122.882265517038 49.2663212421992)
18,2023,1683331200000,Theft from Auto,603-620 Regan Avenue,COQUITLAM,49.2622047824503,-122.885791471986,2932,POINT (-122.885791471986 49.2622047824503)
19,2023,1683331200000,Theft from Auto,0-0 Northern Avenue,COQUITLAM,49.2808130529281,-122.796588035525,2933,POINT (-122.796588035525 49.2808130529281)
20,2023,1683417600000,Theft from Auto,800-921 Cottonwood Avenue,COQUITLAM,49.2581289329332,-122.873795120639,2934,POINT (-122.873795120639 49.2581289329332)
21,2023,1683417600000,Break & Enter - Business,0-0 Boxwood Drive,COQUITLAM,49.2453678255203,-122.808867013494,2935,POINT (-122.808867013494 49.2453678255203)
22,2023,1683504000000,Theft from Auto,225-310 Marmont Street,COQUITLAM,49.2410696739918,-122.862275305185,2936,POINT (-122.862275305185 49.2410696739918)
23,2023,1683504000000,Theft of Auto,600-630 Arrow Lane,COQUITLAM,49.2417455137615,-122.886024543897,2937,POINT (-122.886024543897 49.2417455137615)
24,2023,1683504000000,Theft from Auto,2300-2367 Oneida Drive,COQUITLAM,49.2718559704964,-122.826408588363,2938,POINT (-122.826408588363 49.2718559704964)
25,2023,1683590400000,Break & Enter - Business,749-757 Dogwood Street,COQUITLAM,49.2631346354564,-122.883539955791,2939,POINT (-122.883539955791 49.2631346354564)
26,2023,1683590400000,Break & Enter - Business,732-750 Anskar Court,COQUITLAM,49.2671871813035,-122.881085822166,2940,POINT (-122.881085822166 49.2671871813035)
27,2023,1683590400000,Break & Enter - Business,710-731 Anskar Court,COQUITLAM,49.2663212421992,-122.882265517038,2941,POINT (-122.882265517038 49.2663212421992)
28,2023,1683590400000,Theft from Auto,1185-1199 Westwood Street,COQUITLAM,49.2839641880202,-122.790462701786,2942,POINT (-122.790462701786 49.2839641880202)
29,2023,1683590400000,Theft from Auto,301-312 Dartmoor Drive,COQUITLAM,49.2404206851978,-122.821056032354,2943,POINT (-122.821056032354 49.2404206851978)
30,2023,1683590400000,Theft from Auto,2500-2521 Leduc Avenue,COQUITLAM,49.2453988539174,-122.823819383418,2944,POINT (-122.823819383418 49.2453988539174)
31,2023,1683590400000,Theft from Auto,1171-1190 Esperanza Drive,COQUITLAM,49.2843624140352,-122.779220954904,2945,POINT (-122.779220954904 49.2843624140352)
32,2023,1683676800000,Break & Enter - Business,0-0 Northern Avenue,COQUITLAM,49.2808130529281,-122.796588035525,2946,POINT (-122.796588035525 49.2808130529281)
33,2023,1683676800000,Theft from Auto,814-823 Miller Avenue,COQUITLAM,49.2681978798001,-122.875263340448,2947,POINT (-122.875263340448 49.2681978798001)
34,2023,1683676800000,Theft from Auto,3330-3361 Mason Avenue,COQUITLAM,49.2893026657274,-122.758801501352,2948,POINT (-122.758801501352 49.2893026657274)
35,2023,1683676800000,Theft from Auto,540-559 Foster Avenue,COQUITLAM,49.2567751288271,-122.888101881107,2949,POINT (-122.888101881107 49.2567751288271)
36,2023,1683763200000,Theft from Auto,2905-2930 Glen Drive,COQUITLAM,49.2827340217109,-122.800226591827,2950,POINT (-122.800226591827 49.2827340217109)
37,2023,1683936000000,Break & Enter - Business,710-731 Anskar Court,COQUITLAM,49.2663212421992,-122.882265517038,2951,POINT (-122.882265517038 49.2663212421992)
38,2023,1684022400000,Break & Enter - Residence,835-979 Kelvin Street,COQUITLAM,49.2676674760158,-122.867231972728,2952,POINT (-122.867231972728 49.2676674760158)
39,2023,1684022400000,Break & Enter - Business,17-48 Fawcett Road,COQUITLAM,49.224499597798,-122.834167617274,2953,POINT (-122.834167617274 49.224499597798)
40,2023,1684022400000,Break & Enter - Residence,606-653 Godwin Court,COQUITLAM,49.2389154440681,-122.883471920861,2954,POINT (-122.883471920861 49.2389154440681)
41,2023,1684022400000,Break & Enter - Residence,881-940 Spence Avenue,COQUITLAM,49.2655414793172,-122.872708574978,2955,POINT (-122.872708574978 49.2655414793172)
42,2023,1684022400000,Break & Enter - Residence,3090-3099 Dayanee Springs Boulevard,COQUITLAM,49.2939605607813,-122.785525413573,2956,POINT (-122.785525413573 49.2939605607813)
43,2023,1684108800000,Theft from Auto,2820-2825 Crowberry Court,COQUITLAM,49.3013726573286,-122.813063380001,2957,POINT (-122.813063380001 49.3013726573286)
44,2023,1684108800000,Theft of Auto,1150-1154 The High Street,COQUITLAM,49.2812678466308,-122.796097800504,2958,POINT (-122.796097800504 49.2812678466308)
45,2023,1684108800000,Break & Enter - Residence,732-750 Anskar Court,COQUITLAM,49.2671871813035,-122.881085822166,2959,POINT (-122.881085822166 49.2671871813035)
46,2023,1684108800000,Theft from Auto,681-2761 North Road,COQUITLAM,49.2595463241857,-122.893057480193,2960,POINT (-122.893057480193 49.2595463241857)
47,2023,1684195200000,Theft from Auto,403-3965 North Road,COQUITLAM,49.2474360702703,-122.892717658606,2961,POINT (-122.892717658606 49.2474360702703)
48,2023,1684281600000,Theft of Auto,932-941 Robinson Street,COQUITLAM,49.2678123267482,-122.880291245893,2962,POINT (-122.880291245893 49.2678123267482)
49,2023,1684281600000,Theft from Auto,2000-2100 United Boulevard,COQUITLAM,49.2284692961852,-122.837043872759,2963,POINT (-122.837043872759 49.2284692961852)
50,2023,1684281600000,Theft from Auto,515-524 Como Lake Avenue,COQUITLAM,49.2630366190739,-122.891002582438,2964,POINT (-122.891002582438 49.2630366190739)
51,2023,1684281600000,Theft from Auto,88-98 Brigantine Drive,COQUITLAM,49.2279265603779,-122.84881847554,2965,POINT (-122.84881847554 49.2279265603779)
52,2023,1684368000000,Break & Enter - Business,525-568 Clarke Road,COQUITLAM,49.2610260627393,-122.890769351682,2966,POINT (-122.890769351682 49.2610260627393)
53,2023,1684368000000,Theft from Auto,3214-3253 Georgeson Avenue,COQUITLAM,49.2892762644118,-122.775239144221,2967,POINT (-122.775239144221 49.2892762644118)
54,2023,1684368000000,Break & Enter - Business,2750-2881 Barnet Highway,COQUITLAM,49.2776863015988,-122.805257914762,2968,POINT (-122.805257914762 49.2776863015988)
55,2023,1684368000000,Break & Enter - Business,451-499 Marmont Street,COQUITLAM,49.2493449626457,-122.862199555889,2969,POINT (-122.862199555889 49.2493449626457)
56,2023,1684454400000,Break & Enter - Business,3070-3078 Tantalus Court,COQUITLAM,49.3002624711545,-122.78486669932,2970,POINT (-122.78486669932 49.3002624711545)
57,2023,1684454400000,Theft from Auto,181-200 Golden Drive,COQUITLAM,49.2333292652703,-122.818301306715,2971,POINT (-122.818301306715 49.2333292652703)
58,2023,1684540800000,Theft from Auto,2800-2831 Greenbrier Place,COQUITLAM,49.2954677673429,-122.813349675301,2972,POINT (-122.813349675301 49.2954677673429)
59,2023,1684540800000,Theft from Auto,819-831 Robinson Street,COQUITLAM,49.2651625417205,-122.8801425442,2973,POINT (-122.8801425442 49.2651625417205)
60,2023,1684627200000,Break & Enter - Business,0-0 Northern Avenue,COQUITLAM,49.2808130529281,-122.796588035525,2974,POINT (-122.796588035525 49.2808130529281)
61,2023,1684627200000,Theft from Auto,1150-1158 Esperanza Drive,COQUITLAM,49.2826601820472,-122.779193140733,2975,POINT (-122.779193140733 49.2826601820472)
62,2023,1684627200000,Theft from Auto,1134-1160 Vanier Avenue,COQUITLAM,49.244434569315,-122.858469202715,2976,POINT (-122.858469202715 49.244434569315)
63,2023,1684713600000,Theft from Auto,1400-1412 Duchess Street,COQUITLAM,49.2989002945386,-122.755214380932,2977,POINT (-122.755214380932 49.2989002945386)
64,2023,1684800000000,Break & Enter - Business,1926-2050 Pipeline Road,COQUITLAM,49.3355205967946,-122.769738613271,2978,POINT (-122.769738613271 49.3355205967946)
65,2023,1684800000000,Theft from Auto,3470-3499 Danielson Drive,COQUITLAM,49.3019912825293,-122.74858912424,2979,POINT (-122.74858912424 49.3019912825293)
66,2023,1684800000000,Theft from Auto,3300-3369 Watkins Avenue,COQUITLAM,49.2993664039594,-122.759915714778,2980,POINT (-122.759915714778 49.2993664039594)
67,2023,1684800000000,Theft from Auto,3300-3346 Highland Drive,COQUITLAM,49.3002191014759,-122.760848077682,2981,POINT (-122.760848077682 49.3002191014759)
68,2023,1684886400000,Theft from Auto,3202-3210 Salt Spring Avenue,COQUITLAM,49.2862192846658,-122.777814042051,2982,POINT (-122.777814042051 49.2862192846658)
69,2023,1684886400000,Theft from Auto,451-499 Marmont Street,COQUITLAM,49.2493449626457,-122.862199555889,2983,POINT (-122.862199555889 49.2493449626457)
70,2023,1684886400000,Theft of Auto,1028-1056 Buoy Drive,COQUITLAM,49.2737632752043,-122.818645627007,2984,POINT (-122.818645627007 49.2737632752043)
71,2023,1684886400000,Break & Enter - Business,1100-1119 Falcon Drive,COQUITLAM,49.278335160656,-122.818392578933,2985,POINT (-122.818392578933 49.278335160656)
72,2023,1684972800000,Theft from Auto,1750-1780 Rideau Avenue,COQUITLAM,49.2587506297767,-122.844276703898,2986,POINT (-122.844276703898 49.2587506297767)
73,2023,1685059200000,Theft from Auto,2800-2880 Panorama Drive,COQUITLAM,49.2974759921937,-122.812895413988,2987,POINT (-122.812895413988 49.2974759921937)
74,2023,1685059200000,Break & Enter - Business,739-748 Blue Mountain Street,COQUITLAM,49.2620872908417,-122.868829828632,2988,POINT (-122.868829828632 49.2620872908417)
75,2023,1685145600000,Theft from Auto,851-900 Sharpe Street,COQUITLAM,49.2655951904081,-122.799163537538,2989,POINT (-122.799163537538 49.2655951904081)
76,2023,1685232000000,Theft from Auto,748-759 Clarke Road,COQUITLAM,49.2686455461398,-122.88115343733,2990,POINT (-122.88115343733 49.2686455461398)
77,2023,1685232000000,Break & Enter - Business,1926-2050 Pipeline Road,COQUITLAM,49.3355205967946,-122.769738613271,2991,POINT (-122.769738613271 49.3355205967946)
78,2023,1685318400000,Break & Enter - Business,2574-2675 Barnet Highway,COQUITLAM,49.2778867047908,-122.815752058863,2992,POINT (-122.815752058863 49.2778867047908)
79,2023,1685318400000,Theft from Auto,1509-1548 Eagle Mountain Drive,COQUITLAM,49.3009840116011,-122.816933726765,2993,POINT (-122.816933726765 49.3009840116011)
80,2023,1685318400000,Theft from Auto,525-568 Clarke Road,COQUITLAM,49.2610260627393,-122.890769351682,2994,POINT (-122.890769351682 49.2610260627393)
81,2023,1685318400000,Theft from Auto,3001-3026 Reece Avenue,COQUITLAM,49.2698019529393,-122.793724905309,2995,POINT (-122.793724905309 49.2698019529393)
82,2023,1685318400000,Theft from Auto,2000-2131 Hartley Avenue,COQUITLAM,49.225982356668,-122.837318979777,2996,POINT (-122.837318979777 49.225982356668)
83,2023,1685404800000,Break & Enter - Business,525-568 Clarke Road,COQUITLAM,49.2610260627393,-122.890769351682,2997,POINT (-122.890769351682 49.2610260627393)
84,2023,1685404800000,Break & Enter - Residence,1425-1432 Noons Creek Drive,COQUITLAM,49.2970263018676,-122.816402533299,2998,POINT (-122.816402533299 49.2970263018676)
85,2023,1685404800000,Break & Enter - Business,2900-2909 Meadowvista Place,COQUITLAM,49.2992172582749,-122.799999456981,2999,POINT (-122.799999456981 49.2992172582749)
86,2023,1685404800000,Theft from Auto,2950-2978 Glen Drive,COQUITLAM,49.2827270512264,-122.797400829648,3000,POINT (-122.797400829648 49.2827270512264)
87,2023,1685404800000,Theft from Auto,514-539 Foster Avenue,COQUITLAM,49.256797545894,-122.890784901772,3001,POINT (-122.890784901772 49.256797545894)
88,2023,1685491200000,Theft from Auto,901-970 Stewart Avenue,COQUITLAM,49.2435860004804,-122.870392792443,3002,POINT (-122.870392792443 49.2435860004804)
89,2023,1685491200000,Theft of Auto,960-996 Kinsac Street,COQUITLAM,49.269693978123,-122.869880790808,3003,POINT (-122.869880790808 49.269693978123)
90,2023,1685577600000,Break & Enter - Business,451-499 Marmont Street,COQUITLAM,49.2493449626457,-122.862199555889,3004,POINT (-122.862199555889 49.2493449626457)
91,2023,1685577600000,Theft from Auto,732-735 Clearwater Way,COQUITLAM,49.2595789649141,-122.805732855311,3005,POINT (-122.805732855311 49.2595789649141)
92,2023,1685664000000,Theft from Auto,3530-3543 Trestle Court,COQUITLAM,49.2992651825641,-122.738526851054,3006,POINT (-122.738526851054 49.2992651825641)
93,2023,1685664000000,Theft from Auto,216-236 McBay Lane,COQUITLAM,49.2392295388611,-122.866726994048,3007,POINT (-122.866726994048 49.2392295388611)
94,2023,1685664000000,Theft from Auto,1112-1162 Rochester Avenue,COQUITLAM,49.2449831808993,-122.859133892528,3008,POINT (-122.859133892528 49.2449831808993)
95,2023,1685750400000,Theft from Auto,2950-2978 Glen Drive,COQUITLAM,49.2827270512264,-122.797400829648,3009,POINT (-122.797400829648 49.2827270512264)
96,2023,1685750400000,Theft from Auto,1000-1029 Delestre Avenue,COQUITLAM,49.2417370461553,-122.866390041007,3010,POINT (-122.866390041007 49.2417370461553)
97,2023,1685923200000,Break & Enter - Business,1926-2050 Pipeline Road,COQUITLAM,49.3355205967946,-122.769738613271,3011,POINT (-122.769738613271 49.3355205967946)
98,2023,1685923200000,Theft from Auto,1281-1300 Oxford Street,COQUITLAM,49.2907358177713,-122.763160401485,3012,POINT (-122.763160401485 49.2907358177713)
99,2023,1685923200000,Break & Enter - Business,101-195 Schoolhouse Street,COQUITLAM,49.2347916075454,-122.852547094728,3013,POINT (-122.852547094728 49.2347916075454)
100,2023,1685923200000,Theft from Auto,170-179 Golden Drive,COQUITLAM,49.233322745541,-122.81981903001,3014,POINT (-122.81981903001 49.233322745541)
101,2023,1686009600000,Theft from Auto,3400-3430 Don Moore Drive,COQUITLAM,49.2904341670938,-122.750860152667,3015,POINT (-122.750860152667 49.2904341670938)
102,2023,1686009600000,Theft from Auto,565-589 Clarke Road,COQUITLAM,49.2626278918917,-122.88873525692,3016,POINT (-122.88873525692 49.2626278918917)
103,2023,1686096000000,Theft from Auto,603-620 Regan Avenue,COQUITLAM,49.2622047824503,-122.885791471986,3017,POINT (-122.885791471986 49.2622047824503)
104,2023,1686096000000,Theft from Auto,3441-3462 Princeton Avenue,COQUITLAM,49.298457890664,-122.750328013348,3018,POINT (-122.750328013348 49.298457890664)
105,2023,1686182400000,Theft of Auto,901-930 Tupper Avenue,COQUITLAM,49.2347841243211,-122.870904376152,3019,POINT (-122.870904376152 49.2347841243211)
106,2023,1686182400000,Theft from Auto,864-899 Herrmann Street,COQUITLAM,49.2661881078225,-122.796749332868,3020,POINT (-122.796749332868 49.2661881078225)
107,2023,1686182400000,Break & Enter - Residence,958-968 Hoy Street,COQUITLAM,49.2685263288828,-122.796266738082,3021,POINT (-122.796266738082 49.2685263288828)
108,2023,1686182400000,Theft from Auto,1850-1863 Hillside Avenue,COQUITLAM,49.232908140175,-122.843740786733,3022,POINT (-122.843740786733 49.232908140175)
109,2023,1686268800000,Theft from Auto,540-559 Foster Avenue,COQUITLAM,49.2567751288271,-122.888101881107,3023,POINT (-122.888101881107 49.2567751288271)
110,2023,1686268800000,Break & Enter - Business,1150-1154 The High Street,COQUITLAM,49.2812678466308,-122.796097800504,3024,POINT (-122.796097800504 49.2812678466308)
111,2023,1686268800000,Theft from Auto,1150-1154 The High Street,COQUITLAM,49.2812678466308,-122.796097800504,3025,POINT (-122.796097800504 49.2812678466308)
112,2023,1686268800000,Theft from Auto,83-94 North Bend Street,COQUITLAM,49.2319826421555,-122.820830715711,3026,POINT (-122.820830715711 49.2319826421555)
113,2023,1686268800000,Theft from Auto,3451-3467 Roxton Ave,COQUITLAM,49.2884586447271,-122.746931435375,3027,POINT (-122.746931435375 49.2884586447271)
114,2023,1686355200000,Break & Enter - Residence,958-968 Hoy Street,COQUITLAM,49.2685263288828,-122.796266738082,3028,POINT (-122.796266738082 49.2685263288828)
115,2023,1686355200000,Theft from Auto,3380-3381 Francis Crescent,COQUITLAM,49.2938445259643,-122.756569433778,3029,POINT (-122.756569433778 49.2938445259643)
116,2023,1686355200000,Theft from Auto,433-499 Nelson Street,COQUITLAM,49.2493312582197,-122.865604477587,3030,POINT (-122.865604477587 49.2493312582197)
117,2023,1686441600000,Theft of Auto,501-3953 North Road,COQUITLAM,49.2500792553395,-122.892792444091,3031,POINT (-122.892792444091 49.2500792553395)
118,2023,1686441600000,Theft from Auto,451-499 Marmont Street,COQUITLAM,49.2493449626457,-122.862199555889,3032,POINT (-122.862199555889 49.2493449626457)
119,2023,1686441600000,Theft from Auto,975-1020 King Albert Avenue,COQUITLAM,49.251486807431,-122.867386192524,3033,POINT (-122.867386192524 49.251486807431)
120,2023,1686528000000,Theft from Auto,451-499 Marmont Street,COQUITLAM,49.2493449626457,-122.862199555889,3034,POINT (-122.862199555889 49.2493449626457)
121,2023,1686528000000,Theft from Auto,3380-3413 Darwin Avenue,COQUITLAM,49.2875364649745,-122.754304521303,3035,POINT (-122.754304521303 49.2875364649745)
122,2023,1686528000000,Theft from Auto,451-499 Marmont Street,COQUITLAM,49.2493449626457,-122.862199555889,3036,POINT (-122.862199555889 49.2493449626457)
123,2023,1686528000000,Theft from Auto,2000-2100 United Boulevard,COQUITLAM,49.2284692961852,-122.837043872759,3037,POINT (-122.837043872759 49.2284692961852)
124,2023,1686614400000,Theft from Auto,2161-2348 Cape Horn Avenue,COQUITLAM,49.2317253893828,-122.83275410329,3038,POINT (-122.83275410329 49.2317253893828)
125,2023,1686614400000,Theft from Auto,1206-1217 Como Lake Avenue,COQUITLAM,49.2634924581039,-122.858256662874,3039,POINT (-122.858256662874 49.2634924581039)
126,2023,1686614400000,Theft from Auto,681-698 Colinet Street,COQUITLAM,49.259084336247,-122.867500417307,3040,POINT (-122.867500417307 49.259084336247)
127,2023,1686614400000,Theft of Auto,50-99 Schooner Street,COQUITLAM,49.227108640023,-122.83996935061,3041,POINT (-122.83996935061 49.227108640023)
128,2023,1686614400000,Theft from Auto,565-589 Clarke Road,COQUITLAM,49.2626278918917,-122.88873525692,3042,POINT (-122.88873525692 49.2626278918917)
129,2023,1686700800000,Theft from Auto,370-389 Montgomery Street,COQUITLAM,49.2430974101383,-122.839088750714,3043,POINT (-122.839088750714 49.2430974101383)
130,2023,1686700800000,Theft of Auto,300-325 Decaire Street,COQUITLAM,49.241751302051,-122.850546261032,3044,POINT (-122.850546261032 49.241751302051)
131,2023,1686700800000,Theft from Auto,940-970 Charland Avenue,COQUITLAM,49.2480767836579,-122.869087914339,3045,POINT (-122.869087914339 49.2480767836579)
132,2023,1686700800000,Theft from Auto,300-325 Decaire Street,COQUITLAM,49.241751302051,-122.850546261032,3046,POINT (-122.850546261032 49.241751302051)
133,2023,1686700800000,Theft from Auto,300-325 Decaire Street,COQUITLAM,49.241751302051,-122.850546261032,3047,POINT (-122.850546261032 49.241751302051)
134,2023,1686700800000,Theft from Auto,510-520 Young Drive,COQUITLAM,49.2431337487999,-122.890343553159,3048,POINT (-122.890343553159 49.2431337487999)
135,2023,1686787200000,Theft from Auto,3001-3061 Gordon Avenue,COQUITLAM,49.2710993311356,-122.792778359785,3049,POINT (-122.792778359785 49.2710993311356)
136,2023,1686787200000,Theft from Auto,514-642 Ebert Avenue,COQUITLAM,49.255537164508,-122.887253652402,3050,POINT (-122.887253652402 49.255537164508)
137,2023,1686873600000,Theft from Auto,0-0 United Boulevard,COQUITLAM,49.2388467201046,-122.822833592664,3051,POINT (-122.822833592664 49.2388467201046)
138,2023,1686873600000,Theft from Auto,1001-1030 Quadling Avenue,COQUITLAM,49.2408381239878,-122.866298074333,3052,POINT (-122.866298074333 49.2408381239878)
139,2023,1686960000000,Theft of Auto,813-845 Quadling Avenue,COQUITLAM,49.2408797747475,-122.874665847576,3053,POINT (-122.874665847576 49.2408797747475)
140,2023,1687046400000,Theft from Auto,830-840 Irvine Street,COQUITLAM,49.2642789823984,-122.794856594132,3054,POINT (-122.794856594132 49.2642789823984)
141,2023,1687046400000,Theft from Auto,1001-1030 Quadling Avenue,COQUITLAM,49.2408381239878,-122.866298074333,3055,POINT (-122.866298074333 49.2408381239878)
142,2023,1687046400000,Theft from Auto,0-0 Northern Avenue,COQUITLAM,49.2808130529281,-122.796588035525,3056,POINT (-122.796588035525 49.2808130529281)
143,2023,1687132800000,Break & Enter - Business,0-0 Boxwood Drive,COQUITLAM,49.2453678255203,-122.808867013494,3057,POINT (-122.808867013494 49.2453678255203)
144,2023,1687132800000,Break & Enter - Business,542-545 Whiting Way,COQUITLAM,49.2510133460408,-122.89196828981,3058,POINT (-122.89196828981 49.2510133460408)
145,2023,1687132800000,Theft from Auto,1948-1968 Brunette Avenue,COQUITLAM,49.2308011443442,-122.839974140654,3059,POINT (-122.839974140654 49.2308011443442)
146,2023,1687132800000,Break & Enter - Business,995-1100 United Boulevard,COQUITLAM,49.2295460130303,-122.869353150825,3060,POINT (-122.869353150825 49.2295460130303)
147,2023,1687132800000,Theft of Auto,1474-1925 Pipeline Road,COQUITLAM,49.3197777958531,-122.772406966583,3061,POINT (-122.772406966583 49.3197777958531)
148,2023,1687219200000,Theft from Auto,3480-3510 Bishop Place,COQUITLAM,49.2987900468939,-122.742912206086,3062,POINT (-122.742912206086 49.2987900468939)
149,2023,1687219200000,Theft of Auto,300-306 Schoolhouse Street,COQUITLAM,49.2410238465355,-122.852462762254,3063,POINT (-122.852462762254 49.2410238465355)
150,2023,1687219200000,Break & Enter - Business,0-0 Northern Avenue,COQUITLAM,49.2808130529281,-122.796588035525,3064,POINT (-122.796588035525 49.2808130529281)
151,2023,1687219200000,Theft from Auto,1201-1210 Pacific Street,COQUITLAM,49.2846681732234,-122.798132676813,3065,POINT (-122.798132676813 49.2846681732234)
152,2023,1687219200000,Theft from Auto,907-941 Quadling Avenue,COQUITLAM,49.2407695911525,-122.871674049283,3066,POINT (-122.871674049283 49.2407695911525)
153,2023,1687305600000,Theft from Auto,0-0 Boxwood Drive,COQUITLAM,49.2453678255203,-122.808867013494,3067,POINT (-122.808867013494 49.2453678255203)
154,2023,1687392000000,Theft from Auto,1537-1558 Tanglewood Lane,COQUITLAM,49.3016000998721,-122.81102892524,3068,POINT (-122.81102892524 49.3016000998721)
155,2023,1687392000000,Theft from Auto,600-614 Bosworth Street,COQUITLAM,49.2540617498652,-122.889845205267,3069,POINT (-122.889845205267 49.2540617498652)
156,2023,1687392000000,Theft of Auto,0-0 Northern Avenue,COQUITLAM,49.2808130529281,-122.796588035525,3070,POINT (-122.796588035525 49.2808130529281)
157,2023,1687478400000,Break & Enter - Residence,1000-1021 Windward Drive,COQUITLAM,49.2731262343146,-122.812350041449,3071,POINT (-122.812350041449 49.2731262343146)
158,2023,1687478400000,Theft from Auto,3496-3535 Chandler Street,COQUITLAM,49.2972785088788,-122.743007812542,3072,POINT (-122.743007812542 49.2972785088788)
159,2023,1687564800000,Theft from Auto,403-3965 North Road,COQUITLAM,49.2474360702703,-122.892717658606,3073,POINT (-122.892717658606 49.2474360702703)
160,2023,1687564800000,Theft from Auto,2933-2940 Heckbert Place,COQUITLAM,49.2681306141721,-122.799675425185,3074,POINT (-122.799675425185 49.2681306141721)
161,2023,1687651200000,Break & Enter - Business,0-0 Boxwood Drive,COQUITLAM,49.2453678255203,-122.808867013494,3075,POINT (-122.808867013494 49.2453678255203)
162,2023,1687737600000,Theft from Auto,1300-1301 King Albert Avenue,COQUITLAM,49.2514153668174,-122.857360851793,3076,POINT (-122.857360851793 49.2514153668174)
163,2023,1687737600000,Break & Enter - Business,0-0 Boxwood Drive,COQUITLAM,49.2453678255203,-122.808867013494,3077,POINT (-122.808867013494 49.2453678255203)
164,2023,1687737600000,Break & Enter - Business,605-648 Claremont Street,COQUITLAM,49.2650156195149,-122.890731812126,3078,POINT (-122.890731812126 49.2650156195149)
165,2023,1687737600000,Theft from Auto,1300-1428 Grover Avenue,COQUITLAM,49.2625571201643,-122.854872389213,3079,POINT (-122.854872389213 49.2625571201643)
166,2023,1687824000000,Break & Enter - Residence,2924-2936 Wickham Drive,COQUITLAM,49.2635788888405,-122.801782973681,3080,POINT (-122.801782973681 49.2635788888405)
167,2023,1687824000000,Theft from Auto,1331-1351 Cimarron Drive,COQUITLAM,49.2950138474173,-122.797786132911,3081,POINT (-122.797786132911 49.2950138474173)
168,2023,1687824000000,Theft from Auto,770-798 Chilko Drive,COQUITLAM,49.2623964299736,-122.799439169804,3082,POINT (-122.799439169804 49.2623964299736)
169,2023,1687824000000,Theft from Auto,0-68 Schooner Street,COQUITLAM,49.2253533351108,-122.840384747391,3083,POINT (-122.840384747391 49.2253533351108)
170,2023,1687824000000,Theft from Auto,2975-3060 Lazy A Street,COQUITLAM,49.2642375606874,-122.805978964967,3084,POINT (-122.805978964967 49.2642375606874)
171,2023,1687824000000,Theft from Auto,2888-2920 Keets Drive,COQUITLAM,49.2619922411843,-122.80109916922,3085,POINT (-122.80109916922 49.2619922411843)
172,2023,1687824000000,Theft from Auto,3028-3043 Daybreak Avenue,COQUITLAM,49.2646561204709,-122.803870832772,3086,POINT (-122.803870832772 49.2646561204709)
173,2023,1687824000000,Break & Enter - Business,3000-3003 Christmas Way,COQUITLAM,49.2719625329839,-122.79211497066,3087,POINT (-122.79211497066 49.2719625329839)
174,2023,1687910400000,Break & Enter - Business,0-0 Boxwood Drive,COQUITLAM,49.2453678255203,-122.808867013494,3088,POINT (-122.808867013494 49.2453678255203)
175,2023,1687910400000,Break & Enter - Business,0-0 Boxwood Drive,COQUITLAM,49.2453678255203,-122.808867013494,3089,POINT (-122.808867013494 49.2453678255203)
176,2023,1687910400000,Theft from Auto,754-806 Alderson Avenue,COQUITLAM,49.2397168514948,-122.876503167287,3090,POINT (-122.876503167287 49.2397168514948)
177,2023,1687996800000,Theft from Auto,1245-1259 Soball Street,COQUITLAM,49.2880179401298,-122.750304681679,3091,POINT (-122.750304681679 49.2880179401298)
178,2023,1688083200000,Break & Enter - Residence,271-276 Guilby Street,COQUITLAM,49.2402745904898,-122.88526934217,3092,POINT (-122.88526934217 49.2402745904898)
179,2023,1688256000000,Theft from Auto,1090-1099 Lansdowne Drive,COQUITLAM,49.276851433884,-122.808383190491,3093,POINT (-122.808383190491 49.276851433884)
180,2023,1688256000000,Theft from Auto,1547-1735 Eagle Mountain Drive,COQUITLAM,49.3090381368605,-122.812143554129,3094,POINT (-122.812143554129 49.3090381368605)
181,2023,1688256000000,Break & Enter - Business,210-287 Schoolhouse Street,COQUITLAM,49.2378792699565,-122.852507436297,3095,POINT (-122.852507436297 49.2378792699565)
182,2023,1688256000000,Break & Enter - Business,525-568 Clarke Road,COQUITLAM,49.2610260627393,-122.890769351682,3096,POINT (-122.890769351682 49.2610260627393)
183,2023,1688342400000,Theft of Auto,203-221 Bernatchey Street,COQUITLAM,49.2360223435946,-122.876317050473,3097,POINT (-122.876317050473 49.2360223435946)
184,2023,1688342400000,Break & Enter - Residence,1250-1269 Ravensdale Street,COQUITLAM,49.2887923797551,-122.758439789399,3098,POINT (-122.758439789399 49.2887923797551)
185,2023,1688342400000,Theft of Auto,3165-3179 Plateau Boulevard,COQUITLAM,49.3116673232818,-122.786213812573,3099,POINT (-122.786213812573 49.3116673232818)
186,2023,1688428800000,Theft from Auto,1313-1386 Glenbrook Street,COQUITLAM,49.2964994636497,-122.760067749021,3100,POINT (-122.760067749021 49.2964994636497)
187,2023,1688428800000,Theft from Auto,3302-3330 Hyde Park Place,COQUITLAM,49.2950815440819,-122.765076754512,3101,POINT (-122.765076754512 49.2950815440819)
188,2023,1688428800000,Theft of Auto,80-169 Golden Drive,COQUITLAM,49.2326563107605,-122.823430250462,3102,POINT (-122.823430250462 49.2326563107605)
189,2023,1688515200000,Theft from Auto,542-545 Whiting Way,COQUITLAM,49.2510133460408,-122.89196828981,3103,POINT (-122.89196828981 49.2510133460408)
190,2023,1688515200000,Theft from Auto,554-565 Ivy Avenue,COQUITLAM,49.2546882563592,-122.887864020649,3104,POINT (-122.887864020649 49.2546882563592)
191,2023,1688601600000,Theft from Auto,0-0 Northern Avenue,COQUITLAM,49.2808130529281,-122.796588035525,3105,POINT (-122.796588035525 49.2808130529281)
192,2023,1688688000000,Break & Enter - Business,525-568 Clarke Road,COQUITLAM,49.2610260627393,-122.890769351682,3106,POINT (-122.890769351682 49.2610260627393)
193,2023,1688774400000,Break & Enter - Residence,654-668 Schoolhouse Street,COQUITLAM,49.2573991715822,-122.852180309836,3107,POINT (-122.852180309836 49.2573991715822)
194,2023,1688774400000,Theft from Auto,1151-1189 Falcon Drive,COQUITLAM,49.2822021219346,-122.819163781036,3108,POINT (-122.819163781036 49.2822021219346)
195,2023,1688774400000,Theft from Auto,2700-2899 David Avenue,COQUITLAM,49.2949893152379,-122.804336026756,3109,POINT (-122.804336026756 49.2949893152379)
196,2023,1688774400000,Break & Enter - Business,594-611 Sydney Avenue,COQUITLAM,49.2481701409699,-122.886652315278,3110,POINT (-122.886652315278 49.2481701409699)
197,2023,1688860800000,Theft of Auto,320-334 Burns Street,COQUITLAM,49.2431300776506,-122.876297706826,3111,POINT (-122.876297706826 49.2431300776506)
198,2023,1688860800000,Theft from Auto,2770-2780 Dewdney Trunk Road,COQUITLAM,49.2740221652518,-122.805604192898,3112,POINT (-122.805604192898 49.2740221652518)
199,2023,1688947200000,Break & Enter - Business,3070-3078 Tantalus Court,COQUITLAM,49.3002624711545,-122.78486669932,3113,POINT (-122.78486669932 49.3002624711545)
200,2023,1688947200000,Theft from Auto,50-99 Schooner Street,COQUITLAM,49.227108640023,-122.83996935061,3114,POINT (-122.83996935061 49.227108640023)
201,2023,1688947200000,Theft from Auto,1930-2000 Brigantine Drive,COQUITLAM,49.2243480406384,-122.839406635795,3115,POINT (-122.839406635795 49.2243480406384)
202,2023,1689033600000,Break & Enter - Business,1520-1594 Booth Avenue,COQUITLAM,49.2392719736826,-122.850651930927,3116,POINT (-122.850651930927 49.2392719736826)
203,2023,1689033600000,Theft from Auto,811-830 St Laurence Street,COQUITLAM,49.2646442388191,-122.842376381617,3117,POINT (-122.842376381617 49.2646442388191)
204,2023,1689033600000,Theft from Auto,513-533 Brookmere Avenue,COQUITLAM,49.2512171807655,-122.89126681632,3118,POINT (-122.89126681632 49.2512171807655)
205,2023,1689120000000,Theft of Auto,606-645 Nicola Avenue,COQUITLAM,49.2691175249682,-122.885235443633,3119,POINT (-122.885235443633 49.2691175249682)
206,2023,1689120000000,Theft from Auto,1-23 Leeder Street,COQUITLAM,49.2233200537563,-122.829884237529,3120,POINT (-122.829884237529 49.2233200537563)
207,2023,1689120000000,Break & Enter - Business,0-0 Boxwood Drive,COQUITLAM,49.2453678255203,-122.808867013494,3121,POINT (-122.808867013494 49.2453678255203)
208,2023,1689206400000,Theft from Auto,511-521 Smith Avenue,COQUITLAM,49.2603574378355,-122.892030327704,3122,POINT (-122.892030327704 49.2603574378355)
209,2023,1689206400000,Break & Enter - Residence,271-276 Guilby Street,COQUITLAM,49.2402745904898,-122.88526934217,3123,POINT (-122.88526934217 49.2402745904898)
210,2023,1689206400000,Break & Enter - Business,50-99 Schooner Street,COQUITLAM,49.227108640023,-122.83996935061,3124,POINT (-122.83996935061 49.227108640023)
211,2023,1689206400000,Break & Enter - Business,0-0 Boxwood Drive,COQUITLAM,49.2453678255203,-122.808867013494,3125,POINT (-122.808867013494 49.2453678255203)
212,2023,1689206400000,Break & Enter - Business,2975-3009 Glen Drive,COQUITLAM,49.2826851281598,-122.794440767269,3126,POINT (-122.794440767269 49.2826851281598)
213,2023,1689292800000,Break & Enter - Business,1189-1200 Eastwood Street,COQUITLAM,49.2840443579961,-122.787960155998,3127,POINT (-122.787960155998 49.2840443579961)
214,2023,1689465600000,Theft from Auto,1009-1021 Spring Avenue,COQUITLAM,49.2692357439077,-122.865096294102,3128,POINT (-122.865096294102 49.2692357439077)
215,2023,1689465600000,Break & Enter - Business,210-287 Schoolhouse Street,COQUITLAM,49.2378792699565,-122.852507436297,3129,POINT (-122.852507436297 49.2378792699565)
216,2023,1689465600000,Theft from Auto,1706-1751 Glendale Avenue,COQUITLAM,49.2397414585885,-122.845351992551,3130,POINT (-122.845351992551 49.2397414585885)
217,2023,1689552000000,Theft from Auto,2388-2398 Mariana Place,COQUITLAM,49.2364517367102,-122.825410300434,3131,POINT (-122.825410300434 49.2364517367102)
218,2023,1689552000000,Theft from Auto,2617-2627 Harrier Drive,COQUITLAM,49.2833418980884,-122.818866510704,3132,POINT (-122.818866510704 49.2833418980884)
219,2023,1689638400000,Theft from Auto,11-25 King Edward Street,COQUITLAM,49.2324493710326,-122.86161577216,3133,POINT (-122.86161577216 49.2324493710326)
220,2023,1689638400000,Theft from Auto,3509-3520 Hall Avenue,COQUITLAM,49.3013989024086,-122.740248754106,3134,POINT (-122.740248754106 49.3013989024086)
221,2023,1689724800000,Theft from Auto,620-665 Harrison Avenue,COQUITLAM,49.2671987505527,-122.885131544133,3135,POINT (-122.885131544133 49.2671987505527)
222,2023,1689897600000,Break & Enter - Business,0-0 Boxwood Drive,COQUITLAM,49.2453678255203,-122.808867013494,3136,POINT (-122.808867013494 49.2453678255203)
223,2023,1689897600000,Theft from Auto,2583-2596 Harrier Drive,COQUITLAM,49.281878320198,-122.816757283209,3137,POINT (-122.816757283209 49.281878320198)
224,2023,1689984000000,Break & Enter - Business,0-0 Boxwood Drive,COQUITLAM,49.2453678255203,-122.808867013494,3138,POINT (-122.808867013494 49.2453678255203)
225,2023,1690070400000,Theft from Auto,975-1020 King Albert Avenue,COQUITLAM,49.251486807431,-122.867386192524,3139,POINT (-122.867386192524 49.251486807431)
226,2023,1690156800000,Theft from Auto,1009-1021 Spring Avenue,COQUITLAM,49.2692357439077,-122.865096294102,3140,POINT (-122.865096294102 49.2692357439077)
227,2023,1690156800000,Theft from Auto,241-259 Thrift Street,COQUITLAM,49.2392207825485,-122.876896258466,3141,POINT (-122.876896258466 49.2392207825485)
228,2023,1690156800000,Break & Enter - Residence,900-959 Sherwood Avenue,COQUITLAM,49.2358461375926,-122.87122338431,3142,POINT (-122.87122338431 49.2358461375926)
229,2023,1690243200000,Theft of Auto,2975-2995 Princess Crescent,COQUITLAM,49.2860697608612,-122.796453003667,3143,POINT (-122.796453003667 49.2860697608612)
230,2023,1690243200000,Theft from Auto,600-623 Gatensbury Street,COQUITLAM,49.2544229019167,-122.857865713907,3144,POINT (-122.857865713907 49.2544229019167)
231,2023,1690329600000,Break & Enter - Business,924-946 Brunette Avenue,COQUITLAM,49.2370416370542,-122.870600939215,3145,POINT (-122.870600939215 49.2370416370542)
232,2023,1690329600000,Break & Enter - Business,948-953 Brunette Avenue,COQUITLAM,49.2374002682933,-122.868939596595,3146,POINT (-122.868939596595 49.2374002682933)
233,2023,1690329600000,Break & Enter - Business,924-946 Brunette Avenue,COQUITLAM,49.2370416370542,-122.870600939215,3147,POINT (-122.870600939215 49.2370416370542)
234,2023,1690329600000,Theft from Auto,293-315 Finnigan Street,COQUITLAM,49.23950391448,-122.836944246139,3148,POINT (-122.836944246139 49.23950391448)
235,2023,1690416000000,Theft from Auto,0-0 Northern Avenue,COQUITLAM,49.2808130529281,-122.796588035525,3149,POINT (-122.796588035525 49.2808130529281)
236,2023,1690416000000,Theft from Auto,3100-3150 Windsor Gate,COQUITLAM,49.2797581666801,-122.785014812934,3150,POINT (-122.785014812934 49.2797581666801)
237,2023,1690416000000,Break & Enter - Business,924-946 Brunette Avenue,COQUITLAM,49.2370416370542,-122.870600939215,3151,POINT (-122.870600939215 49.2370416370542)
238,2023,1690502400000,Theft from Auto,301-324 Burns Street,COQUITLAM,49.2414335747224,-122.876149367469,3152,POINT (-122.876149367469 49.2414335747224)
239,2023,1690502400000,Theft from Auto,3380-3413 Darwin Avenue,COQUITLAM,49.2875364649745,-122.754304521303,3153,POINT (-122.754304521303 49.2875364649745)
240,2023,1690588800000,Break & Enter - Business,0-0 Boxwood Drive,COQUITLAM,49.2453678255203,-122.808867013494,3154,POINT (-122.808867013494 49.2453678255203)
241,2023,1690588800000,Theft from Auto,0-0 Northern Avenue,COQUITLAM,49.2808130529281,-122.796588035525,3155,POINT (-122.796588035525 49.2808130529281)
242,2023,1690588800000,Theft of Auto,208-307 Begin Street,COQUITLAM,49.2398162594413,-122.859785709313,3156,POINT (-122.859785709313 49.2398162594413)
243,2023,1690675200000,Theft from Auto,1900-1939 Brunette Avenue,COQUITLAM,49.2322229157748,-122.841194365222,3157,POINT (-122.841194365222 49.2322229157748)
244,2023,1690761600000,Theft from Auto,1300-1428 Grover Avenue,COQUITLAM,49.2625571201643,-122.854872389213,3158,POINT (-122.854872389213 49.2625571201643)
245,2023,1690761600000,Theft from Auto,2400-2450 United Boulevard,COQUITLAM,49.2262254339252,-122.821793013354,3159,POINT (-122.821793013354 49.2262254339252)
246,2023,1690761600000,Theft from Auto,2040-2081 Foster Avenue,COQUITLAM,49.2560369963703,-122.837449798634,3160,POINT (-122.837449798634 49.2560369963703)
247,2023,1690761600000,Break & Enter - Business,0-3000 Lougheed Highway,COQUITLAM,49.2752140098018,-122.794554250175,3161,POINT (-122.794554250175 49.2752140098018)
248,2023,1690761600000,Theft from Auto,2000-2100 United Boulevard,COQUITLAM,49.2284692961852,-122.837043872759,3162,POINT (-122.837043872759 49.2284692961852)
249,2023,1690848000000,Theft from Auto,0-0 Highway Ramp,COQUITLAM,49.2305020535698,-122.826801573615,3163,POINT (-122.826801573615 49.2305020535698)
250,2023,1690848000000,Theft from Auto,606-645 Nicola Avenue,COQUITLAM,49.2691175249682,-122.885235443633,3164,POINT (-122.885235443633 49.2691175249682)
251,2023,1690848000000,Break & Enter - Business,2700-2745 Barnet Highway,COQUITLAM,49.2778616259942,-122.810408025974,3165,POINT (-122.810408025974 49.2778616259942)
252,2023,1690848000000,Theft from Auto,1280-1310 Sadie Crescent,COQUITLAM,49.2907220287328,-122.756459234187,3166,POINT (-122.756459234187 49.2907220287328)
253,2023,1690934400000,Break & Enter - Business,2975-2979 Atlantic Avenue,COQUITLAM,49.2817646402723,-122.796585715072,3167,POINT (-122.796585715072 49.2817646402723)
254,2023,1691020800000,Theft from Auto,451-499 Marmont Street,COQUITLAM,49.2493449626457,-122.862199555889,3168,POINT (-122.862199555889 49.2493449626457)
255,2023,1691020800000,Theft from Auto,2500-2666 Cape Horn Avenue,COQUITLAM,49.2387871102241,-122.819450186289,3169,POINT (-122.819450186289 49.2387871102241)
256,2023,1691020800000,Theft from Auto,744-757 Sprice Avenue,COQUITLAM,49.2573784650103,-122.878531992096,3170,POINT (-122.878531992096 49.2573784650103)
257,2023,1691020800000,Theft from Auto,293-315 Finnigan Street,COQUITLAM,49.23950391448,-122.836944246139,3171,POINT (-122.836944246139 49.23950391448)
258,2023,1691107200000,Theft from Auto,703-713 Henderson Avenue,COQUITLAM,49.2364096374901,-122.879235756521,3172,POINT (-122.879235756521 49.2364096374901)
259,2023,1691107200000,Theft from Auto,542-545 Whiting Way,COQUITLAM,49.2510133460408,-122.89196828981,3173,POINT (-122.89196828981 49.2510133460408)
260,2023,1691107200000,Theft from Auto,2750-2881 Barnet Highway,COQUITLAM,49.2776863015988,-122.805257914762,3174,POINT (-122.805257914762 49.2776863015988)
261,2023,1691193600000,Theft from Auto,402-409 Guilby Street,COQUITLAM,49.2458896828407,-122.885372915804,3175,POINT (-122.885372915804 49.2458896828407)
262,2023,1691193600000,Break & Enter - Residence,1400-1410 Dayton Street,COQUITLAM,49.2989111967479,-122.751508866166,3176,POINT (-122.751508866166 49.2989111967479)
263,2023,1691193600000,Theft from Auto,257-278 Hart Street,COQUITLAM,49.2383190825692,-122.881123787966,3177,POINT (-122.881123787966 49.2383190825692)
264,2023,1691280000000,Theft from Auto,603-644 Tyndall Street,COQUITLAM,49.2643621966884,-122.891874191582,3178,POINT (-122.891874191582 49.2643621966884)
265,2023,1691452800000,Break & Enter - Residence,3430-3455 Roxton Avenue,COQUITLAM,49.2884629181295,-122.749007565178,3179,POINT (-122.749007565178 49.2884629181295)
266,2023,1691539200000,Theft from Auto,814-823 Miller Avenue,COQUITLAM,49.2681978798001,-122.875263340448,3180,POINT (-122.875263340448 49.2681978798001)
267,2023,1691539200000,Theft from Auto,2920-2975 Atlantic Avenue,COQUITLAM,49.2817773168211,-122.797889956838,3181,POINT (-122.797889956838 49.2817773168211)
268,2023,1691539200000,Theft from Auto,0-0 Northern Avenue,COQUITLAM,49.2808130529281,-122.796588035525,3182,POINT (-122.796588035525 49.2808130529281)
269,2023,1691625600000,Theft from Auto,2950-2978 Glen Drive,COQUITLAM,49.2827270512264,-122.797400829648,3183,POINT (-122.797400829648 49.2827270512264)
270,2023,1691625600000,Break & Enter - Business,451-499 Marmont Street,COQUITLAM,49.2493449626457,-122.862199555889,3184,POINT (-122.862199555889 49.2493449626457)
271,2023,1691625600000,Theft from Auto,2975-2979 Atlantic Avenue,COQUITLAM,49.2817646402723,-122.796585715072,3185,POINT (-122.796585715072 49.2817646402723)
272,2023,1691625600000,Theft from Auto,3385-3399 Creston Close,COQUITLAM,49.2903095238237,-122.753472344512,3186,POINT (-122.753472344512 49.2903095238237)
273,2023,1691712000000,Break & Enter - Business,2975-3009 Glen Drive,COQUITLAM,49.2826851281598,-122.794440767269,3187,POINT (-122.794440767269 49.2826851281598)
274,2023,1691712000000,Theft from Auto,748-757 MacIntosh Street,COQUITLAM,49.262970212538,-122.866018033118,3188,POINT (-122.866018033118 49.262970212538)
275,2023,1691712000000,Theft from Auto,586-600 Nicola Avenue,COQUITLAM,49.2689630868581,-122.889432896939,3189,POINT (-122.889432896939 49.2689630868581)
276,2023,1691712000000,Theft from Auto,2810-2874 McCoomb Drive,COQUITLAM,49.2818616790912,-122.805131545875,3190,POINT (-122.805131545875 49.2818616790912)
277,2023,1691712000000,Theft from Auto,0-0 Northern Avenue,COQUITLAM,49.2808130529281,-122.796588035525,3191,POINT (-122.796588035525 49.2808130529281)
278,2023,1691798400000,Theft from Auto,1134-1160 Vanier Avenue,COQUITLAM,49.244434569315,-122.858469202715,3192,POINT (-122.858469202715 49.244434569315)
279,2023,1691798400000,Theft from Auto,0-0 Oak Crescent,COQUITLAM,49.2492530826697,-122.806345541169,3193,POINT (-122.806345541169 49.2492530826697)
280,2023,1691798400000,Theft from Auto,813-837 Delestre Avenue,COQUITLAM,49.2416970874977,-122.874133958596,3194,POINT (-122.874133958596 49.2416970874977)
281,2023,1691798400000,Theft from Auto,1046-3538 Westwood Street,COQUITLAM,49.2743692460446,-122.790525846471,3195,POINT (-122.790525846471 49.2743692460446)
282,2023,1691798400000,Theft from Auto,2950-2978 Glen Drive,COQUITLAM,49.2827270512264,-122.797400829648,3196,POINT (-122.797400829648 49.2827270512264)
283,2023,1691884800000,Theft of Auto,1181-1215 Pipeline Road,COQUITLAM,49.2842297662383,-122.785442311719,3197,POINT (-122.785442311719 49.2842297662383)
284,2023,1691884800000,Theft of Auto,740-799 Linton Street,COQUITLAM,49.2629250049947,-122.84086065219,3198,POINT (-122.84086065219 49.2629250049947)
285,2023,1691971200000,Break & Enter - Residence,3490-3529 Princeton Avenue,COQUITLAM,49.2969220963057,-122.744280002537,3199,POINT (-122.744280002537 49.2969220963057)
286,2023,1691971200000,Break & Enter - Residence,3070-3089 Guildford Way,COQUITLAM,49.2847354103604,-122.78933475783,3200,POINT (-122.78933475783 49.2847354103604)
287,2023,1691971200000,Theft from Auto,2170-2389 Parkway Boulevard,COQUITLAM,49.3191454976168,-122.794760679074,3201,POINT (-122.794760679074 49.3191454976168)
288,2023,1692057600000,Theft from Auto,2919-2930 Kalamalka Drive,COQUITLAM,49.2596985526282,-122.802510766788,3202,POINT (-122.802510766788 49.2596985526282)
289,2023,1692144000000,Theft from Auto,300-325 Decaire Street,COQUITLAM,49.241751302051,-122.850546261032,3203,POINT (-122.850546261032 49.241751302051)
290,2023,1692144000000,Theft of Auto,3150-3189 Tahsis Avenue,COQUITLAM,49.2822931434903,-122.780703513481,3204,POINT (-122.780703513481 49.2822931434903)
291,2023,1692144000000,Theft of Auto,511-521 Smith Avenue,COQUITLAM,49.2603574378355,-122.892030327704,3205,POINT (-122.892030327704 49.2603574378355)
292,2023,1692230400000,Theft from Auto,623-629 Draycott Street,COQUITLAM,49.254097439609,-122.836784253327,3206,POINT (-122.836784253327 49.254097439609)
293,2023,1692230400000,Theft from Auto,0-3000 Lougheed Highway,COQUITLAM,49.2752140098018,-122.794554250175,3207,POINT (-122.794554250175 49.2752140098018)
294,2023,1692230400000,Theft from Auto,3554-3564 Harper Road,COQUITLAM,49.3007425712879,-122.735064921623,3208,POINT (-122.735064921623 49.3007425712879)
295,2023,1692230400000,Theft from Auto,1316-1327 Sherman Street,COQUITLAM,49.292797406154,-122.797799999433,3209,POINT (-122.797799999433 49.292797406154)
296,2023,1692230400000,Theft of Auto,657-660 Wilmot Street,COQUITLAM,49.2564052536899,-122.835684310581,3210,POINT (-122.835684310581 49.2564052536899)
297,2023,1692230400000,Break & Enter - Residence,606-653 Godwin Court,COQUITLAM,49.2389154440681,-122.883471920861,3211,POINT (-122.883471920861 49.2389154440681)
298,2023,1692316800000,Break & Enter - Business,3469-3499 Baycrest Avenue,COQUITLAM,49.2883846824994,-122.741974672874,3212,POINT (-122.741974672874 49.2883846824994)
299,2023,1692316800000,Theft from Auto,1022-1071 Austin Avenue,COQUITLAM,49.2490028066417,-122.863940671901,3213,POINT (-122.863940671901 49.2490028066417)
300,2023,1692316800000,Theft of Auto,405-448 Bromley Street,COQUITLAM,49.2470468919367,-122.818833888768,3214,POINT (-122.818833888768 49.2470468919367)
301,2023,1692403200000,Theft of Auto,901-921 Roderick Avenue,COQUITLAM,49.2379484417181,-122.871161682223,3215,POINT (-122.871161682223 49.2379484417181)
302,2023,1692489600000,Break & Enter - Business,0-0 Boxwood Drive,COQUITLAM,49.2453678255203,-122.808867013494,3216,POINT (-122.808867013494 49.2453678255203)
303,2023,1692576000000,Theft from Auto,2900-2949 Panorama Drive,COQUITLAM,49.2976337061409,-122.80846071417,3217,POINT (-122.80846071417 49.2976337061409)
304,2023,1692576000000,Theft from Auto,1800-1829 Brunette Avenue,COQUITLAM,49.236867920141,-122.842817120707,3218,POINT (-122.842817120707 49.236867920141)
305,2023,1692576000000,Theft from Auto,300-318 Hickey Drive,COQUITLAM,49.243724079509,-122.816853228681,3219,POINT (-122.816853228681 49.243724079509)
306,2023,1692662400000,Theft from Auto,50-99 Schooner Street,COQUITLAM,49.227108640023,-122.83996935061,3220,POINT (-122.83996935061 49.227108640023)
307,2023,1692662400000,Break & Enter - Business,3090-3100 Windsor Gate,COQUITLAM,49.2798580239714,-122.78644636922,3221,POINT (-122.78644636922 49.2798580239714)
308,2023,1692662400000,Theft from Auto,322-342 Mundy Street,COQUITLAM,49.2409050832529,-122.834220685306,3222,POINT (-122.834220685306 49.2409050832529)
309,2023,1692662400000,Theft from Auto,980-3160 Westwood Street,COQUITLAM,49.2690002383301,-122.79065853631,3223,POINT (-122.79065853631 49.2690002383301)
310,2023,1692662400000,Theft from Auto,960-1095 Lougheed Highway,COQUITLAM,49.2353979396206,-122.8658125428,3224,POINT (-122.8658125428 49.2353979396206)
311,2023,1692748800000,Theft of Auto,432-446 Byng Street,COQUITLAM,49.2463455038937,-122.83150170604,3225,POINT (-122.83150170604 49.2463455038937)
312,2023,1692748800000,Theft from Auto,0-3000 Lougheed Highway,COQUITLAM,49.2752140098018,-122.794554250175,3226,POINT (-122.794554250175 49.2752140098018)
313,2023,1692748800000,Theft of Auto,2272-2299 Lorraine Avenue,COQUITLAM,49.2422764274036,-122.829283539831,3227,POINT (-122.829283539831 49.2422764274036)
314,2023,1692748800000,Theft from Auto,820-849 Wyvern Avenue,COQUITLAM,49.2689718125724,-122.874291823627,3228,POINT (-122.874291823627 49.2689718125724)
315,2023,1692748800000,Theft from Auto,447-460 Westview Street,COQUITLAM,49.2485655002882,-122.889655935264,3229,POINT (-122.889655935264 49.2485655002882)
316,2023,1692835200000,Theft from Auto,619-658 Dansey Avenue,COQUITLAM,49.2472312716799,-122.884107732921,3230,POINT (-122.884107732921 49.2472312716799)
317,2023,1692835200000,Theft from Auto,3141-3171 Sechelt Drive,COQUITLAM,49.2853046735285,-122.781880521719,3231,POINT (-122.781880521719 49.2853046735285)
318,2023,1693008000000,Theft from Auto,944-952 Harris Avenue,COQUITLAM,49.2388584602975,-122.868793675622,3232,POINT (-122.868793675622 49.2388584602975)
319,2023,1693008000000,Theft from Auto,525-568 Clarke Road,COQUITLAM,49.2610260627393,-122.890769351682,3233,POINT (-122.890769351682 49.2610260627393)
320,2023,1693008000000,Break & Enter - Residence,224-229 Marmont Street,COQUITLAM,49.2407000591351,-122.862273543584,3234,POINT (-122.862273543584 49.2407000591351)
321,2023,1693094400000,Theft from Auto,1201-1210 Pacific Street,COQUITLAM,49.2846681732234,-122.798132676813,3235,POINT (-122.798132676813 49.2846681732234)
322,2023,1693094400000,Theft from Auto,540-559 Foster Avenue,COQUITLAM,49.2567751288271,-122.888101881107,3236,POINT (-122.888101881107 49.2567751288271)
323,2023,1693180800000,Theft of Auto,2230-2271 Monashee Court,COQUITLAM,49.2382168964064,-122.82819665613,3237,POINT (-122.82819665613 49.2382168964064)
324,2023,1693180800000,Theft from Auto,736-750 Clearwater Way,COQUITLAM,49.2598779284471,-122.806732347571,3238,POINT (-122.806732347571 49.2598779284471)
325,2023,1693180800000,Theft from Auto,1-20 Burbidge Street,COQUITLAM,49.2241661554383,-122.823784898263,3239,POINT (-122.823784898263 49.2241661554383)
326,2023,1693180800000,Theft from Auto,2614-2641 Auburn Place,COQUITLAM,49.2924989491469,-122.806728016932,3240,POINT (-122.806728016932 49.2924989491469)
327,2023,1693180800000,Theft from Auto,2726-2770 Mara Drive,COQUITLAM,49.2589456517206,-122.812254098452,3241,POINT (-122.812254098452 49.2589456517206)
328,2023,1693180800000,Theft from Auto,1400-1449 Shay Street,COQUITLAM,49.2996437466662,-122.735671121967,3242,POINT (-122.735671121967 49.2996437466662)
329,2023,1693267200000,Break & Enter - Business,55-98 Fawcett Road,COQUITLAM,49.2276378969003,-122.834221814904,3243,POINT (-122.834221814904 49.2276378969003)
330,2023,1693267200000,Theft from Auto,901-970 Stewart Avenue,COQUITLAM,49.2435860004804,-122.870392792443,3244,POINT (-122.870392792443 49.2435860004804)
331,2023,1693353600000,Theft from Auto,1034-3340 Westwood Street,COQUITLAM,49.2721612253561,-122.790571880606,3245,POINT (-122.790571880606 49.2721612253561)
332,2023,1693353600000,Theft from Auto,1900-1940 Winslow Avenue,COQUITLAM,49.2537797735591,-122.840385653773,3246,POINT (-122.840385653773 49.2537797735591)
333,2023,1693353600000,Break & Enter - Business,1090-1099 Lansdowne Drive,COQUITLAM,49.276851433884,-122.808383190491,3247,POINT (-122.808383190491 49.276851433884)
334,2023,1693353600000,Break & Enter - Residence,954-999 Cherrybrook Place,COQUITLAM,49.267406780168,-122.79202573477,3248,POINT (-122.79202573477 49.267406780168)
335,2023,1693353600000,Theft from Auto,150-199 Myrnam Street,COQUITLAM,49.2390952369062,-122.849218669675,3249,POINT (-122.849218669675 49.2390952369062)
1,2023,1693526400000,Theft from Auto,600-606 Clearwater Way,COQUITLAM,49.2578657971306,-122.809539543792,3250,POINT (-122.809539543792 49.2578657971306)
2,2023,1693612800000,Break & Enter - Residence,1312-1329 Thomas Avenue,COQUITLAM,49.2428320100493,-122.855330441675,3251,POINT (-122.855330441675 49.2428320100493)
3,2023,1693612800000,Theft from Auto,580-590 Whiting Way,COQUITLAM,49.2534181706604,-122.891928567431,3252,POINT (-122.891928567431 49.2534181706604)
4,2023,1693699200000,Break & Enter - Business,2700-2745 Barnet Highway,COQUITLAM,49.2778616259942,-122.810408025974,3253,POINT (-122.810408025974 49.2778616259942)
5,2023,1693699200000,Theft from Auto,403-3965 North Road,COQUITLAM,49.2474360702703,-122.892717658606,3254,POINT (-122.892717658606 49.2474360702703)
6,2023,1693699200000,Theft from Auto,657-659 Whiting Way,COQUITLAM,49.257121820639,-122.891880654671,3255,POINT (-122.891880654671 49.257121820639)
7,2023,1693699200000,Break & Enter - Business,500-551 Emerson Street,COQUITLAM,49.2609728924934,-122.888201126756,3256,POINT (-122.888201126756 49.2609728924934)
8,2023,1693699200000,Theft from Auto,630-650 Roderick Avenue,COQUITLAM,49.2368047623879,-122.88110235208,3257,POINT (-122.88110235208 49.2368047623879)
9,2023,1693699200000,Break & Enter - Business,0-0 Holly Drive,COQUITLAM,49.2509396073494,-122.802845080412,3258,POINT (-122.802845080412 49.2509396073494)
10,2023,1693699200000,Theft from Auto,51-78 Glacier Street,COQUITLAM,49.2294417581273,-122.817443437467,3259,POINT (-122.817443437467 49.2294417581273)
11,2023,1693785600000,Break & Enter - Business,901-930 Tupper Avenue,COQUITLAM,49.2347841243211,-122.870904376152,3260,POINT (-122.870904376152 49.2347841243211)
12,2023,1693785600000,Break & Enter - Residence,1296-1355 Steeple Drive,COQUITLAM,49.2893717166741,-122.817717564992,3261,POINT (-122.817717564992 49.2893717166741)
13,2023,1693785600000,Break & Enter - Business,550-578 Emerson Street,COQUITLAM,49.2617620551709,-122.887075990407,3262,POINT (-122.887075990407 49.2617620551709)
14,2023,1693785600000,Theft from Auto,710-731 Anskar Court,COQUITLAM,49.2663212421992,-122.882265517038,3263,POINT (-122.882265517038 49.2663212421992)
15,2023,1693785600000,Break & Enter - Residence,1220-1230 Rocklin Street,COQUITLAM,49.2862654204459,-122.738088015315,3264,POINT (-122.738088015315 49.2862654204459)
16,2023,1693872000000,Theft from Auto,532-585 Delestre Avenue,COQUITLAM,49.2419126943948,-122.889036810522,3265,POINT (-122.889036810522 49.2419126943948)
17,2023,1693958400000,Theft of Auto,245-263 Pare Court,COQUITLAM,49.2382233765433,-122.843692434287,3266,POINT (-122.843692434287 49.2382233765433)
18,2023,1693958400000,Theft of Auto,2600-2630 Crawley Avenue,COQUITLAM,49.247170539615,-122.817273971721,3267,POINT (-122.817273971721 49.247170539615)
19,2023,1693958400000,Theft from Auto,800-813 Miller Avenue,COQUITLAM,49.2682030036173,-122.876306397933,3268,POINT (-122.876306397933 49.2682030036173)
20,2023,1693958400000,Theft from Auto,656-701 Gatensbury Street,COQUITLAM,49.257966618304,-122.856604808931,3269,POINT (-122.856604808931 49.257966618304)
21,2023,1693958400000,Theft from Auto,3042-3099 Lincoln Avenue,COQUITLAM,49.2789305167742,-122.789527554852,3270,POINT (-122.789527554852 49.2789305167742)
22,2023,1693958400000,Break & Enter - Business,0-0 Holly Drive,COQUITLAM,49.2509396073494,-122.802845080412,3271,POINT (-122.802845080412 49.2509396073494)
23,2023,1693958400000,Break & Enter - Business,940-970 Charland Avenue,COQUITLAM,49.2480767836579,-122.869087914339,3272,POINT (-122.869087914339 49.2480767836579)
24,2023,1693958400000,Theft of Auto,745-796 Westwood Street,COQUITLAM,49.2626742210184,-122.794961737123,3273,POINT (-122.794961737123 49.2626742210184)
25,2023,1693958400000,Theft from Auto,50-99 Schooner Street,COQUITLAM,49.227108640023,-122.83996935061,3274,POINT (-122.83996935061 49.227108640023)
26,2023,1693958400000,Break & Enter - Residence,544-616 Austin Avenue,COQUITLAM,49.2490777109696,-122.887539692747,3275,POINT (-122.887539692747 49.2490777109696)
27,2023,1694044800000,Break & Enter - Business,544-616 Austin Avenue,COQUITLAM,49.2490777109696,-122.887539692747,3276,POINT (-122.887539692747 49.2490777109696)
28,2023,1694131200000,Break & Enter - Business,544-616 Austin Avenue,COQUITLAM,49.2490777109696,-122.887539692747,3277,POINT (-122.887539692747 49.2490777109696)
29,2023,1694131200000,Break & Enter - Business,525-568 Clarke Road,COQUITLAM,49.2610260627393,-122.890769351682,3278,POINT (-122.890769351682 49.2610260627393)
30,2023,1694131200000,Theft from Auto,2920-2923 Atlantic Avenue,COQUITLAM,49.2817750430673,-122.799872770245,3279,POINT (-122.799872770245 49.2817750430673)
31,2023,1694131200000,Theft from Auto,519-540 Marmont Street,COQUITLAM,49.2509866086217,-122.862205195204,3280,POINT (-122.862205195204 49.2509866086217)
32,2023,1694217600000,Theft from Auto,730-745 Hailey Street,COQUITLAM,49.2621536604275,-122.870212388201,3281,POINT (-122.870212388201 49.2621536604275)
33,2023,1694217600000,Break & Enter - Business,451-499 Marmont Street,COQUITLAM,49.2493449626457,-122.862199555889,3282,POINT (-122.862199555889 49.2493449626457)
34,2023,1694217600000,Theft from Auto,695-723 Lomond Street,COQUITLAM,49.2599258888884,-122.842142304415,3283,POINT (-122.842142304415 49.2599258888884)
35,2023,1694217600000,Theft from Auto,1037-1062 Rochester Avenue,COQUITLAM,49.2453314867198,-122.863590103728,3284,POINT (-122.863590103728 49.2453314867198)
36,2023,1694217600000,Theft of Auto,350-362 Therrien Street,COQUITLAM,49.2443701780567,-122.860998844051,3285,POINT (-122.860998844051 49.2443701780567)
37,2023,1694217600000,Theft from Auto,2053-2099 Winslow Avenue,COQUITLAM,49.253774056976,-122.836097903588,3286,POINT (-122.836097903588 49.253774056976)
38,2023,1694217600000,Theft from Auto,663-689 Adler Avenue,COQUITLAM,49.2581257914575,-122.884154141898,3287,POINT (-122.884154141898 49.2581257914575)
39,2023,1694304000000,Break & Enter - Residence,1035-1061 Alderson Avenue,COQUITLAM,49.2397400347265,-122.863684320318,3288,POINT (-122.863684320318 49.2397400347265)
40,2023,1694304000000,Theft from Auto,2920-2923 Atlantic Avenue,COQUITLAM,49.2817750430673,-122.799872770245,3289,POINT (-122.799872770245 49.2817750430673)
41,2023,1694304000000,Break & Enter - Business,952-1026 Ridgeway Avenue,COQUITLAM,49.2497021004355,-122.867370856678,3290,POINT (-122.867370856678 49.2497021004355)
42,2023,1694304000000,Break & Enter - Residence,1002-1021 Thomas Avenue,COQUITLAM,49.2426419138106,-122.865906460178,3291,POINT (-122.865906460178 49.2426419138106)
43,2023,1694304000000,Theft from Auto,1028-1056 Buoy Drive,COQUITLAM,49.2737632752043,-122.818645627007,3292,POINT (-122.818645627007 49.2737632752043)
44,2023,1694304000000,Theft from Auto,1450-1458 Hockaday Street,COQUITLAM,49.3024247667047,-122.772514177638,3293,POINT (-122.772514177638 49.3024247667047)
45,2023,1694476800000,Break & Enter - Business,451-499 Marmont Street,COQUITLAM,49.2493449626457,-122.862199555889,3294,POINT (-122.862199555889 49.2493449626457)
46,2023,1694563200000,Theft from Auto,681-2761 North Road,COQUITLAM,49.2595463241857,-122.893057480193,3295,POINT (-122.893057480193 49.2595463241857)
47,2023,1694563200000,Theft of Auto,2534-2565 Barnet Highway,COQUITLAM,49.2778355712941,-122.821690935176,3296,POINT (-122.821690935176 49.2778355712941)
48,2023,1694563200000,Theft from Auto,2011-2081 Colton Avenue,COQUITLAM,49.2400040750638,-122.838859806999,3297,POINT (-122.838859806999 49.2400040750638)
49,2023,1694563200000,Theft from Auto,0-3000 Lougheed Highway,COQUITLAM,49.2752140098018,-122.794554250175,3298,POINT (-122.794554250175 49.2752140098018)
50,2023,1694822400000,Theft of Auto,50-99 Schooner Street,COQUITLAM,49.227108640023,-122.83996935061,3299,POINT (-122.83996935061 49.227108640023)
51,2023,1694822400000,Theft from Auto,98-123 Laval Street,COQUITLAM,49.2393200904389,-122.857350615125,3300,POINT (-122.857350615125 49.2393200904389)
52,2023,1694822400000,Break & Enter - Business,1200-1235 Lansdowne Drive,COQUITLAM,49.2851251261276,-122.810598804918,3301,POINT (-122.810598804918 49.2851251261276)
53,2023,1694822400000,Theft from Auto,2890-2898 Delahaye Drive,COQUITLAM,49.2931481528463,-122.80144445575,3302,POINT (-122.80144445575 49.2931481528463)
54,2023,1694908800000,Theft from Auto,2500-2666 Cape Horn Avenue,COQUITLAM,49.2387871102241,-122.819450186289,3303,POINT (-122.819450186289 49.2387871102241)
55,2023,1694908800000,Break & Enter - Business,3001-3061 Gordon Avenue,COQUITLAM,49.2710993311356,-122.792778359785,3304,POINT (-122.792778359785 49.2710993311356)
56,2023,1694908800000,Theft from Auto,326-337 Nelson Street,COQUITLAM,49.244027791447,-122.865133257452,3305,POINT (-122.865133257452 49.244027791447)
57,2023,1694908800000,Theft of Auto,109-200 Blue Mountain Street,COQUITLAM,49.2360301469349,-122.873133618592,3306,POINT (-122.873133618592 49.2360301469349)
58,2023,1694995200000,Theft from Auto,541-611 Smith Avenue,COQUITLAM,49.2602760358935,-122.88727843325,3307,POINT (-122.88727843325 49.2602760358935)
59,2023,1694995200000,Theft of Auto,3058-3065 Plateau Boulevard,COQUITLAM,49.3048233388605,-122.792430090485,3308,POINT (-122.792430090485 49.3048233388605)
60,2023,1694995200000,Break & Enter - Business,2802-2857 Glen Drive,COQUITLAM,49.282756734849,-122.806984347392,3309,POINT (-122.806984347392 49.282756734849)
61,2023,1694995200000,Theft from Auto,1280-1297 Johnson Court,COQUITLAM,49.2905208856672,-122.800604975609,3310,POINT (-122.800604975609 49.2905208856672)
62,2023,1695081600000,Theft of Auto,1245-1264 Durant Drive,COQUITLAM,49.2880427047881,-122.808762043725,3311,POINT (-122.808762043725 49.2880427047881)
63,2023,1695168000000,Theft from Auto,3310-3333 Caliente Place,COQUITLAM,49.2948512558335,-122.778442101335,3312,POINT (-122.778442101335 49.2948512558335)
64,2023,1695254400000,Theft from Auto,1230-1249 Ravensdale Street,COQUITLAM,49.2879245444137,-122.758445392043,3313,POINT (-122.758445392043 49.2879245444137)
65,2023,1695254400000,Theft from Auto,3520-3549 Baycrest Avenue,COQUITLAM,49.2884504259848,-122.738491058002,3314,POINT (-122.738491058002 49.2884504259848)
66,2023,1695254400000,Theft from Auto,340-359 Blue Mountain Street,COQUITLAM,49.2431381941568,-122.872931188055,3315,POINT (-122.872931188055 49.2431381941568)
67,2023,1695254400000,Theft from Auto,812-900 Tupper Avenue,COQUITLAM,49.2349335295244,-122.874324652892,3316,POINT (-122.874324652892 49.2349335295244)
68,2023,1695513600000,Break & Enter - Residence,1154-1170 The High Street,COQUITLAM,49.282294132371,-122.796094167697,3317,POINT (-122.796094167697 49.282294132371)
69,2023,1695513600000,Theft from Auto,541-611 Smith Avenue,COQUITLAM,49.2602760358935,-122.88727843325,3318,POINT (-122.88727843325 49.2602760358935)
70,2023,1695600000000,Theft from Auto,3340-3349 Palisade Place,COQUITLAM,49.2934356191036,-122.759325006763,3319,POINT (-122.759325006763 49.2934356191036)
71,2023,1695600000000,Theft from Auto,580-590 Whiting Way,COQUITLAM,49.2534181706604,-122.891928567431,3320,POINT (-122.891928567431 49.2534181706604)
72,2023,1695600000000,Theft from Auto,542-545 Whiting Way,COQUITLAM,49.2510133460408,-122.89196828981,3321,POINT (-122.89196828981 49.2510133460408)
73,2023,1695686400000,Break & Enter - Business,403-3965 North Road,COQUITLAM,49.2474360702703,-122.892717658606,3322,POINT (-122.892717658606 49.2474360702703)
74,2023,1695772800000,Break & Enter - Business,451-499 Marmont Street,COQUITLAM,49.2493449626457,-122.862199555889,3323,POINT (-122.862199555889 49.2493449626457)
75,2023,1695772800000,Theft from Auto,1750-1900 Brigantine Drive,COQUITLAM,49.2247156933157,-122.843090678074,3324,POINT (-122.843090678074 49.2247156933157)
76,2023,1695859200000,Theft from Auto,735-742 Sprice Avenue,COQUITLAM,49.2568184708157,-122.878541868105,3325,POINT (-122.878541868105 49.2568184708157)
77,2023,1695859200000,Theft from Auto,1150-1175 Johnson Street,COQUITLAM,49.2814244393726,-122.801715590457,3326,POINT (-122.801715590457 49.2814244393726)
78,2023,1695859200000,Theft from Auto,165-193 Montgomery Street,COQUITLAM,49.2352885096644,-122.83961978242,3327,POINT (-122.83961978242 49.2352885096644)
79,2023,1695859200000,Theft from Auto,749-757 Dogwood Street,COQUITLAM,49.2631346354564,-122.883539955791,3328,POINT (-122.883539955791 49.2631346354564)
80,2023,1695859200000,Theft of Auto,801-829 Roderick Avenue,COQUITLAM,49.2378364415829,-122.875364328986,3329,POINT (-122.875364328986 49.2378364415829)
81,2023,1695859200000,Theft from Auto,417-450 Westview Street,COQUITLAM,49.2475786365074,-122.88967052096,3330,POINT (-122.88967052096 49.2475786365074)
82,2023,1695945600000,Theft from Auto,1205-1249 Pinetree Way,COQUITLAM,49.2858313534337,-122.791926705921,3331,POINT (-122.791926705921 49.2858313534337)
83,2023,1695945600000,Theft from Auto,800-921 Cottonwood Avenue,COQUITLAM,49.2581289329332,-122.873795120639,3332,POINT (-122.873795120639 49.2581289329332)
84,2023,1695945600000,Theft from Auto,1185-1208 Durant Drive,COQUITLAM,49.2874898985432,-122.804482876706,3333,POINT (-122.804482876706 49.2874898985432)
85,2023,1696118400000,Theft from Auto,519-540 Nelson Street,COQUITLAM,49.2510093604602,-122.865615661547,3334,POINT (-122.865615661547 49.2510093604602)
86,2023,1696204800000,Theft from Auto,2583-2596 Harrier Drive,COQUITLAM,49.281878320198,-122.816757283209,3335,POINT (-122.816757283209 49.281878320198)
87,2023,1696204800000,Break & Enter - Business,657-659 Whiting Way,COQUITLAM,49.257121820639,-122.891880654671,3336,POINT (-122.891880654671 49.257121820639)
88,2023,1696204800000,Break & Enter - Business,3000-3064 Lougheed Highway,COQUITLAM,49.2741511323771,-122.792068491594,3337,POINT (-122.792068491594 49.2741511323771)
89,2023,1696204800000,Theft from Auto,1210-1265 Falcon Drive,COQUITLAM,49.285721263857,-122.818407632108,3338,POINT (-122.818407632108 49.285721263857)
90,2023,1696291200000,Break & Enter - Business,21-40 Burbidge Street,COQUITLAM,49.2255678620776,-122.82379591455,3339,POINT (-122.82379591455 49.2255678620776)
91,2023,1696291200000,Break & Enter - Business,514-539 Foster Avenue,COQUITLAM,49.256797545894,-122.890784901772,3340,POINT (-122.890784901772 49.256797545894)
92,2023,1696377600000,Theft from Auto,960-999 Brunette Avenue,COQUITLAM,49.2375984181135,-122.867912055591,3341,POINT (-122.867912055591 49.2375984181135)
93,2023,1696377600000,Theft of Auto,508-520 Blue Mountain Street,COQUITLAM,49.250150161261,-122.869094498777,3342,POINT (-122.869094498777 49.250150161261)
94,2023,1696464000000,Break & Enter - Business,0-0 Holly Drive,COQUITLAM,49.2509396073494,-122.802845080412,3343,POINT (-122.802845080412 49.2509396073494)
95,2023,1696464000000,Theft from Auto,1134-1152 Windsor Mews,COQUITLAM,49.2800979513133,-122.786300958911,3344,POINT (-122.786300958911 49.2800979513133)
96,2023,1696464000000,Theft from Auto,1221-1401 Lucille Starr Drive,COQUITLAM,49.2362678831071,-122.855191233854,3345,POINT (-122.855191233854 49.2362678831071)
97,2023,1696464000000,Break & Enter - Business,101-195 Schoolhouse Street,COQUITLAM,49.2347916075454,-122.852547094728,3346,POINT (-122.852547094728 49.2347916075454)
98,2023,1696464000000,Theft from Auto,1000-1036 Hoy Street,COQUITLAM,49.2703699541073,-122.796887569222,3347,POINT (-122.796887569222 49.2703699541073)
99,2023,1696464000000,Theft from Auto,1100-1200 Glen Pine Court,COQUITLAM,49.2828985229571,-122.794452876561,3348,POINT (-122.794452876561 49.2828985229571)
100,2023,1696464000000,Theft from Auto,2583-2596 Harrier Drive,COQUITLAM,49.281878320198,-122.816757283209,3349,POINT (-122.816757283209 49.281878320198)
101,2023,1696550400000,Break & Enter - Business,1006-3288 Westwood Street,COQUITLAM,49.2708716765072,-122.790602330101,3350,POINT (-122.790602330101 49.2708716765072)
102,2023,1696550400000,Break & Enter - Residence,810-846 Rondeau Street,COQUITLAM,49.2650369723639,-122.851411391343,3351,POINT (-122.851411391343 49.2650369723639)
103,2023,1696550400000,Theft from Auto,1180-1198 Lansdowne Drive,COQUITLAM,49.2835653629654,-122.809193876642,3352,POINT (-122.809193876642 49.2835653629654)
104,2023,1696636800000,Break & Enter - Business,2300-2381 Rogers Avenue,COQUITLAM,49.2246242159526,-122.826879088988,3353,POINT (-122.826879088988 49.2246242159526)
105,2023,1696636800000,Theft from Auto,3281-3292 Wellington Court,COQUITLAM,49.2883947764252,-122.761304346591,3354,POINT (-122.761304346591 49.2883947764252)
106,2023,1696723200000,Break & Enter - Residence,677-680 Clearwater Way,COQUITLAM,49.2552118390523,-122.806852566358,3355,POINT (-122.806852566358 49.2552118390523)
107,2023,1696723200000,Break & Enter - Residence,380-398 Dartmoor Drive,COQUITLAM,49.2427188446615,-122.819169191913,3356,POINT (-122.819169191913 49.2427188446615)
108,2023,1696896000000,Theft from Auto,701-715 Alderson Avenue,COQUITLAM,49.2397621369171,-122.880695261731,3357,POINT (-122.880695261731 49.2397621369171)
109,2023,1696896000000,Break & Enter - Residence,3060-3087 Wren Place,COQUITLAM,49.3055540741951,-122.781238580107,3358,POINT (-122.781238580107 49.3055540741951)
110,2023,1696896000000,Break & Enter - Business,1400-1421 Johnson Street,COQUITLAM,49.2972989086082,-122.801643503954,3359,POINT (-122.801643503954 49.2972989086082)
111,2023,1696982400000,Break & Enter - Business,3070-3089 Guildford Way,COQUITLAM,49.2847354103604,-122.78933475783,3360,POINT (-122.78933475783 49.2847354103604)
112,2023,1696982400000,Theft from Auto,511-521 Smith Avenue,COQUITLAM,49.2603574378355,-122.892030327704,3361,POINT (-122.892030327704 49.2603574378355)
113,2023,1696982400000,Break & Enter - Business,544-616 Austin Avenue,COQUITLAM,49.2490777109696,-122.887539692747,3362,POINT (-122.887539692747 49.2490777109696)
114,2023,1697068800000,Theft from Auto,1562-1580 Salal Crescent,COQUITLAM,49.3031691354744,-122.809951611267,3363,POINT (-122.809951611267 49.3031691354744)
115,2023,1697068800000,Theft from Auto,530-568 Rochester Avenue,COQUITLAM,49.2454770990075,-122.888527570366,3364,POINT (-122.888527570366 49.2454770990075)
116,2023,1697068800000,Theft from Auto,1580-1598 Alpine Lane,COQUITLAM,49.3039970788254,-122.785400155655,3365,POINT (-122.785400155655 49.3039970788254)
117,2023,1697155200000,Theft from Auto,1001-1030 Quadling Avenue,COQUITLAM,49.2408381239878,-122.866298074333,3366,POINT (-122.866298074333 49.2408381239878)
118,2023,1697155200000,Theft from Auto,17-48 Fawcett Road,COQUITLAM,49.224499597798,-122.834167617274,3367,POINT (-122.834167617274 49.224499597798)
119,2023,1697155200000,Theft from Auto,702-721 Alta Lake Place,COQUITLAM,49.2599057191862,-122.810225272346,3368,POINT (-122.810225272346 49.2599057191862)
120,2023,1697155200000,Theft from Auto,508-522 Roxham Street,COQUITLAM,49.2499663543571,-122.872097027707,3369,POINT (-122.872097027707 49.2499663543571)
121,2023,1697155200000,Theft from Auto,541-560 Chapman Avenue,COQUITLAM,49.2697234342159,-122.89163498238,3370,POINT (-122.89163498238 49.2697234342159)
122,2023,1697241600000,Theft from Auto,321-4563 North Road,COQUITLAM,49.24471377855,-122.892612680218,3371,POINT (-122.892612680218 49.24471377855)
123,2023,1697241600000,Break & Enter - Business,1180-1198 Lansdowne Drive,COQUITLAM,49.2835653629654,-122.809193876642,3372,POINT (-122.809193876642 49.2835653629654)
124,2023,1697241600000,Theft from Auto,2177-2245 Park Crescent,COQUITLAM,49.2707345087228,-122.83233639358,3373,POINT (-122.83233639358 49.2707345087228)
125,2023,1697241600000,Break & Enter - Business,451-499 Marmont Street,COQUITLAM,49.2493449626457,-122.862199555889,3374,POINT (-122.862199555889 49.2493449626457)
126,2023,1697328000000,Theft from Auto,652-668 Poirier Street,COQUITLAM,49.2575624506102,-122.846444820092,3375,POINT (-122.846444820092 49.2575624506102)
127,2023,1697328000000,Theft from Auto,3060-3089 Sandpiper Court,COQUITLAM,49.3050485036651,-122.781186328707,3376,POINT (-122.781186328707 49.3050485036651)
128,2023,1697414400000,Theft from Auto,1000-1029 Delestre Avenue,COQUITLAM,49.2417370461553,-122.866390041007,3377,POINT (-122.866390041007 49.2417370461553)
129,2023,1697414400000,Break & Enter - Residence,723-742 Brada Drive,COQUITLAM,49.2660041322193,-122.881259780322,3378,POINT (-122.881259780322 49.2660041322193)
130,2023,1697414400000,Break & Enter - Business,500-536 Austin Avenue,COQUITLAM,49.2491065062694,-122.890789590076,3379,POINT (-122.890789590076 49.2491065062694)
131,2023,1697414400000,Break & Enter - Business,109-200 Blue Mountain Street,COQUITLAM,49.2360301469349,-122.873133618592,3380,POINT (-122.873133618592 49.2360301469349)
132,2023,1697414400000,Break & Enter - Business,210-287 Schoolhouse Street,COQUITLAM,49.2378792699565,-122.852507436297,3381,POINT (-122.852507436297 49.2378792699565)
133,2023,1697414400000,Theft from Auto,427-449 Selman Street,COQUITLAM,49.2478538017468,-122.878519697045,3382,POINT (-122.878519697045 49.2478538017468)
134,2023,1697414400000,Theft from Auto,100-120 Schoolhouse Street,COQUITLAM,49.2329204584163,-122.852609094494,3383,POINT (-122.852609094494 49.2329204584163)
135,2023,1697500800000,Theft from Auto,560-591 Carmen Court,COQUITLAM,49.2515207078031,-122.834059699146,3384,POINT (-122.834059699146 49.2515207078031)
136,2023,1697500800000,Theft of Auto,960-1016 Howie Avenue,COQUITLAM,49.2506099402738,-122.867384404219,3385,POINT (-122.867384404219 49.2506099402738)
137,2023,1697500800000,Theft from Auto,522-609 Cottonwood Avenue,COQUITLAM,49.2588327956282,-122.888584315666,3386,POINT (-122.888584315666 49.2588327956282)
138,2023,1697500800000,Break & Enter - Business,542-545 Whiting Way,COQUITLAM,49.2510133460408,-122.89196828981,3387,POINT (-122.89196828981 49.2510133460408)
139,2023,1697500800000,Theft from Auto,544-545 Sydney Avenue,COQUITLAM,49.2481931859586,-122.889004237344,3388,POINT (-122.889004237344 49.2481931859586)
140,2023,1697500800000,Theft of Auto,578-640 Ivy Avenue,COQUITLAM,49.2546927865081,-122.884433442611,3389,POINT (-122.884433442611 49.2546927865081)
141,2023,1697500800000,Theft from Auto,303-312 Sorrento Place,COQUITLAM,49.2399201769785,-122.82709495564,3390,POINT (-122.82709495564 49.2399201769785)
142,2023,1697587200000,Theft from Auto,2943-2970 Spuraway Avenue,COQUITLAM,49.2615525654434,-122.807419378531,3391,POINT (-122.807419378531 49.2615525654434)
143,2023,1697587200000,Theft from Auto,906-919 Sprice Avenue,COQUITLAM,49.2571950674707,-122.871101650954,3392,POINT (-122.871101650954 49.2571950674707)
144,2023,1697673600000,Theft from Auto,1014-1031 Palmdale Street,COQUITLAM,49.2716430563943,-122.80732728194,3393,POINT (-122.80732728194 49.2716430563943)
145,2023,1697673600000,Break & Enter - Business,542-545 Whiting Way,COQUITLAM,49.2510133460408,-122.89196828981,3394,POINT (-122.89196828981 49.2510133460408)
146,2023,1697673600000,Break & Enter - Business,508-520 Blue Mountain Street,COQUITLAM,49.250150161261,-122.869094498777,3395,POINT (-122.869094498777 49.250150161261)
147,2023,1697673600000,Break & Enter - Residence,3530-3559 Archworth Avenue,COQUITLAM,49.2999605568976,-122.737044915055,3396,POINT (-122.737044915055 49.2999605568976)
148,2023,1697673600000,Break & Enter - Residence,70-200 Colony Farm Road,COQUITLAM,49.2341380247583,-122.810184571189,3397,POINT (-122.810184571189 49.2341380247583)
149,2023,1697673600000,Theft from Auto,1105-1145 Inlet Street,COQUITLAM,49.2815560720048,-122.784230498795,3398,POINT (-122.784230498795 49.2815560720048)
150,2023,1697673600000,Theft from Auto,3530-3559 Archworth Avenue,COQUITLAM,49.2999605568976,-122.737044915055,3399,POINT (-122.737044915055 49.2999605568976)
151,2023,1697760000000,Theft from Auto,450-455 Bromley Street,COQUITLAM,49.2482864611525,-122.818836085102,3400,POINT (-122.818836085102 49.2482864611525)
152,2023,1697760000000,Theft from Auto,546-578 Laurentian Crescent,COQUITLAM,49.2513105008686,-122.843843463115,3401,POINT (-122.843843463115 49.2513105008686)
153,2023,1697760000000,Break & Enter - Business,2920-2923 Atlantic Avenue,COQUITLAM,49.2817750430673,-122.799872770245,3402,POINT (-122.799872770245 49.2817750430673)
154,2023,1697760000000,Theft from Auto,403-3965 North Road,COQUITLAM,49.2474360702703,-122.892717658606,3403,POINT (-122.892717658606 49.2474360702703)
155,2023,1697846400000,Theft from Auto,2920-2923 Atlantic Avenue,COQUITLAM,49.2817750430673,-122.799872770245,3404,POINT (-122.799872770245 49.2817750430673)
156,2023,1697932800000,Break & Enter - Business,2750-2881 Barnet Highway,COQUITLAM,49.2776863015988,-122.805257914762,3405,POINT (-122.805257914762 49.2776863015988)
157,2023,1697932800000,Break & Enter - Business,657-659 Whiting Way,COQUITLAM,49.257121820639,-122.891880654671,3406,POINT (-122.891880654671 49.257121820639)
158,2023,1697932800000,Break & Enter - Business,1411-1419 Pipeline Road,COQUITLAM,49.3005972125006,-122.776980708158,3407,POINT (-122.776980708158 49.3005972125006)
159,2023,1698019200000,Theft from Auto,1000-1025 Austin Avenue,COQUITLAM,49.249001855801,-122.866666608771,3408,POINT (-122.866666608771 49.249001855801)
160,2023,1698019200000,Theft from Auto,621-651 Hillcrest Street,COQUITLAM,49.2548507857306,-122.835433899268,3409,POINT (-122.835433899268 49.2548507857306)
161,2023,1698019200000,Break & Enter - Business,1000-1025 Austin Avenue,COQUITLAM,49.249001855801,-122.866666608771,3410,POINT (-122.866666608771 49.249001855801)
162,2023,1698019200000,Theft from Auto,451-509 Gatensbury Street,COQUITLAM,49.2492729865914,-122.858004265169,3411,POINT (-122.858004265169 49.2492729865914)
163,2023,1698105600000,Theft from Auto,1450-1950 Hartley Avenue,COQUITLAM,49.2266146604598,-122.844652097066,3412,POINT (-122.844652097066 49.2266146604598)
164,2023,1698105600000,Theft from Auto,1500-1545 Shore View Place,COQUITLAM,49.3051632285474,-122.751061255628,3413,POINT (-122.751061255628 49.3051632285474)
165,2023,1698192000000,Theft from Auto,1201-1210 Pacific Street,COQUITLAM,49.2846681732234,-122.798132676813,3414,POINT (-122.798132676813 49.2846681732234)
166,2023,1698192000000,Theft from Auto,290-299 Schoolhouse Street,COQUITLAM,49.2401372636852,-122.852480916462,3415,POINT (-122.852480916462 49.2401372636852)
167,2023,1698192000000,Theft from Auto,510-520 Young Drive,COQUITLAM,49.2431337487999,-122.890343553159,3416,POINT (-122.890343553159 49.2431337487999)
168,2023,1698278400000,Theft from Auto,1562-1580 Salal Crescent,COQUITLAM,49.3031691354744,-122.809951611267,3417,POINT (-122.809951611267 49.3031691354744)
169,2023,1698278400000,Break & Enter - Business,1000-1025 Austin Avenue,COQUITLAM,49.249001855801,-122.866666608771,3418,POINT (-122.866666608771 49.249001855801)
170,2023,1698278400000,Theft from Auto,3220-3231 Norwood Court,COQUITLAM,49.3176671085657,-122.791664886517,3419,POINT (-122.791664886517 49.3176671085657)
171,2023,1698278400000,Break & Enter - Business,2400-2598 Como Lake Avenue,COQUITLAM,49.2631657762512,-122.820797408212,3420,POINT (-122.820797408212 49.2631657762512)
172,2023,1698278400000,Break & Enter - Business,601-3055 North Road,COQUITLAM,49.2542999799806,-122.892887866654,3421,POINT (-122.892887866654 49.2542999799806)
173,2023,1698364800000,Theft from Auto,717-729 Schoolhouse Street,COQUITLAM,49.26122083436,-122.852098305147,3422,POINT (-122.852098305147 49.26122083436)
174,2023,1698364800000,Theft from Auto,969-999 Pelton Avenue,COQUITLAM,49.2547732940756,-122.866617407233,3423,POINT (-122.866617407233 49.2547732940756)
175,2023,1698364800000,Theft from Auto,402-409 Guilby Street,COQUITLAM,49.2458896828407,-122.885372915804,3424,POINT (-122.885372915804 49.2458896828407)
176,2023,1698364800000,Theft from Auto,2872-2882 Japonica Place,COQUITLAM,49.3021639876228,-122.8078215338,3425,POINT (-122.8078215338 49.3021639876228)
177,2023,1698364800000,Theft from Auto,0-0 Highway Ramp,COQUITLAM,49.2345638062005,-122.875708649825,3426,POINT (-122.875708649825 49.2345638062005)
178,2023,1698364800000,Break & Enter - Business,1000-1025 Austin Avenue,COQUITLAM,49.249001855801,-122.866666608771,3427,POINT (-122.866666608771 49.249001855801)
179,2023,1698364800000,Break & Enter - Business,0-0 Holly Drive,COQUITLAM,49.2509396073494,-122.802845080412,3428,POINT (-122.802845080412 49.2509396073494)
180,2023,1698451200000,Theft from Auto,2900-2922 Kalamalka Drive,COQUITLAM,49.2600507281076,-122.803577208828,3429,POINT (-122.803577208828 49.2600507281076)
181,2023,1698537600000,Theft from Auto,2860-2885 Packard Avenue,COQUITLAM,49.2799835231606,-122.802914375371,3430,POINT (-122.802914375371 49.2799835231606)
182,2023,1698537600000,Theft from Auto,2206-2258 Kaptey Avenue,COQUITLAM,49.2343323992114,-122.832819121078,3431,POINT (-122.832819121078 49.2343323992114)
183,2023,1698537600000,Break & Enter - Business,2920-2923 Atlantic Avenue,COQUITLAM,49.2817750430673,-122.799872770245,3432,POINT (-122.799872770245 49.2817750430673)
184,2023,1698624000000,Theft from Auto,881-894 Baker Drive,COQUITLAM,49.268820943521,-122.824921908985,3433,POINT (-122.824921908985 49.268820943521)
185,2023,1698624000000,Theft from Auto,521-534 Midvale Street,COQUITLAM,49.2504121818273,-122.838316834187,3434,POINT (-122.838316834187 49.2504121818273)
186,2023,1698710400000,Break & Enter - Business,0-0 Holly Drive,COQUITLAM,49.2509396073494,-122.802845080412,3435,POINT (-122.802845080412 49.2509396073494)
187,2023,1698710400000,Theft of Auto,100-132 San Antonio Place,COQUITLAM,49.2343118208826,-122.828698927585,3436,POINT (-122.828698927585 49.2343118208826)
188,2023,1698710400000,Theft of Auto,619-658 Dansey Avenue,COQUITLAM,49.2472312716799,-122.884107732921,3437,POINT (-122.884107732921 49.2472312716799)
189,2023,1698796800000,Theft from Auto,1161-1189 Heath Crescent,COQUITLAM,49.2812158838998,-122.809920510084,3438,POINT (-122.809920510084 49.2812158838998)
190,2023,1698796800000,Theft from Auto,541-611 Smith Avenue,COQUITLAM,49.2602760358935,-122.88727843325,3439,POINT (-122.88727843325 49.2602760358935)
191,2023,1698883200000,Theft from Auto,1750-1900 Brigantine Drive,COQUITLAM,49.2247156933157,-122.843090678074,3440,POINT (-122.843090678074 49.2247156933157)
192,2023,1698883200000,Theft from Auto,3001-3048 Maplewood Court,COQUITLAM,49.3053971120734,-122.794008752869,3441,POINT (-122.794008752869 49.3053971120734)
193,2023,1698883200000,Theft from Auto,3108-3249 Robson Drive,COQUITLAM,49.299075015659,-122.779897935677,3442,POINT (-122.779897935677 49.299075015659)
194,2023,1698969600000,Break & Enter - Business,101-195 Schoolhouse Street,COQUITLAM,49.2347916075454,-122.852547094728,3443,POINT (-122.852547094728 49.2347916075454)
195,2023,1698969600000,Theft from Auto,3180-3194 Bowen Drive,COQUITLAM,49.285903640187,-122.778922288127,3444,POINT (-122.778922288127 49.285903640187)
196,2023,1698969600000,Theft from Auto,550-578 Emerson Street,COQUITLAM,49.2617620551709,-122.887075990407,3445,POINT (-122.887075990407 49.2617620551709)
197,2023,1698969600000,Theft from Auto,661-737 Clarke Road,COQUITLAM,49.267373160839,-122.882746490632,3446,POINT (-122.882746490632 49.267373160839)
198,2023,1698969600000,Theft from Auto,360-371 Blue Mountain Street,COQUITLAM,49.2438706679231,-122.872899963122,3447,POINT (-122.872899963122 49.2438706679231)
199,2023,1698969600000,Theft from Auto,3224-3238 Cortes Avenue,COQUITLAM,49.2925939746029,-122.77518776102,3448,POINT (-122.77518776102 49.2925939746029)
200,2023,1698969600000,Theft from Auto,2860-2885 Packard Avenue,COQUITLAM,49.2799835231606,-122.802914375371,3449,POINT (-122.802914375371 49.2799835231606)
201,2023,1699056000000,Theft from Auto,3050-3099 David Avenue,COQUITLAM,49.2928792434977,-122.783519986275,3450,POINT (-122.783519986275 49.2928792434977)
202,2023,1699056000000,Break & Enter - Residence,1280-1300 Durant Drive,COQUITLAM,49.2908165884081,-122.80769098889,3451,POINT (-122.80769098889 49.2908165884081)
203,2023,1699056000000,Theft from Auto,960-1095 Lougheed Highway,COQUITLAM,49.2353979396206,-122.8658125428,3452,POINT (-122.8658125428 49.2353979396206)
204,2023,1699056000000,Theft of Auto,3101-3115 Fisher Court,COQUITLAM,49.2959057094291,-122.783276599504,3453,POINT (-122.783276599504 49.2959057094291)
205,2023,1699142400000,Theft of Auto,81-152 Warrick Street,COQUITLAM,49.232019703853,-122.833483198648,3454,POINT (-122.833483198648 49.232019703853)
206,2023,1699142400000,Theft of Auto,542-545 Whiting Way,COQUITLAM,49.2510133460408,-122.89196828981,3455,POINT (-122.89196828981 49.2510133460408)
207,2023,1699142400000,Theft from Auto,2950-2959 Berkeley Place,COQUITLAM,49.2689643468456,-122.796587762074,3456,POINT (-122.796587762074 49.2689643468456)
208,2023,1699142400000,Theft from Auto,2543-2591 Latimer Avenue,COQUITLAM,49.247192388924,-122.821988674038,3457,POINT (-122.821988674038 49.247192388924)
209,2023,1699142400000,Theft from Auto,1100-1183 Pacific Street,COQUITLAM,49.2822751671188,-122.798851096351,3458,POINT (-122.798851096351 49.2822751671188)
210,2023,1699228800000,Break & Enter - Business,1145-1178 Heffley Crescent,COQUITLAM,49.2808725267698,-122.791485278086,3459,POINT (-122.791485278086 49.2808725267698)
211,2023,1699228800000,Theft from Auto,1100-1183 Pacific Street,COQUITLAM,49.2822751671188,-122.798851096351,3460,POINT (-122.798851096351 49.2822751671188)
212,2023,1699228800000,Theft from Auto,0-0 Highway Ramp,COQUITLAM,49.2381928688939,-122.821403448872,3461,POINT (-122.821403448872 49.2381928688939)
213,2023,1699228800000,Theft of Auto,1750-1900 Brigantine Drive,COQUITLAM,49.2247156933157,-122.843090678074,3462,POINT (-122.843090678074 49.2247156933157)
214,2023,1699228800000,Break & Enter - Business,1000-1025 Austin Avenue,COQUITLAM,49.249001855801,-122.866666608771,3463,POINT (-122.866666608771 49.249001855801)
215,2023,1699315200000,Break & Enter - Business,0-0 Holly Drive,COQUITLAM,49.2509396073494,-122.802845080412,3464,POINT (-122.802845080412 49.2509396073494)
216,2023,1699315200000,Theft from Auto,2141-2182 Berkshire Crescent,COQUITLAM,49.3167970205672,-122.796095265533,3465,POINT (-122.796095265533 49.3167970205672)
217,2023,1699401600000,Theft from Auto,2920-2923 Atlantic Avenue,COQUITLAM,49.2817750430673,-122.799872770245,3466,POINT (-122.799872770245 49.2817750430673)
218,2023,1699401600000,Theft from Auto,240-249 Casey Street,COQUITLAM,49.2401652942912,-122.854870608189,3467,POINT (-122.854870608189 49.2401652942912)
219,2023,1699401600000,Theft from Auto,2020-2031 Arbury Avenue,COQUITLAM,49.2591899753707,-122.837752404455,3468,POINT (-122.837752404455 49.2591899753707)
220,2023,1699401600000,Theft from Auto,647-730 Ivy Avenue,COQUITLAM,49.2546769540147,-122.881403758683,3469,POINT (-122.881403758683 49.2546769540147)
221,2023,1699401600000,Theft of Auto,532-585 Delestre Avenue,COQUITLAM,49.2419126943948,-122.889036810522,3470,POINT (-122.889036810522 49.2419126943948)
222,2023,1699488000000,Break & Enter - Residence,2228-2276 Sicamous Avenue,COQUITLAM,49.2398015243817,-122.829791853657,3471,POINT (-122.829791853657 49.2398015243817)
223,2023,1699660800000,Theft of Auto,532-585 Delestre Avenue,COQUITLAM,49.2419126943948,-122.889036810522,3472,POINT (-122.889036810522 49.2419126943948)
224,2023,1699660800000,Break & Enter - Business,0-0 Holly Drive,COQUITLAM,49.2509396073494,-122.802845080412,3473,POINT (-122.802845080412 49.2509396073494)
225,2023,1699660800000,Theft from Auto,1282-1299 Novak Drive,COQUITLAM,49.2922733217091,-122.768800635405,3474,POINT (-122.768800635405 49.2922733217091)
226,2023,1699747200000,Break & Enter - Residence,3490-3528 Sheffield Avenue,COQUITLAM,49.2979419502062,-122.742988073582,3475,POINT (-122.742988073582 49.2979419502062)
227,2023,1699747200000,Theft from Auto,2860-2885 Packard Avenue,COQUITLAM,49.2799835231606,-122.802914375371,3476,POINT (-122.802914375371 49.2799835231606)
228,2023,1699747200000,Theft of Auto,878-881 Irvine Street,COQUITLAM,49.2660725444985,-122.794864398638,3477,POINT (-122.794864398638 49.2660725444985)
229,2023,1699747200000,Break & Enter - Business,500-510 Young Drive,COQUITLAM,49.2431191558369,-122.891887772446,3478,POINT (-122.891887772446 49.2431191558369)
230,2023,1699833600000,Theft from Auto,150-199 Myrnam Street,COQUITLAM,49.2390952369062,-122.849218669675,3479,POINT (-122.849218669675 49.2390952369062)
231,2023,1699833600000,Theft from Auto,2500-2666 Cape Horn Avenue,COQUITLAM,49.2387871102241,-122.819450186289,3480,POINT (-122.819450186289 49.2387871102241)
232,2023,1699833600000,Break & Enter - Business,500-513 Foster Avenue,COQUITLAM,49.2568119567458,-122.892475851878,3481,POINT (-122.892475851878 49.2568119567458)
233,2023,1699833600000,Break & Enter - Business,2962-2972 Skyridge Court,COQUITLAM,49.3042474903852,-122.805867120494,3482,POINT (-122.805867120494 49.3042474903852)
234,2023,1699833600000,Theft of Auto,401-409 Dartmoor Drive,COQUITLAM,49.2432167932637,-122.81765833352,3483,POINT (-122.81765833352 49.2432167932637)
235,2023,1699833600000,Theft from Auto,3400-3430 Gislason Avenue,COQUITLAM,49.2893032659478,-122.751696931436,3484,POINT (-122.751696931436 49.2893032659478)
236,2023,1699833600000,Theft from Auto,719-735 Porter Street,COQUITLAM,49.2611688564144,-122.863256977015,3485,POINT (-122.863256977015 49.2611688564144)
237,2023,1699833600000,Break & Enter - Residence,1319-1431 Smith Avenue,COQUITLAM,49.2598000321293,-122.854158675534,3486,POINT (-122.854158675534 49.2598000321293)
238,2023,1699920000000,Theft of Auto,2988-3011 Dewdney Trunk Road,COQUITLAM,49.2680749104563,-122.794096486173,3487,POINT (-122.794096486173 49.2680749104563)
239,2023,1699920000000,Theft of Auto,1130-1210 Hachey Avenue,COQUITLAM,49.2420428206558,-122.859289125464,3488,POINT (-122.859289125464 49.2420428206558)
240,2023,1699920000000,Theft from Auto,2800-2880 Panorama Drive,COQUITLAM,49.2974759921937,-122.812895413988,3489,POINT (-122.812895413988 49.2974759921937)
241,2023,1700006400000,Break & Enter - Business,0-0 Holly Drive,COQUITLAM,49.2509396073494,-122.802845080412,3490,POINT (-122.802845080412 49.2509396073494)
242,2023,1700006400000,Break & Enter - Business,451-499 Marmont Street,COQUITLAM,49.2493449626457,-122.862199555889,3491,POINT (-122.862199555889 49.2493449626457)
243,2023,1700006400000,Theft from Auto,447-460 Westview Street,COQUITLAM,49.2485655002882,-122.889655935264,3492,POINT (-122.889655935264 49.2485655002882)
244,2023,1700006400000,Theft from Auto,1553-1578 Lodgepole Place,COQUITLAM,49.3030221848677,-122.791492500336,3493,POINT (-122.791492500336 49.3030221848677)
245,2023,1700092800000,Theft from Auto,1002-1021 Thomas Avenue,COQUITLAM,49.2426419138106,-122.865906460178,3494,POINT (-122.865906460178 49.2426419138106)
246,2023,1700092800000,Break & Enter - Residence,447-460 Westview Street,COQUITLAM,49.2485655002882,-122.889655935264,3495,POINT (-122.889655935264 49.2485655002882)
247,2023,1700092800000,Theft of Auto,447-460 Westview Street,COQUITLAM,49.2485655002882,-122.889655935264,3496,POINT (-122.889655935264 49.2485655002882)
248,2023,1700092800000,Theft from Auto,401-415 Westview Street,COQUITLAM,49.2464532003633,-122.889905415951,3497,POINT (-122.889905415951 49.2464532003633)
249,2023,1700179200000,Theft from Auto,300-306 Schoolhouse Street,COQUITLAM,49.2410238465355,-122.852462762254,3498,POINT (-122.852462762254 49.2410238465355)
250,2023,1700179200000,Break & Enter - Residence,1551-1692 Thomas Avenue,COQUITLAM,49.2428540415879,-122.849121677631,3499,POINT (-122.849121677631 49.2428540415879)
251,2023,1700179200000,Theft from Auto,300-306 Schoolhouse Street,COQUITLAM,49.2410238465355,-122.852462762254,3500,POINT (-122.852462762254 49.2410238465355)
252,2023,1700179200000,Theft from Auto,300-306 Schoolhouse Street,COQUITLAM,49.2410238465355,-122.852462762254,3501,POINT (-122.852462762254 49.2410238465355)
253,2023,1700179200000,Break & Enter - Business,0-0 Holly Drive,COQUITLAM,49.2509396073494,-122.802845080412,3502,POINT (-122.802845080412 49.2509396073494)
254,2023,1700265600000,Theft from Auto,600-699 Mariner Way,COQUITLAM,49.2577770316983,-122.81580005918,3503,POINT (-122.81580005918 49.2577770316983)
255,2023,1700352000000,Break & Enter - Residence,651-731 Shaw Avenue,COQUITLAM,49.2443358404986,-122.881260425821,3504,POINT (-122.881260425821 49.2443358404986)
256,2023,1700438400000,Break & Enter - Residence,2229-2276 Leclair Drive,COQUITLAM,49.2401641325749,-122.831049189826,3505,POINT (-122.831049189826 49.2401641325749)
257,2023,1700438400000,Theft from Auto,1103-1209 Howie Avenue,COQUITLAM,49.2505329055544,-122.860080702989,3506,POINT (-122.860080702989 49.2505329055544)
258,2023,1700438400000,Theft from Auto,1403-1423 Noons Creek Drive,COQUITLAM,49.2964313834836,-122.81836529304,3507,POINT (-122.81836529304 49.2964313834836)
259,2023,1700438400000,Break & Enter - Business,500-513 Foster Avenue,COQUITLAM,49.2568119567458,-122.892475851878,3508,POINT (-122.892475851878 49.2568119567458)
260,2023,1700438400000,Theft from Auto,241-259 Thrift Street,COQUITLAM,49.2392207825485,-122.876896258466,3509,POINT (-122.876896258466 49.2392207825485)
261,2023,1700524800000,Break & Enter - Business,500-513 Foster Avenue,COQUITLAM,49.2568119567458,-122.892475851878,3510,POINT (-122.892475851878 49.2568119567458)
262,2023,1700697600000,Theft from Auto,954-999 Cherrybrook Place,COQUITLAM,49.267406780168,-122.79202573477,3511,POINT (-122.79202573477 49.267406780168)
263,2023,1700697600000,Theft from Auto,0-0 Devonshire Avenue,COQUITLAM,49.3014688586104,-122.758003505861,3512,POINT (-122.758003505861 49.3014688586104)
264,2023,1700697600000,Theft of Auto,530-568 Rochester Avenue,COQUITLAM,49.2454770990075,-122.888527570366,3513,POINT (-122.888527570366 49.2454770990075)
265,2023,1700697600000,Theft from Auto,3010- Riverbend Drive,COQUITLAM,49.2639001889406,-122.791044356568,3514,POINT (-122.791044356568 49.2639001889406)
266,2023,1700697600000,Theft from Auto,1371-1399 Marguerite Street,COQUITLAM,49.2979610529682,-122.75861901794,3515,POINT (-122.75861901794 49.2979610529682)
267,2023,1700697600000,Theft from Auto,1487-1498 Marguerite Street,COQUITLAM,49.3044115693912,-122.760073223687,3516,POINT (-122.760073223687 49.3044115693912)
268,2023,1700697600000,Theft of Auto,2920-2923 Atlantic Avenue,COQUITLAM,49.2817750430673,-122.799872770245,3517,POINT (-122.799872770245 49.2817750430673)
269,2023,1700697600000,Theft from Auto,960-1095 Lougheed Highway,COQUITLAM,49.2353979396206,-122.8658125428,3518,POINT (-122.8658125428 49.2353979396206)
270,2023,1700697600000,Theft of Auto,500-551 Emerson Street,COQUITLAM,49.2609728924934,-122.888201126756,3519,POINT (-122.888201126756 49.2609728924934)
271,2023,1700697600000,Theft from Auto,2860-2870 Sedge Court,COQUITLAM,49.303658162603,-122.810997065065,3520,POINT (-122.810997065065 49.303658162603)
272,2023,1700784000000,Theft from Auto,532-585 Delestre Avenue,COQUITLAM,49.2419126943948,-122.889036810522,3521,POINT (-122.889036810522 49.2419126943948)
273,2023,1700784000000,Break & Enter - Residence,100-144 King Edward Street,COQUITLAM,49.2349541518128,-122.86165265061,3522,POINT (-122.86165265061 49.2349541518128)
274,2023,1700784000000,Theft of Auto,2983-2992 Robson Drive,COQUITLAM,49.3002036893671,-122.790580207986,3523,POINT (-122.790580207986 49.3002036893671)
275,2023,1700956800000,Break & Enter - Business,2300-2381 Rogers Avenue,COQUITLAM,49.2246242159526,-122.826879088988,3524,POINT (-122.826879088988 49.2246242159526)
276,2023,1700956800000,Theft from Auto,0-0 Oak Crescent,COQUITLAM,49.2492530826697,-122.806345541169,3525,POINT (-122.806345541169 49.2492530826697)
277,2023,1700956800000,Break & Enter - Residence,777-803 Edgar Avenue,COQUITLAM,49.2425963186703,-122.877086560022,3526,POINT (-122.877086560022 49.2425963186703)
278,2023,1701043200000,Break & Enter - Business,3165-3179 Plateau Boulevard,COQUITLAM,49.3116673232818,-122.786213812573,3527,POINT (-122.786213812573 49.3116673232818)
279,2023,1701043200000,Theft from Auto,1181-1215 Pipeline Road,COQUITLAM,49.2842297662383,-122.785442311719,3528,POINT (-122.785442311719 49.2842297662383)
280,2023,1701129600000,Break & Enter - Business,1145-1178 Heffley Crescent,COQUITLAM,49.2808725267698,-122.791485278086,3529,POINT (-122.791485278086 49.2808725267698)
281,2023,1701302400000,Theft of Auto,617-699 Lougheed Highway,COQUITLAM,49.2406717714284,-122.883137650252,3530,POINT (-122.883137650252 49.2406717714284)
282,2023,1701388800000,Theft from Auto,3750-3799 Quarry Road,COQUITLAM,49.2995911127473,-122.70956259996,3531,POINT (-122.70956259996 49.2995911127473)
283,2023,1701475200000,Theft from Auto,1124-1209 Luxton Square,COQUITLAM,49.2701996941416,-122.859362792786,3532,POINT (-122.859362792786 49.2701996941416)
284,2023,1701475200000,Theft from Auto,253-292 Mundy Street,COQUITLAM,49.2384440648658,-122.83418256184,3533,POINT (-122.83418256184 49.2384440648658)
285,2023,1701475200000,Theft from Auto,3040-3091 Waddington Place,COQUITLAM,49.2972661048393,-122.787071765733,3534,POINT (-122.787071765733 49.2972661048393)
286,2023,1701561600000,Break & Enter - Business,995-1100 United Boulevard,COQUITLAM,49.2295460130303,-122.869353150825,3535,POINT (-122.869353150825 49.2295460130303)
287,2023,1701561600000,Theft from Auto,667-678 Newport Street,COQUITLAM,49.2582365735916,-122.845171058568,3536,POINT (-122.845171058568 49.2582365735916)
288,2023,1701648000000,Theft of Auto,51-78 Glacier Street,COQUITLAM,49.2294417581273,-122.817443437467,3537,POINT (-122.817443437467 49.2294417581273)
289,2023,1701648000000,Theft from Auto,530-568 Rochester Avenue,COQUITLAM,49.2454770990075,-122.888527570366,3538,POINT (-122.888527570366 49.2454770990075)
290,2023,1701648000000,Break & Enter - Residence,3242-3269 Karley Crescent,COQUITLAM,49.2957675689203,-122.770165185179,3539,POINT (-122.770165185179 49.2957675689203)
291,2023,1701648000000,Break & Enter - Residence,2228-2276 Sicamous Avenue,COQUITLAM,49.2398015243817,-122.829791853657,3540,POINT (-122.829791853657 49.2398015243817)
292,2023,1701648000000,Break & Enter - Business,571-616 Rochester Avenue,COQUITLAM,49.2454589148262,-122.886099066138,3541,POINT (-122.886099066138 49.2454589148262)
293,2023,1701648000000,Theft from Auto,530-568 Rochester Avenue,COQUITLAM,49.2454770990075,-122.888527570366,3542,POINT (-122.888527570366 49.2454770990075)
294,2023,1701648000000,Theft from Auto,530-568 Rochester Avenue,COQUITLAM,49.2454770990075,-122.888527570366,3543,POINT (-122.888527570366 49.2454770990075)
295,2023,1701648000000,Break & Enter - Business,571-616 Rochester Avenue,COQUITLAM,49.2454589148262,-122.886099066138,3544,POINT (-122.886099066138 49.2454589148262)
296,2023,1701648000000,Theft from Auto,2400-2450 United Boulevard,COQUITLAM,49.2262254339252,-122.821793013354,3545,POINT (-122.821793013354 49.2262254339252)
297,2023,1701648000000,Theft from Auto,449-487 Lakeview Street,COQUITLAM,49.2477528427466,-122.835661311205,3546,POINT (-122.835661311205 49.2477528427466)
298,2023,1701648000000,Theft from Auto,601-618 Linton Street,COQUITLAM,49.2531733598413,-122.841002662103,3547,POINT (-122.841002662103 49.2531733598413)
299,2023,1701734400000,Theft from Auto,1211-1299 Pinetree Way,COQUITLAM,49.2891392406935,-122.790207620995,3548,POINT (-122.790207620995 49.2891392406935)
300,2023,1701820800000,Theft from Auto,2929-2960 Pika Court,COQUITLAM,49.3022950400545,-122.787296127831,3549,POINT (-122.787296127831 49.3022950400545)
301,2023,1701820800000,Theft from Auto,0-0 Highway Ramp,COQUITLAM,49.2398633836265,-122.813839298331,3550,POINT (-122.813839298331 49.2398633836265)
302,2023,1701820800000,Theft from Auto,1220-1400 Seguin Drive,COQUITLAM,49.2342933171934,-122.85602817544,3551,POINT (-122.85602817544 49.2342933171934)
303,2023,1701907200000,Theft from Auto,572-598 Denton Street,COQUITLAM,49.2531813951959,-122.887165308634,3552,POINT (-122.887165308634 49.2531813951959)
304,2023,1701907200000,Theft from Auto,432-446 Byng Street,COQUITLAM,49.2463455038937,-122.83150170604,3553,POINT (-122.83150170604 49.2463455038937)
305,2023,1701907200000,Theft from Auto,411-444 Montgomery Street,COQUITLAM,49.2455413788406,-122.839202943445,3554,POINT (-122.839202943445 49.2455413788406)
306,2023,1701907200000,Theft from Auto,1100-1400 Woolridge Street,COQUITLAM,49.2325311123964,-122.857511681314,3555,POINT (-122.857511681314 49.2325311123964)
307,2023,1701907200000,Theft from Auto,3141-3171 Sechelt Drive,COQUITLAM,49.2853046735285,-122.781880521719,3556,POINT (-122.781880521719 49.2853046735285)
308,2023,1701907200000,Theft from Auto,3100-3150 Lincoln Avenue,COQUITLAM,49.2785212641946,-122.784640957953,3557,POINT (-122.784640957953 49.2785212641946)
309,2023,1701907200000,Theft from Auto,940-970 Charland Avenue,COQUITLAM,49.2480767836579,-122.869087914339,3558,POINT (-122.869087914339 49.2480767836579)
310,2023,1701907200000,Theft from Auto,1120-1219 Bartlett Avenue,COQUITLAM,49.2693687110021,-122.858923175645,3559,POINT (-122.858923175645 49.2693687110021)
311,2023,1701907200000,Theft from Auto,3242-3269 Karley Crescent,COQUITLAM,49.2957675689203,-122.770165185179,3560,POINT (-122.770165185179 49.2957675689203)
312,2023,1701993600000,Theft of Auto,88-98 Brigantine Drive,COQUITLAM,49.2279265603779,-122.84881847554,3561,POINT (-122.84881847554 49.2279265603779)
313,2023,1701993600000,Theft from Auto,1220-1400 Seguin Drive,COQUITLAM,49.2342933171934,-122.85602817544,3562,POINT (-122.85602817544 49.2342933171934)
314,2023,1701993600000,Theft from Auto,257-278 Hart Street,COQUITLAM,49.2383190825692,-122.881123787966,3563,POINT (-122.881123787966 49.2383190825692)
315,2023,1701993600000,Break & Enter - Business,0-3000 Lougheed Highway,COQUITLAM,49.2752140098018,-122.794554250175,3564,POINT (-122.794554250175 49.2752140098018)
316,2023,1702080000000,Theft from Auto,300-312 Laurentian Crescent,COQUITLAM,49.2399878250368,-122.848924355975,3565,POINT (-122.848924355975 49.2399878250368)
317,2023,1702080000000,Theft from Auto,520-549 Ferris Street,COQUITLAM,49.2504454007389,-122.828724991182,3566,POINT (-122.828724991182 49.2504454007389)
318,2023,1702080000000,Theft from Auto,907-964 Walls Avenue,COQUITLAM,49.2444910562739,-122.870348595996,3567,POINT (-122.870348595996 49.2444910562739)
319,2023,1702080000000,Theft of Auto,319-343 Finnigan Street,COQUITLAM,49.2407690394891,-122.836971137508,3568,POINT (-122.836971137508 49.2407690394891)
320,2023,1702080000000,Theft from Auto,1301-1320 Shaughnessy Street,COQUITLAM,49.2936995401834,-122.771032540067,3569,POINT (-122.771032540067 49.2936995401834)
321,2023,1702080000000,Theft from Auto,411-443 Byng Street,COQUITLAM,49.2455351815308,-122.831483508563,3570,POINT (-122.831483508563 49.2455351815308)
322,2023,1702080000000,Theft from Auto,1629-1749 Sheridan Avenue,COQUITLAM,49.2392681864819,-122.846603463775,3571,POINT (-122.846603463775 49.2392681864819)
323,2023,1702080000000,Theft from Auto,672-692 Firdale Street,COQUITLAM,49.2581963842299,-122.837173447465,3572,POINT (-122.837173447465 49.2581963842299)
324,2023,1702166400000,Break & Enter - Business,657-659 Whiting Way,COQUITLAM,49.257121820639,-122.891880654671,3573,POINT (-122.891880654671 49.257121820639)
325,2023,1702252800000,Theft from Auto,1001-1028 Walls Avenue,COQUITLAM,49.2444418219265,-122.8663614801,3574,POINT (-122.8663614801 49.2444418219265)
326,2023,1702252800000,Theft from Auto,218-249 Mundy Street,COQUITLAM,49.2371210755873,-122.834154346125,3575,POINT (-122.834154346125 49.2371210755873)
327,2023,1702252800000,Theft from Auto,2185-2331 Haversley Avenue,COQUITLAM,49.2499986158429,-122.832118769048,3576,POINT (-122.832118769048 49.2499986158429)
328,2023,1702339200000,Theft from Auto,3020-3045 Lincoln Avenue,COQUITLAM,49.2791130975686,-122.791972724497,3577,POINT (-122.791972724497 49.2791130975686)
329,2023,1702339200000,Theft from Auto,1185-1208 Durant Drive,COQUITLAM,49.2874898985432,-122.804482876706,3578,POINT (-122.804482876706 49.2874898985432)
330,2023,1702339200000,Theft from Auto,1220-1400 Seguin Drive,COQUITLAM,49.2342933171934,-122.85602817544,3579,POINT (-122.85602817544 49.2342933171934)
331,2023,1702339200000,Break & Enter - Residence,1299-1320 Soball Street,COQUITLAM,49.2923333780248,-122.749382275324,3580,POINT (-122.749382275324 49.2923333780248)
332,2023,1702339200000,Break & Enter - Business,0-0 Holly Drive,COQUITLAM,49.2509396073494,-122.802845080412,3581,POINT (-122.802845080412 49.2509396073494)
333,2023,1702425600000,Break & Enter - Business,3020-3045 Lincoln Avenue,COQUITLAM,49.2791130975686,-122.791972724497,3582,POINT (-122.791972724497 49.2791130975686)
334,2023,1702425600000,Theft of Auto,520-540 Gatensbury Street,COQUITLAM,49.2509609373288,-122.857959824861,3583,POINT (-122.857959824861 49.2509609373288)
335,2023,1702425600000,Break & Enter - Residence,1138-1154 Westwood Street,COQUITLAM,49.2806923706605,-122.790467325436,3584,POINT (-122.790467325436 49.2806923706605)
336,2023,1702425600000,Theft from Auto,3521-3599 Upper Harper Road,COQUITLAM,49.3119273305277,-122.749097841781,3585,POINT (-122.749097841781 49.3119273305277)
337,2023,1702425600000,Theft from Auto,1110-1215 King Albert Avenue,COQUITLAM,49.2514337347794,-122.86014725215,3586,POINT (-122.86014725215 49.2514337347794)
338,2023,1702512000000,Break & Enter - Business,0-0 Holly Drive,COQUITLAM,49.2509396073494,-122.802845080412,3587,POINT (-122.802845080412 49.2509396073494)
339,2023,1702512000000,Theft of Auto,698-712 Duval Court,COQUITLAM,49.2596132030158,-122.838410715946,3588,POINT (-122.838410715946 49.2596132030158)
340,2023,1702598400000,Theft from Auto,1030-1071 Ridgeway Avenue,COQUITLAM,49.2496587489431,-122.863777494823,3589,POINT (-122.863777494823 49.2496587489431)
341,2023,1702598400000,Theft from Auto,1262-1279 Gabriola Drive,COQUITLAM,49.2905000324672,-122.774273745636,3590,POINT (-122.774273745636 49.2905000324672)
342,2023,1702598400000,Theft from Auto,1301-1310 Gabriola Drive,COQUITLAM,49.2917711422514,-122.774292484195,3591,POINT (-122.774292484195 49.2917711422514)
343,2023,1702598400000,Theft from Auto,1307-1327 Nestor Street,COQUITLAM,49.2924335145669,-122.778524570948,3592,POINT (-122.778524570948 49.2924335145669)
344,2023,1702684800000,Theft from Auto,3400-3430 Gislason Avenue,COQUITLAM,49.2893032659478,-122.751696931436,3593,POINT (-122.751696931436 49.2893032659478)
345,2023,1702771200000,Theft from Auto,50-99 Schooner Street,COQUITLAM,49.227108640023,-122.83996935061,3594,POINT (-122.83996935061 49.227108640023)
346,2023,1702857600000,Break & Enter - Business,21-40 Burbidge Street,COQUITLAM,49.2255678620776,-122.82379591455,3595,POINT (-122.82379591455 49.2255678620776)
347,2023,1702857600000,Theft from Auto,1000-1029 Delestre Avenue,COQUITLAM,49.2417370461553,-122.866390041007,3596,POINT (-122.866390041007 49.2417370461553)
348,2023,1702857600000,Theft of Auto,754-806 Alderson Avenue,COQUITLAM,49.2397168514948,-122.876503167287,3597,POINT (-122.876503167287 49.2397168514948)
349,2023,1702857600000,Theft from Auto,623-657 Cypress Street,COQUITLAM,49.2546235485775,-122.839820716513,3598,POINT (-122.839820716513 49.2546235485775)
350,2023,1702857600000,Theft from Auto,513-533 Brookmere Avenue,COQUITLAM,49.2512171807655,-122.89126681632,3599,POINT (-122.89126681632 49.2512171807655)
351,2023,1702944000000,Theft from Auto,3060-3082 Finch Court,COQUITLAM,49.3060655980707,-122.781241113006,3600,POINT (-122.781241113006 49.3060655980707)
352,2023,1702944000000,Theft from Auto,1299-1320 Soball Street,COQUITLAM,49.2923333780248,-122.749382275324,3601,POINT (-122.749382275324 49.2923333780248)
353,2023,1702944000000,Theft from Auto,120-155 Glacier Street,COQUITLAM,49.2342586534811,-122.817607605204,3602,POINT (-122.817607605204 49.2342586534811)
354,2023,1702944000000,Theft of Auto,100-120 Schoolhouse Street,COQUITLAM,49.2329204584163,-122.852609094494,3603,POINT (-122.852609094494 49.2329204584163)
355,2023,1702944000000,Theft from Auto,1400-1439 Mitchell Street,COQUITLAM,49.3001340927235,-122.733253364153,3604,POINT (-122.733253364153 49.3001340927235)
356,2023,1702944000000,Theft from Auto,522-609 Cottonwood Avenue,COQUITLAM,49.2588327956282,-122.888584315666,3605,POINT (-122.888584315666 49.2588327956282)
357,2023,1703030400000,Theft from Auto,542-545 Whiting Way,COQUITLAM,49.2510133460408,-122.89196828981,3606,POINT (-122.89196828981 49.2510133460408)
358,2023,1703030400000,Break & Enter - Business,500-510 Young Drive,COQUITLAM,49.2431191558369,-122.891887772446,3607,POINT (-122.891887772446 49.2431191558369)
359,2023,1703030400000,Theft from Auto,601-620 Midvale Street,COQUITLAM,49.2532097460438,-122.838246344907,3608,POINT (-122.838246344907 49.2532097460438)
360,2023,1703030400000,Break & Enter - Business,1967-2055 Como Lake Avenue,COQUITLAM,49.2633406668306,-122.837760421775,3609,POINT (-122.837760421775 49.2633406668306)
361,2023,1703030400000,Break & Enter - Business,0-0 Holly Drive,COQUITLAM,49.2509396073494,-122.802845080412,3610,POINT (-122.802845080412 49.2509396073494)
362,2023,1703030400000,Theft from Auto,514-539 Foster Avenue,COQUITLAM,49.256797545894,-122.890784901772,3611,POINT (-122.890784901772 49.256797545894)
363,2023,1703030400000,Theft from Auto,3510-3519 Forst Avenue,COQUITLAM,49.287407804761,-122.740241554374,3612,POINT (-122.740241554374 49.287407804761)
364,2023,1703030400000,Break & Enter - Business,1155-1182 Westwood Street,COQUITLAM,49.2821642231796,-122.790466752223,3613,POINT (-122.790466752223 49.2821642231796)
365,2023,1703116800000,Theft from Auto,511-529 Rochester Avenue,COQUITLAM,49.2454903088187,-122.890946437594,3614,POINT (-122.890946437594 49.2454903088187)
366,2023,1703116800000,Theft from Auto,1155-1173 Inlet Street,COQUITLAM,49.2831428463827,-122.78321318754,3615,POINT (-122.78321318754 49.2831428463827)
367,2023,1703116800000,Theft from Auto,1247-1335 Charter Hill Drive,COQUITLAM,49.2869179866684,-122.812822295575,3616,POINT (-122.812822295575 49.2869179866684)
368,2023,1703203200000,Theft from Auto,2909-2921 Waterford Place,COQUITLAM,49.2970900802382,-122.792700841115,3617,POINT (-122.792700841115 49.2970900802382)
369,2023,1703289600000,Theft from Auto,1330-1340 Olmsted Street,COQUITLAM,49.2936322735773,-122.742251430388,3618,POINT (-122.742251430388 49.2936322735773)
370,2023,1703289600000,Theft from Auto,240-249 Casey Street,COQUITLAM,49.2401652942912,-122.854870608189,3619,POINT (-122.854870608189 49.2401652942912)
371,2023,1703289600000,Theft from Auto,263-278 Allison Street,COQUITLAM,49.2401948745047,-122.879684008724,3620,POINT (-122.879684008724 49.2401948745047)
372,2023,1703462400000,Theft from Auto,1204-1217 Galiano Street,COQUITLAM,49.2868979576939,-122.779604402704,3621,POINT (-122.779604402704 49.2868979576939)
373,2023,1703462400000,Break & Enter - Business,980-3160 Westwood Street,COQUITLAM,49.2690002383301,-122.79065853631,3622,POINT (-122.79065853631 49.2690002383301)
374,2023,1703548800000,Theft from Auto,1461-1498 Lansdowne Drive,COQUITLAM,49.2961037241662,-122.812407504892,3623,POINT (-122.812407504892 49.2961037241662)
375,2023,1703548800000,Break & Enter - Residence,514-580 Webster Avenue,COQUITLAM,49.2550180727476,-122.889807771846,3624,POINT (-122.889807771846 49.2550180727476)
376,2023,1703548800000,Theft from Auto,1160-1180 Pinetree Way,COQUITLAM,49.2811526533085,-122.793272056048,3625,POINT (-122.793272056048 49.2811526533085)
377,2023,1703635200000,Theft from Auto,452-496 Midvale Street,COQUITLAM,49.2478708185854,-122.838021054948,3626,POINT (-122.838021054948 49.2478708185854)
378,2023,1703635200000,Theft from Auto,452-496 Midvale Street,COQUITLAM,49.2478708185854,-122.838021054948,3627,POINT (-122.838021054948 49.2478708185854)
379,2023,1703635200000,Theft from Auto,413-414 Guilby Street,COQUITLAM,49.2467904799685,-122.885402696378,3628,POINT (-122.885402696378 49.2467904799685)
380,2023,1703635200000,Theft from Auto,519-540 Marmont Street,COQUITLAM,49.2509866086217,-122.862205195204,3629,POINT (-122.862205195204 49.2509866086217)
381,2023,1703721600000,Break & Enter - Business,0-0 Holly Drive,COQUITLAM,49.2509396073494,-122.802845080412,3630,POINT (-122.802845080412 49.2509396073494)
382,2023,1703721600000,Theft of Auto,2912-2938 Albion Drive,COQUITLAM,49.2905636626263,-122.799245624389,3631,POINT (-122.799245624389 49.2905636626263)
383,2023,1703721600000,Theft from Auto,201-204 Cayer Street,COQUITLAM,49.2361893184459,-122.846722106346,3632,POINT (-122.846722106346 49.2361893184459)
384,2023,1703721600000,Theft of Auto,1001-1030 Quadling Avenue,COQUITLAM,49.2408381239878,-122.866298074333,3633,POINT (-122.866298074333 49.2408381239878)
385,2023,1703721600000,Theft from Auto,1230-1249 Ravensdale Street,COQUITLAM,49.2879245444137,-122.758445392043,3634,POINT (-122.758445392043 49.2879245444137)
386,2023,1703808000000,Theft from Auto,1102-1124 Westwood Street,COQUITLAM,49.2780970440047,-122.790510580265,3635,POINT (-122.790510580265 49.2780970440047)
387,2023,1703808000000,Break & Enter - Business,0-0 Holly Drive,COQUITLAM,49.2509396073494,-122.802845080412,3636,POINT (-122.802845080412 49.2509396073494)
388,2023,1703894400000,Theft of Auto,506-545 Whiting Way,COQUITLAM,49.2496008063307,-122.890444268406,3637,POINT (-122.890444268406 49.2496008063307)
389,2023,1703894400000,Theft from Auto,3479-3487 Wales Avenue,COQUITLAM,49.3002451433628,-122.746772948,3638,POINT (-122.746772948 49.3002451433628)
390,2023,1703894400000,Break & Enter - Business,709-715 Breslay Street,COQUITLAM,49.260761458773,-122.884794058569,3639,POINT (-122.884794058569 49.260761458773)
391,2023,1703980800000,Theft from Auto,2900-2949 Panorama Drive,COQUITLAM,49.2976337061409,-122.80846071417,3640,POINT (-122.80846071417 49.2976337061409)
392,2023,1703980800000,Theft from Auto,2950-2978 Glen Drive,COQUITLAM,49.2827270512264,-122.797400829648,3641,POINT (-122.797400829648 49.2827270512264)
1,2024,1704067200000,Theft of Auto,1629-1749 Sheridan Avenue,COQUITLAM,49.2392681864819,-122.846603463775,3642,POINT (-122.846603463775 49.2392681864819)
2,2024,1704067200000,Break & Enter - Residence,2975-2979 Atlantic Avenue,COQUITLAM,49.2817646402723,-122.796585715072,3643,POINT (-122.796585715072 49.2817646402723)
3,2024,1704153600000,Theft from Auto,3010- Riverbend Drive,COQUITLAM,49.2639001889406,-122.791044356568,3644,POINT (-122.791044356568 49.2639001889406)
4,2024,1704153600000,Theft from Auto,451-499 Marmont Street,COQUITLAM,49.2493449626457,-122.862199555889,3645,POINT (-122.862199555889 49.2493449626457)
5,2024,1704153600000,Break & Enter - Business,0-0 Thyme Drive,COQUITLAM,49.2474138949295,-122.802876920052,3646,POINT (-122.802876920052 49.2474138949295)
6,2024,1704153600000,Theft from Auto,3090-3099 Dayanee Springs Boulevard,COQUITLAM,49.2939605607813,-122.785525413573,3647,POINT (-122.785525413573 49.2939605607813)
7,2024,1704240000000,Theft from Auto,2551-2588 Harrier Drive,COQUITLAM,49.2809047313974,-122.81709074612,3648,POINT (-122.81709074612 49.2809047313974)
8,2024,1704240000000,Theft from Auto,3300-3325 Sultan Place,COQUITLAM,49.3002436833117,-122.771413737321,3649,POINT (-122.771413737321 49.3002436833117)
9,2024,1704240000000,Break & Enter - Residence,681-698 Colinet Street,COQUITLAM,49.259084336247,-122.867500417307,3650,POINT (-122.867500417307 49.259084336247)
10,2024,1704326400000,Theft from Auto,2860-2879 Glen Drive,COQUITLAM,49.2827449489341,-122.802836437362,3651,POINT (-122.802836437362 49.2827449489341)
11,2024,1704326400000,Break & Enter - Business,181-200 Golden Drive,COQUITLAM,49.2333292652703,-122.818301306715,3652,POINT (-122.818301306715 49.2333292652703)
12,2024,1704326400000,Theft of Auto,2534-2565 Barnet Highway,COQUITLAM,49.2778355712941,-122.821690935176,3653,POINT (-122.821690935176 49.2778355712941)
13,2024,1704326400000,Theft from Auto,830-840 Irvine Street,COQUITLAM,49.2642789823984,-122.794856594132,3654,POINT (-122.794856594132 49.2642789823984)
14,2024,1704326400000,Theft from Auto,17-48 Fawcett Road,COQUITLAM,49.224499597798,-122.834167617274,3655,POINT (-122.834167617274 49.224499597798)
15,2024,1704412800000,Theft from Auto,2920-2929 Barnet Highway,COQUITLAM,49.2767058553666,-122.799250028577,3656,POINT (-122.799250028577 49.2767058553666)
16,2024,1704499200000,Theft from Auto,748-759 Clarke Road,COQUITLAM,49.2686455461398,-122.88115343733,3657,POINT (-122.88115343733 49.2686455461398)
17,2024,1704585600000,Break & Enter - Business,433-499 Nelson Street,COQUITLAM,49.2493312582197,-122.865604477587,3658,POINT (-122.865604477587 49.2493312582197)
18,2024,1704585600000,Theft of Auto,225-310 Marmont Street,COQUITLAM,49.2410696739918,-122.862275305185,3659,POINT (-122.862275305185 49.2410696739918)
19,2024,1704585600000,Break & Enter - Business,65-77 Clipper Street,COQUITLAM,49.2284387831612,-122.852821116341,3660,POINT (-122.852821116341 49.2284387831612)
20,2024,1704672000000,Theft from Auto,2760-2805 Aberdeen Avenue,COQUITLAM,49.2771320072489,-122.80471189733,3661,POINT (-122.80471189733 49.2771320072489)
21,2024,1704672000000,Theft from Auto,2750-2881 Barnet Highway,COQUITLAM,49.2776863015988,-122.805257914762,3662,POINT (-122.805257914762 49.2776863015988)
22,2024,1704672000000,Break & Enter - Business,1155-1182 Westwood Street,COQUITLAM,49.2821642231796,-122.790466752223,3663,POINT (-122.790466752223 49.2821642231796)
23,2024,1704672000000,Theft from Auto,3300-3310 Robson Drive,COQUITLAM,49.2988107521105,-122.777313888761,3664,POINT (-122.777313888761 49.2988107521105)
24,2024,1704672000000,Break & Enter - Business,0-0 Northern Avenue,COQUITLAM,49.2808130529281,-122.796588035525,3665,POINT (-122.796588035525 49.2808130529281)
25,2024,1704758400000,Break & Enter - Business,2644-2647 Austin Avenue,COQUITLAM,49.2490866307029,-122.817336928799,3666,POINT (-122.817336928799 49.2490866307029)
26,2024,1704758400000,Theft from Auto,608-646 Lea Avenue,COQUITLAM,49.2645442110126,-122.884634596952,3667,POINT (-122.884634596952 49.2645442110126)
27,2024,1704758400000,Theft from Auto,544-616 Austin Avenue,COQUITLAM,49.2490777109696,-122.887539692747,3668,POINT (-122.887539692747 49.2490777109696)
28,2024,1704758400000,Break & Enter - Business,3024-3048 Anson Avenue,COQUITLAM,49.2772680389012,-122.792193119303,3669,POINT (-122.792193119303 49.2772680389012)
29,2024,1704844800000,Theft from Auto,1750-1900 Brigantine Drive,COQUITLAM,49.2247156933157,-122.843090678074,3670,POINT (-122.843090678074 49.2247156933157)
30,2024,1704844800000,Theft from Auto,624-763 Sydney Avenue,COQUITLAM,49.2481268484859,-122.881493593346,3671,POINT (-122.881493593346 49.2481268484859)
31,2024,1704844800000,Theft from Auto,300-306 Schoolhouse Street,COQUITLAM,49.2410238465355,-122.852462762254,3672,POINT (-122.852462762254 49.2410238465355)
32,2024,1704931200000,Theft from Auto,320-353 Walker Street,COQUITLAM,49.2432004020245,-122.877721468514,3673,POINT (-122.877721468514 49.2432004020245)
33,2024,1705017600000,Break & Enter - Business,544-616 Austin Avenue,COQUITLAM,49.2490777109696,-122.887539692747,3674,POINT (-122.887539692747 49.2490777109696)
34,2024,1705017600000,Break & Enter - Residence,3431-3559 Gislason Avenue,COQUITLAM,49.2893722036184,-122.74469240069,3675,POINT (-122.74469240069 49.2893722036184)
35,2024,1705017600000,Theft from Auto,1422-1453 Johnson Street,COQUITLAM,49.2985317353743,-122.801067193206,3676,POINT (-122.801067193206 49.2985317353743)
36,2024,1705017600000,Theft of Auto,1-20 Burbidge Street,COQUITLAM,49.2241661554383,-122.823784898263,3677,POINT (-122.823784898263 49.2241661554383)
37,2024,1705104000000,Break & Enter - Business,0-0 Thyme Drive,COQUITLAM,49.2474138949295,-122.802876920052,3678,POINT (-122.802876920052 49.2474138949295)
38,2024,1705104000000,Break & Enter - Business,2975-2979 Atlantic Avenue,COQUITLAM,49.2817646402723,-122.796585715072,3679,POINT (-122.796585715072 49.2817646402723)
39,2024,1705276800000,Theft from Auto,3004-3056 Armada Street,COQUITLAM,49.2654313195852,-122.811012517042,3680,POINT (-122.811012517042 49.2654313195852)
40,2024,1705276800000,Theft from Auto,2700-2739 Anchor Place,COQUITLAM,49.2676120897273,-122.812046300856,3681,POINT (-122.812046300856 49.2676120897273)
41,2024,1705276800000,Break & Enter - Business,3024-3048 Anson Avenue,COQUITLAM,49.2772680389012,-122.792193119303,3682,POINT (-122.792193119303 49.2772680389012)
42,2024,1705276800000,Break & Enter - Residence,715-739 Farrow Street,COQUITLAM,49.2615924067573,-122.891958705782,3683,POINT (-122.891958705782 49.2615924067573)
43,2024,1705276800000,Theft from Auto,3213-3243 Harwood Avenue,COQUITLAM,49.2912407971258,-122.775865987374,3684,POINT (-122.775865987374 49.2912407971258)
44,2024,1705276800000,Theft from Auto,3220-3229 David Place,COQUITLAM,49.293023114928,-122.77216231925,3685,POINT (-122.77216231925 49.293023114928)
45,2024,1705276800000,Theft from Auto,3300-3341 Abbey Lane,COQUITLAM,49.2955067598782,-122.762783727606,3686,POINT (-122.762783727606 49.2955067598782)
46,2024,1705363200000,Theft from Auto,1301-1310 Gabriola Drive,COQUITLAM,49.2917711422514,-122.774292484195,3687,POINT (-122.774292484195 49.2917711422514)
47,2024,1705363200000,Theft of Auto,701-715 Alderson Avenue,COQUITLAM,49.2397621369171,-122.880695261731,3688,POINT (-122.880695261731 49.2397621369171)
48,2024,1705449600000,Theft of Auto,1014-1031 Palmdale Street,COQUITLAM,49.2716430563943,-122.80732728194,3689,POINT (-122.80732728194 49.2716430563943)
49,2024,1705536000000,Break & Enter - Residence,709-729 Townley Street,COQUITLAM,49.2612961158496,-122.874372569076,3690,POINT (-122.874372569076 49.2612961158496)
50,2024,1705708800000,Theft from Auto,510-520  ,COQUITLAM,49.2747649510087,-122.799612117155,3691,POINT (-122.799612117155 49.2747649510087)
51,2024,1705881600000,Break & Enter - Residence,1500-1579 Pinetree Way,COQUITLAM,49.3023577413796,-122.784581747161,3692,POINT (-122.784581747161 49.3023577413796)
52,2024,1705881600000,Theft of Auto,2900-2922 Kalamalka Drive,COQUITLAM,49.2600507281076,-122.803577208828,3693,POINT (-122.803577208828 49.2600507281076)
53,2024,1705881600000,Break & Enter - Business,1100-1349 United Boulevard,COQUITLAM,49.2300411500833,-122.857058058672,3694,POINT (-122.857058058672 49.2300411500833)
54,2024,1705968000000,Theft from Auto,900-976 Edgar Avenue,COQUITLAM,49.2426842058472,-122.869669209522,3695,POINT (-122.869669209522 49.2426842058472)
55,2024,1705968000000,Theft from Auto,301-324 Burns Street,COQUITLAM,49.2414335747224,-122.876149367469,3696,POINT (-122.876149367469 49.2414335747224)
56,2024,1705968000000,Break & Enter - Business,109-200 Blue Mountain Street,COQUITLAM,49.2360301469349,-122.873133618592,3697,POINT (-122.873133618592 49.2360301469349)
57,2024,1705968000000,Break & Enter - Residence,3405-3419 Devonshire Avenue,COQUITLAM,49.3015844245939,-122.753067282429,3698,POINT (-122.753067282429 49.3015844245939)
58,2024,1705968000000,Break & Enter - Residence,3090-3099 Dayanee Springs Boulevard,COQUITLAM,49.2939605607813,-122.785525413573,3699,POINT (-122.785525413573 49.2939605607813)
59,2024,1705968000000,Break & Enter - Residence,737-780 Ellice Avenue,COQUITLAM,49.264405843662,-122.877793018366,3700,POINT (-122.877793018366 49.264405843662)
60,2024,1705968000000,Break & Enter - Residence,540-559 Foster Avenue,COQUITLAM,49.2567751288271,-122.888101881107,3701,POINT (-122.888101881107 49.2567751288271)
61,2024,1706054400000,Break & Enter - Business,181-200 Golden Drive,COQUITLAM,49.2333292652703,-122.818301306715,3702,POINT (-122.818301306715 49.2333292652703)
62,2024,1706054400000,Break & Enter - Business,901-930 Tupper Avenue,COQUITLAM,49.2347841243211,-122.870904376152,3703,POINT (-122.870904376152 49.2347841243211)
63,2024,1706140800000,Break & Enter - Residence,2733-2736 Atlin Place,COQUITLAM,49.247758588202,-122.814399059838,3704,POINT (-122.814399059838 49.247758588202)
64,2024,1706140800000,Theft of Auto,2750-2881 Barnet Highway,COQUITLAM,49.2776863015988,-122.805257914762,3705,POINT (-122.805257914762 49.2776863015988)
65,2024,1706140800000,Theft from Auto,3081-3098 Firestone Place,COQUITLAM,49.3118342548175,-122.782585584953,3706,POINT (-122.782585584953 49.3118342548175)
66,2024,1706227200000,Theft from Auto,1306-1486 Ross Avenue,COQUITLAM,49.2550854748011,-122.855143287047,3707,POINT (-122.855143287047 49.2550854748011)
67,2024,1706227200000,Theft from Auto,575-607 Alderson Avenue,COQUITLAM,49.2398263109966,-122.886514395635,3708,POINT (-122.886514395635 49.2398263109966)
68,2024,1706227200000,Break & Enter - Residence,3717-3749 Quarry Road,COQUITLAM,49.298543327715,-122.714348537758,3709,POINT (-122.714348537758 49.298543327715)
69,2024,1706227200000,Theft of Auto,280-294 Hart Street,COQUITLAM,49.2393973047992,-122.881886057283,3710,POINT (-122.881886057283 49.2393973047992)
70,2024,1706227200000,Theft from Auto,340-352 Richard Street,COQUITLAM,49.2430628256955,-122.883361568556,3711,POINT (-122.883361568556 49.2430628256955)
71,2024,1706227200000,Break & Enter - Business,2534-2565 Barnet Highway,COQUITLAM,49.2778355712941,-122.821690935176,3712,POINT (-122.821690935176 49.2778355712941)
72,2024,1706227200000,Break & Enter - Business,608-621 Cottonwood Avenue,COQUITLAM,49.2587935633341,-122.885600830824,3713,POINT (-122.885600830824 49.2587935633341)
73,2024,1706227200000,Theft of Auto,0-0 Plateau Boulevard,COQUITLAM,49.3174503061274,-122.791002043788,3714,POINT (-122.791002043788 49.3174503061274)
74,2024,1706227200000,Theft of Auto,1551-1692 Thomas Avenue,COQUITLAM,49.2428540415879,-122.849121677631,3715,POINT (-122.849121677631 49.2428540415879)
75,2024,1706400000000,Theft from Auto,565-589 Clarke Road,COQUITLAM,49.2626278918917,-122.88873525692,3716,POINT (-122.88873525692 49.2626278918917)
76,2024,1706400000000,Theft from Auto,2500-2519 Penshurst Court,COQUITLAM,49.2408550482612,-122.823774663012,3717,POINT (-122.823774663012 49.2408550482612)
77,2024,1706400000000,Theft from Auto,540-559 Foster Avenue,COQUITLAM,49.2567751288271,-122.888101881107,3718,POINT (-122.888101881107 49.2567751288271)
78,2024,1706400000000,Theft from Auto,351-379 Dartmoor Drive,COQUITLAM,49.2420464607419,-122.821450260704,3719,POINT (-122.821450260704 49.2420464607419)
79,2024,1706486400000,Break & Enter - Business,1220-1400 Seguin Drive,COQUITLAM,49.2342933171934,-122.85602817544,3720,POINT (-122.85602817544 49.2342933171934)
80,2024,1706486400000,Break & Enter - Business,0-0 Thyme Drive,COQUITLAM,49.2474138949295,-122.802876920052,3721,POINT (-122.802876920052 49.2474138949295)
81,2024,1706572800000,Theft from Auto,769-830 Regan Avenue,COQUITLAM,49.2618210531154,-122.876238843849,3722,POINT (-122.876238843849 49.2618210531154)
82,2024,1706659200000,Theft from Auto,2202-2207 Sorrento Drive,COQUITLAM,49.2387968777263,-122.832911260583,3723,POINT (-122.832911260583 49.2387968777263)
83,2024,1706659200000,Break & Enter - Business,2975-2979 Atlantic Avenue,COQUITLAM,49.2817646402723,-122.796585715072,3724,POINT (-122.796585715072 49.2817646402723)
84,2024,1706659200000,Break & Enter - Residence,384-385 Mundy Street,COQUITLAM,49.2434826155125,-122.834252484941,3725,POINT (-122.834252484941 49.2434826155125)
85,2024,1706659200000,Break & Enter - Business,500-510 Smith Avenue,COQUITLAM,49.2603699872083,-122.892649461671,3726,POINT (-122.892649461671 49.2603699872083)
86,2024,1706745600000,Break & Enter - Business,3001-3061 Gordon Avenue,COQUITLAM,49.2710993311356,-122.792778359785,3727,POINT (-122.792778359785 49.2710993311356)
87,2024,1706745600000,Theft from Auto,952-1026 Ridgeway Avenue,COQUITLAM,49.2497021004355,-122.867370856678,3728,POINT (-122.867370856678 49.2497021004355)
88,2024,1706918400000,Theft from Auto,0-0 Northern Avenue,COQUITLAM,49.2808130529281,-122.796588035525,3729,POINT (-122.796588035525 49.2808130529281)
89,2024,1707004800000,Break & Enter - Business,0-0 Thyme Drive,COQUITLAM,49.2474138949295,-122.802876920052,3730,POINT (-122.802876920052 49.2474138949295)
90,2024,1707004800000,Theft from Auto,300-306 Schoolhouse Street,COQUITLAM,49.2410238465355,-122.852462762254,3731,POINT (-122.852462762254 49.2410238465355)
91,2024,1707004800000,Theft of Auto,1270-1282 Oxford Street,COQUITLAM,49.2898836771694,-122.763166882409,3732,POINT (-122.763166882409 49.2898836771694)
92,2024,1707004800000,Theft from Auto,3350-3405 Plateau Boulevard,COQUITLAM,49.3192705537248,-122.791774600801,3733,POINT (-122.791774600801 49.3192705537248)
93,2024,1707091200000,Theft from Auto,2811-2820 Hialeah Court,COQUITLAM,49.280617108047,-122.807061497078,3734,POINT (-122.807061497078 49.280617108047)
94,2024,1707177600000,Theft from Auto,657-659 Whiting Way,COQUITLAM,49.257121820639,-122.891880654671,3735,POINT (-122.891880654671 49.257121820639)
95,2024,1707177600000,Theft from Auto,2665-2668 Brewster Drive,COQUITLAM,49.2938673630756,-122.802745735236,3736,POINT (-122.802745735236 49.2938673630756)
96,2024,1707264000000,Break & Enter - Business,50-99 Schooner Street,COQUITLAM,49.227108640023,-122.83996935061,3737,POINT (-122.83996935061 49.227108640023)
97,2024,1707264000000,Break & Enter - Business,2400-2450 United Boulevard,COQUITLAM,49.2262254339252,-122.821793013354,3738,POINT (-122.821793013354 49.2262254339252)
98,2024,1707350400000,Break & Enter - Business,17-48 Fawcett Road,COQUITLAM,49.224499597798,-122.834167617274,3739,POINT (-122.834167617274 49.224499597798)
99,2024,1707350400000,Theft from Auto,1189-1200 Eastwood Street,COQUITLAM,49.2840443579961,-122.787960155998,3740,POINT (-122.787960155998 49.2840443579961)
100,2024,1707350400000,Theft from Auto,657-659 Whiting Way,COQUITLAM,49.257121820639,-122.891880654671,3741,POINT (-122.891880654671 49.257121820639)
101,2024,1707350400000,Theft from Auto,2401-2435 Magellan Court,COQUITLAM,49.2380057241835,-122.824714880586,3742,POINT (-122.824714880586 49.2380057241835)
102,2024,1707350400000,Break & Enter - Business,661-737 Clarke Road,COQUITLAM,49.267373160839,-122.882746490632,3743,POINT (-122.882746490632 49.267373160839)
103,2024,1707436800000,Theft from Auto,3141-3171 Sechelt Drive,COQUITLAM,49.2853046735285,-122.781880521719,3744,POINT (-122.781880521719 49.2853046735285)
104,2024,1707436800000,Theft from Auto,1248-1258 Hornby Street,COQUITLAM,49.2896497380996,-122.777427620022,3745,POINT (-122.777427620022 49.2896497380996)
105,2024,1707436800000,Theft from Auto,1201-1208 Hornby Street,COQUITLAM,49.2866550467917,-122.776066489662,3746,POINT (-122.776066489662 49.2866550467917)
106,2024,1707523200000,Break & Enter - Business,1121-1136 Brunette Avenue,COQUITLAM,49.2391218635367,-122.860395231737,3747,POINT (-122.860395231737 49.2391218635367)
107,2024,1707523200000,Theft from Auto,1401-1431 King Albert Avenue,COQUITLAM,49.2514255918305,-122.853678132951,3748,POINT (-122.853678132951 49.2514255918305)
108,2024,1707523200000,Theft from Auto,610-621 Smith Avenue,COQUITLAM,49.2602435740016,-122.885407516189,3749,POINT (-122.885407516189 49.2602435740016)
109,2024,1707523200000,Break & Enter - Residence,1515-1550 King Albert Avenue,COQUITLAM,49.25143464225,-122.851598793807,3750,POINT (-122.851598793807 49.25143464225)
110,2024,1707523200000,Theft from Auto,2401-2435 Magellan Court,COQUITLAM,49.2380057241835,-122.824714880586,3751,POINT (-122.824714880586 49.2380057241835)
111,2024,1707523200000,Theft from Auto,3171-3181 Gambier Avenue,COQUITLAM,49.2886540870368,-122.77908887354,3752,POINT (-122.77908887354 49.2886540870368)
112,2024,1707609600000,Break & Enter - Business,3020-3045 Lincoln Avenue,COQUITLAM,49.2791130975686,-122.791972724497,3753,POINT (-122.791972724497 49.2791130975686)
113,2024,1707696000000,Theft from Auto,420-432 Madison Street,COQUITLAM,49.2462842120227,-122.846090425858,3754,POINT (-122.846090425858 49.2462842120227)
114,2024,1707696000000,Theft from Auto,544-545 Sydney Avenue,COQUITLAM,49.2481931859586,-122.889004237344,3755,POINT (-122.889004237344 49.2481931859586)
115,2024,1707696000000,Theft from Auto,770-798 Chilko Drive,COQUITLAM,49.2623964299736,-122.799439169804,3756,POINT (-122.799439169804 49.2623964299736)
116,2024,1707696000000,Theft from Auto,657-659 Whiting Way,COQUITLAM,49.257121820639,-122.891880654671,3757,POINT (-122.891880654671 49.257121820639)
117,2024,1707696000000,Theft from Auto,1100-1183 Pacific Street,COQUITLAM,49.2822751671188,-122.798851096351,3758,POINT (-122.798851096351 49.2822751671188)
118,2024,1707782400000,Theft from Auto,641-655 Schoolhouse Street,COQUITLAM,49.2565858803409,-122.852209770196,3759,POINT (-122.852209770196 49.2565858803409)
119,2024,1707782400000,Theft from Auto,1035-1061 Alderson Avenue,COQUITLAM,49.2397400347265,-122.863684320318,3760,POINT (-122.863684320318 49.2397400347265)
120,2024,1707782400000,Theft from Auto,654-668 Schoolhouse Street,COQUITLAM,49.2573991715822,-122.852180309836,3761,POINT (-122.852180309836 49.2573991715822)
121,2024,1707782400000,Theft from Auto,2502-4200 Dewdney Trunk Road,COQUITLAM,49.2757124716223,-122.822639763469,3762,POINT (-122.822639763469 49.2757124716223)
122,2024,1707955200000,Break & Enter - Residence,814-823 Miller Avenue,COQUITLAM,49.2681978798001,-122.875263340448,3763,POINT (-122.875263340448 49.2681978798001)
123,2024,1707955200000,Theft from Auto,1006-3288 Westwood Street,COQUITLAM,49.2708716765072,-122.790602330101,3764,POINT (-122.790602330101 49.2708716765072)
124,2024,1707955200000,Break & Enter - Business,3100-3150 Windsor Gate,COQUITLAM,49.2797581666801,-122.785014812934,3765,POINT (-122.785014812934 49.2797581666801)
125,2024,1708041600000,Break & Enter - Business,0-0 Thyme Drive,COQUITLAM,49.2474138949295,-122.802876920052,3766,POINT (-122.802876920052 49.2474138949295)
126,2024,1708041600000,Theft from Auto,17-48 Fawcett Road,COQUITLAM,49.224499597798,-122.834167617274,3767,POINT (-122.834167617274 49.224499597798)
127,2024,1708128000000,Theft from Auto,2208-2235 Hartley Avenue,COQUITLAM,49.2259189887022,-122.833359909902,3768,POINT (-122.833359909902 49.2259189887022)
128,2024,1708128000000,Theft from Auto,1720-1768 Hie Avenue,COQUITLAM,49.2362871886153,-122.845657225772,3769,POINT (-122.845657225772 49.2362871886153)
129,2024,1708214400000,Theft from Auto,744-757 Sprice Avenue,COQUITLAM,49.2573784650103,-122.878531992096,3770,POINT (-122.878531992096 49.2573784650103)
130,2024,1708214400000,Theft from Auto,616-629 Vanessa Court,COQUITLAM,49.2595091754228,-122.885680134626,3771,POINT (-122.885680134626 49.2595091754228)
131,2024,1708300800000,Theft from Auto,3200-3226 Mariner Way,COQUITLAM,49.2728714472481,-122.809906260809,3772,POINT (-122.809906260809 49.2728714472481)
132,2024,1708300800000,Theft from Auto,1205-1249 Pinetree Way,COQUITLAM,49.2858313534337,-122.791926705921,3773,POINT (-122.791926705921 49.2858313534337)
133,2024,1708387200000,Theft from Auto,512-539 Cochrane Avenue,COQUITLAM,49.2519967646883,-122.890971306245,3774,POINT (-122.890971306245 49.2519967646883)
134,2024,1708387200000,Theft from Auto,513-533 Brookmere Avenue,COQUITLAM,49.2512171807655,-122.89126681632,3775,POINT (-122.89126681632 49.2512171807655)
135,2024,1708387200000,Theft from Auto,513-533 Brookmere Avenue,COQUITLAM,49.2512171807655,-122.89126681632,3776,POINT (-122.89126681632 49.2512171807655)
136,2024,1708473600000,Theft from Auto,719-735 Porter Street,COQUITLAM,49.2611688564144,-122.863256977015,3777,POINT (-122.863256977015 49.2611688564144)
137,2024,1708473600000,Theft of Auto,1625-1696 Booth Avenue,COQUITLAM,49.2380431308999,-122.847885023605,3778,POINT (-122.847885023605 49.2380431308999)
138,2024,1708473600000,Theft from Auto,803-841 Levis Street,COQUITLAM,49.2647211150237,-122.847853972714,3779,POINT (-122.847853972714 49.2647211150237)
139,2024,1708473600000,Theft from Auto,312-315 Schoolhouse Street,COQUITLAM,49.242048306492,-122.852774303034,3780,POINT (-122.852774303034 49.242048306492)
140,2024,1708473600000,Theft from Auto,990-1005 Lillian Street,COQUITLAM,49.2704541294565,-122.859827135774,3781,POINT (-122.859827135774 49.2704541294565)
141,2024,1708473600000,Theft from Auto,2954-2976 Pheasant Street,COQUITLAM,49.2733317802955,-122.796496704574,3782,POINT (-122.796496704574 49.2733317802955)
142,2024,1708473600000,Break & Enter - Business,500-551 Emerson Street,COQUITLAM,49.2609728924934,-122.888201126756,3783,POINT (-122.888201126756 49.2609728924934)
143,2024,1708560000000,Break & Enter - Business,17-48 Fawcett Road,COQUITLAM,49.224499597798,-122.834167617274,3784,POINT (-122.834167617274 49.224499597798)
144,2024,1708560000000,Theft from Auto,744-757 Sprice Avenue,COQUITLAM,49.2573784650103,-122.878531992096,3785,POINT (-122.878531992096 49.2573784650103)
145,2024,1708646400000,Break & Enter - Business,210-287 Schoolhouse Street,COQUITLAM,49.2378792699565,-122.852507436297,3786,POINT (-122.852507436297 49.2378792699565)
146,2024,1708646400000,Theft from Auto,67-93 Brigantine Drive,COQUITLAM,49.2261317082413,-122.84920694355,3787,POINT (-122.84920694355 49.2261317082413)
147,2024,1708732800000,Theft from Auto,747-798 Poirier Street,COQUITLAM,49.262960455408,-122.846490665275,3788,POINT (-122.846490665275 49.262960455408)
148,2024,1708905600000,Theft from Auto,540-574 Cochrane Avenue,COQUITLAM,49.2519945267119,-122.888564245166,3789,POINT (-122.888564245166 49.2519945267119)
149,2024,1708905600000,Theft from Auto,2900-2915 Norman Avenue,COQUITLAM,49.270927182359,-122.800265439468,3790,POINT (-122.800265439468 49.270927182359)
150,2024,1708905600000,Break & Enter - Residence,622-647 Kemsley Avenue,COQUITLAM,49.2665003813413,-122.885177637149,3791,POINT (-122.885177637149 49.2665003813413)
151,2024,1709078400000,Break & Enter - Business,3020-3045 Lincoln Avenue,COQUITLAM,49.2791130975686,-122.791972724497,3792,POINT (-122.791972724497 49.2791130975686)
152,2024,1709164800000,Theft from Auto,3544-3579 Victoria Drive,COQUITLAM,49.2869631393799,-122.735499875438,3793,POINT (-122.735499875438 49.2869631393799)
153,2024,1709164800000,Theft from Auto,2860-2879 Glen Drive,COQUITLAM,49.2827449489341,-122.802836437362,3794,POINT (-122.802836437362 49.2827449489341)
154,2024,1709337600000,Break & Enter - Business,900-925 Lougheed Highway,COQUITLAM,49.2367641466831,-122.872456854416,3795,POINT (-122.872456854416 49.2367641466831)
155,2024,1709337600000,Theft from Auto,1022-1071 Austin Avenue,COQUITLAM,49.2490028066417,-122.863940671901,3796,POINT (-122.863940671901 49.2490028066417)
156,2024,1709424000000,Theft from Auto,1000-1025 Austin Avenue,COQUITLAM,49.249001855801,-122.866666608771,3797,POINT (-122.866666608771 49.249001855801)
157,2024,1709510400000,Break & Enter - Business,2975-2979 Atlantic Avenue,COQUITLAM,49.2817646402723,-122.796585715072,3798,POINT (-122.796585715072 49.2817646402723)
158,2024,1709510400000,Theft from Auto,65-77 Clipper Street,COQUITLAM,49.2284387831612,-122.852821116341,3799,POINT (-122.852821116341 49.2284387831612)
159,2024,1709596800000,Theft from Auto,800-903 Lillian Street,COQUITLAM,49.2646840191086,-122.86041903495,3800,POINT (-122.86041903495 49.2646840191086)
160,2024,1709596800000,Theft from Auto,709-729 Townley Street,COQUITLAM,49.2612961158496,-122.874372569076,3801,POINT (-122.874372569076 49.2612961158496)
161,2024,1709596800000,Theft from Auto,650-663 Hailey Street,COQUITLAM,49.2566913944989,-122.87027927793,3802,POINT (-122.87027927793 49.2566913944989)
162,2024,1709596800000,Theft from Auto,701-728 Blue Mountain Street,COQUITLAM,49.2607954952441,-122.868855411224,3803,POINT (-122.868855411224 49.2607954952441)
163,2024,1709683200000,Theft from Auto,2237-2240 Brookmount Avenue,COQUITLAM,49.2731640039593,-122.831830087517,3804,POINT (-122.831830087517 49.2731640039593)
164,2024,1709683200000,Break & Enter - Business,241-259 Thrift Street,COQUITLAM,49.2392207825485,-122.876896258466,3805,POINT (-122.876896258466 49.2392207825485)
165,2024,1709769600000,Theft from Auto,1261-1299 Pipeline Road,COQUITLAM,49.29001419404,-122.782536960267,3806,POINT (-122.782536960267 49.29001419404)
166,2024,1709769600000,Break & Enter - Residence,1411-1455 Edwards Street,COQUITLAM,49.2978428456262,-122.719911114517,3807,POINT (-122.719911114517 49.2978428456262)
167,2024,1709769600000,Theft from Auto,3520-3529 Forst Avenue,COQUITLAM,49.2873463189536,-122.738641625245,3808,POINT (-122.738641625245 49.2873463189536)
168,2024,1709769600000,Break & Enter - Business,241-259 Thrift Street,COQUITLAM,49.2392207825485,-122.876896258466,3809,POINT (-122.876896258466 49.2392207825485)
169,2024,1709856000000,Theft from Auto,578-640 Ivy Avenue,COQUITLAM,49.2546927865081,-122.884433442611,3810,POINT (-122.884433442611 49.2546927865081)
170,2024,1709942400000,Theft from Auto,2002-2031 Foster Avenue,COQUITLAM,49.2560446159049,-122.838760895411,3811,POINT (-122.838760895411 49.2560446159049)
171,2024,1709942400000,Break & Enter - Residence,91-101 Mundy Street,COQUITLAM,49.2323072040463,-122.835925420987,3812,POINT (-122.835925420987 49.2323072040463)
172,2024,1709942400000,Break & Enter - Residence,3490-3529 Princeton Avenue,COQUITLAM,49.2969220963057,-122.744280002537,3813,POINT (-122.744280002537 49.2969220963057)
173,2024,1709942400000,Break & Enter - Residence,3050-3099 David Avenue,COQUITLAM,49.2928792434977,-122.783519986275,3814,POINT (-122.783519986275 49.2928792434977)
174,2024,1709942400000,Theft from Auto,3090-3099 Dayanee Springs Boulevard,COQUITLAM,49.2939605607813,-122.785525413573,3815,POINT (-122.785525413573 49.2939605607813)
175,2024,1710028800000,Break & Enter - Business,506-545 Whiting Way,COQUITLAM,49.2496008063307,-122.890444268406,3816,POINT (-122.890444268406 49.2496008063307)
176,2024,1710028800000,Theft from Auto,300-316 Mundy Street,COQUITLAM,49.2398091775602,-122.834205832842,3817,POINT (-122.834205832842 49.2398091775602)
177,2024,1710028800000,Theft from Auto,700-715 Delestre Avenue,COQUITLAM,49.2417169946733,-122.880413040911,3818,POINT (-122.880413040911 49.2417169946733)
178,2024,1710028800000,Break & Enter - Business,655-668 Clarke Road,COQUITLAM,49.2661650697663,-122.884223832323,3819,POINT (-122.884223832323 49.2661650697663)
179,2024,1710028800000,Break & Enter - Residence,1360-1385 Purcell Drive,COQUITLAM,49.295326793227,-122.784522322627,3820,POINT (-122.784522322627 49.295326793227)
180,2024,1710115200000,Break & Enter - Business,900-925 Lougheed Highway,COQUITLAM,49.2367641466831,-122.872456854416,3821,POINT (-122.872456854416 49.2367641466831)
181,2024,1710115200000,Theft from Auto,3302-3330 Hyde Park Place,COQUITLAM,49.2950815440819,-122.765076754512,3822,POINT (-122.765076754512 49.2950815440819)
182,2024,1710115200000,Break & Enter - Business,1220-1249 Pipeline Road,COQUITLAM,49.2868452973025,-122.784136259454,3823,POINT (-122.784136259454 49.2868452973025)
183,2024,1710115200000,Theft from Auto,3530-3559 Archworth Avenue,COQUITLAM,49.2999605568976,-122.737044915055,3824,POINT (-122.737044915055 49.2999605568976)
184,2024,1710115200000,Theft from Auto,500-551 Emerson Street,COQUITLAM,49.2609728924934,-122.888201126756,3825,POINT (-122.888201126756 49.2609728924934)
185,2024,1710115200000,Theft from Auto,3280-3295 Fortune Lane,COQUITLAM,49.2875259828109,-122.761294507573,3826,POINT (-122.761294507573 49.2875259828109)
186,2024,1710201600000,Theft from Auto,2552-2575 Ashurst Avenue,COQUITLAM,49.2426709962351,-122.821155924115,3827,POINT (-122.821155924115 49.2426709962351)
187,2024,1710201600000,Theft from Auto,1750-1900 Brigantine Drive,COQUITLAM,49.2247156933157,-122.843090678074,3828,POINT (-122.843090678074 49.2247156933157)
188,2024,1710288000000,Theft from Auto,640-660 Nicola Avenue,COQUITLAM,49.2691655719555,-122.882771958383,3829,POINT (-122.882771958383 49.2691655719555)
189,2024,1710288000000,Theft from Auto,101-195 Schoolhouse Street,COQUITLAM,49.2347916075454,-122.852547094728,3830,POINT (-122.852547094728 49.2347916075454)
190,2024,1710288000000,Theft from Auto,1300-1324 Ketch Court,COQUITLAM,49.2276096248897,-122.854070360865,3831,POINT (-122.854070360865 49.2276096248897)
191,2024,1710288000000,Theft from Auto,801-827 Gatensbury Street,COQUITLAM,49.2642274931217,-122.857612121599,3832,POINT (-122.857612121599 49.2642274931217)
192,2024,1710288000000,Theft from Auto,908-958 Lillian Street,COQUITLAM,49.2671081679448,-122.860331283026,3833,POINT (-122.860331283026 49.2671081679448)
193,2024,1710288000000,Theft from Auto,3136-3161 Compass Court,COQUITLAM,49.2703017845022,-122.810984530466,3834,POINT (-122.810984530466 49.2703017845022)
194,2024,1710374400000,Theft from Auto,1700-1890 Foster Avenue,COQUITLAM,49.2560815683363,-122.843476752095,3835,POINT (-122.843476752095 49.2560815683363)
195,2024,1710374400000,Break & Enter - Business,88-98 Brigantine Drive,COQUITLAM,49.2279265603779,-122.84881847554,3836,POINT (-122.84881847554 49.2279265603779)
196,2024,1710374400000,Theft from Auto,1700-1890 Foster Avenue,COQUITLAM,49.2560815683363,-122.843476752095,3837,POINT (-122.843476752095 49.2560815683363)
197,2024,1710460800000,Theft from Auto,1110-1120 Brunette Avenue,COQUITLAM,49.2388951526193,-122.861660624174,3838,POINT (-122.861660624174 49.2388951526193)
198,2024,1710460800000,Theft from Auto,924-946 Brunette Avenue,COQUITLAM,49.2370416370542,-122.870600939215,3839,POINT (-122.870600939215 49.2370416370542)
199,2024,1710460800000,Theft from Auto,667-678 Newport Street,COQUITLAM,49.2582365735916,-122.845171058568,3840,POINT (-122.845171058568 49.2582365735916)
200,2024,1710547200000,Break & Enter - Residence,520-540 Gatensbury Street,COQUITLAM,49.2509609373288,-122.857959824861,3841,POINT (-122.857959824861 49.2509609373288)
201,2024,1710547200000,Theft from Auto,3280-3295 Fortune Lane,COQUITLAM,49.2875259828109,-122.761294507573,3842,POINT (-122.761294507573 49.2875259828109)
202,2024,1710547200000,Break & Enter - Business,900-925 Lougheed Highway,COQUITLAM,49.2367641466831,-122.872456854416,3843,POINT (-122.872456854416 49.2367641466831)
203,2024,1710633600000,Theft from Auto,900-925 Lougheed Highway,COQUITLAM,49.2367641466831,-122.872456854416,3844,POINT (-122.872456854416 49.2367641466831)
204,2024,1710633600000,Theft from Auto,1000-1029 Delestre Avenue,COQUITLAM,49.2417370461553,-122.866390041007,3845,POINT (-122.866390041007 49.2417370461553)
205,2024,1710633600000,Theft from Auto,1035-1069 Dansey Avenue,COQUITLAM,49.2471408217398,-122.863601731251,3846,POINT (-122.863601731251 49.2471408217398)
206,2024,1710720000000,Break & Enter - Residence,1290-1319 Mitchell Street,COQUITLAM,49.2898491738783,-122.740482173954,3847,POINT (-122.740482173954 49.2898491738783)
207,2024,1710720000000,Theft from Auto,550-578 Emerson Street,COQUITLAM,49.2617620551709,-122.887075990407,3848,POINT (-122.887075990407 49.2617620551709)
208,2024,1710806400000,Break & Enter - Residence,1100-1133 Kensal Place,COQUITLAM,49.2791412404403,-122.784305410323,3849,POINT (-122.784305410323 49.2791412404403)
209,2024,1710806400000,Theft from Auto,838-1015 Porter Street,COQUITLAM,49.2676236271796,-122.863072520898,3850,POINT (-122.863072520898 49.2676236271796)
210,2024,1710806400000,Theft from Auto,1189-1200 Eastwood Street,COQUITLAM,49.2840443579961,-122.787960155998,3851,POINT (-122.787960155998 49.2840443579961)
211,2024,1710892800000,Theft from Auto,540-574 Cochrane Avenue,COQUITLAM,49.2519945267119,-122.888564245166,3852,POINT (-122.888564245166 49.2519945267119)
212,2024,1710892800000,Break & Enter - Business,0-0 Thyme Drive,COQUITLAM,49.2474138949295,-122.802876920052,3853,POINT (-122.802876920052 49.2474138949295)
213,2024,1710892800000,Break & Enter - Business,2960-2979 Christmas Way,COQUITLAM,49.2746923768945,-122.795906531437,3854,POINT (-122.795906531437 49.2746923768945)
214,2024,1710892800000,Theft from Auto,2208-2269 Sorrento Drive,COQUITLAM,49.2380446621806,-122.831164286807,3855,POINT (-122.831164286807 49.2380446621806)
215,2024,1710979200000,Break & Enter - Business,0-0 Thyme Drive,COQUITLAM,49.2474138949295,-122.802876920052,3856,POINT (-122.802876920052 49.2474138949295)
216,2024,1710979200000,Theft from Auto,451-499 Marmont Street,COQUITLAM,49.2493449626457,-122.862199555889,3857,POINT (-122.862199555889 49.2493449626457)
217,2024,1710979200000,Break & Enter - Residence,828-834 Alama Avenue,COQUITLAM,49.246065428836,-122.874600564819,3858,POINT (-122.874600564819 49.246065428836)
218,2024,1710979200000,Theft from Auto,3470-3525 Danielson Drive,COQUITLAM,49.3019936459236,-122.748221986389,3859,POINT (-122.748221986389 49.3019936459236)
219,2024,1710979200000,Break & Enter - Business,201-204 Cayer Street,COQUITLAM,49.2361893184459,-122.846722106346,3860,POINT (-122.846722106346 49.2361893184459)
220,2024,1711065600000,Theft from Auto,3061-3081 Glen Drive,COQUITLAM,49.2826667415661,-122.789213548265,3861,POINT (-122.789213548265 49.2826667415661)
221,2024,1711238400000,Break & Enter - Residence,3001-3027 Firbrook Place,COQUITLAM,49.2667269288555,-122.793633743541,3862,POINT (-122.793633743541 49.2667269288555)
222,2024,1711324800000,Break & Enter - Business,646-739 Como Lake Avenue,COQUITLAM,49.2635325053775,-122.881781177703,3863,POINT (-122.881781177703 49.2635325053775)
223,2024,1711324800000,Theft of Auto,11-25 King Edward Street,COQUITLAM,49.2324493710326,-122.86161577216,3864,POINT (-122.86161577216 49.2324493710326)
224,2024,1711324800000,Theft from Auto,881-940 Spence Avenue,COQUITLAM,49.2655414793172,-122.872708574978,3865,POINT (-122.872708574978 49.2655414793172)
225,2024,1711324800000,Break & Enter - Residence,1420-1432 Sandstone Crescent,COQUITLAM,49.2987185881536,-122.820510161208,3866,POINT (-122.820510161208 49.2987185881536)
226,2024,1711324800000,Break & Enter - Business,1450-1950 Hartley Avenue,COQUITLAM,49.2266146604598,-122.844652097066,3867,POINT (-122.844652097066 49.2266146604598)
227,2024,1711324800000,Break & Enter - Business,0-0 Thyme Drive,COQUITLAM,49.2474138949295,-122.802876920052,3868,POINT (-122.802876920052 49.2474138949295)
228,2024,1711324800000,Theft of Auto,11-25 King Edward Street,COQUITLAM,49.2324493710326,-122.86161577216,3869,POINT (-122.86161577216 49.2324493710326)
229,2024,1711324800000,Break & Enter - Residence,1420-1432 Sandstone Crescent,COQUITLAM,49.2987185881536,-122.820510161208,3870,POINT (-122.820510161208 49.2987185881536)
230,2024,1711411200000,Theft from Auto,3065-3091 Lazy A Street,COQUITLAM,49.2668988749184,-122.806792496941,3871,POINT (-122.806792496941 49.2668988749184)
231,2024,1711411200000,Break & Enter - Business,800-831 Brunette Avenue,COQUITLAM,49.2358764179427,-122.874439354163,3872,POINT (-122.874439354163 49.2358764179427)
232,2024,1711411200000,Theft from Auto,0-68 Schooner Street,COQUITLAM,49.2253533351108,-122.840384747391,3873,POINT (-122.840384747391 49.2253533351108)
233,2024,1711411200000,Theft from Auto,964-1007 Ranch Park Way,COQUITLAM,49.2691980091037,-122.803226032902,3874,POINT (-122.803226032902 49.2691980091037)
234,2024,1711411200000,Theft from Auto,2874-2896 Norman Avenue,COQUITLAM,49.2708422735058,-122.802187066653,3875,POINT (-122.802187066653 49.2708422735058)
235,2024,1711411200000,Break & Enter - Business,565-589 Clarke Road,COQUITLAM,49.2626278918917,-122.88873525692,3876,POINT (-122.88873525692 49.2626278918917)
236,2024,1711497600000,Theft from Auto,916-927 Grant Street,COQUITLAM,49.269579013481,-122.876897869487,3877,POINT (-122.876897869487 49.269579013481)
237,2024,1711497600000,Theft of Auto,964-1007 Ranch Park Way,COQUITLAM,49.2691980091037,-122.803226032902,3878,POINT (-122.803226032902 49.2691980091037)
238,2024,1711497600000,Theft from Auto,3050-3099 David Avenue,COQUITLAM,49.2928792434977,-122.783519986275,3879,POINT (-122.783519986275 49.2928792434977)
239,2024,1711584000000,Break & Enter - Business,0-0 Thyme Drive,COQUITLAM,49.2474138949295,-122.802876920052,3880,POINT (-122.802876920052 49.2474138949295)
240,2024,1711584000000,Theft of Auto,564-588 Gatensbury Street,COQUITLAM,49.2532621061706,-122.857896631082,3881,POINT (-122.857896631082 49.2532621061706)
241,2024,1711584000000,Break & Enter - Business,0-0 Thyme Drive,COQUITLAM,49.2474138949295,-122.802876920052,3882,POINT (-122.802876920052 49.2474138949295)
242,2024,1711584000000,Break & Enter - Residence,2939-2950 Meadowvista Place,COQUITLAM,49.2979959619469,-122.796547272869,3883,POINT (-122.796547272869 49.2979959619469)
243,2024,1711756800000,Break & Enter - Residence,203-221 Mundy Street,COQUITLAM,49.2362900711691,-122.834135902494,3884,POINT (-122.834135902494 49.2362900711691)
244,2024,1711843200000,Theft from Auto,2331-2383 Dawes Hill Road,COQUITLAM,49.2371202831232,-122.82887759418,3885,POINT (-122.82887759418 49.2371202831232)
245,2024,1711843200000,Theft from Auto,1240-1249 Hudson Street,COQUITLAM,49.2871433536214,-122.80272444603,3886,POINT (-122.80272444603 49.2871433536214)
246,2024,1711843200000,Theft from Auto,1150-1175 Johnson Street,COQUITLAM,49.2814244393726,-122.801715590457,3887,POINT (-122.801715590457 49.2814244393726)
247,2024,1711843200000,Theft from Auto,1148-1156 Durant Drive,COQUITLAM,49.2874006077862,-122.799773308012,3888,POINT (-122.799773308012 49.2874006077862)
248,2024,1711929600000,Theft from Auto,1200-1239 Hudson Street,COQUITLAM,49.2862996646163,-122.802749198528,3889,POINT (-122.802749198528 49.2862996646163)
249,2024,1711929600000,Break & Enter - Business,0-3000 Lougheed Highway,COQUITLAM,49.2752140098018,-122.794554250175,3890,POINT (-122.794554250175 49.2752140098018)
250,2024,1711929600000,Theft from Auto,2860-2885 Packard Avenue,COQUITLAM,49.2799835231606,-122.802914375371,3891,POINT (-122.802914375371 49.2799835231606)
251,2024,1711929600000,Theft from Auto,216-236 McBay Lane,COQUITLAM,49.2392295388611,-122.866726994048,3892,POINT (-122.866726994048 49.2392295388611)
252,2024,1711929600000,Theft from Auto,202-236 Lebleu Street,COQUITLAM,49.2384646288653,-122.867533518431,3893,POINT (-122.867533518431 49.2384646288653)
253,2024,1711929600000,Theft from Auto,565-589 Clarke Road,COQUITLAM,49.2626278918917,-122.88873525692,3894,POINT (-122.88873525692 49.2626278918917)
254,2024,1711929600000,Theft from Auto,17-48 Fawcett Road,COQUITLAM,49.224499597798,-122.834167617274,3895,POINT (-122.834167617274 49.224499597798)
255,2024,1712016000000,Theft from Auto,647-730 Ivy Avenue,COQUITLAM,49.2546769540147,-122.881403758683,3896,POINT (-122.881403758683 49.2546769540147)
256,2024,1712016000000,Theft from Auto,601-615 Denton Street,COQUITLAM,49.2541637827186,-122.887219454825,3897,POINT (-122.887219454825 49.2541637827186)
257,2024,1712016000000,Theft from Auto,814-976 MacIntosh Street,COQUITLAM,49.2667375222083,-122.865883554773,3898,POINT (-122.865883554773 49.2667375222083)
258,2024,1712016000000,Theft from Auto,600-619 Robinson Street,COQUITLAM,49.2541749306338,-122.879895275132,3899,POINT (-122.879895275132 49.2541749306338)
259,2024,1712016000000,Theft from Auto,744-752 Guiltner Street,COQUITLAM,49.2628640194151,-122.878464516027,3900,POINT (-122.878464516027 49.2628640194151)
260,2024,1712102400000,Theft from Auto,3544-3579 Victoria Drive,COQUITLAM,49.2869631393799,-122.735499875438,3901,POINT (-122.735499875438 49.2869631393799)
261,2024,1712102400000,Theft from Auto,1176-2668 Eagleridge Drive,COQUITLAM,49.2799842409855,-122.813172547219,3902,POINT (-122.813172547219 49.2799842409855)
262,2024,1712188800000,Theft from Auto,646-680 Thompson Avenue,COQUITLAM,49.2684380658497,-122.882119591062,3903,POINT (-122.882119591062 49.2684380658497)
263,2024,1712188800000,Theft from Auto,2950-2978 Glen Drive,COQUITLAM,49.2827270512264,-122.797400829648,3904,POINT (-122.797400829648 49.2827270512264)
264,2024,1712188800000,Theft from Auto,3165-3176 Dunkirk Avenue,COQUITLAM,49.2875390243202,-122.779360557626,3905,POINT (-122.779360557626 49.2875390243202)
265,2024,1712188800000,Theft from Auto,3100-3150 Windsor Gate,COQUITLAM,49.2797581666801,-122.785014812934,3906,POINT (-122.785014812934 49.2797581666801)
266,2024,1712275200000,Theft from Auto,248-282 Montgomery Street,COQUITLAM,49.2383196184078,-122.839670921009,3907,POINT (-122.839670921009 49.2383196184078)
267,2024,1712275200000,Theft from Auto,0-0 Northern Avenue,COQUITLAM,49.2808130529281,-122.796588035525,3908,POINT (-122.796588035525 49.2808130529281)
268,2024,1712361600000,Break & Enter - Business,2975-2979 Atlantic Avenue,COQUITLAM,49.2817646402723,-122.796585715072,3909,POINT (-122.796585715072 49.2817646402723)
269,2024,1712448000000,Break & Enter - Business,1967-2055 Como Lake Avenue,COQUITLAM,49.2633406668306,-122.837760421775,3910,POINT (-122.837760421775 49.2633406668306)
270,2024,1712448000000,Theft from Auto,412-439 Schoolhouse Street,COQUITLAM,49.2466830284887,-122.852461828909,3911,POINT (-122.852461828909 49.2466830284887)
271,2024,1712534400000,Theft from Auto,1425-1485 El Camino Drive,COQUITLAM,49.2980039605545,-122.77659547802,3912,POINT (-122.77659547802 49.2980039605545)
272,2024,1712534400000,Break & Enter - Residence,2900-2915 Norman Avenue,COQUITLAM,49.270927182359,-122.800265439468,3913,POINT (-122.800265439468 49.270927182359)
273,2024,1712534400000,Break & Enter - Business,2975-2979 Atlantic Avenue,COQUITLAM,49.2817646402723,-122.796585715072,3914,POINT (-122.796585715072 49.2817646402723)
274,2024,1712620800000,Break & Enter - Business,608-621 Cottonwood Avenue,COQUITLAM,49.2587935633341,-122.885600830824,3915,POINT (-122.885600830824 49.2587935633341)
275,2024,1712707200000,Break & Enter - Residence,801-829 Smith Avenue,COQUITLAM,49.2599760354584,-122.87573096204,3916,POINT (-122.87573096204 49.2599760354584)
276,2024,1712707200000,Theft from Auto,1150-1154 The High Street,COQUITLAM,49.2812678466308,-122.796097800504,3917,POINT (-122.796097800504 49.2812678466308)
277,2024,1712707200000,Theft from Auto,1080-1091 Dolphin Street,COQUITLAM,49.2748542377408,-122.808666766227,3918,POINT (-122.808666766227 49.2748542377408)
278,2024,1712793600000,Theft from Auto,2950-2978 Glen Drive,COQUITLAM,49.2827270512264,-122.797400829648,3919,POINT (-122.797400829648 49.2827270512264)
279,2024,1712793600000,Theft from Auto,2975-3009 Glen Drive,COQUITLAM,49.2826851281598,-122.794440767269,3920,POINT (-122.794440767269 49.2826851281598)
280,2024,1712793600000,Theft from Auto,657-659 Whiting Way,COQUITLAM,49.257121820639,-122.891880654671,3921,POINT (-122.891880654671 49.257121820639)
281,2024,1712793600000,Break & Enter - Business,2975-3009 Glen Drive,COQUITLAM,49.2826851281598,-122.794440767269,3922,POINT (-122.794440767269 49.2826851281598)
282,2024,1712880000000,Break & Enter - Business,65-77 Clipper Street,COQUITLAM,49.2284387831612,-122.852821116341,3923,POINT (-122.852821116341 49.2284387831612)
283,2024,1712880000000,Break & Enter - Business,1646-1699 Austin Avenue,COQUITLAM,49.2489984140553,-122.846935827778,3924,POINT (-122.846935827778 49.2489984140553)
284,2024,1712880000000,Theft from Auto,575-607 Alderson Avenue,COQUITLAM,49.2398263109966,-122.886514395635,3925,POINT (-122.886514395635 49.2398263109966)
285,2024,1712966400000,Break & Enter - Business,0-0 Thyme Drive,COQUITLAM,49.2474138949295,-122.802876920052,3926,POINT (-122.802876920052 49.2474138949295)
286,2024,1712966400000,Break & Enter - Business,55-98 Fawcett Road,COQUITLAM,49.2276378969003,-122.834221814904,3927,POINT (-122.834221814904 49.2276378969003)
287,2024,1712966400000,Break & Enter - Business,0-0 Thyme Drive,COQUITLAM,49.2474138949295,-122.802876920052,3928,POINT (-122.802876920052 49.2474138949295)
288,2024,1712966400000,Theft from Auto,2560-2568 Runnel Drive,COQUITLAM,49.2788662674732,-122.819331985614,3929,POINT (-122.819331985614 49.2788662674732)
289,2024,1713139200000,Theft from Auto,17-48 Fawcett Road,COQUITLAM,49.224499597798,-122.834167617274,3930,POINT (-122.834167617274 49.224499597798)
290,2024,1713139200000,Theft from Auto,359-362 Laval Street,COQUITLAM,49.2447633245234,-122.85730699972,3931,POINT (-122.85730699972 49.2447633245234)
291,2024,1713139200000,Theft from Auto,420-432 Madison Street,COQUITLAM,49.2462842120227,-122.846090425858,3932,POINT (-122.846090425858 49.2462842120227)
292,2024,1713139200000,Theft from Auto,1812-1824 McKinnon Street,COQUITLAM,49.2365310320738,-122.84133060078,3933,POINT (-122.84133060078 49.2365310320738)
293,2024,1713139200000,Theft from Auto,515-524 Como Lake Avenue,COQUITLAM,49.2630366190739,-122.891002582438,3934,POINT (-122.891002582438 49.2630366190739)
294,2024,1713139200000,Theft from Auto,544-545 Sydney Avenue,COQUITLAM,49.2481931859586,-122.889004237344,3935,POINT (-122.889004237344 49.2481931859586)
295,2024,1713139200000,Theft from Auto,3601-3795 Lincoln Avenue,COQUITLAM,49.2785333921941,-122.721934963833,3936,POINT (-122.721934963833 49.2785333921941)
296,2024,1713139200000,Break & Enter - Residence,2960-2979 Burlington Drive,COQUITLAM,49.2842898215143,-122.796992560485,3937,POINT (-122.796992560485 49.2842898215143)
297,2024,1713225600000,Theft from Auto,2917-2926 Delahaye Drive,COQUITLAM,49.2931231619278,-122.799871700841,3938,POINT (-122.799871700841 49.2931231619278)
298,2024,1713225600000,Theft from Auto,2820-2888 Nash Drive,COQUITLAM,49.2864922223854,-122.806430141044,3939,POINT (-122.806430141044 49.2864922223854)
299,2024,1713225600000,Theft from Auto,1290-1308 Sherman Street,COQUITLAM,49.2914681520363,-122.797709914082,3940,POINT (-122.797709914082 49.2914681520363)
300,2024,1713225600000,Theft from Auto,2630-2668 Delahaye Drive,COQUITLAM,49.2925556505653,-122.804134881004,3941,POINT (-122.804134881004 49.2925556505653)
301,2024,1713225600000,Theft from Auto,3481-3495 Chandler Street,COQUITLAM,49.2982743485836,-122.744376309618,3942,POINT (-122.744376309618 49.2982743485836)
302,2024,1713312000000,Break & Enter - Residence,1495-1516 Martin Street,COQUITLAM,49.3061936772646,-122.761318292259,3943,POINT (-122.761318292259 49.3061936772646)
303,2024,1713312000000,Theft of Auto,2950-2978 Glen Drive,COQUITLAM,49.2827270512264,-122.797400829648,3944,POINT (-122.797400829648 49.2827270512264)
304,2024,1713312000000,Break & Enter - Business,65-77 Clipper Street,COQUITLAM,49.2284387831612,-122.852821116341,3945,POINT (-122.852821116341 49.2284387831612)
305,2024,1713398400000,Theft from Auto,2888-2899 Morton Place,COQUITLAM,49.2555680386676,-122.806687506942,3946,POINT (-122.806687506942 49.2555680386676)
306,2024,1713484800000,Theft from Auto,1184-1199 Inlet Street,COQUITLAM,49.2854977623187,-122.783207814854,3947,POINT (-122.783207814854 49.2854977623187)
307,2024,1713484800000,Theft from Auto,960-1095 Lougheed Highway,COQUITLAM,49.2353979396206,-122.8658125428,3948,POINT (-122.8658125428 49.2353979396206)
308,2024,1713484800000,Break & Enter - Business,525-568 Clarke Road,COQUITLAM,49.2610260627393,-122.890769351682,3949,POINT (-122.890769351682 49.2610260627393)
309,2024,1713484800000,Theft from Auto,651-678 Florence Street,COQUITLAM,49.2574473481394,-122.88145312761,3950,POINT (-122.88145312761 49.2574473481394)
310,2024,1713571200000,Break & Enter - Business,1022-1071 Austin Avenue,COQUITLAM,49.2490028066417,-122.863940671901,3951,POINT (-122.863940671901 49.2490028066417)
311,2024,1713571200000,Break & Enter - Business,451-499 Marmont Street,COQUITLAM,49.2493449626457,-122.862199555889,3952,POINT (-122.862199555889 49.2493449626457)
312,2024,1713571200000,Theft from Auto,3300-3369 Watkins Avenue,COQUITLAM,49.2993664039594,-122.759915714778,3953,POINT (-122.759915714778 49.2993664039594)
313,2024,1713571200000,Break & Enter - Business,1220-1400 Seguin Drive,COQUITLAM,49.2342933171934,-122.85602817544,3954,POINT (-122.85602817544 49.2342933171934)
314,2024,1713571200000,Theft from Auto,1013-1020 Hibbard Avenue,COQUITLAM,49.2643193381689,-122.86528872841,3955,POINT (-122.86528872841 49.2643193381689)
315,2024,1713571200000,Break & Enter - Business,1000-1025 Austin Avenue,COQUITLAM,49.249001855801,-122.866666608771,3956,POINT (-122.866666608771 49.249001855801)
316,2024,1713744000000,Theft from Auto,3100-3135 Ozada Avenue,COQUITLAM,49.2857528233446,-122.783926801421,3957,POINT (-122.783926801421 49.2857528233446)
317,2024,1713744000000,Theft from Auto,1580-1693 Plateau Crescent,COQUITLAM,49.3042065850262,-122.794070204858,3958,POINT (-122.794070204858 49.3042065850262)
318,2024,1713744000000,Theft from Auto,3150-3181 Tory Avenue,COQUITLAM,49.2893777127957,-122.779884026013,3959,POINT (-122.779884026013 49.2893777127957)
319,2024,1713744000000,Theft of Auto,417-450 Westview Street,COQUITLAM,49.2475786365074,-122.88967052096,3960,POINT (-122.88967052096 49.2475786365074)
320,2024,1713830400000,Theft from Auto,3001-3028 Maplebrook Place,COQUITLAM,49.2660802294387,-122.794172379809,3961,POINT (-122.794172379809 49.2660802294387)
321,2024,1713830400000,Theft from Auto,1750-1900 Brigantine Drive,COQUITLAM,49.2247156933157,-122.843090678074,3962,POINT (-122.843090678074 49.2247156933157)
322,2024,1713916800000,Theft of Auto,800-813 Miller Avenue,COQUITLAM,49.2682030036173,-122.876306397933,3963,POINT (-122.876306397933 49.2682030036173)
323,2024,1713916800000,Theft from Auto,1123-1135 Westwood Street,COQUITLAM,49.2793968124758,-122.790471674987,3964,POINT (-122.790471674987 49.2793968124758)
324,2024,1713916800000,Theft from Auto,3020-3045 Lincoln Avenue,COQUITLAM,49.2791130975686,-122.791972724497,3965,POINT (-122.791972724497 49.2791130975686)
325,2024,1714176000000,Theft from Auto,1281-1300 Oxford Street,COQUITLAM,49.2907358177713,-122.763160401485,3966,POINT (-122.763160401485 49.2907358177713)
326,2024,1714176000000,Theft from Auto,1145-1178 Heffley Crescent,COQUITLAM,49.2808725267698,-122.791485278086,3967,POINT (-122.791485278086 49.2808725267698)
327,2024,1714176000000,Theft from Auto,3350-3405 Plateau Boulevard,COQUITLAM,49.3192705537248,-122.791774600801,3968,POINT (-122.791774600801 49.3192705537248)
328,2024,1714176000000,Theft from Auto,0-3251 Chartwell Lane,COQUITLAM,49.3146591721785,-122.78586758385,3969,POINT (-122.78586758385 49.3146591721785)
329,2024,1714262400000,Break & Enter - Business,0-0 Thyme Drive,COQUITLAM,49.2474138949295,-122.802876920052,3970,POINT (-122.802876920052 49.2474138949295)
330,2024,1714262400000,Theft from Auto,3281-3292 Wellington Court,COQUITLAM,49.2883947764252,-122.761304346591,3971,POINT (-122.761304346591 49.2883947764252)
331,2024,1714262400000,Theft from Auto,1917-1987 Wiltshire Avenue,COQUITLAM,49.2349044847129,-122.84128016158,3972,POINT (-122.84128016158 49.2349044847129)
332,2024,1714348800000,Theft from Auto,102-138 Croteau Court,COQUITLAM,49.2335899812714,-122.843397776441,3973,POINT (-122.843397776441 49.2335899812714)
333,2024,1714348800000,Break & Enter - Business,55-98 Fawcett Road,COQUITLAM,49.2276378969003,-122.834221814904,3974,POINT (-122.834221814904 49.2276378969003)
334,2024,1714348800000,Theft from Auto,408-417 Donald Street,COQUITLAM,49.2458442329186,-122.881916826585,3975,POINT (-122.881916826585 49.2458442329186)
335,2024,1714435200000,Theft of Auto,50-99 Schooner Street,COQUITLAM,49.227108640023,-122.83996935061,3976,POINT (-122.83996935061 49.227108640023)
336,2024,1714435200000,Theft from Auto,360-365 Mundy Street,COQUITLAM,49.2424262353956,-122.834238352022,3977,POINT (-122.834238352022 49.2424262353956)
337,2024,1714435200000,Theft from Auto,1400-1420 Collins Road,COQUITLAM,49.2989386082779,-122.761460387934,3978,POINT (-122.761460387934 49.2989386082779)
338,2024,1714435200000,Theft from Auto,102-138 Croteau Court,COQUITLAM,49.2335899812714,-122.843397776441,3979,POINT (-122.843397776441 49.2335899812714)
1,2024,1714694400000,Break & Enter - Business,109-200 Blue Mountain Street,Coquitlam,49.2360301469349,-122.873133618592,3980,POINT (-122.873133618592 49.2360301469349)
2,2024,1715817600000,Theft from Auto,1461-1498 Lansdowne Drive,Coquitlam,49.2961037241662,-122.812407504892,3981,POINT (-122.812407504892 49.2961037241662)
3,2024,1714694400000,Theft from Auto,2664-2675 Stellar Court,Coquitlam,49.2806820162153,-122.813469014532,3982,POINT (-122.813469014532 49.2806820162153)
4,2024,1717459200000,Theft from Auto,300-325 Decaire Street,Coquitlam,49.241751302051,-122.850546261032,3983,POINT (-122.850546261032 49.241751302051)
5,2024,1717200000000,Theft from Auto,954-999 Cherrybrook Place,Coquitlam,49.267406780168,-122.79202573477,3984,POINT (-122.79202573477 49.267406780168)
6,2024,1714694400000,Theft from Auto,600-603 Como Lake Avenue,Coquitlam,49.2632390211449,-122.887448903522,3985,POINT (-122.887448903522 49.2632390211449)
7,2024,1717804800000,Theft from Auto,11-25 King Edward Street,Coquitlam,49.2324493710326,-122.86161577216,3986,POINT (-122.86161577216 49.2324493710326)
8,2024,1716768000000,Theft from Auto,2870-2888 Keets Drive,Coquitlam,49.2604654749951,-122.802173016975,3987,POINT (-122.802173016975 49.2604654749951)
9,2024,1717804800000,Theft from Auto,817-835 Porter Street,Coquitlam,49.2648306454631,-122.863170198724,3988,POINT (-122.863170198724 49.2648306454631)
10,2024,1714608000000,Theft of Auto,1128-1159 Devon Street,Coquitlam,49.2797381077873,-122.728685341051,3989,POINT (-122.728685341051 49.2797381077873)
11,2024,1715472000000,Theft from Auto,440-450 Guilby Street,Coquitlam,49.2486053775061,-122.885429497862,3990,POINT (-122.885429497862 49.2486053775061)
12,2024,1716940800000,Theft from Auto,3349-3363 Scotch Pine Avenue,Coquitlam,49.3045500697603,-122.759323464045,3991,POINT (-122.759323464045 49.3045500697603)
13,2024,1717459200000,Theft from Auto,515-524 Como Lake Avenue,Coquitlam,49.2630366190739,-122.891002582438,3992,POINT (-122.891002582438 49.2630366190739)
14,2024,1717632000000,Theft of Auto,978-1015 MacIntosh Street,Coquitlam,49.2693906330583,-122.865778878245,3993,POINT (-122.865778878245 49.2693906330583)
15,2024,1717200000000,Theft from Auto,514-539 Foster Avenue,Coquitlam,49.256797545894,-122.890784901772,3994,POINT (-122.890784901772 49.256797545894)
16,2024,1716422400000,Theft from Auto,1951-2099 Cape Horn Avenue,Coquitlam,49.2311773548376,-122.839208976728,3995,POINT (-122.839208976728 49.2311773548376)
17,2024,1717545600000,Theft from Auto,3141-3171 Sechelt Drive,Coquitlam,49.2853046735285,-122.781880521719,3996,POINT (-122.781880521719 49.2853046735285)
18,2024,1716249600000,Theft from Auto,1900-1939 Brunette Avenue,Coquitlam,49.2322229157748,-122.841194365222,3997,POINT (-122.841194365222 49.2322229157748)
19,2024,1716249600000,Theft from Auto,2975-3009 Glen Drive,Coquitlam,49.2826851281598,-122.794440767269,3998,POINT (-122.794440767269 49.2826851281598)
20,2024,1716336000000,Theft from Auto,312-315 Schoolhouse Street,Coquitlam,49.242048306492,-122.852774303034,3999,POINT (-122.852774303034 49.242048306492)
21,2024,1717372800000,Theft from Auto,1206-1217 Como Lake Avenue,Coquitlam,49.2634924581039,-122.858256662874,4000,POINT (-122.858256662874 49.2634924581039)
22,2024,1714780800000,Theft from Auto,2700-2745 Barnet Highway,Coquitlam,49.2778616259942,-122.810408025974,4001,POINT (-122.810408025974 49.2778616259942)
23,2024,1715299200000,Theft from Auto,2020-2031 Arbury Avenue,Coquitlam,49.2591899753707,-122.837752404455,4002,POINT (-122.837752404455 49.2591899753707)
24,2024,1717286400000,Break & Enter - Business,55-98 Fawcett Road,Coquitlam,49.2276378969003,-122.834221814904,4003,POINT (-122.834221814904 49.2276378969003)
25,2024,1717718400000,Theft from Auto,2900-2915 Norman Avenue,Coquitlam,49.270927182359,-122.800265439468,4004,POINT (-122.800265439468 49.270927182359)
26,2024,1717286400000,Break & Enter - Business,2950-2978 Glen Drive,Coquitlam,49.2827270512264,-122.797400829648,4005,POINT (-122.797400829648 49.2827270512264)
27,2024,1717113600000,Theft of Auto,2800-2885 Barnet Highway,Coquitlam,49.2773746474218,-122.802425367246,4006,POINT (-122.802425367246 49.2773746474218)
28,2024,1715040000000,Theft from Auto,1189-1200 Eastwood Street,Coquitlam,49.2840443579961,-122.787960155998,4007,POINT (-122.787960155998 49.2840443579961)
29,2024,1716768000000,Theft from Auto,1040-1064 Hoy Street,Coquitlam,49.2711434848069,-122.796975696738,4008,POINT (-122.796975696738 49.2711434848069)
30,2024,1715558400000,Theft from Auto,964-1007 Ranch Park Way,Coquitlam,49.2691980091037,-122.803226032902,4009,POINT (-122.803226032902 49.2691980091037)
31,2024,1717286400000,Theft from Auto,680-687 Keneng Court,Coquitlam,49.2589215052211,-122.855162489596,4010,POINT (-122.855162489596 49.2589215052211)
32,2024,1715385600000,Theft from Auto,417-450 Westview Street,Coquitlam,49.2475786365074,-122.88967052096,4011,POINT (-122.88967052096 49.2475786365074)
33,2024,1715040000000,Theft from Auto,1900-1963 Como Lake Avenue,Coquitlam,49.2633532318457,-122.839468063616,4012,POINT (-122.839468063616 49.2633532318457)
34,2024,1715212800000,Theft from Auto,1516-1698 Smith Avenue,Coquitlam,49.259770757407,-122.849312818525,4013,POINT (-122.849312818525 49.259770757407)
35,2024,1715126400000,Theft from Auto,1189-1200 Eastwood Street,Coquitlam,49.2840443579961,-122.787960155998,4014,POINT (-122.787960155998 49.2840443579961)
36,2024,1716681600000,Theft from Auto,1570-1663 Charland Avenue,Coquitlam,49.2482183667998,-122.847827502517,4015,POINT (-122.847827502517 49.2482183667998)
37,2024,1716768000000,Break & Enter - Business,630-659 Whiting Way,Coquitlam,49.256191927423,-122.891951842493,4016,POINT (-122.891951842493 49.256191927423)
38,2024,1715040000000,Theft from Auto,519-540 Marmont Street,Coquitlam,49.2509866086217,-122.862205195204,4017,POINT (-122.862205195204 49.2509866086217)
39,2024,1714694400000,Theft from Auto,2986-3019 Guildford Way,Coquitlam,49.2849216743996,-122.793394249961,4018,POINT (-122.793394249961 49.2849216743996)
40,2024,1715558400000,Theft of Auto,900-959 Sherwood Avenue,Coquitlam,49.2358461375926,-122.87122338431,4019,POINT (-122.87122338431 49.2358461375926)
41,2024,1717632000000,Theft from Auto,1945-1966 Hillside Avenue,Coquitlam,49.2329294610111,-122.841133156637,4020,POINT (-122.841133156637 49.2329294610111)
42,2024,1714608000000,Theft from Auto,2372-2386 Mariana Place,Coquitlam,49.2360100442237,-122.826332703012,4021,POINT (-122.826332703012 49.2360100442237)
43,2024,1717804800000,Theft from Auto,2701-2738 Alice Lake Place,Coquitlam,49.2551925014285,-122.812668959783,4022,POINT (-122.812668959783 49.2551925014285)
44,2024,1717718400000,Theft of Auto,1050-1065 Smallwood Avenue,Coquitlam,49.2653969092759,-122.862464117881,4023,POINT (-122.862464117881 49.2653969092759)
45,2024,1715817600000,Break & Enter - Residence,3380-3400 Galloway Avenue,Coquitlam,49.2948371160452,-122.755185858477,4024,POINT (-122.755185858477 49.2948371160452)
46,2024,1715558400000,Theft from Auto,899-963 Merritt Street,Coquitlam,49.2677128349108,-122.861375495293,4025,POINT (-122.861375495293 49.2677128349108)
47,2024,1715558400000,Theft from Auto,1209-1211 Ridge Court,Coquitlam,49.2685707635405,-122.858695560281,4026,POINT (-122.858695560281 49.2685707635405)
48,2024,1717977600000,Theft from Auto,1045-1213 Grover Avenue,Coquitlam,49.262599399142,-122.861148091473,4027,POINT (-122.861148091473 49.262599399142)
49,2024,1715040000000,Theft from Auto,17-48 Fawcett Road,Coquitlam,49.224499597798,-122.834167617274,4028,POINT (-122.834167617274 49.224499597798)
50,2024,1717804800000,Theft from Auto,3300-3310 Robson Drive,Coquitlam,49.2988107521105,-122.777313888761,4029,POINT (-122.777313888761 49.2988107521105)
51,2024,1716508800000,Theft from Auto,748-755 Schoolhouse Street,Coquitlam,49.2630061606978,-122.852075632428,4030,POINT (-122.852075632428 49.2630061606978)
52,2024,1716163200000,Theft from Auto,2583-2596 Harrier Drive,Coquitlam,49.281878320198,-122.816757283209,4031,POINT (-122.816757283209 49.281878320198)
53,2024,1716681600000,Theft of Auto,960-999 Irvine Street,Coquitlam,49.2689956932286,-122.794789521801,4032,POINT (-122.794789521801 49.2689956932286)
54,2024,1715731200000,Theft from Auto,667-678 Newport Street,Coquitlam,49.2582365735916,-122.845171058568,4033,POINT (-122.845171058568 49.2582365735916)
55,2024,1715644800000,Break & Enter - Business,2960-2979 Christmas Way,Coquitlam,49.2746923768945,-122.795906531437,4034,POINT (-122.795906531437 49.2746923768945)
56,2024,1714780800000,Break & Enter - Business,55-98 Fawcett Road,Coquitlam,49.2276378969003,-122.834221814904,4035,POINT (-122.834221814904 49.2276378969003)
57,2024,1716336000000,Theft of Auto,901-976 Delestre Avenue,Coquitlam,49.2417163826087,-122.87018540788,4036,POINT (-122.87018540788 49.2417163826087)
58,2024,1716940800000,Theft from Auto,2222-2227 Gale Avenue,Coquitlam,49.244364862862,-122.833561589084,4037,POINT (-122.833561589084 49.244364862862)
59,2024,1717113600000,Break & Enter - Business,1450-1580 Brigantine Drive,Coquitlam,49.2252874728353,-122.848462623685,4038,POINT (-122.848462623685 49.2252874728353)
60,2024,1715040000000,Break & Enter - Business,2200-2299 United Boulevard,Coquitlam,49.2279444232957,-122.832061570658,4039,POINT (-122.832061570658 49.2279444232957)
61,2024,1715212800000,Break & Enter - Residence,2971-2991 Reece Avenue,Coquitlam,49.2699093932462,-122.795417895745,4040,POINT (-122.795417895745 49.2699093932462)
62,2024,1716768000000,Theft from Auto,0-0 Holly Drive,Coquitlam,49.2509396073494,-122.802845080412,4041,POINT (-122.802845080412 49.2509396073494)
63,2024,1715644800000,Break & Enter - Business,655-668 Clarke Road,Coquitlam,49.2661650697663,-122.884223832323,4042,POINT (-122.884223832323 49.2661650697663)
64,2024,1714521600000,Theft from Auto,644-659 Porter Street,Coquitlam,49.256586804014,-122.863369068733,4043,POINT (-122.863369068733 49.256586804014)
65,2024,1716681600000,Break & Enter - Business,514-539 Foster Avenue,Coquitlam,49.256797545894,-122.890784901772,4044,POINT (-122.890784901772 49.256797545894)
66,2024,1715644800000,Theft from Auto,417-450 Westview Street,Coquitlam,49.2475786365074,-122.88967052096,4045,POINT (-122.88967052096 49.2475786365074)
67,2024,1717545600000,Theft of Auto,2500-2666 Cape Horn Avenue,Coquitlam,49.2387871102241,-122.819450186289,4046,POINT (-122.819450186289 49.2387871102241)
68,2024,1714608000000,Break & Enter - Business,55-98 Fawcett Road,Coquitlam,49.2276378969003,-122.834221814904,4047,POINT (-122.834221814904 49.2276378969003)
69,2024,1714780800000,Theft from Auto,2049-2095 Concord Avenue,Coquitlam,49.2319391970014,-122.83780241678,4048,POINT (-122.83780241678 49.2319391970014)
70,2024,1715731200000,Theft of Auto,695-723 Lomond Street,Coquitlam,49.2599258888884,-122.842142304415,4049,POINT (-122.842142304415 49.2599258888884)
71,2024,1716336000000,Theft from Auto,2426-2469 Cape Horn Avenue,Coquitlam,49.2385614793336,-122.824906363882,4050,POINT (-122.824906363882 49.2385614793336)
72,2024,1715644800000,Theft from Auto,500-510 Young Drive,Coquitlam,49.2431191558369,-122.891887772446,4051,POINT (-122.891887772446 49.2431191558369)
73,2024,1715558400000,Break & Enter - Business,433-499 Nelson Street,Coquitlam,49.2493312582197,-122.865604477587,4052,POINT (-122.865604477587 49.2493312582197)
74,2024,1716076800000,Theft of Auto,3000-3023 Anson Avenue,Coquitlam,49.2778969280143,-122.794311630805,4053,POINT (-122.794311630805 49.2778969280143)
75,2024,1715040000000,Break & Enter - Business,0-3251 Chartwell Lane,Coquitlam,49.3146591721785,-122.78586758385,4054,POINT (-122.78586758385 49.3146591721785)
76,2024,1715904000000,Theft from Auto,589-609 Westley Avenue,Coquitlam,49.2657015904403,-122.888364514513,4055,POINT (-122.888364514513 49.2657015904403)
77,2024,1715558400000,Theft from Auto,899-963 Merritt Street,Coquitlam,49.2677128349108,-122.861375495293,4056,POINT (-122.861375495293 49.2677128349108)
78,2024,1716422400000,Break & Enter - Business,1-14 King Edward Street,Coquitlam,49.2296850720854,-122.861586893866,4057,POINT (-122.861586893866 49.2296850720854)
79,2024,1716768000000,Theft from Auto,1035-1069 Dansey Avenue,Coquitlam,49.2471408217398,-122.863601731251,4058,POINT (-122.863601731251 49.2471408217398)
80,2024,1715731200000,Theft from Auto,690-706 Danville Court,Coquitlam,49.2593781524784,-122.843635973798,4059,POINT (-122.843635973798 49.2593781524784)
81,2024,1717545600000,Theft from Auto,2500-2666 Cape Horn Avenue,Coquitlam,49.2387871102241,-122.819450186289,4060,POINT (-122.819450186289 49.2387871102241)
82,2024,1715731200000,Theft from Auto,2325-2495 King Albert Avenue,Coquitlam,49.250925618047,-122.826444762263,4061,POINT (-122.826444762263 49.250925618047)
83,2024,1717200000000,Break & Enter - Business,65-77 Clipper Street,Coquitlam,49.2284387831612,-122.852821116341,4062,POINT (-122.852821116341 49.2284387831612)
84,2024,1715817600000,Theft from Auto,98-123 Laval Street,Coquitlam,49.2393200904389,-122.857350615125,4063,POINT (-122.857350615125 49.2393200904389)
85,2024,1715299200000,Theft from Auto,1050-1058 Langara Court,Coquitlam,49.2732444042704,-122.805601580371,4064,POINT (-122.805601580371 49.2732444042704)
86,2024,1716940800000,Theft from Auto,0-3000 Lougheed Highway,Coquitlam,49.2752140098018,-122.794554250175,4065,POINT (-122.794554250175 49.2752140098018)
87,2024,1715212800000,Theft from Auto,1205-1210 Entrance Court,Coquitlam,49.2863966133076,-122.777253649134,4066,POINT (-122.777253649134 49.2863966133076)
88,2024,1714608000000,Theft from Auto,2208-2269 Sorrento Drive,Coquitlam,49.2380446621806,-122.831164286807,4067,POINT (-122.831164286807 49.2380446621806)
89,2024,1714780800000,Theft from Auto,3470-3525 Danielson Drive,Coquitlam,49.3019936459236,-122.748221986389,4068,POINT (-122.748221986389 49.3019936459236)
90,2024,1716681600000,Theft from Auto,101-195 Schoolhouse Street,Coquitlam,49.2347916075454,-122.852547094728,4069,POINT (-122.852547094728 49.2347916075454)
91,2024,1716681600000,Theft from Auto,817-871 Greene Street,Coquitlam,49.2651843419729,-122.792849573328,4070,POINT (-122.792849573328 49.2651843419729)
92,2024,1714521600000,Break & Enter - Business,0-0 Holly Drive,Coquitlam,49.2509396073494,-122.802845080412,4071,POINT (-122.802845080412 49.2509396073494)
93,2024,1714694400000,Theft from Auto,1181-1190 Pinetree Way,Coquitlam,49.2821975406033,-122.793234179334,4072,POINT (-122.793234179334 49.2821975406033)
94,2024,1716768000000,Break & Enter - Business,515-524 Como Lake Avenue,Coquitlam,49.2630366190739,-122.891002582438,4073,POINT (-122.891002582438 49.2630366190739)
95,2024,1714521600000,Break & Enter - Residence,646-680 Thompson Avenue,Coquitlam,49.2684380658497,-122.882119591062,4074,POINT (-122.882119591062 49.2684380658497)
96,2024,1717632000000,Theft from Auto,1025-1035 Gilroy Place,Coquitlam,49.2699350466302,-122.892104878214,4075,POINT (-122.892104878214 49.2699350466302)
97,2024,1717113600000,Break & Enter - Business,0-0 Boxwood Drive,Coquitlam,49.2453678255203,-122.808867013494,4076,POINT (-122.808867013494 49.2453678255203)
98,2024,1714953600000,Theft from Auto,1401-1408 Garibaldi Place,Coquitlam,49.2982979209641,-122.786052802114,4077,POINT (-122.786052802114 49.2982979209641)
99,2024,1716249600000,Theft from Auto,2999-3001 Pinewood Avenue,Coquitlam,49.2910138890711,-122.791052864295,4078,POINT (-122.791052864295 49.2910138890711)
100,2024,1715558400000,Break & Enter - Business,747-798 Poirier Street,Coquitlam,49.262960455408,-122.846490665275,4079,POINT (-122.846490665275 49.262960455408)
101,2024,1714867200000,Theft from Auto,2950-2978 Glen Drive,Coquitlam,49.2827270512264,-122.797400829648,4080,POINT (-122.797400829648 49.2827270512264)
102,2024,1717459200000,Break & Enter - Business,3060-3086 Primrose Lane,Coquitlam,49.283129185929,-122.789186585759,4081,POINT (-122.789186585759 49.283129185929)
103,2024,1715040000000,Theft from Auto,660-677 Porter Street,Coquitlam,49.2575436693794,-122.863345360874,4082,POINT (-122.863345360874 49.2575436693794)
104,2024,1714608000000,Theft from Auto,2500-2555 Arundel Lane,Coquitlam,49.2418005998739,-122.823379027972,4083,POINT (-122.823379027972 49.2418005998739)
105,2024,1716768000000,Break & Enter - Business,65-77 Clipper Street,Coquitlam,49.2284387831612,-122.852821116341,4084,POINT (-122.852821116341 49.2284387831612)
106,2024,1717718400000,Break & Enter - Business,801-829 Roderick Avenue,Coquitlam,49.2378364415829,-122.875364328986,4085,POINT (-122.875364328986 49.2378364415829)
107,2024,1717545600000,Break & Enter - Residence,3441-3462 Princeton Avenue,Coquitlam,49.298457890664,-122.750328013348,4086,POINT (-122.750328013348 49.298457890664)
108,2024,1716508800000,Theft from Auto,719-735 Porter Street,Coquitlam,49.2611688564144,-122.863256977015,4087,POINT (-122.863256977015 49.2611688564144)
109,2024,1717804800000,Theft from Auto,651-678 Florence Street,Coquitlam,49.2574473481394,-122.88145312761,4088,POINT (-122.88145312761 49.2574473481394)
110,2024,1716249600000,Theft from Auto,2208-2284 Sorrento Drive,Coquitlam,49.2404459691646,-122.827568732372,4089,POINT (-122.827568732372 49.2404459691646)
111,2024,1715299200000,Theft from Auto,2975-2979 Atlantic Avenue,Coquitlam,49.2817646402723,-122.796585715072,4090,POINT (-122.796585715072 49.2817646402723)
112,2024,1715558400000,Theft from Auto,899-963 Merritt Street,Coquitlam,49.2677128349108,-122.861375495293,4091,POINT (-122.861375495293 49.2677128349108)
113,2024,1716076800000,Theft from Auto,500-551 Emerson Street,Coquitlam,49.2609728924934,-122.888201126756,4092,POINT (-122.888201126756 49.2609728924934)
114,2024,1716854400000,Theft from Auto,602-619 Fairview Street,Coquitlam,49.2542143903617,-122.88278897126,4093,POINT (-122.88278897126 49.2542143903617)
115,2024,1714694400000,Break & Enter - Business,55-98 Fawcett Road,Coquitlam,49.2276378969003,-122.834221814904,4094,POINT (-122.834221814904 49.2276378969003)
116,2024,1717632000000,Break & Enter - Business,2300-2381 Rogers Avenue,Coquitlam,49.2246242159526,-122.826879088988,4095,POINT (-122.826879088988 49.2246242159526)
117,2024,1716768000000,Theft from Auto,515-524 Como Lake Avenue,Coquitlam,49.2630366190739,-122.891002582438,4096,POINT (-122.891002582438 49.2630366190739)
118,2024,1718236800000,Theft from Auto,1136-1149 Woodbine Place,Coquitlam,49.2802165579366,-122.807291948524,4097,POINT (-122.807291948524 49.2802165579366)
119,2024,1718236800000,Theft from Auto,3407-3419 Queenston Avenue,Coquitlam,49.2975555539033,-122.753770595952,4098,POINT (-122.753770595952 49.2975555539033)
120,2024,1718236800000,Theft from Auto,2916-2933 Walton Avenue,Coquitlam,49.2899498958481,-122.799698379869,4099,POINT (-122.799698379869 49.2899498958481)
121,2024,1718323200000,Theft from Auto,3154-3166 Bowen Drive,Coquitlam,49.2862501184519,-122.781251925218,4100,POINT (-122.781251925218 49.2862501184519)
122,2024,1718496000000,Theft from Auto,3425-3450 Horizon Drive,Coquitlam,49.3028220612672,-122.751038926573,4101,POINT (-122.751038926573 49.3028220612672)
123,2024,1718409600000,Theft from Auto,515-524 Como Lake Avenue,Coquitlam,49.2630366190739,-122.891002582438,4102,POINT (-122.891002582438 49.2630366190739)
124,2024,1718064000000,Theft from Auto,1001-1030 Quadling Avenue,Coquitlam,49.2408381239878,-122.866298074333,4103,POINT (-122.866298074333 49.2408381239878)
125,2024,1718150400000,Break & Enter - Business,50-99 Schooner Street,Coquitlam,49.227108640023,-122.83996935061,4104,POINT (-122.83996935061 49.227108640023)
126,2024,1718150400000,Theft from Auto,65-77 Clipper Street,Coquitlam,49.2284387831612,-122.852821116341,4105,POINT (-122.852821116341 49.2284387831612)
127,2024,1718150400000,Theft from Auto,2874-2896 Norman Avenue,Coquitlam,49.2708422735058,-122.802187066653,4106,POINT (-122.802187066653 49.2708422735058)
128,2024,1718236800000,Break & Enter - Residence,2001-2165 Kugler Avenue,Coquitlam,49.2436423275987,-122.836746871083,4107,POINT (-122.836746871083 49.2436423275987)
129,2024,1718409600000,Theft from Auto,688-701 Porter Street,Coquitlam,49.259392934366,-122.863315762268,4108,POINT (-122.863315762268 49.259392934366)
130,2024,1718323200000,Theft from Auto,1181-1190 Pinetree Way,Coquitlam,49.2821975406033,-122.793234179334,4109,POINT (-122.793234179334 49.2821975406033)
131,2024,1718323200000,Theft from Auto,660-677 Porter Street,Coquitlam,49.2575436693794,-122.863345360874,4110,POINT (-122.863345360874 49.2575436693794)
132,2024,1718496000000,Theft from Auto,3400-3430 Hamber Court,Coquitlam,49.3066747430449,-122.753011286844,4111,POINT (-122.753011286844 49.3066747430449)
133,2024,1718323200000,Theft from Auto,812-900 Tupper Avenue,Coquitlam,49.2349335295244,-122.874324652892,4112,POINT (-122.874324652892 49.2349335295244)
134,2024,1718496000000,Theft from Auto,690-714 Schoolhouse Street,Coquitlam,49.2602324281558,-122.85211079739,4113,POINT (-122.85211079739 49.2602324281558)
135,2024,1718582400000,Break & Enter - Residence,508-520 Blue Mountain Street,Coquitlam,49.250150161261,-122.869094498777,4114,POINT (-122.869094498777 49.250150161261)
136,2024,1718496000000,Theft from Auto,3010- Riverbend Drive,Coquitlam,49.2639001889406,-122.791044356568,4115,POINT (-122.791044356568 49.2639001889406)
137,2024,1718582400000,Theft from Auto,565-589 Clarke Road,Coquitlam,49.2626278918917,-122.88873525692,4116,POINT (-122.88873525692 49.2626278918917)
138,2024,1718755200000,Break & Enter - Business,55-98 Fawcett Road,Coquitlam,49.2276378969003,-122.834221814904,4117,POINT (-122.834221814904 49.2276378969003)
139,2024,1718755200000,Theft from Auto,100-120 Schoolhouse Street,Coquitlam,49.2329204584163,-122.852609094494,4118,POINT (-122.852609094494 49.2329204584163)
140,2024,1718841600000,Theft from Auto,800-806 Stewart Avenue,Coquitlam,49.2436552122164,-122.87646450233,4119,POINT (-122.87646450233 49.2436552122164)
141,2024,1718755200000,Theft from Auto,2230-2271 Monashee Court,Coquitlam,49.2382168964064,-122.82819665613,4120,POINT (-122.82819665613 49.2382168964064)
142,2024,1718755200000,Theft from Auto,1220-1400 Seguin Drive,Coquitlam,49.2342933171934,-122.85602817544,4121,POINT (-122.85602817544 49.2342933171934)
143,2024,1718841600000,Theft from Auto,1516-1698 Smith Avenue,Coquitlam,49.259770757407,-122.849312818525,4122,POINT (-122.849312818525 49.259770757407)
144,2024,1718928000000,Break & Enter - Business,11-25 King Edward Street,Coquitlam,49.2324493710326,-122.86161577216,4123,POINT (-122.86161577216 49.2324493710326)
145,2024,1719014400000,Break & Enter - Business,1350-1399 Johnson Street,Coquitlam,49.2961575729335,-122.801957804736,4124,POINT (-122.801957804736 49.2961575729335)
146,2024,1719014400000,Theft from Auto,700-715 Robinson Street,Coquitlam,49.26059749586,-122.879883945115,4125,POINT (-122.879883945115 49.26059749586)
147,2024,1719100800000,Theft from Auto,960-1016 Howie Avenue,Coquitlam,49.2506099402738,-122.867384404219,4126,POINT (-122.867384404219 49.2506099402738)
148,2024,1719100800000,Theft of Auto,1304-1427 Foster Avenue,Coquitlam,49.2561489510663,-122.854819133962,4127,POINT (-122.854819133962 49.2561489510663)
149,2024,1719187200000,Theft from Auto,2331-2383 Dawes Hill Road,Coquitlam,49.2371202831232,-122.82887759418,4128,POINT (-122.82887759418 49.2371202831232)
150,2024,1719100800000,Break & Enter - Business,525-568 Clarke Road,Coquitlam,49.2610260627393,-122.890769351682,4129,POINT (-122.890769351682 49.2610260627393)
151,2024,1719187200000,Break & Enter - Residence,321-329 Begin Street,Coquitlam,49.2424152679237,-122.859803760484,4130,POINT (-122.859803760484 49.2424152679237)
152,2024,1719187200000,Break & Enter - Residence,3218-3227 Dunkirk Avenue,Coquitlam,49.2883753921726,-122.776454576392,4131,POINT (-122.776454576392 49.2883753921726)
153,2024,1719273600000,Theft from Auto,548-564 Perth Avenue,Coquitlam,49.2537483207412,-122.887878466281,4132,POINT (-122.887878466281 49.2537483207412)
154,2024,1719273600000,Break & Enter - Business,0-0 Holly Drive,Coquitlam,49.2509396073494,-122.802845080412,4133,POINT (-122.802845080412 49.2509396073494)
155,2024,1719273600000,Theft from Auto,624-644 Shaw Avenue,Coquitlam,49.2440301715829,-122.88425921214,4134,POINT (-122.88425921214 49.2440301715829)
156,2024,1719273600000,Theft of Auto,748-755 Schoolhouse Street,Coquitlam,49.2630061606978,-122.852075632428,4135,POINT (-122.852075632428 49.2630061606978)
157,2024,1719273600000,Theft from Auto,551-621 Hillcrest Street,Coquitlam,49.2522479814377,-122.835495623059,4136,POINT (-122.835495623059 49.2522479814377)
158,2024,1719273600000,Theft from Auto,401-415 Westview Street,Coquitlam,49.2464532003633,-122.889905415951,4137,POINT (-122.889905415951 49.2464532003633)
159,2024,1719360000000,Break & Enter - Business,2700-2745 Barnet Highway,Coquitlam,49.2778616259942,-122.810408025974,4138,POINT (-122.810408025974 49.2778616259942)
160,2024,1719360000000,Theft from Auto,2920-2929 Barnet Highway,Coquitlam,49.2767058553666,-122.799250028577,4139,POINT (-122.799250028577 49.2767058553666)
161,2024,1719446400000,Theft from Auto,1220-1400 Seguin Drive,Coquitlam,49.2342933171934,-122.85602817544,4140,POINT (-122.85602817544 49.2342933171934)
162,2024,1719446400000,Theft from Auto,900-925 Lougheed Highway,Coquitlam,49.2367641466831,-122.872456854416,4141,POINT (-122.872456854416 49.2367641466831)
163,2024,1719446400000,Theft from Auto,532-559 Appian Way,Coquitlam,49.2528148384628,-122.888538273984,4142,POINT (-122.888538273984 49.2528148384628)
164,2024,1719532800000,Break & Enter - Business,900-925 Lougheed Highway,Coquitlam,49.2367641466831,-122.872456854416,4143,POINT (-122.872456854416 49.2367641466831)
165,2024,1719446400000,Theft of Auto,2208-2235 Hartley Avenue,Coquitlam,49.2259189887022,-122.833359909902,4144,POINT (-122.833359909902 49.2259189887022)
166,2024,1719532800000,Theft from Auto,1001-1033 Dansey Avenue,Coquitlam,49.2471522562343,-122.866448584741,4145,POINT (-122.866448584741 49.2471522562343)
167,2024,1719619200000,Theft from Auto,600-630 Arrow Lane,Coquitlam,49.2417455137615,-122.886024543897,4146,POINT (-122.886024543897 49.2417455137615)
168,2024,1719532800000,Theft from Auto,439-440 Blue Mountain Street,Coquitlam,49.2476078809975,-122.870807833966,4147,POINT (-122.870807833966 49.2476078809975)
169,2024,1719619200000,Theft from Auto,532-585 Delestre Avenue,Coquitlam,49.2419126943948,-122.889036810522,4148,POINT (-122.889036810522 49.2419126943948)
170,2024,1719619200000,Break & Enter - Residence,1330-1340 Olmsted Street,Coquitlam,49.2936322735773,-122.742251430388,4149,POINT (-122.742251430388 49.2936322735773)
171,2024,1719705600000,Break & Enter - Residence,3029-3039 Bristlecone Court,Coquitlam,49.3036779110922,-122.789311191779,4150,POINT (-122.789311191779 49.3036779110922)
172,2024,1719705600000,Theft from Auto,534-535 Blue Mountain Street,Coquitlam,49.2511206600863,-122.869075818288,4151,POINT (-122.869075818288 49.2511206600863)
173,2024,1719792000000,Theft from Auto,3750-3799 Quarry Road,Coquitlam,49.2995911127473,-122.70956259996,4152,POINT (-122.70956259996 49.2995911127473)
174,2024,1719792000000,Theft from Auto,900-959 Sherwood Avenue,Coquitlam,49.2358461375926,-122.87122338431,4153,POINT (-122.87122338431 49.2358461375926)
175,2024,1719878400000,Theft from Auto,3280-3295 Fortune Lane,Coquitlam,49.2875259828109,-122.761294507573,4154,POINT (-122.761294507573 49.2875259828109)
176,2024,1719878400000,Break & Enter - Business,321-4563 North Road,Coquitlam,49.24471377855,-122.892612680218,4155,POINT (-122.892612680218 49.24471377855)
177,2024,1719878400000,Break & Enter - Business,3090-3099 Dayanee Springs Boulevard,Coquitlam,49.2939605607813,-122.785525413573,4156,POINT (-122.785525413573 49.2939605607813)
178,2024,1719878400000,Theft from Auto,3361-3368 Mason Avenue,Coquitlam,49.2892983883222,-122.757964879646,4157,POINT (-122.757964879646 49.2892983883222)
179,2024,1719878400000,Theft from Auto,1000-1029 Rochester Avenue,Coquitlam,49.2453400737121,-122.8662970272,4158,POINT (-122.8662970272 49.2453400737121)
180,2024,1719878400000,Theft from Auto,3028-3043 Daybreak Avenue,Coquitlam,49.2646561204709,-122.803870832772,4159,POINT (-122.803870832772 49.2646561204709)
181,2024,1719964800000,Theft from Auto,1501-1550 Hammond Avenue,Coquitlam,49.2439471494098,-122.851087008226,4160,POINT (-122.851087008226 49.2439471494098)
182,2024,1720051200000,Theft from Auto,432-446 Byng Street,Coquitlam,49.2463455038937,-122.83150170604,4161,POINT (-122.83150170604 49.2463455038937)
183,2024,1720051200000,Theft from Auto,1700-1891 Regan Avenue,Coquitlam,49.2616476170399,-122.843787854008,4162,POINT (-122.843787854008 49.2616476170399)
184,2024,1720051200000,Break & Enter - Business,1080-1100 Ponderosa Street,Coquitlam,49.2761488177192,-122.793186933921,4163,POINT (-122.793186933921 49.2761488177192)
185,2024,1720051200000,Theft from Auto,1184-1199 Inlet Street,Coquitlam,49.2854977623187,-122.783207814854,4164,POINT (-122.783207814854 49.2854977623187)
186,2024,1720051200000,Theft from Auto,0-0 Highway Ramp,Coquitlam,49.2305020535698,-122.826801573615,4165,POINT (-122.826801573615 49.2305020535698)
187,2024,1720051200000,Theft from Auto,624-641 Linton Street,Coquitlam,49.254263841497,-122.840972216822,4166,POINT (-122.840972216822 49.254263841497)
188,2024,1720137600000,Break & Enter - Residence,2810-2874 McCoomb Drive,Coquitlam,49.2818616790912,-122.805131545875,4167,POINT (-122.805131545875 49.2818616790912)
189,2024,1720137600000,Break & Enter - Residence,3544-3579 Victoria Drive,Coquitlam,49.2869631393799,-122.735499875438,4168,POINT (-122.735499875438 49.2869631393799)
190,2024,1720310400000,Break & Enter - Business,900-925 Lougheed Highway,Coquitlam,49.2367641466831,-122.872456854416,4169,POINT (-122.872456854416 49.2367641466831)
191,2024,1720310400000,Theft from Auto,2743-2797 Daybreak Avenue,Coquitlam,49.2675691041913,-122.81083390512,4170,POINT (-122.81083390512 49.2675691041913)
192,2024,1720310400000,Break & Enter - Residence,3347-3369 Leston Avenue,Coquitlam,49.2924403348224,-122.758434698357,4171,POINT (-122.758434698357 49.2924403348224)
193,2024,1720396800000,Break & Enter - Residence,510-529 Appian Way,Coquitlam,49.2528342189072,-122.890997240728,4172,POINT (-122.890997240728 49.2528342189072)
194,2024,1720396800000,Theft from Auto,1236-1254 Nestor Street,Coquitlam,49.2889516917304,-122.778488581688,4173,POINT (-122.778488581688 49.2889516917304)
195,2024,1720396800000,Theft from Auto,3461-3480 Stephens Court,Coquitlam,49.2959487835897,-122.745280805914,4174,POINT (-122.745280805914 49.2959487835897)
196,2024,1720396800000,Theft from Auto,2500-2509 Silica Place,Coquitlam,49.3067562821718,-122.821861508257,4175,POINT (-122.821861508257 49.3067562821718)
197,2024,1720396800000,Theft from Auto,728-740 Guiltner Street,Coquitlam,49.2622684169181,-122.878481622783,4176,POINT (-122.878481622783 49.2622684169181)
198,2024,1720569600000,Break & Enter - Residence,2000-2030 Turnberry Lane,Coquitlam,49.3147135019467,-122.798397962686,4177,POINT (-122.798397962686 49.3147135019467)
199,2024,1720569600000,Theft from Auto,780-835 Rochester Avenue,Coquitlam,49.2453749094083,-122.875653709473,4178,POINT (-122.875653709473 49.2453749094083)
200,2024,1720396800000,Theft from Auto,2534-2565 Barnet Highway,Coquitlam,49.2778355712941,-122.821690935176,4179,POINT (-122.821690935176 49.2778355712941)
201,2024,1720483200000,Theft from Auto,520-540 Gatensbury Street,Coquitlam,49.2509609373288,-122.857959824861,4180,POINT (-122.857959824861 49.2509609373288)
202,2024,1720742400000,Theft from Auto,3350-3359 Palisade Place,Coquitlam,49.2934310527725,-122.758373298233,4181,POINT (-122.758373298233 49.2934310527725)
203,2024,1720742400000,Break & Enter - Residence,1400-1421 Pinetree Way,Coquitlam,49.2994271311218,-122.786162234755,4182,POINT (-122.786162234755 49.2994271311218)
204,2024,1720742400000,Theft from Auto,801-830 Henderson Avenue,Coquitlam,49.2369327149865,-122.875324036591,4183,POINT (-122.875324036591 49.2369327149865)
205,2024,1720915200000,Break & Enter - Residence,1332-1364 Brisbane Avenue,Coquitlam,49.2657837541951,-122.855388858056,4184,POINT (-122.855388858056 49.2657837541951)
206,2024,1720915200000,Theft from Auto,1948-1968 Brunette Avenue,Coquitlam,49.2308011443442,-122.839974140654,4185,POINT (-122.839974140654 49.2308011443442)
207,2024,1720828800000,Break & Enter - Business,88-98 Brigantine Drive,Coquitlam,49.2279265603779,-122.84881847554,4186,POINT (-122.84881847554 49.2279265603779)
208,2024,1721001600000,Theft from Auto,602-644 Como Lake Avenue,Coquitlam,49.2633646734482,-122.884973318444,4187,POINT (-122.884973318444 49.2633646734482)
209,2024,1721001600000,Theft of Auto,2920-2923 Atlantic Avenue,Coquitlam,49.2817750430673,-122.799872770245,4188,POINT (-122.799872770245 49.2817750430673)
210,2024,1721001600000,Break & Enter - Business,1150-1154 The High Street,Coquitlam,49.2812678466308,-122.796097800504,4189,POINT (-122.796097800504 49.2812678466308)
211,2024,1721001600000,Break & Enter - Business,3090-3100 Windsor Gate,Coquitlam,49.2798580239714,-122.78644636922,4190,POINT (-122.78644636922 49.2798580239714)
212,2024,1721001600000,Break & Enter - Business,601-3055 North Road,Coquitlam,49.2542999799806,-122.892887866654,4191,POINT (-122.892887866654 49.2542999799806)
213,2024,1721088000000,Theft of Auto,1300-1324 Ketch Court,Coquitlam,49.2276096248897,-122.854070360865,4192,POINT (-122.854070360865 49.2276096248897)
214,2024,1721174400000,Theft from Auto,3200-3230 Pier Drive,Coquitlam,49.2749916870949,-122.80935534305,4193,POINT (-122.80935534305 49.2749916870949)
215,2024,1721260800000,Break & Enter - Business,2920-2929 Barnet Highway,Coquitlam,49.2767058553666,-122.799250028577,4194,POINT (-122.799250028577 49.2767058553666)
216,2024,1721347200000,Theft from Auto,2682-2745 Aberdeen Avenue,Coquitlam,49.2766157193555,-122.810407628694,4195,POINT (-122.810407628694 49.2766157193555)
217,2024,1721347200000,Theft from Auto,667-678 Newport Street,Coquitlam,49.2582365735916,-122.845171058568,4196,POINT (-122.845171058568 49.2582365735916)
218,2024,1721347200000,Theft from Auto,708-735 Rochester Avenue,Coquitlam,49.2454065529145,-122.880962746603,4197,POINT (-122.880962746603 49.2454065529145)
219,2024,1721347200000,Theft from Auto,2230-2271 Monashee Court,Coquitlam,49.2382168964064,-122.82819665613,4198,POINT (-122.82819665613 49.2382168964064)
220,2024,1721433600000,Theft of Auto,2161-2348 Cape Horn Avenue,Coquitlam,49.2317253893828,-122.83275410329,4199,POINT (-122.83275410329 49.2317253893828)
221,2024,1721433600000,Theft from Auto,322-342 Mundy Street,Coquitlam,49.2409050832529,-122.834220685306,4200,POINT (-122.834220685306 49.2409050832529)
222,2024,1721520000000,Theft from Auto,202-236 Lebleu Street,Coquitlam,49.2384646288653,-122.867533518431,4201,POINT (-122.867533518431 49.2384646288653)
223,2024,1721433600000,Theft from Auto,322-342 Mundy Street,Coquitlam,49.2409050832529,-122.834220685306,4202,POINT (-122.834220685306 49.2409050832529)
224,2024,1721606400000,Theft of Auto,2750-2881 Barnet Highway,Coquitlam,49.2776863015988,-122.805257914762,4203,POINT (-122.805257914762 49.2776863015988)
225,2024,1721606400000,Theft from Auto,812-879 Westwood Street,Coquitlam,49.2637137369858,-122.793271648544,4204,POINT (-122.793271648544 49.2637137369858)
226,2024,1721692800000,Theft from Auto,681-2761 North Road,Coquitlam,49.2595463241857,-122.893057480193,4205,POINT (-122.893057480193 49.2595463241857)
227,2024,1721779200000,Theft from Auto,680-698 Poirier Street,Coquitlam,49.2592678233316,-122.846458731347,4206,POINT (-122.846458731347 49.2592678233316)
228,2024,1721692800000,Break & Enter - Business,3090-3100 Windsor Gate,Coquitlam,49.2798580239714,-122.78644636922,4207,POINT (-122.78644636922 49.2798580239714)
229,2024,1721779200000,Break & Enter - Business,3100-3150 Windsor Gate,Coquitlam,49.2797581666801,-122.785014812934,4208,POINT (-122.785014812934 49.2797581666801)
230,2024,1721865600000,Theft from Auto,298-299 Guilby Street,Coquitlam,49.2414022709606,-122.885257795718,4209,POINT (-122.885257795718 49.2414022709606)
231,2024,1721865600000,Break & Enter - Business,3090-3100 Windsor Gate,Coquitlam,49.2798580239714,-122.78644636922,4210,POINT (-122.78644636922 49.2798580239714)
232,2024,1721865600000,Break & Enter - Business,525-568 Clarke Road,Coquitlam,49.2610260627393,-122.890769351682,4211,POINT (-122.890769351682 49.2610260627393)
233,2024,1721952000000,Break & Enter - Business,1-14 King Edward Street,Coquitlam,49.2296850720854,-122.861586893866,4212,POINT (-122.861586893866 49.2296850720854)
234,2024,1721952000000,Theft from Auto,2304-2323 Vista Court,Coquitlam,49.2642295354139,-122.827942356934,4213,POINT (-122.827942356934 49.2642295354139)
235,2024,1721952000000,Break & Enter - Business,2945-2957 Fleming Avenue,Coquitlam,49.2717631350739,-122.797148547124,4214,POINT (-122.797148547124 49.2717631350739)
236,2024,1721952000000,Theft of Auto,500-518 Nelson Street,Coquitlam,49.2500535040241,-122.865612457634,4215,POINT (-122.865612457634 49.2500535040241)
237,2024,1722211200000,Break & Enter - Business,546-611 Dansey Avenue,Coquitlam,49.247209738084,-122.887498839913,4216,POINT (-122.887498839913 49.247209738084)
238,2024,1722211200000,Theft from Auto,3150-3181 Tory Avenue,Coquitlam,49.2893777127957,-122.779884026013,4217,POINT (-122.779884026013 49.2893777127957)
239,2024,1722211200000,Theft from Auto,2920-2929 Barnet Highway,Coquitlam,49.2767058553666,-122.799250028577,4218,POINT (-122.799250028577 49.2767058553666)
240,2024,1722297600000,Theft from Auto,2950-2978 Glen Drive,Coquitlam,49.2827270512264,-122.797400829648,4219,POINT (-122.797400829648 49.2827270512264)
241,2024,1722297600000,Theft from Auto,0-0 Highway #1 ,Coquitlam,49.2295727762295,-122.842286248482,4220,POINT (-122.842286248482 49.2295727762295)
242,2024,1722297600000,Break & Enter - Business,715-739 Farrow Street,Coquitlam,49.2615924067573,-122.891958705782,4221,POINT (-122.891958705782 49.2615924067573)
243,2024,1722297600000,Theft from Auto,3050-3099 David Avenue,Coquitlam,49.2928792434977,-122.783519986275,4222,POINT (-122.783519986275 49.2928792434977)
244,2024,1722297600000,Theft from Auto,3072-3098 Fisher Court,Coquitlam,49.2960670187098,-122.784474676194,4223,POINT (-122.784474676194 49.2960670187098)
245,2024,1722297600000,Theft from Auto,3090-3099 Dayanee Springs Boulevard,Coquitlam,49.2939605607813,-122.785525413573,4224,POINT (-122.785525413573 49.2939605607813)
246,2024,1722297600000,Theft from Auto,3100-3110 Azure Court,Coquitlam,49.2996624654352,-122.782908907653,4225,POINT (-122.782908907653 49.2996624654352)
247,2024,1722297600000,Theft from Auto,320-333 Nelson Street,Coquitlam,49.2431187834777,-122.865114175773,4226,POINT (-122.865114175773 49.2431187834777)
248,2024,1722384000000,Theft from Auto,835-865 Prospect Street,Coquitlam,49.2655511924124,-122.843823000139,4227,POINT (-122.843823000139 49.2655511924124)
249,2024,1722384000000,Theft from Auto,1583-1618 Salal Crescent,Coquitlam,49.3044179655347,-122.809885537045,4228,POINT (-122.809885537045 49.3044179655347)
250,2024,1722470400000,Break & Enter - Residence,2810-2874 McCoomb Drive,Coquitlam,49.2818616790912,-122.805131545875,4229,POINT (-122.805131545875 49.2818616790912)
251,2024,1722470400000,Theft from Auto,3103-3142 Redonda Drive,Coquitlam,49.2886293041444,-122.782221638473,4230,POINT (-122.782221638473 49.2886293041444)
252,2024,1722470400000,Theft from Auto,1033-1069 Stewart Avenue,Coquitlam,49.2435500303444,-122.864029921969,4231,POINT (-122.864029921969 49.2435500303444)
253,2024,1722556800000,Break & Enter - Residence,3560-3601 Dollar Crescent,Coquitlam,49.2908011083465,-122.738750052613,4232,POINT (-122.738750052613 49.2908011083465)
254,2024,1722556800000,Break & Enter - Residence,1350-1359 Mitchell Street,Coquitlam,49.2933861477626,-122.738727990073,4233,POINT (-122.738727990073 49.2933861477626)
255,2024,1722729600000,Theft from Auto,1901-1908 Lodge Drive,Coquitlam,49.2871901656652,-122.768715108585,4234,POINT (-122.768715108585 49.2871901656652)
256,2024,1722816000000,Theft of Auto,654-668 Schoolhouse Street,Coquitlam,49.2573991715822,-122.852180309836,4235,POINT (-122.852180309836 49.2573991715822)
257,2024,1722816000000,Theft from Auto,1000-1036 Hoy Street,Coquitlam,49.2703699541073,-122.796887569222,4236,POINT (-122.796887569222 49.2703699541073)
258,2024,1722902400000,Break & Enter - Residence,651-699 Folsom Street,Coquitlam,49.2578321298183,-122.864816318691,4237,POINT (-122.864816318691 49.2578321298183)
259,2024,1722902400000,Break & Enter - Business,901-921 Roderick Avenue,Coquitlam,49.2379484417181,-122.871161682223,4238,POINT (-122.871161682223 49.2379484417181)
260,2024,1722988800000,Theft from Auto,3400-3430 Gislason Avenue,Coquitlam,49.2893032659478,-122.751696931436,4239,POINT (-122.751696931436 49.2893032659478)
261,2024,1722988800000,Theft from Auto,510-520  ,Coquitlam,49.2747649510087,-122.799612117155,4240,POINT (-122.799612117155 49.2747649510087)
262,2024,1721433600000,Theft from Auto,3101-3115 Fisher Court,Coquitlam,49.2959057094291,-122.783276599504,4241,POINT (-122.783276599504 49.2959057094291)
263,2024,1723075200000,Break & Enter - Business,1-20 Burbidge Street,Coquitlam,49.2241661554383,-122.823784898263,4242,POINT (-122.823784898263 49.2241661554383)
264,2024,1723161600000,Theft from Auto,1128-1159 Devon Street,Coquitlam,49.2797381077873,-122.728685341051,4243,POINT (-122.728685341051 49.2797381077873)
265,2024,1723161600000,Break & Enter - Business,2700-2745 Barnet Highway,Coquitlam,49.2778616259942,-122.810408025974,4244,POINT (-122.810408025974 49.2778616259942)
266,2024,1723161600000,Theft from Auto,101-195 Schoolhouse Street,Coquitlam,49.2347916075454,-122.852547094728,4245,POINT (-122.852547094728 49.2347916075454)
267,2024,1723248000000,Theft of Auto,150-199 Myrnam Street,Coquitlam,49.2390952369062,-122.849218669675,4246,POINT (-122.849218669675 49.2390952369062)
268,2024,1723248000000,Theft from Auto,2950-2978 Glen Drive,Coquitlam,49.2827270512264,-122.797400829648,4247,POINT (-122.797400829648 49.2827270512264)
269,2024,1723248000000,Theft from Auto,2950-2978 Glen Drive,Coquitlam,49.2827270512264,-122.797400829648,4248,POINT (-122.797400829648 49.2827270512264)
270,2024,1723334400000,Break & Enter - Business,801-830 Henderson Avenue,Coquitlam,49.2369327149865,-122.875324036591,4249,POINT (-122.875324036591 49.2369327149865)
271,2024,1723420800000,Break & Enter - Business,1-14 King Edward Street,Coquitlam,49.2280091723059,-122.861585565642,4250,POINT (-122.861585565642 49.2280091723059)
272,2024,1723334400000,Theft of Auto,2920-2923 Atlantic Avenue,Coquitlam,49.2817750430673,-122.799872770245,4251,POINT (-122.799872770245 49.2817750430673)
273,2024,1723420800000,Theft from Auto,1800-1892 Austin Avenue,Coquitlam,49.2490086626548,-122.842467483432,4252,POINT (-122.842467483432 49.2490086626548)
274,2024,1723420800000,Theft from Auto,901-921 Roderick Avenue,Coquitlam,49.2379484417181,-122.871161682223,4253,POINT (-122.871161682223 49.2379484417181)
275,2024,1723420800000,Theft from Auto,2999-3001 Pinewood Avenue,Coquitlam,49.2910138890711,-122.791052864295,4254,POINT (-122.791052864295 49.2910138890711)
276,2024,1723420800000,Theft from Auto,101-195 Schoolhouse Street,Coquitlam,49.2347916075454,-122.852547094728,4255,POINT (-122.852547094728 49.2347916075454)
277,2024,1723507200000,Theft from Auto,578-640 Ivy Avenue,Coquitlam,49.2546927865081,-122.884433442611,4256,POINT (-122.884433442611 49.2546927865081)
278,2024,1723680000000,Theft from Auto,3300-3320 Bayswater Avenue,Coquitlam,49.2940682650372,-122.764386698715,4257,POINT (-122.764386698715 49.2940682650372)
279,2024,1723680000000,Break & Enter - Residence,3300-3320 Bayswater Avenue,Coquitlam,49.2940682650372,-122.764386698715,4258,POINT (-122.764386698715 49.2940682650372)
280,2024,1723680000000,Theft from Auto,3300-3320 Bayswater Avenue,Coquitlam,49.2940682650372,-122.764386698715,4259,POINT (-122.764386698715 49.2940682650372)
281,2024,1723680000000,Theft from Auto,1002-1031 Stewart Avenue,Coquitlam,49.2435462902146,-122.866316358748,4260,POINT (-122.866316358748 49.2435462902146)
282,2024,1723680000000,Theft from Auto,3300-3308 Oxford Place,Coquitlam,49.2949583490126,-122.763514589804,4261,POINT (-122.763514589804 49.2949583490126)
283,2024,1723680000000,Theft of Auto,2574-2675 Barnet Highway,Coquitlam,49.2778867047908,-122.815752058863,4262,POINT (-122.815752058863 49.2778867047908)
284,2024,1723766400000,Break & Enter - Residence,2900-2999 Silver Springs Boulevard,Coquitlam,49.2956060048008,-122.790418629726,4263,POINT (-122.790418629726 49.2956060048008)
285,2024,1723766400000,Break & Enter - Business,0-0 Holly Drive,Coquitlam,49.2509396073494,-122.802845080412,4264,POINT (-122.802845080412 49.2509396073494)
286,2024,1723766400000,Break & Enter - Business,2960-2979 Christmas Way,Coquitlam,49.2746923768945,-122.795906531437,4265,POINT (-122.795906531437 49.2746923768945)
287,2024,1723852800000,Theft from Auto,1001-1030 Quadling Avenue,Coquitlam,49.2408381239878,-122.866298074333,4266,POINT (-122.866298074333 49.2408381239878)
288,2024,1723939200000,Break & Enter - Residence,565-616 Kemsley Avenue,Coquitlam,49.2664255944687,-122.888017370334,4267,POINT (-122.888017370334 49.2664255944687)
289,2024,1723939200000,Theft from Auto,3400-3430 Gislason Avenue,Coquitlam,49.2893032659478,-122.751696931436,4268,POINT (-122.751696931436 49.2893032659478)
290,2024,1724025600000,Break & Enter - Business,1220-1249 Pipeline Road,Coquitlam,49.2868452973025,-122.784136259454,4269,POINT (-122.784136259454 49.2868452973025)
291,2024,1724025600000,Theft from Auto,321-4563 North Road,Coquitlam,49.24471377855,-122.892612680218,4270,POINT (-122.892612680218 49.24471377855)
292,2024,1724025600000,Theft from Auto,2790-2799 Norman Avenue,Coquitlam,49.2708699065459,-122.808275115601,4271,POINT (-122.808275115601 49.2708699065459)
293,2024,1724112000000,Theft from Auto,1501-1530 Rochester Avenue,Coquitlam,49.2450565962554,-122.851303950558,4272,POINT (-122.851303950558 49.2450565962554)
294,2024,1724112000000,Theft from Auto,975-1020 King Albert Avenue,Coquitlam,49.251486807431,-122.867386192524,4273,POINT (-122.867386192524 49.251486807431)
295,2024,1724112000000,Break & Enter - Business,1090-1099 Lansdowne Drive,Coquitlam,49.276851433884,-122.808383190491,4274,POINT (-122.808383190491 49.276851433884)
296,2024,1724112000000,Theft of Auto,2100-2161 Hillside Avenue,Coquitlam,49.2328982482257,-122.836128293324,4275,POINT (-122.836128293324 49.2328982482257)
297,2024,1724112000000,Break & Enter - Residence,833-902 Robinson Street,Coquitlam,49.2656878175748,-122.880172830856,4276,POINT (-122.880172830856 49.2656878175748)
298,2024,1724284800000,Break & Enter - Business,900-925 Lougheed Highway,Coquitlam,49.2367641466831,-122.872456854416,4277,POINT (-122.872456854416 49.2367641466831)
299,2024,1724371200000,Theft from Auto,907-941 Quadling Avenue,Coquitlam,49.2407695911525,-122.871674049283,4278,POINT (-122.871674049283 49.2407695911525)
300,2024,1724371200000,Break & Enter - Residence,1200-1203 Nestor Street,Coquitlam,49.2859090358747,-122.778525770198,4279,POINT (-122.778525770198 49.2859090358747)
301,2024,1724457600000,Theft from Auto,3425-3450 Horizon Drive,Coquitlam,49.3028220612672,-122.751038926573,4280,POINT (-122.751038926573 49.3028220612672)
302,2024,1724457600000,Break & Enter - Residence,565-616 Kemsley Avenue,Coquitlam,49.2664255944687,-122.888017370334,4281,POINT (-122.888017370334 49.2664255944687)
303,2024,1724630400000,Theft from Auto,1812-1824 McKinnon Street,Coquitlam,49.2365310320738,-122.84133060078,4282,POINT (-122.84133060078 49.2365310320738)
304,2024,1724630400000,Theft from Auto,1281-1300 Oxford Street,Coquitlam,49.2907358177713,-122.763160401485,4283,POINT (-122.763160401485 49.2907358177713)
305,2024,1724716800000,Theft from Auto,2975-2979 Atlantic Avenue,Coquitlam,49.2817646402723,-122.796585715072,4284,POINT (-122.796585715072 49.2817646402723)
306,2024,1724716800000,Theft from Auto,403-3965 North Road,Coquitlam,49.2474360702703,-122.892717658606,4285,POINT (-122.892717658606 49.2474360702703)
307,2024,1724803200000,Break & Enter - Business,594-611 Sydney Avenue,Coquitlam,49.2481701409699,-122.886652315278,4286,POINT (-122.886652315278 49.2481701409699)
308,2024,1724803200000,Theft from Auto,425-499 Lebleu Street,Coquitlam,49.2484076577214,-122.867658566771,4287,POINT (-122.867658566771 49.2484076577214)
309,2024,1724976000000,Break & Enter - Residence,1131-1138 Dufferin Street,Coquitlam,49.2795108401989,-122.804026770688,4288,POINT (-122.804026770688 49.2795108401989)
310,2024,1725062400000,Break & Enter - Business,594-611 Sydney Avenue,Coquitlam,49.2481701409699,-122.886652315278,4289,POINT (-122.886652315278 49.2481701409699)
311,2024,1725062400000,Theft of Auto,511-521 Smith Avenue,Coquitlam,49.2603574378355,-122.892030327704,4290,POINT (-122.892030327704 49.2603574378355)
312,2024,1724976000000,Theft from Auto,2920-2929 Barnet Highway,Coquitlam,49.2767058553666,-122.799250028577,4291,POINT (-122.799250028577 49.2767058553666)
313,2024,1724976000000,Theft from Auto,3321-3339 Bayswater Avenue,Coquitlam,49.2937690395207,-122.76238615379,4292,POINT (-122.76238615379 49.2937690395207)
314,2024,1724976000000,Theft of Auto,300-387 Marathon Court,Coquitlam,49.2407439485471,-122.850832406096,4293,POINT (-122.850832406096 49.2407439485471)
1,2024,1725235200000,Theft from Auto,2888-2920 Keets Drive,COQUITLAM,49.2619922411843,-122.80109916922,4294,POINT (-122.80109916922 49.2619922411843)
2,2024,1725148800000,Break & Enter - Residence,1185-1199 Westwood Street,COQUITLAM,49.2839641880202,-122.790462701786,4295,POINT (-122.790462701786 49.2839641880202)
3,2024,1725235200000,Theft from Auto,643-680 Robinson Street,COQUITLAM,49.2574292700146,-122.879861655668,4296,POINT (-122.879861655668 49.2574292700146)
4,2024,1725148800000,Theft from Auto,1503-1530 Dayton Street,COQUITLAM,49.3053128302043,-122.752063679344,4297,POINT (-122.752063679344 49.3053128302043)
5,2024,1725235200000,Break & Enter - Business,1189-1300 Rochester Avenue,COQUITLAM,49.2450210127417,-122.855809065426,4298,POINT (-122.855809065426 49.2450210127417)
6,2024,1725321600000,Break & Enter - Business,298-299 Guilby Street,COQUITLAM,49.2414022709606,-122.885257795718,4299,POINT (-122.885257795718 49.2414022709606)
7,2024,1725321600000,Theft from Auto,3489-3499 Galloway Avenue,COQUITLAM,49.2956993083548,-122.743504847475,4300,POINT (-122.743504847475 49.2956993083548)
8,2024,1725321600000,Break & Enter - Business,2920-2975 Atlantic Avenue,COQUITLAM,49.2817773168211,-122.797889956838,4301,POINT (-122.797889956838 49.2817773168211)
9,2024,1725321600000,Theft from Auto,901-930 Tupper Avenue,COQUITLAM,49.2347841243211,-122.870904376152,4302,POINT (-122.870904376152 49.2347841243211)
10,2024,1725321600000,Theft from Auto,703-726 MacIntosh Street,COQUITLAM,49.260628261336,-122.866065705737,4303,POINT (-122.866065705737 49.260628261336)
11,2024,1725321600000,Theft of Auto,3000-3023 Alderbrook Place,COQUITLAM,49.2676072728748,-122.79423516175,4304,POINT (-122.79423516175 49.2676072728748)
12,2024,1725321600000,Theft from Auto,3100-3188 Patullo Crescent,COQUITLAM,49.2972550686846,-122.780716273158,4305,POINT (-122.780716273158 49.2972550686846)
13,2024,1725321600000,Theft of Auto,2500-2666 Cape Horn Avenue,COQUITLAM,49.2387871102241,-122.819450186289,4306,POINT (-122.819450186289 49.2387871102241)
14,2024,1725321600000,Theft of Auto,980-3160 Westwood Street,COQUITLAM,49.2690002383301,-122.79065853631,4307,POINT (-122.79065853631 49.2690002383301)
15,2024,1725321600000,Theft of Auto,2920-2929 Barnet Highway,COQUITLAM,49.2767058553666,-122.799250028577,4308,POINT (-122.799250028577 49.2767058553666)
16,2024,1725408000000,Break & Enter - Business,2700-2745 Barnet Highway,COQUITLAM,49.2778616259942,-122.810408025974,4309,POINT (-122.810408025974 49.2778616259942)
17,2024,1725408000000,Theft from Auto,1-14 King Edward Street,COQUITLAM,49.2296850720854,-122.861586893866,4310,POINT (-122.861586893866 49.2296850720854)
18,2024,1725408000000,Break & Enter - Residence,813-837 Delestre Avenue,COQUITLAM,49.2416970874977,-122.874133958596,4311,POINT (-122.874133958596 49.2416970874977)
19,2024,1725408000000,Theft of Auto,565-589 Clarke Road,COQUITLAM,49.2626278918917,-122.88873525692,4312,POINT (-122.88873525692 49.2626278918917)
20,2024,1725408000000,Theft of Auto,427-449 Selman Street,COQUITLAM,49.2478538017468,-122.878519697045,4313,POINT (-122.878519697045 49.2478538017468)
21,2024,1725321600000,Theft from Auto,408-417 Donald Street,COQUITLAM,49.2458442329186,-122.881916826585,4314,POINT (-122.881916826585 49.2458442329186)
22,2024,1725494400000,Break & Enter - Business,0-0 Holly Drive,COQUITLAM,49.2509396073494,-122.802845080412,4315,POINT (-122.802845080412 49.2509396073494)
23,2024,1725580800000,Theft of Auto,2872-2882 Japonica Place,COQUITLAM,49.3021639876228,-122.8078215338,4316,POINT (-122.8078215338 49.3021639876228)
24,2024,1725580800000,Break & Enter - Business,3017-3055 Glen Drive,COQUITLAM,49.2826722963937,-122.791784041246,4317,POINT (-122.791784041246 49.2826722963937)
25,2024,1725580800000,Theft of Auto,2930-2971 Blackbear Court,COQUITLAM,49.3045746062521,-122.786895034507,4318,POINT (-122.786895034507 49.3045746062521)
26,2024,1725580800000,Theft from Auto,1501-1549 Haversley Avenue,COQUITLAM,49.2501273954811,-122.851728887605,4319,POINT (-122.851728887605 49.2501273954811)
27,2024,1725580800000,Theft from Auto,2870-2880 Woodsia Place,COQUITLAM,49.3028041773549,-122.808735109972,4320,POINT (-122.808735109972 49.3028041773549)
28,2024,1725580800000,Break & Enter - Residence,2950-2970 Admiral Court,COQUITLAM,49.2695940068,-122.808012315691,4321,POINT (-122.808012315691 49.2695940068)
29,2024,1725667200000,Theft from Auto,932-941 Robinson Street,COQUITLAM,49.2678123267482,-122.880291245893,4322,POINT (-122.880291245893 49.2678123267482)
30,2024,1725667200000,Theft of Auto,3350-3399 Carmelo Avenue,COQUITLAM,49.2882828504617,-122.757504743759,4323,POINT (-122.757504743759 49.2882828504617)
31,2024,1725753600000,Theft from Auto,1450-1499 Johnson Street,COQUITLAM,49.300512981011,-122.79865017025,4324,POINT (-122.79865017025 49.300512981011)
32,2024,1725840000000,Theft from Auto,1933-1999 Winslow Avenue,COQUITLAM,49.2537729333007,-122.838902407146,4325,POINT (-122.838902407146 49.2537729333007)
33,2024,1725840000000,Theft from Auto,1020-1048 Winslow Avenue,COQUITLAM,49.2539077334844,-122.864539865585,4326,POINT (-122.864539865585 49.2539077334844)
34,2024,1725840000000,Break & Enter - Residence,804-815 Robinson Street,COQUITLAM,49.2642038921582,-122.880087837647,4327,POINT (-122.880087837647 49.2642038921582)
35,2024,1725840000000,Theft from Auto,732-750 Anskar Court,COQUITLAM,49.2671871813035,-122.881085822166,4328,POINT (-122.881085822166 49.2671871813035)
36,2024,1725926400000,Theft from Auto,1500-1535 Bramble Lane,COQUITLAM,49.2984774180345,-122.812287938978,4329,POINT (-122.812287938978 49.2984774180345)
37,2024,1725926400000,Theft of Auto,1540-1556 Bramble Lane,COQUITLAM,49.3008787638805,-122.81337915052,4330,POINT (-122.81337915052 49.3008787638805)
38,2024,1725926400000,Break & Enter - Business,995-1100 United Boulevard,COQUITLAM,49.2295460130303,-122.869353150825,4331,POINT (-122.869353150825 49.2295460130303)
39,2024,1725926400000,Theft of Auto,564-588 Gatensbury Street,COQUITLAM,49.2532621061706,-122.857896631082,4332,POINT (-122.857896631082 49.2532621061706)
40,2024,1725926400000,Theft from Auto,1501-1530 Rochester Avenue,COQUITLAM,49.2450565962554,-122.851303950558,4333,POINT (-122.851303950558 49.2450565962554)
41,2024,1726012800000,Theft from Auto,1302-1332 Oxford Street,COQUITLAM,49.2921374530459,-122.763149494605,4334,POINT (-122.763149494605 49.2921374530459)
42,2024,1726012800000,Theft from Auto,305-373 Seaforth Crescent,COQUITLAM,49.2411891662997,-122.847272425716,4335,POINT (-122.847272425716 49.2411891662997)
43,2024,1726012800000,Theft from Auto,960-995 Adair Avenue,COQUITLAM,49.2367740960963,-122.867168397036,4336,POINT (-122.867168397036 49.2367740960963)
44,2024,1726012800000,Theft from Auto,2656-2697 Burnside Place,COQUITLAM,49.2797944476838,-122.810185127985,4337,POINT (-122.810185127985 49.2797944476838)
45,2024,1726099200000,Break & Enter - Residence,960-996 Kinsac Street,COQUITLAM,49.269693978123,-122.869880790808,4338,POINT (-122.869880790808 49.269693978123)
46,2024,1726099200000,Theft from Auto,451-499 Marmont Street,COQUITLAM,49.2493449626457,-122.862199555889,4339,POINT (-122.862199555889 49.2493449626457)
47,2024,1726185600000,Theft of Auto,2534-2565 Barnet Highway,COQUITLAM,49.2778355712941,-122.821690935176,4340,POINT (-122.821690935176 49.2778355712941)
48,2024,1726185600000,Break & Enter - Business,1145-1178 Heffley Crescent,COQUITLAM,49.2808725267698,-122.791485278086,4341,POINT (-122.791485278086 49.2808725267698)
49,2024,1726272000000,Break & Enter - Residence,1145-1178 Heffley Crescent,COQUITLAM,49.2808725267698,-122.791485278086,4342,POINT (-122.791485278086 49.2808725267698)
50,2024,1726444800000,Break & Enter - Business,0-0 Boxwood Drive,COQUITLAM,49.2453678255203,-122.808867013494,4343,POINT (-122.808867013494 49.2453678255203)
51,2024,1726531200000,Theft from Auto,1140-1155 Dufferin Street,COQUITLAM,49.2804439328763,-122.80401799941,4344,POINT (-122.80401799941 49.2804439328763)
52,2024,1726531200000,Break & Enter - Residence,1108-1166 Dansey Avenue,COQUITLAM,49.2471600636125,-122.860119179057,4345,POINT (-122.860119179057 49.2471600636125)
53,2024,1726617600000,Theft from Auto,380-398 Dartmoor Drive,COQUITLAM,49.2427188446615,-122.819169191913,4346,POINT (-122.819169191913 49.2427188446615)
54,2024,1726617600000,Break & Enter - Business,3000-3003 Christmas Way,COQUITLAM,49.2719625329839,-122.79211497066,4347,POINT (-122.79211497066 49.2719625329839)
55,2024,1726704000000,Theft from Auto,519-540 Marmont Street,COQUITLAM,49.2509866086217,-122.862205195204,4348,POINT (-122.862205195204 49.2509866086217)
56,2024,1726704000000,Theft of Auto,2974-2987 Dewdney Trunk Road,COQUITLAM,49.268083614497,-122.795617631369,4349,POINT (-122.795617631369 49.268083614497)
57,2024,1726704000000,Theft from Auto,1140-1155 Dufferin Street,COQUITLAM,49.2804439328763,-122.80401799941,4350,POINT (-122.80401799941 49.2804439328763)
58,2024,1726790400000,Break & Enter - Business,542-545 Whiting Way,COQUITLAM,49.2510133460408,-122.89196828981,4351,POINT (-122.89196828981 49.2510133460408)
59,2024,1726790400000,Theft from Auto,900-959 Sherwood Avenue,COQUITLAM,49.2358461375926,-122.87122338431,4352,POINT (-122.87122338431 49.2358461375926)
60,2024,1726876800000,Theft from Auto,303-312 Sorrento Place,COQUITLAM,49.2399201769785,-122.82709495564,4353,POINT (-122.82709495564 49.2399201769785)
61,2024,1726876800000,Theft from Auto,310-318 Laval Square,COQUITLAM,49.2416252928386,-122.857864462115,4354,POINT (-122.857864462115 49.2416252928386)
62,2024,1726876800000,Break & Enter - Business,603-620 Regan Avenue,COQUITLAM,49.2622047824503,-122.885791471986,4355,POINT (-122.885791471986 49.2622047824503)
63,2024,1726963200000,Theft from Auto,100-120 Schoolhouse Street,COQUITLAM,49.2329204584163,-122.852609094494,4356,POINT (-122.852609094494 49.2329204584163)
64,2024,1726963200000,Theft of Auto,2534-2565 Barnet Highway,COQUITLAM,49.2778355712941,-122.821690935176,4357,POINT (-122.821690935176 49.2778355712941)
65,2024,1727049600000,Break & Enter - Business,2950-2978 Glen Drive,COQUITLAM,49.2827270512264,-122.797400829648,4358,POINT (-122.797400829648 49.2827270512264)
66,2024,1727049600000,Theft from Auto,1461-1498 Lansdowne Drive,COQUITLAM,49.2961037241662,-122.812407504892,4359,POINT (-122.812407504892 49.2961037241662)
67,2024,1727049600000,Theft from Auto,100-120 Schoolhouse Street,COQUITLAM,49.2329204584163,-122.852609094494,4360,POINT (-122.852609094494 49.2329204584163)
68,2024,1727136000000,Theft from Auto,2206-2258 Kaptey Avenue,COQUITLAM,49.2343323992114,-122.832819121078,4361,POINT (-122.832819121078 49.2343323992114)
69,2024,1727136000000,Break & Enter - Business,2920-2975 Atlantic Avenue,COQUITLAM,49.2817773168211,-122.797889956838,4362,POINT (-122.797889956838 49.2817773168211)
70,2024,1727136000000,Theft of Auto,2800-2885 Barnet Highway,COQUITLAM,49.2773746474218,-122.802425367246,4363,POINT (-122.802425367246 49.2773746474218)
71,2024,1727222400000,Theft from Auto,1201-1210 Pacific Street,COQUITLAM,49.2846681732234,-122.798132676813,4364,POINT (-122.798132676813 49.2846681732234)
72,2024,1727308800000,Theft from Auto,541-611 Smith Avenue,COQUITLAM,49.2602760358935,-122.88727843325,4365,POINT (-122.88727843325 49.2602760358935)
73,2024,1727308800000,Theft from Auto,721-730 Quadling Avenue,COQUITLAM,49.2406937803553,-122.879234230303,4366,POINT (-122.879234230303 49.2406937803553)
74,2024,1727308800000,Break & Enter - Residence,320-334 Burns Street,COQUITLAM,49.2431300776506,-122.876297706826,4367,POINT (-122.876297706826 49.2431300776506)
75,2024,1727308800000,Theft of Auto,3020-3045 Lincoln Avenue,COQUITLAM,49.2791130975686,-122.791972724497,4368,POINT (-122.791972724497 49.2791130975686)
76,2024,1727395200000,Theft from Auto,1326-1327 Anvil Court,COQUITLAM,49.2927366440574,-122.776154376791,4369,POINT (-122.776154376791 49.2927366440574)
77,2024,1727395200000,Theft from Auto,1100-1106 Hansard Crescent,COQUITLAM,49.2733728194134,-122.804356482306,4370,POINT (-122.804356482306 49.2733728194134)
78,2024,1727481600000,Theft from Auto,400-418 Mariner Way,COQUITLAM,49.2447632043843,-122.815643635291,4371,POINT (-122.815643635291 49.2447632043843)
79,2024,1727568000000,Theft of Auto,101-195 Schoolhouse Street,COQUITLAM,49.2347916075454,-122.852547094728,4372,POINT (-122.852547094728 49.2347916075454)
80,2024,1727654400000,Theft from Auto,3400-3430 Don Moore Drive,COQUITLAM,49.2904341670938,-122.750860152667,4373,POINT (-122.750860152667 49.2904341670938)
81,2024,1727740800000,Theft of Auto,2534-2565 Barnet Highway,COQUITLAM,49.2778355712941,-122.821690935176,4374,POINT (-122.821690935176 49.2778355712941)
82,2024,1727913600000,Theft from Auto,1450-1458 Lambert Way,COQUITLAM,49.3024778767148,-122.770759143599,4375,POINT (-122.770759143599 49.3024778767148)
83,2024,1728000000000,Theft from Auto,1317-1321 McLellan Drive,COQUITLAM,49.293876446853,-122.772530674185,4376,POINT (-122.772530674185 49.293876446853)
84,2024,1727913600000,Theft of Auto,520-540 Gatensbury Street,COQUITLAM,49.2509609373288,-122.857959824861,4377,POINT (-122.857959824861 49.2509609373288)
85,2024,1728000000000,Theft of Auto,208-307 Begin Street,COQUITLAM,49.2398162594413,-122.859785709313,4378,POINT (-122.859785709313 49.2398162594413)
86,2024,1728000000000,Break & Enter - Business,65-77 Clipper Street,COQUITLAM,49.2284387831612,-122.852821116341,4379,POINT (-122.852821116341 49.2284387831612)
87,2024,1728000000000,Break & Enter - Business,101-195 Schoolhouse Street,COQUITLAM,49.2347916075454,-122.852547094728,4380,POINT (-122.852547094728 49.2347916075454)
88,2024,1728000000000,Break & Enter - Business,1134-1152 Windsor Mews,COQUITLAM,49.2800979513133,-122.786300958911,4381,POINT (-122.786300958911 49.2800979513133)
89,2024,1728086400000,Theft from Auto,3171-3188 Beacon Drive,COQUITLAM,49.2714645433372,-122.809850042952,4382,POINT (-122.809850042952 49.2714645433372)
90,2024,1728172800000,Break & Enter - Business,2920-2929 Barnet Highway,COQUITLAM,49.2767058553666,-122.799250028577,4383,POINT (-122.799250028577 49.2767058553666)
91,2024,1728172800000,Theft from Auto,3710-3711 Victoria Drive,COQUITLAM,49.2967775834917,-122.718143078877,4384,POINT (-122.718143078877 49.2967775834917)
92,2024,1728172800000,Theft from Auto,3350-3405 Plateau Boulevard,COQUITLAM,49.3192705537248,-122.791774600801,4385,POINT (-122.791774600801 49.3192705537248)
93,2024,1728172800000,Break & Enter - Business,1900-1913 Edgewood Avenue,COQUITLAM,49.2447309496247,-122.841034166941,4386,POINT (-122.841034166941 49.2447309496247)
94,2024,1728172800000,Theft from Auto,0-0 Plateau Boulevard,COQUITLAM,49.3174503061274,-122.791002043788,4387,POINT (-122.791002043788 49.3174503061274)
95,2024,1728259200000,Break & Enter - Business,210-287 Schoolhouse Street,COQUITLAM,49.2378792699565,-122.852507436297,4388,POINT (-122.852507436297 49.2378792699565)
96,2024,1728259200000,Theft from Auto,1447-1476 Blackwater Place,COQUITLAM,49.3001421068727,-122.780259761412,4389,POINT (-122.780259761412 49.3001421068727)
97,2024,1728259200000,Theft from Auto,942-943 Miller Avenue,COQUITLAM,49.2681654957689,-122.869004464218,4390,POINT (-122.869004464218 49.2681654957689)
98,2024,1728259200000,Break & Enter - Business,0-0 Holly Drive,COQUITLAM,49.2509396073494,-122.802845080412,4391,POINT (-122.802845080412 49.2509396073494)
99,2024,1728259200000,Theft from Auto,413-414 Guilby Street,COQUITLAM,49.2467904799685,-122.885402696378,4392,POINT (-122.885402696378 49.2467904799685)
100,2024,1728259200000,Break & Enter - Business,0-0 Holly Drive,COQUITLAM,49.2509396073494,-122.802845080412,4393,POINT (-122.802845080412 49.2509396073494)
101,2024,1728345600000,Theft from Auto,1241-1252 Town Centre Boulevard,COQUITLAM,49.2869445817323,-122.793567359537,4394,POINT (-122.793567359537 49.2869445817323)
102,2024,1728345600000,Theft from Auto,2170-2389 Parkway Boulevard,COQUITLAM,49.3191454976168,-122.794760679074,4395,POINT (-122.794760679074 49.3191454976168)
103,2024,1728518400000,Break & Enter - Business,3042-3099 Lincoln Avenue,COQUITLAM,49.2789305167742,-122.789527554852,4396,POINT (-122.789527554852 49.2789305167742)
104,2024,1728518400000,Theft from Auto,520-540 Gatensbury Street,COQUITLAM,49.2509609373288,-122.857959824861,4397,POINT (-122.857959824861 49.2509609373288)
105,2024,1728777600000,Theft from Auto,1090-1099 Lansdowne Drive,COQUITLAM,49.276851433884,-122.808383190491,4398,POINT (-122.808383190491 49.276851433884)
106,2024,1728691200000,Theft from Auto,1024-1032 Moray Street,COQUITLAM,49.2716715858287,-122.834949487464,4399,POINT (-122.834949487464 49.2716715858287)
107,2024,1728777600000,Theft from Auto,2177-2245 Park Crescent,COQUITLAM,49.2707345087228,-122.83233639358,4400,POINT (-122.83233639358 49.2707345087228)
108,2024,1728864000000,Break & Enter - Residence,2025-2080 Craigen Avenue,COQUITLAM,49.2366685144023,-122.838646578858,4401,POINT (-122.838646578858 49.2366685144023)
109,2024,1728604800000,Theft from Auto,3151-3153 Dawson Court,COQUITLAM,49.3019431852433,-122.778823068483,4402,POINT (-122.778823068483 49.3019431852433)
110,2024,1728604800000,Theft from Auto,621-638 Regan Avenue,COQUITLAM,49.2621713408452,-122.884084793272,4403,POINT (-122.884084793272 49.2621713408452)
111,2024,1728432000000,Theft of Auto,1450-1950 Hartley Avenue,COQUITLAM,49.2266146604598,-122.844652097066,4404,POINT (-122.844652097066 49.2266146604598)
112,2024,1728432000000,Theft of Auto,2574-2675 Barnet Highway,COQUITLAM,49.2778867047908,-122.815752058863,4405,POINT (-122.815752058863 49.2778867047908)
113,2024,1728518400000,Theft from Auto,1300-1301 King Albert Avenue,COQUITLAM,49.2514153668174,-122.857360851793,4406,POINT (-122.857360851793 49.2514153668174)
114,2024,1728864000000,Theft from Auto,1900-1939 Brunette Avenue,COQUITLAM,49.2322229157748,-122.841194365222,4407,POINT (-122.841194365222 49.2322229157748)
115,2024,1728518400000,Break & Enter - Residence,1210-1265 Falcon Drive,COQUITLAM,49.285721263857,-122.818407632108,4408,POINT (-122.818407632108 49.285721263857)
116,2024,1728172800000,Theft of Auto,3124-3163 Beacon Drive,COQUITLAM,49.26952274169,-122.809762289482,4409,POINT (-122.809762289482 49.26952274169)
117,2024,1728777600000,Theft from Auto,1515-1550 King Albert Avenue,COQUITLAM,49.25143464225,-122.851598793807,4410,POINT (-122.851598793807 49.25143464225)
118,2024,1728864000000,Theft of Auto,1313-1386 Glenbrook Street,COQUITLAM,49.2964994636497,-122.760067749021,4411,POINT (-122.760067749021 49.2964994636497)
119,2024,1728777600000,Theft from Auto,2242-2266 Park Crescent,COQUITLAM,49.2713624830981,-122.831297320218,4412,POINT (-122.831297320218 49.2713624830981)
120,2024,1728864000000,Theft of Auto,2954-2976 Pheasant Street,COQUITLAM,49.2733317802955,-122.796496704574,4413,POINT (-122.796496704574 49.2733317802955)
121,2024,1728864000000,Theft from Auto,1300-1322 Marguerite Street,COQUITLAM,49.2939084606054,-122.758747658959,4414,POINT (-122.758747658959 49.2939084606054)
122,2024,1728950400000,Break & Enter - Residence,1430-1459 Nystrom Court,COQUITLAM,49.3007104742601,-122.748909459074,4415,POINT (-122.748909459074 49.3007104742601)
123,2024,1728950400000,Theft of Auto,2750-2881 Barnet Highway,COQUITLAM,49.2776863015988,-122.805257914762,4416,POINT (-122.805257914762 49.2776863015988)
124,2024,1728864000000,Theft of Auto,2750-2881 Barnet Highway,COQUITLAM,49.2776863015988,-122.805257914762,4417,POINT (-122.805257914762 49.2776863015988)
125,2024,1728950400000,Theft from Auto,3024-3048 Anson Avenue,COQUITLAM,49.2772680389012,-122.792193119303,4418,POINT (-122.792193119303 49.2772680389012)
126,2024,1728950400000,Break & Enter - Residence,957-1013 Saddle Street,COQUITLAM,49.2686619414905,-122.804709531174,4419,POINT (-122.804709531174 49.2686619414905)
127,2024,1728950400000,Theft from Auto,1044-3380 Westwood Street,COQUITLAM,49.272984079564,-122.790560434726,4420,POINT (-122.790560434726 49.272984079564)
128,2024,1728950400000,Theft from Auto,519-540 Nelson Street,COQUITLAM,49.2510093604602,-122.865615661547,4421,POINT (-122.865615661547 49.2510093604602)
129,2024,1729036800000,Theft from Auto,540-559 Foster Avenue,COQUITLAM,49.2567751288271,-122.888101881107,4422,POINT (-122.888101881107 49.2567751288271)
130,2024,1729036800000,Theft from Auto,301-324 Burns Street,COQUITLAM,49.2414335747224,-122.876149367469,4423,POINT (-122.876149367469 49.2414335747224)
131,2024,1729036800000,Theft from Auto,500-518 Marmont Street,COQUITLAM,49.2501823821875,-122.862203657691,4424,POINT (-122.862203657691 49.2501823821875)
132,2024,1729123200000,Break & Enter - Business,514-539 Foster Avenue,COQUITLAM,49.256797545894,-122.890784901772,4425,POINT (-122.890784901772 49.256797545894)
133,2024,1729123200000,Theft from Auto,828-834 Alama Avenue,COQUITLAM,49.246065428836,-122.874600564819,4426,POINT (-122.874600564819 49.246065428836)
134,2024,1729209600000,Theft from Auto,0-3251 Chartwell Lane,COQUITLAM,49.3146591721785,-122.78586758385,4427,POINT (-122.78586758385 49.3146591721785)
135,2024,1729209600000,Theft of Auto,1450-1950 Hartley Avenue,COQUITLAM,49.2266146604598,-122.844652097066,4428,POINT (-122.844652097066 49.2266146604598)
136,2024,1729209600000,Theft from Auto,846-914 Seymour Drive,COQUITLAM,49.2657230209929,-122.827157227622,4429,POINT (-122.827157227622 49.2657230209929)
137,2024,1729209600000,Theft from Auto,3600-3620 Burke Village Promenade,COQUITLAM,49.2947545447813,-122.731152968997,4430,POINT (-122.731152968997 49.2947545447813)
138,2024,1729209600000,Theft from Auto,846-914 Seymour Drive,COQUITLAM,49.2657230209929,-122.827157227622,4431,POINT (-122.827157227622 49.2657230209929)
139,2024,1729123200000,Theft from Auto,2975-2979 Atlantic Avenue,COQUITLAM,49.2817646402723,-122.796585715072,4432,POINT (-122.796585715072 49.2817646402723)
140,2024,1729209600000,Break & Enter - Business,88-98 Brigantine Drive,COQUITLAM,49.2279265603779,-122.84881847554,4433,POINT (-122.84881847554 49.2279265603779)
141,2024,1729209600000,Theft from Auto,1421-1445 Harbour Drive,COQUITLAM,49.2677315180195,-122.853266285736,4434,POINT (-122.853266285736 49.2677315180195)
142,2024,1729296000000,Theft from Auto,401-429 Balfour Drive,COQUITLAM,49.245814635739,-122.823187129367,4435,POINT (-122.823187129367 49.245814635739)
143,2024,1729296000000,Theft from Auto,2230-2271 Monashee Court,COQUITLAM,49.2382168964064,-122.82819665613,4436,POINT (-122.82819665613 49.2382168964064)
144,2024,1729296000000,Theft from Auto,1155-1182 Westwood Street,COQUITLAM,49.2821642231796,-122.790466752223,4437,POINT (-122.790466752223 49.2821642231796)
145,2024,1729296000000,Break & Enter - Business,1155-1182 Westwood Street,COQUITLAM,49.2821642231796,-122.790466752223,4438,POINT (-122.790466752223 49.2821642231796)
146,2024,1729296000000,Theft from Auto,2920-2975 Atlantic Avenue,COQUITLAM,49.2817773168211,-122.797889956838,4439,POINT (-122.797889956838 49.2817773168211)
147,2024,1729296000000,Theft from Auto,534-535 Blue Mountain Street,COQUITLAM,49.2511206600863,-122.869075818288,4440,POINT (-122.869075818288 49.2511206600863)
148,2024,1729296000000,Theft from Auto,3024-3048 Anson Avenue,COQUITLAM,49.2772680389012,-122.792193119303,4441,POINT (-122.792193119303 49.2772680389012)
149,2024,1729296000000,Theft from Auto,1022-1071 Austin Avenue,COQUITLAM,49.2490028066417,-122.863940671901,4442,POINT (-122.863940671901 49.2490028066417)
150,2024,1729296000000,Theft from Auto,1022-1071 Austin Avenue,COQUITLAM,49.2490028066417,-122.863940671901,4443,POINT (-122.863940671901 49.2490028066417)
151,2024,1729382400000,Break & Enter - Business,1035-1064 Howie Avenue,COQUITLAM,49.2505675902749,-122.86388161894,4444,POINT (-122.86388161894 49.2505675902749)
152,2024,1729468800000,Theft from Auto,2230-2271 Monashee Court,COQUITLAM,49.2382168964064,-122.82819665613,4445,POINT (-122.82819665613 49.2382168964064)
153,2024,1729468800000,Theft of Auto,980-3160 Westwood Street,COQUITLAM,49.2690002383301,-122.79065853631,4446,POINT (-122.79065853631 49.2690002383301)
154,2024,1729468800000,Break & Enter - Business,707-734 Dogwood Street,COQUITLAM,49.2610664319487,-122.883404460651,4447,POINT (-122.883404460651 49.2610664319487)
155,2024,1729641600000,Theft from Auto,1103-1209 Howie Avenue,COQUITLAM,49.2505329055544,-122.860080702989,4448,POINT (-122.860080702989 49.2505329055544)
156,2024,1729641600000,Theft from Auto,1090-1099 Lansdowne Drive,COQUITLAM,49.276851433884,-122.808383190491,4449,POINT (-122.808383190491 49.276851433884)
157,2024,1729641600000,Theft from Auto,3105-3148 Silverthrone Drive,COQUITLAM,49.3016341044849,-122.780831361401,4450,POINT (-122.780831361401 49.3016341044849)
158,2024,1729641600000,Theft of Auto,620-644 Poirier Street,COQUITLAM,49.2549765478455,-122.846470438508,4451,POINT (-122.846470438508 49.2549765478455)
159,2024,1729728000000,Break & Enter - Business,542-545 Whiting Way,COQUITLAM,49.2510133460408,-122.89196828981,4452,POINT (-122.89196828981 49.2510133460408)
160,2024,1729641600000,Theft from Auto,433-499 Nelson Street,COQUITLAM,49.2493312582197,-122.865604477587,4453,POINT (-122.865604477587 49.2493312582197)
161,2024,1729728000000,Break & Enter - Residence,1301-1499 Rochester Avenue,COQUITLAM,49.2450499445504,-122.85352791542,4454,POINT (-122.85352791542 49.2450499445504)
162,2024,1729814400000,Theft from Auto,1273-1294 Steeple Drive,COQUITLAM,49.2880623715885,-122.816825089028,4455,POINT (-122.816825089028 49.2880623715885)
163,2024,1729814400000,Theft from Auto,544-545 Sydney Avenue,COQUITLAM,49.2481931859586,-122.889004237344,4456,POINT (-122.889004237344 49.2481931859586)
164,2024,1729728000000,Theft from Auto,2952-2995 Fleet Street,COQUITLAM,49.2620918633259,-122.812149557077,4457,POINT (-122.812149557077 49.2620918633259)
165,2024,1729814400000,Break & Enter - Business,657-682 Fairview Street,COQUITLAM,49.2576399495191,-122.882927987115,4458,POINT (-122.882927987115 49.2576399495191)
166,2024,1729814400000,Theft from Auto,3010- Riverbend Drive,COQUITLAM,49.2639001889406,-122.791044356568,4459,POINT (-122.791044356568 49.2639001889406)
167,2024,1729987200000,Theft from Auto,1323-1360 Marguerite Street,COQUITLAM,49.2951760520246,-122.758730020663,4460,POINT (-122.758730020663 49.2951760520246)
168,2024,1729987200000,Theft of Auto,960-990 Crystal Court,COQUITLAM,49.2689853292436,-122.801841554819,4461,POINT (-122.801841554819 49.2689853292436)
169,2024,1729987200000,Break & Enter - Business,3020-3045 Lincoln Avenue,COQUITLAM,49.2791130975686,-122.791972724497,4462,POINT (-122.791972724497 49.2791130975686)
170,2024,1729987200000,Break & Enter - Business,3020-3045 Lincoln Avenue,COQUITLAM,49.2791130975686,-122.791972724497,4463,POINT (-122.791972724497 49.2791130975686)
171,2024,1729987200000,Break & Enter - Residence,680-694 Florence Street,COQUITLAM,49.2592230633121,-122.881472462463,4464,POINT (-122.881472462463 49.2592230633121)
172,2024,1730073600000,Theft of Auto,864-899 Herrmann Street,COQUITLAM,49.2661881078225,-122.796749332868,4465,POINT (-122.796749332868 49.2661881078225)
173,2024,1730073600000,Theft from Auto,1411-1419 Pipeline Road,COQUITLAM,49.3005972125006,-122.776980708158,4466,POINT (-122.776980708158 49.3005972125006)
174,2024,1730073600000,Theft from Auto,3321-3333 Willerton Court,COQUITLAM,49.29021973512,-122.762029029744,4467,POINT (-122.762029029744 49.29021973512)
175,2024,1730073600000,Theft of Auto,2954-2976 Pheasant Street,COQUITLAM,49.2733317802955,-122.796496704574,4468,POINT (-122.796496704574 49.2733317802955)
176,2024,1730160000000,Break & Enter - Residence,2860-2885 Packard Avenue,COQUITLAM,49.2799835231606,-122.802914375371,4469,POINT (-122.802914375371 49.2799835231606)
177,2024,1730160000000,Theft from Auto,2905-2930 Glen Drive,COQUITLAM,49.2827340217109,-122.800226591827,4470,POINT (-122.800226591827 49.2827340217109)
178,2024,1730160000000,Break & Enter - Residence,544-616 Austin Avenue,COQUITLAM,49.2490777109696,-122.887539692747,4471,POINT (-122.887539692747 49.2490777109696)
179,2024,1730160000000,Break & Enter - Business,427-449 Selman Street,COQUITLAM,49.2478538017468,-122.878519697045,4472,POINT (-122.878519697045 49.2478538017468)
180,2024,1730332800000,Break & Enter - Residence,2817-2850 Rambler Way,COQUITLAM,49.2857183455434,-122.80920071755,4473,POINT (-122.80920071755 49.2857183455434)
181,2024,1730332800000,Theft from Auto,3544-3579 Victoria Drive,COQUITLAM,49.2869631393799,-122.735499875438,4474,POINT (-122.735499875438 49.2869631393799)
182,2024,1730332800000,Theft from Auto,3544-3579 Victoria Drive,COQUITLAM,49.2869631393799,-122.735499875438,4475,POINT (-122.735499875438 49.2869631393799)
183,2024,1730419200000,Break & Enter - Business,603-620 Regan Avenue,COQUITLAM,49.2622047824503,-122.885791471986,4476,POINT (-122.885791471986 49.2622047824503)
184,2024,1730419200000,Theft from Auto,1120-1219 Bartlett Avenue,COQUITLAM,49.2693687110021,-122.858923175645,4477,POINT (-122.858923175645 49.2693687110021)
185,2024,1730505600000,Theft from Auto,500-518 Marmont Street,COQUITLAM,49.2501823821875,-122.862203657691,4478,POINT (-122.862203657691 49.2501823821875)
186,2024,1730592000000,Theft from Auto,818-859 Atkins Street,COQUITLAM,49.2650310430572,-122.850231761996,4479,POINT (-122.850231761996 49.2650310430572)
187,2024,1730592000000,Theft of Auto,730-750 Smith Avenue,COQUITLAM,49.2600725289087,-122.879172989483,4480,POINT (-122.879172989483 49.2600725289087)
188,2024,1730592000000,Theft of Auto,682-689 Schoolhouse Street,COQUITLAM,49.2592383702,-122.85212607225,4481,POINT (-122.85212607225 49.2592383702)
189,2024,1730678400000,Theft from Auto,1951-2099 Cape Horn Avenue,COQUITLAM,49.2311773548376,-122.839208976728,4482,POINT (-122.839208976728 49.2311773548376)
190,2024,1730678400000,Theft from Auto,3001-3028 Maplebrook Place,COQUITLAM,49.2660802294387,-122.794172379809,4483,POINT (-122.794172379809 49.2660802294387)
191,2024,1730678400000,Theft from Auto,2641-2659 Brewster Drive,COQUITLAM,49.2932934429646,-122.804884489629,4484,POINT (-122.804884489629 49.2932934429646)
192,2024,1730678400000,Theft from Auto,1290-1299 Soball Street,COQUITLAM,49.2910464866743,-122.748642760535,4485,POINT (-122.748642760535 49.2910464866743)
193,2024,1730678400000,Theft from Auto,120-155 Glacier Street,COQUITLAM,49.2342586534811,-122.817607605204,4486,POINT (-122.817607605204 49.2342586534811)
194,2024,1730678400000,Theft of Auto,1750-1900 Brigantine Drive,COQUITLAM,49.2247156933157,-122.843090678074,4487,POINT (-122.843090678074 49.2247156933157)
195,2024,1730678400000,Break & Enter - Business,11-25 King Edward Street,COQUITLAM,49.2324493710326,-122.86161577216,4488,POINT (-122.86161577216 49.2324493710326)
196,2024,1730937600000,Theft from Auto,2980-2986 Rockridge Lane,COQUITLAM,49.3000227740615,-122.805327967121,4489,POINT (-122.805327967121 49.3000227740615)
197,2024,1730937600000,Break & Enter - Business,550-578 Emerson Street,COQUITLAM,49.2617620551709,-122.887075990407,4490,POINT (-122.887075990407 49.2617620551709)
198,2024,1730937600000,Theft from Auto,542-545 Whiting Way,COQUITLAM,49.2510133460408,-122.89196828981,4491,POINT (-122.89196828981 49.2510133460408)
199,2024,1730937600000,Break & Enter - Residence,804-906 Ingersoll Avenue,COQUITLAM,49.2708556696858,-122.875529403595,4492,POINT (-122.875529403595 49.2708556696858)
200,2024,1731024000000,Theft from Auto,2750-2881 Barnet Highway,COQUITLAM,49.2776863015988,-122.805257914762,4493,POINT (-122.805257914762 49.2776863015988)
201,2024,1731024000000,Theft from Auto,1256-1284 Bluff Drive,COQUITLAM,49.2922879355084,-122.766563541471,4494,POINT (-122.766563541471 49.2922879355084)
202,2024,1731024000000,Break & Enter - Residence,2754-2791 Cultus Court,COQUITLAM,49.2520549343748,-122.807392929697,4495,POINT (-122.807392929697 49.2520549343748)
203,2024,1731110400000,Theft from Auto,309-317 Loring Street,COQUITLAM,49.2415874326818,-122.888133067983,4496,POINT (-122.888133067983 49.2415874326818)
204,2024,1731196800000,Break & Enter - Business,2750-2881 Barnet Highway,COQUITLAM,49.2776863015988,-122.805257914762,4497,POINT (-122.805257914762 49.2776863015988)
205,2024,1731283200000,Theft of Auto,2817-2850 Rambler Way,COQUITLAM,49.2857183455434,-122.80920071755,4498,POINT (-122.80920071755 49.2857183455434)
206,2024,1731283200000,Theft of Auto,1140-1155 Dufferin Street,COQUITLAM,49.2804439328763,-122.80401799941,4499,POINT (-122.80401799941 49.2804439328763)
207,2024,1731369600000,Theft from Auto,0-0 United Boulevard,COQUITLAM,49.2388467201046,-122.822833592664,4500,POINT (-122.822833592664 49.2388467201046)
208,2024,1731369600000,Theft from Auto,1128-1159 Devon Street,COQUITLAM,49.2797381077873,-122.728685341051,4501,POINT (-122.728685341051 49.2797381077873)
209,2024,1731456000000,Break & Enter - Business,298-299 Guilby Street,COQUITLAM,49.2414022709606,-122.885257795718,4502,POINT (-122.885257795718 49.2414022709606)
210,2024,1731456000000,Theft of Auto,519-540 Marmont Street,COQUITLAM,49.2509866086217,-122.862205195204,4503,POINT (-122.862205195204 49.2509866086217)
211,2024,1731369600000,Theft from Auto,3063-3099 Daybreak Avenue,COQUITLAM,49.2659860798435,-122.807693758454,4504,POINT (-122.807693758454 49.2659860798435)
212,2024,1731456000000,Theft from Auto,817-835 Porter Street,COQUITLAM,49.2648306454631,-122.863170198724,4505,POINT (-122.863170198724 49.2648306454631)
213,2024,1731542400000,Theft from Auto,800-831 Brunette Avenue,COQUITLAM,49.2358764179427,-122.874439354163,4506,POINT (-122.874439354163 49.2358764179427)
214,2024,1731456000000,Theft from Auto,1009-1021 Spring Avenue,COQUITLAM,49.2692357439077,-122.865096294102,4507,POINT (-122.865096294102 49.2692357439077)
215,2024,1731628800000,Break & Enter - Business,100-120 Schoolhouse Street,COQUITLAM,49.2329204584163,-122.852609094494,4508,POINT (-122.852609094494 49.2329204584163)
216,2024,1731715200000,Theft from Auto,960-1016 Howie Avenue,COQUITLAM,49.2506099402738,-122.867384404219,4509,POINT (-122.867384404219 49.2506099402738)
217,2024,1731715200000,Break & Enter - Business,300-320 Alderson Ave,COQUITLAM,49.2423061803058,-122.891113367976,4510,POINT (-122.891113367976 49.2423061803058)
218,2024,1731801600000,Theft of Auto,264-271 Bernatchey Street,COQUITLAM,49.2391741021242,-122.878589026706,4511,POINT (-122.878589026706 49.2391741021242)
219,2024,1731801600000,Theft from Auto,689-731 Clearwater Way,COQUITLAM,49.2579018291374,-122.804717350834,4512,POINT (-122.804717350834 49.2579018291374)
220,2024,1731801600000,Break & Enter - Residence,842-919 Thermal Drive,COQUITLAM,49.2651490727172,-122.830202442301,4513,POINT (-122.830202442301 49.2651490727172)
221,2024,1731801600000,Theft from Auto,2900-2910 Paul Lake Court,COQUITLAM,49.2600951577798,-122.806000409336,4514,POINT (-122.806000409336 49.2600951577798)
222,2024,1731888000000,Theft from Auto,333-339 Decaire Street,COQUITLAM,49.2431992945573,-122.850062475847,4515,POINT (-122.850062475847 49.2431992945573)
223,2024,1731888000000,Theft from Auto,689-731 Clearwater Way,COQUITLAM,49.2579018291374,-122.804717350834,4516,POINT (-122.804717350834 49.2579018291374)
224,2024,1731888000000,Theft from Auto,2950-2978 Glen Drive,COQUITLAM,49.2827270512264,-122.797400829648,4517,POINT (-122.797400829648 49.2827270512264)
225,2024,1731888000000,Theft from Auto,3484-3490 Highland Drive,COQUITLAM,49.3006943982334,-122.748349245335,4518,POINT (-122.748349245335 49.3006943982334)
226,2024,1731888000000,Break & Enter - Business,605-648 Claremont Street,COQUITLAM,49.2650156195149,-122.890731812126,4519,POINT (-122.890731812126 49.2650156195149)
227,2024,1731974400000,Theft from Auto,2700-2737 Daybreak Avenue,COQUITLAM,49.268282479836,-122.812398386319,4520,POINT (-122.812398386319 49.268282479836)
228,2024,1732060800000,Break & Enter - Business,1155-1182 Westwood Street,COQUITLAM,49.2821642231796,-122.790466752223,4521,POINT (-122.790466752223 49.2821642231796)
229,2024,1732060800000,Break & Enter - Business,1191-1199 Pinetree Way,COQUITLAM,49.2833642729515,-122.793183371699,4522,POINT (-122.793183371699 49.2833642729515)
230,2024,1732060800000,Theft from Auto,1060-1087 Hull Court,COQUITLAM,49.2743515192768,-122.810751562819,4523,POINT (-122.810751562819 49.2743515192768)
231,2024,1732147200000,Theft from Auto,290-299 Schoolhouse Street,COQUITLAM,49.2401372636852,-122.852480916462,4524,POINT (-122.852480916462 49.2401372636852)
232,2024,1732233600000,Theft from Auto,2920-2948 Burton Court,COQUITLAM,49.2673133500649,-122.800449048229,4525,POINT (-122.800449048229 49.2673133500649)
233,2024,1732233600000,Break & Enter - Business,1188-1206 Johnson Street,COQUITLAM,49.2840641570887,-122.801688056746,4526,POINT (-122.801688056746 49.2840641570887)
234,2024,1732406400000,Break & Enter - Residence,431-441 Bray Street,COQUITLAM,49.2465197421149,-122.820975778493,4527,POINT (-122.820975778493 49.2465197421149)
235,2024,1732492800000,Theft from Auto,900-968 Fresno Place,COQUITLAM,49.2697340139827,-122.83984396488,4528,POINT (-122.83984396488 49.2697340139827)
236,2024,1732492800000,Break & Enter - Business,80-169 Golden Drive,COQUITLAM,49.2326563107605,-122.823430250462,4529,POINT (-122.823430250462 49.2326563107605)
237,2024,1732492800000,Theft from Auto,2920-2923 Atlantic Avenue,COQUITLAM,49.2817750430673,-122.799872770245,4530,POINT (-122.799872770245 49.2817750430673)
238,2024,1732579200000,Theft from Auto,520-540 Gatensbury Street,COQUITLAM,49.2509609373288,-122.857959824861,4531,POINT (-122.857959824861 49.2509609373288)
239,2024,1732579200000,Theft from Auto,403-3965 North Road,COQUITLAM,49.2474360702703,-122.892717658606,4532,POINT (-122.892717658606 49.2474360702703)
240,2024,1732579200000,Theft from Auto,401-409 Byng Street,COQUITLAM,49.2447448153713,-122.8314731164,4533,POINT (-122.8314731164 49.2447448153713)
241,2024,1732752000000,Theft from Auto,2999-3001 Pinewood Avenue,COQUITLAM,49.2910138890711,-122.791052864295,4534,POINT (-122.791052864295 49.2910138890711)
242,2024,1732665600000,Theft from Auto,2011-2081 Colton Avenue,COQUITLAM,49.2400040750638,-122.838859806999,4535,POINT (-122.838859806999 49.2400040750638)
243,2024,1732752000000,Break & Enter - Business,100-120 Schoolhouse Street,COQUITLAM,49.2329204584163,-122.852609094494,4536,POINT (-122.852609094494 49.2329204584163)
244,2024,1732752000000,Theft from Auto,2920-2929 Barnet Highway,COQUITLAM,49.2767058553666,-122.799250028577,4537,POINT (-122.799250028577 49.2767058553666)
245,2024,1732752000000,Theft from Auto,1210-1265 Falcon Drive,COQUITLAM,49.285721263857,-122.818407632108,4538,POINT (-122.818407632108 49.285721263857)
246,2024,1732752000000,Theft from Auto,1176-2668 Eagleridge Drive,COQUITLAM,49.2799842409855,-122.813172547219,4539,POINT (-122.813172547219 49.2799842409855)
247,2024,1732752000000,Theft from Auto,3200-3226 Mariner Way,COQUITLAM,49.2728714472481,-122.809906260809,4540,POINT (-122.809906260809 49.2728714472481)
248,2024,1732838400000,Theft of Auto,3410-3424 Horizon Drive,COQUITLAM,49.3024516921271,-122.752178731103,4541,POINT (-122.752178731103 49.3024516921271)
249,2024,1732752000000,Theft from Auto,1271-1299 Tercel Court,COQUITLAM,49.2877122005574,-122.820185911932,4542,POINT (-122.820185911932 49.2877122005574)
250,2024,1732838400000,Break & Enter - Residence,3080-3099 Moss Court,COQUITLAM,49.3091328475602,-122.788142806497,4543,POINT (-122.788142806497 49.3091328475602)
251,2024,1732838400000,Theft from Auto,1318-1398 Harbour Drive,COQUITLAM,49.2678818818483,-122.854467697284,4544,POINT (-122.854467697284 49.2678818818483)
252,2024,1732838400000,Theft from Auto,2551-2588 Harrier Drive,COQUITLAM,49.2809047313974,-122.81709074612,4545,POINT (-122.81709074612 49.2809047313974)
253,2024,1732924800000,Break & Enter - Business,300-320 Alderson Ave,COQUITLAM,49.2423061803058,-122.891113367976,4546,POINT (-122.891113367976 49.2423061803058)
254,2024,1732924800000,Break & Enter - Business,2960-2979 Christmas Way,COQUITLAM,49.2746923768945,-122.795906531437,4547,POINT (-122.795906531437 49.2746923768945)
255,2024,1733097600000,Break & Enter - Business,450-455 Blue Mountain Street,COQUITLAM,49.2486258859444,-122.869623934995,4548,POINT (-122.869623934995 49.2486258859444)
256,2024,1733097600000,Theft from Auto,3200-3225 Bosun Place,COQUITLAM,49.2738314807765,-122.809365187251,4549,POINT (-122.809365187251 49.2738314807765)
257,2024,1733097600000,Theft from Auto,1271-1299 Tercel Court,COQUITLAM,49.2877122005574,-122.820185911932,4550,POINT (-122.820185911932 49.2877122005574)
258,2024,1733184000000,Break & Enter - Business,657-659 Whiting Way,COQUITLAM,49.257121820639,-122.891880654671,4551,POINT (-122.891880654671 49.257121820639)
259,2024,1733270400000,Theft from Auto,860-869 Shasta Court,COQUITLAM,49.2661469816655,-122.84218833322,4552,POINT (-122.84218833322 49.2661469816655)
260,2024,1731974400000,Theft of Auto,2700-2745 Barnet Highway,COQUITLAM,49.2778616259942,-122.810408025974,4553,POINT (-122.810408025974 49.2778616259942)
261,2024,1733356800000,Theft from Auto,282-286 Balboa Court,COQUITLAM,49.2372646842179,-122.824155984225,4554,POINT (-122.824155984225 49.2372646842179)
262,2024,1733356800000,Break & Enter - Business,11-25 King Edward Street,COQUITLAM,49.2324493710326,-122.86161577216,4555,POINT (-122.86161577216 49.2324493710326)
263,2024,1733356800000,Theft from Auto,1130-1150 Lansdowne Drive,COQUITLAM,49.2797150070058,-122.808344512261,4556,POINT (-122.808344512261 49.2797150070058)
264,2024,1733443200000,Theft from Auto,3042-3099 Lincoln Avenue,COQUITLAM,49.2789305167742,-122.789527554852,4557,POINT (-122.789527554852 49.2789305167742)
265,2024,1733443200000,Break & Enter - Business,515-521 Cottonwood Avenue,COQUITLAM,49.2588699551976,-122.891250789662,4558,POINT (-122.891250789662 49.2588699551976)
266,2024,1733443200000,Break & Enter - Business,608-646 Lea Avenue,COQUITLAM,49.2642435210523,-122.88428579391,4559,POINT (-122.88428579391 49.2642435210523)
267,2024,1733443200000,Break & Enter - Business,3042-3099 Lincoln Avenue,COQUITLAM,49.2789305167742,-122.789527554852,4560,POINT (-122.789527554852 49.2789305167742)
268,2024,1733356800000,Break & Enter - Residence,1551-1581 Topaz Court,COQUITLAM,49.3040146501272,-122.817666561878,4561,POINT (-122.817666561878 49.3040146501272)
269,2024,1733443200000,Theft of Auto,1115-1169 Madore Avenue,COQUITLAM,49.2462732085247,-122.859241075867,4562,POINT (-122.859241075867 49.2462732085247)
270,2024,1733443200000,Theft from Auto,3020-3045 Lincoln Avenue,COQUITLAM,49.2791130975686,-122.791972724497,4563,POINT (-122.791972724497 49.2791130975686)
271,2024,1733443200000,Theft from Auto,749-757 Dogwood Street,COQUITLAM,49.2631346354564,-122.883539955791,4564,POINT (-122.883539955791 49.2631346354564)
272,2024,1733529600000,Theft from Auto,1100-1153 Johnson Street,COQUITLAM,49.2785079261328,-122.801734946279,4565,POINT (-122.801734946279 49.2785079261328)
273,2024,1733529600000,Theft from Auto,1100-1126 Pinetree Way,COQUITLAM,49.277263448386,-122.796397694524,4566,POINT (-122.796397694524 49.277263448386)
274,2024,1733616000000,Theft from Auto,3218-3227 Dunkirk Avenue,COQUITLAM,49.2883753921726,-122.776454576392,4567,POINT (-122.776454576392 49.2883753921726)
275,2024,1733702400000,Theft from Auto,3217-3240 Ballenas Court,COQUITLAM,49.2919552060069,-122.775235472172,4568,POINT (-122.775235472172 49.2919552060069)
276,2024,1733702400000,Break & Enter - Business,707-734 Dogwood Street,COQUITLAM,49.2610664319487,-122.883404460651,4569,POINT (-122.883404460651 49.2610664319487)
277,2024,1733788800000,Theft from Auto,1131-1138 Dufferin Street,COQUITLAM,49.2795108401989,-122.804026770688,4570,POINT (-122.804026770688 49.2795108401989)
278,2024,1733788800000,Break & Enter - Residence,500-510 Smith Avenue,COQUITLAM,49.2603699872083,-122.892649461671,4571,POINT (-122.892649461671 49.2603699872083)
279,2024,1733875200000,Theft from Auto,1150-1175 Johnson Street,COQUITLAM,49.2814244393726,-122.801715590457,4572,POINT (-122.801715590457 49.2814244393726)
280,2024,1733961600000,Theft from Auto,1205-1249 Pinetree Way,COQUITLAM,49.2858313534337,-122.791926705921,4573,POINT (-122.791926705921 49.2858313534337)
281,2024,1734048000000,Break & Enter - Business,544-616 Austin Avenue,COQUITLAM,49.2490777109696,-122.887539692747,4574,POINT (-122.887539692747 49.2490777109696)
282,2024,1734048000000,Theft from Auto,401-415 Westview Street,COQUITLAM,49.2464532003633,-122.889905415951,4575,POINT (-122.889905415951 49.2464532003633)
283,2024,1734134400000,Break & Enter - Business,1100-1153 Johnson Street,COQUITLAM,49.2785079261328,-122.801734946279,4576,POINT (-122.801734946279 49.2785079261328)
284,2024,1734220800000,Theft from Auto,810-894 Saddle Street,COQUITLAM,49.2671414890551,-122.805430020929,4577,POINT (-122.805430020929 49.2671414890551)
285,2024,1734220800000,Theft from Auto,3400-3500 Burke Village Promenade,COQUITLAM,49.2918781790434,-122.746880252434,4578,POINT (-122.746880252434 49.2918781790434)
286,2024,1734393600000,Theft from Auto,901-930 Tupper Avenue,COQUITLAM,49.2347841243211,-122.870904376152,4579,POINT (-122.870904376152 49.2347841243211)
287,2024,1734393600000,Break & Enter - Residence,940-970 Charland Avenue,COQUITLAM,49.2480767836579,-122.869087914339,4580,POINT (-122.869087914339 49.2480767836579)
288,2024,1734393600000,Theft from Auto,2999-3001 Pinewood Avenue,COQUITLAM,49.2910138890711,-122.791052864295,4581,POINT (-122.791052864295 49.2910138890711)
289,2024,1734393600000,Theft from Auto,3300-3369 Watkins Avenue,COQUITLAM,49.2993664039594,-122.759915714778,4582,POINT (-122.759915714778 49.2993664039594)
290,2024,1734393600000,Theft from Auto,2500-2591 Panorama Drive,COQUITLAM,49.3007668835493,-122.821353120208,4583,POINT (-122.821353120208 49.3007668835493)
291,2024,1734393600000,Theft from Auto,1250-1269 Ravensdale Street,COQUITLAM,49.2887923797551,-122.758439789399,4584,POINT (-122.758439789399 49.2887923797551)
292,2024,1734566400000,Theft from Auto,3390-3430 Derbyshire Avenue,COQUITLAM,49.299325711767,-122.75342446961,4585,POINT (-122.75342446961 49.299325711767)
293,2024,1734480000000,Theft from Auto,429-450 Nelson Street,COQUITLAM,49.2486502360867,-122.865524926354,4586,POINT (-122.865524926354 49.2486502360867)
294,2024,1734652800000,Theft from Auto,2920-2923 Atlantic Avenue,COQUITLAM,49.2817750430673,-122.799872770245,4587,POINT (-122.799872770245 49.2817750430673)
295,2024,1734739200000,Theft from Auto,1330-1340 Olmsted Street,COQUITLAM,49.2936322735773,-122.742251430388,4588,POINT (-122.742251430388 49.2936322735773)
296,2024,1734739200000,Theft from Auto,401-415 Westview Street,COQUITLAM,49.2464532003633,-122.889905415951,4589,POINT (-122.889905415951 49.2464532003633)
297,2024,1734739200000,Theft from Auto,1022-1071 Austin Avenue,COQUITLAM,49.2490028066417,-122.863940671901,4590,POINT (-122.863940671901 49.2490028066417)
298,2024,1734825600000,Theft from Auto,606-645 Nicola Avenue,COQUITLAM,49.2691175249682,-122.885235443633,4591,POINT (-122.885235443633 49.2691175249682)
299,2024,1734825600000,Theft from Auto,3242-3269 Karley Crescent,COQUITLAM,49.2957675689203,-122.770165185179,4592,POINT (-122.770165185179 49.2957675689203)
300,2024,1734912000000,Theft from Auto,700-709 Gatensbury Street,COQUITLAM,49.2602481690477,-122.856566266407,4593,POINT (-122.856566266407 49.2602481690477)
301,2024,1734912000000,Theft from Auto,979-998 Jarvis Street,COQUITLAM,49.2695009637874,-122.864319237283,4594,POINT (-122.864319237283 49.2695009637874)
302,2024,1734912000000,Theft from Auto,651-678 Florence Street,COQUITLAM,49.2574473481394,-122.88145312761,4595,POINT (-122.88145312761 49.2574473481394)
303,2024,1734912000000,Theft of Auto,101-195 Schoolhouse Street,COQUITLAM,49.2347916075454,-122.852547094728,4596,POINT (-122.852547094728 49.2347916075454)
304,2024,1735171200000,Theft of Auto,2920-2923 Atlantic Avenue,COQUITLAM,49.2817750430673,-122.799872770245,4597,POINT (-122.799872770245 49.2817750430673)
305,2024,1735257600000,Theft from Auto,948-999 Austin Avenue,COQUITLAM,49.2489989805797,-122.868431060018,4598,POINT (-122.868431060018 49.2489989805797)
306,2024,1735257600000,Break & Enter - Business,716-729 Breslay Street,COQUITLAM,49.2617355238312,-122.884856491678,4599,POINT (-122.884856491678 49.2617355238312)
307,2024,1735257600000,Theft from Auto,1313-1386 Glenbrook Street,COQUITLAM,49.2964994636497,-122.760067749021,4600,POINT (-122.760067749021 49.2964994636497)
308,2024,1735344000000,Break & Enter - Business,0-0 Lougheed Highway,COQUITLAM,49.2383743663156,-122.817501020034,4601,POINT (-122.817501020034 49.2383743663156)
309,2024,1735516800000,Break & Enter - Residence,1572-1573 Spray Avenue,COQUITLAM,49.2642830633739,-122.849982091799,4602,POINT (-122.849982091799 49.2642830633739)
310,2024,1735516800000,Theft from Auto,1553-1578 Lodgepole Place,COQUITLAM,49.3030221848677,-122.791492500336,4603,POINT (-122.791492500336 49.3030221848677)
1,2025,1735689600000,Break & Enter - Residence,1470-1499 Coast Meridian Road,COQUITLAM,49.30432797,-122.7558051,4604,POINT (-122.7558051 49.30432797)
2,2025,1735689600000,Theft from Auto,3024-3048 Anson Avenue,COQUITLAM,49.27726793,-122.7921916,4605,POINT (-122.7921916 49.27726793)
3,2025,1735776000000,Break & Enter - Business,980-3160 Westwood Street,COQUITLAM,49.26898064,-122.7906324,4606,POINT (-122.7906324 49.26898064)
4,2025,1735776000000,Break & Enter - Business,1000-1025 Austin Avenue,COQUITLAM,49.24900186,-122.8666666,4607,POINT (-122.8666666 49.24900186)
5,2025,1735776000000,Break & Enter - Residence,695-739 Lea Avenue,COQUITLAM,49.26463627,-122.881358,4608,POINT (-122.881358 49.26463627)
6,2025,1735862400000,Break & Enter - Residence,1216-1235 Johnson Street,COQUITLAM,49.2863665,-122.8016236,4609,POINT (-122.8016236 49.2863665)
7,2025,1735862400000,Break & Enter - Business,0-0 Holly Drive,COQUITLAM,49.25093961,-122.8028451,4610,POINT (-122.8028451 49.25093961)
8,2025,1735948800000,Theft from Auto,1260-1272 Creekstone Terrace,COQUITLAM,49.29020893,-122.7593014,4611,POINT (-122.7593014 49.29020893)
9,2025,1735948800000,Theft from Auto,608-646 Lea Avenue,COQUITLAM,49.26424352,-122.8842858,4612,POINT (-122.8842858 49.26424352)
10,2025,1735948800000,Break & Enter - Business,2700-2745 Barnet Highway,COQUITLAM,49.27786163,-122.810408,4613,POINT (-122.810408 49.27786163)
11,2025,1736035200000,Break & Enter - Business,657-659 Whiting Way,COQUITLAM,49.25712182,-122.8918807,4614,POINT (-122.8918807 49.25712182)
12,2025,1736121600000,Break & Enter - Residence,1291-1315 Jordan Street,COQUITLAM,49.29122162,-122.7967379,4615,POINT (-122.7967379 49.29122162)
13,2025,1736121600000,Theft from Auto,1422-1453 Johnson Street,COQUITLAM,49.29853174,-122.8010672,4616,POINT (-122.8010672 49.29853174)
14,2025,1736121600000,Break & Enter - Business,2100-2128 Cape Horn Avenue,COQUITLAM,49.23074813,-122.8363658,4617,POINT (-122.8363658 49.23074813)
15,2025,1736121600000,Theft from Auto,82-100 Denman Court,COQUITLAM,49.23135835,-122.8354092,4618,POINT (-122.8354092 49.23135835)
16,2025,1736208000000,Theft from Auto,900-925 Lougheed Highway,COQUITLAM,49.23676415,-122.8724569,4619,POINT (-122.8724569 49.23676415)
17,2025,1736208000000,Break & Enter - Business,2664-2675 Stellar Court,COQUITLAM,49.28068202,-122.813469,4620,POINT (-122.813469 49.28068202)
18,2025,1736208000000,Break & Enter - Business,2700-2745 Barnet Highway,COQUITLAM,49.27786163,-122.810408,4621,POINT (-122.810408 49.27786163)
19,2025,1736208000000,Break & Enter - Business,2750-2881 Barnet Highway,COQUITLAM,49.2776863,-122.8052579,4622,POINT (-122.8052579 49.2776863)
20,2025,1736208000000,Theft from Auto,1100-1183 Pacific Street,COQUITLAM,49.28227517,-122.7988511,4623,POINT (-122.7988511 49.28227517)
21,2025,1736294400000,Break & Enter - Business,55-98 Fawcett Road,COQUITLAM,49.2276379,-122.8342218,4624,POINT (-122.8342218 49.2276379)
22,2025,1736294400000,Theft from Auto,3214-3253 Georgeson Avenue,COQUITLAM,49.28927626,-122.7752391,4625,POINT (-122.7752391 49.28927626)
23,2025,1736208000000,Theft from Auto,271-281 Mariner Way,COQUITLAM,49.23924062,-122.822691,4626,POINT (-122.822691 49.23924062)
24,2025,1736380800000,Theft of Auto,906-971 Madore Avenue,COQUITLAM,49.2462672,-122.8699952,4627,POINT (-122.8699952 49.2462672)
25,2025,1736380800000,Theft of Auto,2950-2978 Glen Drive,COQUITLAM,49.28272705,-122.7974008,4628,POINT (-122.7974008 49.28272705)
26,2025,1736467200000,Break & Enter - Business,655-668 Clarke Road,COQUITLAM,49.26616507,-122.8842238,4629,POINT (-122.8842238 49.26616507)
27,2025,1736553600000,Theft from Auto,3451-3467 Roxton Ave,COQUITLAM,49.28845864,-122.7469314,4630,POINT (-122.7469314 49.28845864)
28,2025,1736553600000,Theft from Auto,2950-2978 Glen Drive,COQUITLAM,49.28272705,-122.7974008,4631,POINT (-122.7974008 49.28272705)
29,2025,1736553600000,Break & Enter - Residence,1345-1370 Honeysuckle Lane,COQUITLAM,49.29508112,-122.8191539,4632,POINT (-122.8191539 49.29508112)
30,2025,1736640000000,Break & Enter - Business,2750-2881 Barnet Highway,COQUITLAM,49.2776863,-122.8052579,4633,POINT (-122.8052579 49.2776863)
31,2025,1736726400000,Break & Enter - Business,594-611 Sydney Avenue,COQUITLAM,49.24816922,-122.8865508,4634,POINT (-122.8865508 49.24816922)
32,2025,1736726400000,Theft from Auto,1101-1111 Ponderosa Street,COQUITLAM,49.27838964,-122.7931378,4635,POINT (-122.7931378 49.27838964)
33,2025,1736726400000,Break & Enter - Business,2975-2995 Princess Crescent,COQUITLAM,49.28606976,-122.796453,4636,POINT (-122.796453 49.28606976)
34,2025,1736726400000,Theft from Auto,3530-3559 Archworth Avenue,COQUITLAM,49.29996056,-122.7370449,4637,POINT (-122.7370449 49.29996056)
35,2025,1736726400000,Theft from Auto,0-68 Schooner Street,COQUITLAM,49.22535334,-122.8403847,4638,POINT (-122.8403847 49.22535334)
36,2025,1736726400000,Theft from Auto,3451-3467 Roxton Ave,COQUITLAM,49.28845864,-122.7469314,4639,POINT (-122.7469314 49.28845864)
37,2025,1736812800000,Break & Enter - Business,55-98 Fawcett Road,COQUITLAM,49.2276379,-122.8342218,4640,POINT (-122.8342218 49.2276379)
38,2025,1736812800000,Theft of Auto,3371-3379 Darwin Avenue,COQUITLAM,49.28755848,-122.7565458,4641,POINT (-122.7565458 49.28755848)
39,2025,1736812800000,Break & Enter - Business,321-4563 North Road,COQUITLAM,49.24472859,-122.8926147,4642,POINT (-122.8926147 49.24472859)
40,2025,1736812800000,Break & Enter - Business,210-287 Schoolhouse Street,COQUITLAM,49.23787927,-122.8525074,4643,POINT (-122.8525074 49.23787927)
41,2025,1736812800000,Break & Enter - Business,515-524 Como Lake Avenue,COQUITLAM,49.26303662,-122.8910026,4644,POINT (-122.8910026 49.26303662)
42,2025,1736899200000,Theft from Auto,1100-1153 Johnson Street,COQUITLAM,49.27850793,-122.8017349,4645,POINT (-122.8017349 49.27850793)
43,2025,1736985600000,Theft from Auto,1500-1535 Bramble Lane,COQUITLAM,49.29847742,-122.8122879,4646,POINT (-122.8122879 49.29847742)
44,2025,1736985600000,Theft of Auto,1374-1383 Dansey Avenue,COQUITLAM,49.24722762,-122.8558686,4647,POINT (-122.8558686 49.24722762)
45,2025,1736985600000,Theft from Auto,1461-1498 Lansdowne Drive,COQUITLAM,49.29610372,-122.8124075,4648,POINT (-122.8124075 49.29610372)
46,2025,1736985600000,Break & Enter - Business,1000-1025 Austin Avenue,COQUITLAM,49.24900186,-122.8666666,4649,POINT (-122.8666666 49.24900186)
47,2025,1736899200000,Theft from Auto,2750-2881 Barnet Highway,COQUITLAM,49.2776863,-122.8052579,4650,POINT (-122.8052579 49.2776863)
48,2025,1737072000000,Break & Enter - Business,1774-1777 Coleman Avenue,COQUITLAM,49.23089275,-122.8422493,4651,POINT (-122.8422493 49.23089275)
49,2025,1737072000000,Theft of Auto,2940-2987 Wickham Drive,COQUITLAM,49.26450914,-122.8009079,4652,POINT (-122.8009079 49.26450914)
50,2025,1737072000000,Theft from Auto,3000-3003 Christmas Way,COQUITLAM,49.27196431,-122.792112,4653,POINT (-122.792112 49.27196431)
51,2025,1737072000000,Theft of Auto,2574-2675 Barnet Highway,COQUITLAM,49.2778867,-122.8157521,4654,POINT (-122.8157521 49.2778867)
52,2025,1737158400000,Break & Enter - Residence,3500-3525 Hadley Wood,COQUITLAM,49.29983374,-122.7422729,4655,POINT (-122.7422729 49.29983374)
53,2025,1737244800000,Theft from Auto,1307-1327 Nestor Street,COQUITLAM,49.29243351,-122.7785246,4656,POINT (-122.7785246 49.29243351)
54,2025,1737244800000,Theft from Auto,614-640 Elmwood Street,COQUITLAM,49.26513953,-122.8872349,4657,POINT (-122.8872349 49.26513953)
55,2025,1737244800000,Theft from Auto,800-921 Cottonwood Avenue,COQUITLAM,49.25812893,-122.8737951,4658,POINT (-122.8737951 49.25812893)
56,2025,1737331200000,Theft from Auto,3090-3100 Windsor Gate,COQUITLAM,49.27985802,-122.7864464,4659,POINT (-122.7864464 49.27985802)
57,2025,1737331200000,Theft from Auto,210-221 Finnigan Street,COQUITLAM,49.23718549,-122.8369207,4660,POINT (-122.8369207 49.23718549)
58,2025,1737331200000,Break & Enter - Business,2750-2881 Barnet Highway,COQUITLAM,49.2776863,-122.8052579,4661,POINT (-122.8052579 49.2776863)
59,2025,1737417600000,Theft from Auto,1220-1248 Lasalle Place,COQUITLAM,49.28676782,-122.7992457,4662,POINT (-122.7992457 49.28676782)
60,2025,1737417600000,Theft from Auto,3020-3045 Lincoln Avenue,COQUITLAM,49.27914862,-122.7919047,4663,POINT (-122.7919047 49.27914862)
61,2025,1737504000000,Theft from Auto,1280-1310 Sadie Crescent,COQUITLAM,49.29072203,-122.7564592,4664,POINT (-122.7564592 49.29072203)
62,2025,1737504000000,Break & Enter - Business,1180-1198 Lansdowne Drive,COQUITLAM,49.28356536,-122.8091939,4665,POINT (-122.8091939 49.28356536)
63,2025,1737504000000,Break & Enter - Residence,900-911 Herrmann Street,COQUITLAM,49.26710539,-122.7966603,4666,POINT (-122.7966603 49.26710539)
64,2025,1737676800000,Theft of Auto,1103-1209 Howie Avenue,COQUITLAM,49.25053291,-122.8600807,4667,POINT (-122.8600807 49.25053291)
65,2025,1737763200000,Break & Enter - Business,201-204 Cayer Street,COQUITLAM,49.23618932,-122.8467221,4668,POINT (-122.8467221 49.23618932)
66,2025,1737763200000,Theft from Auto,1138-1154 Westwood Street,COQUITLAM,49.28039898,-122.7904697,4669,POINT (-122.7904697 49.28039898)
67,2025,1737849600000,Theft from Auto,546-611 Dansey Avenue,COQUITLAM,49.24720974,-122.8874988,4670,POINT (-122.8874988 49.24720974)
68,2025,1737849600000,Theft of Auto,179-281 Warrick Street,COQUITLAM,49.23627167,-122.8289496,4671,POINT (-122.8289496 49.23627167)
69,2025,1737763200000,Theft from Auto,500-510 Smith Avenue,COQUITLAM,49.26035867,-122.8926485,4672,POINT (-122.8926485 49.26035867)
70,2025,1737849600000,Theft from Auto,0-3000 Lougheed Highway,COQUITLAM,49.27521401,-122.7945543,4673,POINT (-122.7945543 49.27521401)
71,2025,1737849600000,Break & Enter - Business,1035-1064 Howie Avenue,COQUITLAM,49.25056759,-122.8638816,4674,POINT (-122.8638816 49.25056759)
72,2025,1737849600000,Break & Enter - Business,0-0 Holly Drive,COQUITLAM,49.25093961,-122.8028451,4675,POINT (-122.8028451 49.25093961)
73,2025,1737849600000,Break & Enter - Residence,3300-3369 Watkins Avenue,COQUITLAM,49.2993664,-122.7599157,4676,POINT (-122.7599157 49.2993664)
74,2025,1737936000000,Theft from Auto,1035-1064 Howie Avenue,COQUITLAM,49.25056759,-122.8638816,4677,POINT (-122.8638816 49.25056759)
75,2025,1737936000000,Break & Enter - Business,1155-1182 Westwood Street,COQUITLAM,49.28208184,-122.7904444,4678,POINT (-122.7904444 49.28208184)
76,2025,1738022400000,Theft from Auto,3300-3319 Princeton Avenue,COQUITLAM,49.29850801,-122.7620521,4679,POINT (-122.7620521 49.29850801)
77,2025,1738022400000,Theft from Auto,2401-2435 Magellan Court,COQUITLAM,49.23800572,-122.8247149,4680,POINT (-122.8247149 49.23800572)
78,2025,1738022400000,Theft from Auto,3400-3440 Pritchett Place,COQUITLAM,49.3059559,-122.7534234,4681,POINT (-122.7534234 49.3059559)
79,2025,1738022400000,Theft from Auto,3400-3412 Harper Road,COQUITLAM,49.30433206,-122.7526738,4682,POINT (-122.7526738 49.30433206)
80,2025,1737936000000,Theft from Auto,1211-1299 Pinetree Way,COQUITLAM,49.28913924,-122.7902076,4683,POINT (-122.7902076 49.28913924)
81,2025,1738022400000,Theft from Auto,1108-1222 Hammond Avenue,COQUITLAM,49.24373935,-122.8593065,4684,POINT (-122.8593065 49.24373935)
82,2025,1737936000000,Theft from Auto,801-829 Smith Avenue,COQUITLAM,49.25997604,-122.875731,4685,POINT (-122.875731 49.25997604)
83,2025,1738108800000,Theft from Auto,100-144 King Edward Street,COQUITLAM,49.23495415,-122.8616527,4686,POINT (-122.8616527 49.23495415)
84,2025,1738195200000,Theft from Auto,527-528 Como Lake Avenue,COQUITLAM,49.26308069,-122.8901637,4687,POINT (-122.8901637 49.26308069)
85,2025,1738195200000,Theft from Auto,608-618 Clearwater Way,COQUITLAM,49.25730684,-122.8089827,4688,POINT (-122.8089827 49.25730684)
86,2025,1738195200000,Theft from Auto,320-334 Burns Street,COQUITLAM,49.24313008,-122.8762977,4689,POINT (-122.8762977 49.24313008)
87,2025,1738195200000,Theft from Auto,3141-3171 Sechelt Drive,COQUITLAM,49.28530467,-122.7818805,4690,POINT (-122.7818805 49.28530467)
88,2025,1738195200000,Theft from Auto,527-528 Como Lake Avenue,COQUITLAM,49.26308069,-122.8901637,4691,POINT (-122.8901637 49.26308069)
89,2025,1738281600000,Theft from Auto,672-739 Wilmot Street,COQUITLAM,49.2595422,-122.8359328,4692,POINT (-122.8359328 49.2595422)
90,2025,1738281600000,Break & Enter - Residence,1700-1712 Deer's Leap Place,COQUITLAM,49.30938221,-122.7824891,4693,POINT (-122.7824891 49.30938221)
91,2025,1738368000000,Break & Enter - Residence,1066-1081 Buoy Drive,COQUITLAM,49.2746716,-122.8210418,4694,POINT (-122.8210418 49.2746716)
92,2025,1738368000000,Theft of Auto,1179-1191 Parkland Drive,COQUITLAM,49.28638583,-122.7696926,4695,POINT (-122.7696926 49.28638583)
93,2025,1738368000000,Break & Enter - Residence,680-687 Keneng Court,COQUITLAM,49.25892151,-122.8551625,4696,POINT (-122.8551625 49.25892151)
94,2025,1738368000000,Theft from Auto,510-520  ,COQUITLAM,49.27476495,-122.7996121,4697,POINT (-122.7996121 49.27476495)
95,2025,1738454400000,Theft from Auto,1120-1219 Bartlett Avenue,COQUITLAM,49.26936871,-122.8589232,4698,POINT (-122.8589232 49.26936871)
96,2025,1738454400000,Theft from Auto,1337-1350 Hames Crescent,COQUITLAM,49.29427976,-122.7528352,4699,POINT (-122.7528352 49.29427976)
97,2025,1738454400000,Theft from Auto,650-751 Edgar Avenue,COQUITLAM,49.24258912,-122.8815267,4700,POINT (-122.8815267 49.24258912)
98,2025,1738454400000,Break & Enter - Residence,2975-2999 Cliffrose Crescent,COQUITLAM,49.29971255,-122.7911015,4701,POINT (-122.7911015 49.29971255)
99,2025,1738540800000,Break & Enter - Business,22-51 Leeder Street,COQUITLAM,49.2259693,-122.8299506,4702,POINT (-122.8299506 49.2259693)
100,2025,1738540800000,Break & Enter - Business,0-0 Holly Drive,COQUITLAM,49.25093961,-122.8028451,4703,POINT (-122.8028451 49.25093961)
101,2025,1738540800000,Break & Enter - Business,1155-1182 Westwood Street,COQUITLAM,49.28208184,-122.7904444,4704,POINT (-122.7904444 49.28208184)
102,2025,1738540800000,Break & Enter - Business,2700-2745 Barnet Highway,COQUITLAM,49.27786163,-122.810408,4705,POINT (-122.810408 49.27786163)
103,2025,1738627200000,Theft from Auto,851-900 Sharpe Street,COQUITLAM,49.26559519,-122.7991635,4706,POINT (-122.7991635 49.26559519)
104,2025,1738627200000,Theft from Auto,401-419 Winona Street,COQUITLAM,49.24556884,-122.8475845,4707,POINT (-122.8475845 49.24556884)
105,2025,1738713600000,Break & Enter - Residence,278-297 Guilby Street,COQUITLAM,49.24096271,-122.8852689,4708,POINT (-122.8852689 49.24096271)
106,2025,1738713600000,Break & Enter - Residence,2960-3106 Mariner Way,COQUITLAM,49.26632406,-122.8142429,4709,POINT (-122.8142429 49.26632406)
107,2025,1738713600000,Break & Enter - Business,2900-2915 Norman Avenue,COQUITLAM,49.27092718,-122.8002654,4710,POINT (-122.8002654 49.27092718)
108,2025,1738713600000,Theft from Auto,2960-3106 Mariner Way,COQUITLAM,49.26632406,-122.8142429,4711,POINT (-122.8142429 49.26632406)
109,2025,1738713600000,Theft of Auto,510-520  ,COQUITLAM,49.27476495,-122.7996121,4712,POINT (-122.7996121 49.27476495)
110,2025,1738800000000,Theft from Auto,1040-1053 King Albert Avenue,COQUITLAM,49.25145884,-122.8645249,4713,POINT (-122.8645249 49.25145884)
111,2025,1738800000000,Break & Enter - Residence,1456-1470 Strawline Hill Street,COQUITLAM,49.3015751,-122.7348261,4714,POINT (-122.7348261 49.3015751)
112,2025,1738800000000,Theft from Auto,501-3953 North Road,COQUITLAM,49.25001568,-122.892806,4715,POINT (-122.892806 49.25001568)
113,2025,1738886400000,Theft from Auto,533-3963 North Road,COQUITLAM,49.25151928,-122.8928512,4716,POINT (-122.8928512 49.25151928)
114,2025,1738886400000,Break & Enter - Business,650-751 Edgar Avenue,COQUITLAM,49.24258912,-122.8815267,4717,POINT (-122.8815267 49.24258912)
115,2025,1738972800000,Break & Enter - Residence,740-779 Miller Avenue,COQUITLAM,49.26821808,-122.8787603,4718,POINT (-122.8787603 49.26821808)
116,2025,1738972800000,Theft from Auto,500-536 Austin Avenue,COQUITLAM,49.24910651,-122.8907896,4719,POINT (-122.8907896 49.24910651)
117,2025,1739059200000,Theft from Auto,1586-1596 Stoneridge Lane,COQUITLAM,49.30559847,-122.8221228,4720,POINT (-122.8221228 49.30559847)
118,2025,1739059200000,Theft from Auto,2170-2389 Parkway Boulevard,COQUITLAM,49.3191455,-122.7947607,4721,POINT (-122.7947607 49.3191455)
119,2025,1739059200000,Theft from Auto,2000-2030 Turnberry Lane,COQUITLAM,49.3147135,-122.798398,4722,POINT (-122.798398 49.3147135)
120,2025,1739059200000,Break & Enter - Business,663-675 Whiting Way,COQUITLAM,49.25933107,-122.8907246,4723,POINT (-122.8907246 49.25933107)
121,2025,1739059200000,Theft from Auto,2170-2389 Parkway Boulevard,COQUITLAM,49.3191455,-122.7947607,4724,POINT (-122.7947607 49.3191455)
122,2025,1739059200000,Theft from Auto,2966-3019 Delahaye Drive,COQUITLAM,49.29327917,-122.7948588,4725,POINT (-122.7948588 49.29327917)
123,2025,1738713600000,Theft from Auto,3350-3360 Canary Place,COQUITLAM,49.29594303,-122.7578477,4726,POINT (-122.7578477 49.29594303)
124,2025,1739145600000,Break & Enter - Business,500-513 Cochrane Avenue,COQUITLAM,49.252009,-122.8923883,4727,POINT (-122.8923883 49.252009)
125,2025,1739145600000,Theft from Auto,3350-3405 Plateau Boulevard,COQUITLAM,49.31927055,-122.7917746,4728,POINT (-122.7917746 49.31927055)
126,2025,1739059200000,Theft from Auto,2170-2389 Parkway Boulevard,COQUITLAM,49.3191455,-122.7947607,4729,POINT (-122.7947607 49.3191455)
127,2025,1739145600000,Break & Enter - Business,1150-1154 The High Street,COQUITLAM,49.28126785,-122.7960978,4730,POINT (-122.7960978 49.28126785)
128,2025,1739232000000,Break & Enter - Business,2975-2979 Atlantic Avenue,COQUITLAM,49.28176464,-122.7965857,4731,POINT (-122.7965857 49.28176464)
129,2025,1739318400000,Theft from Auto,508-520 Blue Mountain Street,COQUITLAM,49.25015016,-122.8690945,4732,POINT (-122.8690945 49.25015016)
130,2025,1739318400000,Break & Enter - Business,2954-2976 Pheasant Street,COQUITLAM,49.27333178,-122.7964967,4733,POINT (-122.7964967 49.27333178)
131,2025,1739404800000,Theft from Auto,749-757 Dogwood Street,COQUITLAM,49.26313464,-122.88354,4734,POINT (-122.88354 49.26313464)
132,2025,1739404800000,Break & Enter - Business,1134-1152 Windsor Mews,COQUITLAM,49.28009795,-122.786301,4735,POINT (-122.786301 49.28009795)
133,2025,1739318400000,Break & Enter - Business,214-221 Blue Mountain Street,COQUITLAM,49.23738462,-122.8731043,4736,POINT (-122.8731043 49.23738462)
134,2025,1739491200000,Break & Enter - Business,1300-1350 Genest Way,COQUITLAM,49.29343706,-122.7855401,4737,POINT (-122.7855401 49.29343706)
135,2025,1739491200000,Theft from Auto,691-727 Firdale Street,COQUITLAM,49.26015101,-122.8371772,4738,POINT (-122.8371772 49.26015101)
136,2025,1739577600000,Break & Enter - Business,620-629 Whiting Way,COQUITLAM,49.2552526,-122.8919863,4739,POINT (-122.8919863 49.2552526)
137,2025,1739577600000,Break & Enter - Residence,960-999 Brunette Avenue,COQUITLAM,49.23759842,-122.8679121,4740,POINT (-122.8679121 49.23759842)
138,2025,1739664000000,Theft from Auto,1466-1481 Avondale Street,COQUITLAM,49.30218503,-122.7574944,4741,POINT (-122.7574944 49.30218503)
139,2025,1739750400000,Theft from Auto,3000-3003 Christmas Way,COQUITLAM,49.27196431,-122.792112,4742,POINT (-122.792112 49.27196431)
140,2025,1739836800000,Theft from Auto,3020-3045 Lincoln Avenue,COQUITLAM,49.27914862,-122.7919047,4743,POINT (-122.7919047 49.27914862)
141,2025,1739923200000,Theft from Auto,452-509 Blue Mountain Street,COQUITLAM,49.24930667,-122.8691299,4744,POINT (-122.8691299 49.24930667)
142,2025,1739923200000,Theft from Auto,2950-2978 Glen Drive,COQUITLAM,49.28272705,-122.7974008,4745,POINT (-122.7974008 49.28272705)
143,2025,1739923200000,Break & Enter - Business,2750-2881 Barnet Highway,COQUITLAM,49.2776863,-122.8052579,4746,POINT (-122.8052579 49.2776863)
144,2025,1739836800000,Theft from Auto,2700-2745 Barnet Highway,COQUITLAM,49.27786163,-122.810408,4747,POINT (-122.810408 49.27786163)
145,2025,1739836800000,Theft from Auto,510-520  ,COQUITLAM,49.27476495,-122.7996121,4748,POINT (-122.7996121 49.27476495)
146,2025,1740009600000,Break & Enter - Residence,2900-2915 Norman Avenue,COQUITLAM,49.27092718,-122.8002654,4749,POINT (-122.8002654 49.27092718)
147,2025,1740096000000,Theft from Auto,2975-2995 Princess Crescent,COQUITLAM,49.28606976,-122.796453,4750,POINT (-122.796453 49.28606976)
148,2025,1740096000000,Theft from Auto,1205-1249 Pinetree Way,COQUITLAM,49.28583135,-122.7919267,4751,POINT (-122.7919267 49.28583135)
149,2025,1740009600000,Theft from Auto,11-25 King Edward Street,COQUITLAM,49.23244937,-122.8616158,4752,POINT (-122.8616158 49.23244937)
150,2025,1740182400000,Theft from Auto,88-98 Brigantine Drive,COQUITLAM,49.22792656,-122.8488185,4753,POINT (-122.8488185 49.22792656)
151,2025,1740182400000,Break & Enter - Business,2960-2979 Christmas Way,COQUITLAM,49.27469238,-122.7959065,4754,POINT (-122.7959065 49.27469238)
152,2025,1740182400000,Theft of Auto,924-946 Brunette Avenue,COQUITLAM,49.23704164,-122.8706009,4755,POINT (-122.8706009 49.23704164)
153,2025,1740182400000,Break & Enter - Business,1188-1206 Johnson Street,COQUITLAM,49.28406416,-122.8016881,4756,POINT (-122.8016881 49.28406416)
154,2025,1740182400000,Theft from Auto,1852-1898 Dawes Hill Road,COQUITLAM,49.23738278,-122.8426346,4757,POINT (-122.8426346 49.23738278)
155,2025,1740182400000,Break & Enter - Business,2920-2975 Atlantic Avenue,COQUITLAM,49.28177732,-122.79789,4758,POINT (-122.79789 49.28177732)
156,2025,1740268800000,Theft from Auto,2950-2978 Glen Drive,COQUITLAM,49.28272705,-122.7974008,4759,POINT (-122.7974008 49.28272705)
157,2025,1740268800000,Break & Enter - Business,100-120 Schoolhouse Street,COQUITLAM,49.23292046,-122.8526091,4760,POINT (-122.8526091 49.23292046)
158,2025,1740268800000,Theft from Auto,3024-3048 Anson Avenue,COQUITLAM,49.27726793,-122.7921916,4761,POINT (-122.7921916 49.27726793)
159,2025,1740355200000,Theft from Auto,1811-1841 Bowman Avenue,COQUITLAM,49.2650512,-122.8431326,4762,POINT (-122.8431326 49.2650512)
160,2025,1740355200000,Theft from Auto,2700-2737 Daybreak Avenue,COQUITLAM,49.26828248,-122.8123984,4763,POINT (-122.8123984 49.26828248)
161,2025,1740355200000,Break & Enter - Business,1216-1235 Johnson Street,COQUITLAM,49.2863665,-122.8016236,4764,POINT (-122.8016236 49.2863665)
162,2025,1740355200000,Break & Enter - Residence,1138-1154 Westwood Street,COQUITLAM,49.28039898,-122.7904697,4765,POINT (-122.7904697 49.28039898)
163,2025,1740355200000,Break & Enter - Residence,1580-1693 Plateau Crescent,COQUITLAM,49.30420659,-122.7940702,4766,POINT (-122.7940702 49.30420659)
164,2025,1740355200000,Theft from Auto,520-540 Gatensbury Street,COQUITLAM,49.25096094,-122.8579598,4767,POINT (-122.8579598 49.25096094)
165,2025,1740355200000,Break & Enter - Residence,3070-3083 Robson Drive,COQUITLAM,49.2976613,-122.7860834,4768,POINT (-122.7860834 49.2976613)
166,2025,1740441600000,Theft from Auto,2062-2148 Monterey Avenue,COQUITLAM,49.24149341,-122.8363644,4769,POINT (-122.8363644 49.24149341)
167,2025,1740441600000,Theft of Auto,2750-2881 Barnet Highway,COQUITLAM,49.2776863,-122.8052579,4770,POINT (-122.8052579 49.2776863)
168,2025,1740528000000,Theft from Auto,2950-2978 Glen Drive,COQUITLAM,49.28272705,-122.7974008,4771,POINT (-122.7974008 49.28272705)
169,2025,1740528000000,Theft from Auto,0-3000 Lougheed Highway,COQUITLAM,49.27521401,-122.7945543,4772,POINT (-122.7945543 49.27521401)
170,2025,1740528000000,Break & Enter - Business,321-4563 North Road,COQUITLAM,49.24472859,-122.8926147,4773,POINT (-122.8926147 49.24472859)
171,2025,1740614400000,Theft from Auto,2975-2979 Atlantic Avenue,COQUITLAM,49.28176464,-122.7965857,4774,POINT (-122.7965857 49.28176464)
172,2025,1740614400000,Theft from Auto,3500-3539 Galloway Avenue,COQUITLAM,49.29628234,-122.7425976,4775,POINT (-122.7425976 49.29628234)
173,2025,1740528000000,Break & Enter - Residence,1200-1226 Coast Meridian Road,COQUITLAM,49.28612109,-122.7560099,4776,POINT (-122.7560099 49.28612109)
174,2025,1740528000000,Break & Enter - Residence,1134-1152 Windsor Mews,COQUITLAM,49.28009795,-122.786301,4777,POINT (-122.786301 49.28009795)
175,2025,1740700800000,Theft from Auto,2920-2975 Atlantic Avenue,COQUITLAM,49.28177732,-122.79789,4778,POINT (-122.79789 49.28177732)
176,2025,1740700800000,Theft from Auto,2975-2979 Atlantic Avenue,COQUITLAM,49.28176464,-122.7965857,4779,POINT (-122.7965857 49.28176464)
177,2025,1740700800000,Break & Enter - Business,2817-2850 Rambler Way,COQUITLAM,49.28571835,-122.8092007,4780,POINT (-122.8092007 49.28571835)
178,2025,1740700800000,Theft from Auto,1211-1249 Dupont Place,COQUITLAM,49.28788873,-122.8068719,4781,POINT (-122.8068719 49.28788873)
179,2025,1740700800000,Break & Enter - Residence,1189-1200 Eastwood Street,COQUITLAM,49.28404436,-122.7879602,4782,POINT (-122.7879602 49.28404436)
180,2025,1740700800000,Theft from Auto,2950-2978 Glen Drive,COQUITLAM,49.28272705,-122.7974008,4783,POINT (-122.7974008 49.28272705)
181,2025,1740787200000,Theft from Auto,1012-1096 Corona Crescent,COQUITLAM,49.27265536,-122.8274231,4784,POINT (-122.8274231 49.27265536)
182,2025,1740787200000,Break & Enter - Residence,3042-3099 Lincoln Avenue,COQUITLAM,49.27893582,-122.7895723,4785,POINT (-122.7895723 49.27893582)
183,2025,1740873600000,Theft from Auto,620-644 Poirier Street,COQUITLAM,49.25497655,-122.8464704,4786,POINT (-122.8464704 49.25497655)
184,2025,1740960000000,Theft from Auto,3090-3100 Windsor Gate,COQUITLAM,49.27985802,-122.7864464,4787,POINT (-122.7864464 49.27985802)
185,2025,1740960000000,Theft from Auto,3090-3100 Windsor Gate,COQUITLAM,49.27985802,-122.7864464,4788,POINT (-122.7864464 49.27985802)
186,2025,1741046400000,Break & Enter - Business,3090-3100 Windsor Gate,COQUITLAM,49.27985802,-122.7864464,4789,POINT (-122.7864464 49.27985802)
187,2025,1741046400000,Break & Enter - Business,2950-2978 Glen Drive,COQUITLAM,49.28272705,-122.7974008,4790,POINT (-122.7974008 49.28272705)
188,2025,1741046400000,Break & Enter - Business,0-0 Boxwood Drive,COQUITLAM,49.24536783,-122.808867,4791,POINT (-122.808867 49.24536783)
189,2025,1741046400000,Theft from Auto,1851-1904 Bowman Avenue,COQUITLAM,49.26506609,-122.8416604,4792,POINT (-122.8416604 49.26506609)
190,2025,1741132800000,Theft from Auto,3090-3100 Windsor Gate,COQUITLAM,49.27985802,-122.7864464,4793,POINT (-122.7864464 49.27985802)
191,2025,1741132800000,Break & Enter - Residence,2614-2641 Auburn Place,COQUITLAM,49.29249895,-122.806728,4794,POINT (-122.806728 49.29249895)
192,2025,1741132800000,Theft from Auto,1189-1200 Eastwood Street,COQUITLAM,49.28404436,-122.7879602,4795,POINT (-122.7879602 49.28404436)
193,2025,1741132800000,Theft of Auto,1138-1154 Westwood Street,COQUITLAM,49.28039898,-122.7904697,4796,POINT (-122.7904697 49.28039898)
194,2025,1741219200000,Break & Enter - Business,3061-3081 Glen Drive,COQUITLAM,49.28266674,-122.7892135,4797,POINT (-122.7892135 49.28266674)
195,2025,1741219200000,Theft from Auto,1300-1350 Genest Way,COQUITLAM,49.29343706,-122.7855401,4798,POINT (-122.7855401 49.29343706)
196,2025,1741219200000,Theft from Auto,519-540 Marmont Street,COQUITLAM,49.25098661,-122.8622052,4799,POINT (-122.8622052 49.25098661)
197,2025,1741219200000,Theft from Auto,1145-1178 Heffley Crescent,COQUITLAM,49.28085603,-122.791503,4800,POINT (-122.791503 49.28085603)
198,2025,1741305600000,Break & Enter - Business,0-0 Holly Drive,COQUITLAM,49.25093961,-122.8028451,4801,POINT (-122.8028451 49.25093961)
199,2025,1741305600000,Theft from Auto,681-701 MacIntosh Street,COQUITLAM,49.25904099,-122.8661004,4802,POINT (-122.8661004 49.25904099)
200,2025,1741305600000,Break & Enter - Business,2975-2979 Atlantic Avenue,COQUITLAM,49.28176464,-122.7965857,4803,POINT (-122.7965857 49.28176464)
201,2025,1741219200000,Break & Enter - Residence,2832-2863 Windflower Place,COQUITLAM,49.30067111,-122.8088754,4804,POINT (-122.8088754 49.30067111)
202,2025,1741392000000,Theft from Auto,1185-1199 Westwood Street,COQUITLAM,49.28396419,-122.7904627,4805,POINT (-122.7904627 49.28396419)
203,2025,1741478400000,Theft from Auto,2900-2999 Silver Springs Boulevard,COQUITLAM,49.295606,-122.7904186,4806,POINT (-122.7904186 49.295606)
204,2025,1741478400000,Break & Enter - Residence,1948-1968 Brunette Avenue,COQUITLAM,49.23103457,-122.8402453,4807,POINT (-122.8402453 49.23103457)
205,2025,1741564800000,Break & Enter - Residence,520-549 Ferris Street,COQUITLAM,49.2504454,-122.828725,4808,POINT (-122.828725 49.2504454)
206,2025,1741651200000,Theft from Auto,2700-2745 Barnet Highway,COQUITLAM,49.27786163,-122.810408,4809,POINT (-122.810408 49.27786163)
207,2025,1741651200000,Break & Enter - Business,2986-3019 Guildford Way,COQUITLAM,49.28492167,-122.7933942,4810,POINT (-122.7933942 49.28492167)
208,2025,1741737600000,Theft from Auto,2905-2930 Glen Drive,COQUITLAM,49.28273402,-122.8002266,4811,POINT (-122.8002266 49.28273402)
209,2025,1741737600000,Break & Enter - Business,101-195 Schoolhouse Street,COQUITLAM,49.23479161,-122.8525471,4812,POINT (-122.8525471 49.23479161)
210,2025,1741737600000,Break & Enter - Business,2975-2979 Atlantic Avenue,COQUITLAM,49.28176464,-122.7965857,4813,POINT (-122.7965857 49.28176464)
211,2025,1741824000000,Theft from Auto,651-699 Folsom Street,COQUITLAM,49.25783213,-122.8648163,4814,POINT (-122.8648163 49.25783213)
212,2025,1741824000000,Break & Enter - Business,214-221 Blue Mountain Street,COQUITLAM,49.23738462,-122.8731043,4815,POINT (-122.8731043 49.23738462)
213,2025,1741824000000,Theft from Auto,3024-3048 Anson Avenue,COQUITLAM,49.27726793,-122.7921916,4816,POINT (-122.7921916 49.27726793)
214,2025,1741910400000,Theft from Auto,1100-1153 Johnson Street,COQUITLAM,49.27850793,-122.8017349,4817,POINT (-122.8017349 49.27850793)
215,2025,1741910400000,Theft from Auto,939-951 Como Lake Avenue,COQUITLAM,49.26356217,-122.8694492,4818,POINT (-122.8694492 49.26356217)
216,2025,1741996800000,Theft from Auto,1140-1155 Dufferin Street,COQUITLAM,49.28044393,-122.804018,4819,POINT (-122.804018 49.28044393)
217,2025,1741996800000,Theft from Auto,2750-2881 Barnet Highway,COQUITLAM,49.2776863,-122.8052579,4820,POINT (-122.8052579 49.2776863)
218,2025,1741996800000,Theft from Auto,2700-2745 Barnet Highway,COQUITLAM,49.27786163,-122.810408,4821,POINT (-122.810408 49.27786163)
219,2025,1742083200000,Break & Enter - Business,451-499 Marmont Street,COQUITLAM,49.24934496,-122.8621996,4822,POINT (-122.8621996 49.24934496)
220,2025,1742169600000,Break & Enter - Business,3061-3081 Glen Drive,COQUITLAM,49.28266674,-122.7892135,4823,POINT (-122.7892135 49.28266674)
221,2025,1742169600000,Break & Enter - Business,1450-1950 Hartley Avenue,COQUITLAM,49.22661466,-122.8446521,4824,POINT (-122.8446521 49.22661466)
222,2025,1742083200000,Break & Enter - Business,3024-3048 Anson Avenue,COQUITLAM,49.27726793,-122.7921916,4825,POINT (-122.7921916 49.27726793)
223,2025,1742169600000,Break & Enter - Business,1165-1199 The High Street,COQUITLAM,49.28334757,-122.796028,4826,POINT (-122.796028 49.28334757)
224,2025,1742169600000,Break & Enter - Business,1-20 Burbidge Street,COQUITLAM,49.22416616,-122.8237849,4827,POINT (-122.8237849 49.22416616)
225,2025,1742256000000,Theft from Auto,1044-3380 Westwood Street,COQUITLAM,49.27286901,-122.790555,4828,POINT (-122.790555 49.27286901)
226,2025,1742256000000,Theft from Auto,2570-2750 Runnel Drive,COQUITLAM,49.2788356,-122.8133173,4829,POINT (-122.8133173 49.2788356)
227,2025,1742256000000,Theft from Auto,1100-1183 Pacific Street,COQUITLAM,49.28227517,-122.7988511,4830,POINT (-122.7988511 49.28227517)
228,2025,1742428800000,Break & Enter - Business,1080-1100 Ponderosa Street,COQUITLAM,49.27614882,-122.7931869,4831,POINT (-122.7931869 49.27614882)
229,2025,1742428800000,Break & Enter - Business,88-98 Brigantine Drive,COQUITLAM,49.22792656,-122.8488185,4832,POINT (-122.8488185 49.22792656)
230,2025,1742428800000,Break & Enter - Business,451-499 Marmont Street,COQUITLAM,49.24934496,-122.8621996,4833,POINT (-122.8621996 49.24934496)
231,2025,1742428800000,Theft from Auto,800-831 Brunette Avenue,COQUITLAM,49.23587642,-122.8744394,4834,POINT (-122.8744394 49.23587642)
232,2025,1742428800000,Theft from Auto,672-739 Wilmot Street,COQUITLAM,49.2595422,-122.8359328,4835,POINT (-122.8359328 49.2595422)
233,2025,1742515200000,Theft from Auto,1319-1323 King Albert Avenue,COQUITLAM,49.25141392,-122.8562652,4836,POINT (-122.8562652 49.25141392)
234,2025,1742515200000,Theft from Auto,3380-3413 Darwin Avenue,COQUITLAM,49.28753646,-122.7543045,4837,POINT (-122.7543045 49.28753646)
235,2025,1742515200000,Theft from Auto,1035-1064 Howie Avenue,COQUITLAM,49.25056759,-122.8638816,4838,POINT (-122.8638816 49.25056759)
236,2025,1742601600000,Theft from Auto,1413-1424 Duchess Street,COQUITLAM,49.29976727,-122.7552222,4839,POINT (-122.7552222 49.29976727)
237,2025,1742601600000,Theft from Auto,3090-3100 Windsor Gate,COQUITLAM,49.27985802,-122.7864464,4840,POINT (-122.7864464 49.27985802)
238,2025,1742688000000,Theft of Auto,2552-2568 Verbena Place,COQUITLAM,49.29456572,-122.8170666,4841,POINT (-122.8170666 49.29456572)
239,2025,1742688000000,Theft of Auto,1466-1481 Avondale Street,COQUITLAM,49.30218503,-122.7574944,4842,POINT (-122.7574944 49.30218503)
240,2025,1742688000000,Break & Enter - Business,451-499 Marmont Street,COQUITLAM,49.24934496,-122.8621996,4843,POINT (-122.8621996 49.24934496)
241,2025,1742774400000,Theft from Auto,810-846 Rondeau Street,COQUITLAM,49.26503697,-122.8514114,4844,POINT (-122.8514114 49.26503697)
242,2025,1742774400000,Theft from Auto,2900-2999 Silver Springs Boulevard,COQUITLAM,49.295606,-122.7904186,4845,POINT (-122.7904186 49.295606)
243,2025,1742774400000,Break & Enter - Business,513-533 Brookmere Avenue,COQUITLAM,49.25121718,-122.8912668,4846,POINT (-122.8912668 49.25121718)
244,2025,1742774400000,Theft from Auto,1413-1428 Como Lake Avenue,COQUITLAM,49.26345681,-122.85244,4847,POINT (-122.85244 49.26345681)
245,2025,1742947200000,Theft from Auto,1273-1294 Steeple Drive,COQUITLAM,49.28806237,-122.8168251,4848,POINT (-122.8168251 49.28806237)
246,2025,1742947200000,Break & Enter - Business,451-499 Marmont Street,COQUITLAM,49.24934496,-122.8621996,4849,POINT (-122.8621996 49.24934496)
247,2025,1742947200000,Theft from Auto,100-144 King Edward Street,COQUITLAM,49.23495415,-122.8616527,4850,POINT (-122.8616527 49.23495415)
248,2025,1742947200000,Break & Enter - Business,1000-1025 Austin Avenue,COQUITLAM,49.24900186,-122.8666666,4851,POINT (-122.8666666 49.24900186)
249,2025,1742947200000,Theft from Auto,3000-3023 Anson Avenue,COQUITLAM,49.27789693,-122.7943116,4852,POINT (-122.7943116 49.27789693)
250,2025,1743033600000,Theft from Auto,920-932 Thermal Drive,COQUITLAM,49.2671286,-122.8284711,4853,POINT (-122.8284711 49.2671286)
251,2025,1743033600000,Theft from Auto,309-317 Loring Street,COQUITLAM,49.24158743,-122.8881331,4854,POINT (-122.8881331 49.24158743)
252,2025,1743033600000,Break & Enter - Business,2975-2979 Atlantic Avenue,COQUITLAM,49.28176464,-122.7965857,4855,POINT (-122.7965857 49.28176464)
253,2025,1743033600000,Theft from Auto,2700-2745 Barnet Highway,COQUITLAM,49.27786163,-122.810408,4856,POINT (-122.810408 49.27786163)
254,2025,1743120000000,Theft from Auto,663-675 Whiting Way,COQUITLAM,49.25933107,-122.8907246,4857,POINT (-122.8907246 49.25933107)
255,2025,1743120000000,Theft from Auto,1319-1431 Smith Avenue,COQUITLAM,49.25980003,-122.8541587,4858,POINT (-122.8541587 49.25980003)
256,2025,1742860800000,Theft from Auto,1273-1294 Steeple Drive,COQUITLAM,49.28806237,-122.8168251,4859,POINT (-122.8168251 49.28806237)
257,2025,1743206400000,Break & Enter - Business,417-450 Westview Street,COQUITLAM,49.24757864,-122.8896705,4860,POINT (-122.8896705 49.24757864)
258,2025,1743292800000,Break & Enter - Residence,1307-1327 Nestor Street,COQUITLAM,49.29243351,-122.7785246,4861,POINT (-122.7785246 49.29243351)
259,2025,1743292800000,Theft from Auto,544-545 Sydney Avenue,COQUITLAM,49.24819319,-122.8890042,4862,POINT (-122.8890042 49.24819319)
260,2025,1743292800000,Theft of Auto,1848-1875 Brunette Avenue,COQUITLAM,49.23454733,-122.8426888,4863,POINT (-122.8426888 49.23454733)
261,2025,1743292800000,Theft from Auto,417-450 Westview Street,COQUITLAM,49.24757864,-122.8896705,4864,POINT (-122.8896705 49.24757864)
262,2025,1743379200000,Theft from Auto,1140-1155 Dufferin Street,COQUITLAM,49.28044393,-122.804018,4865,POINT (-122.804018 49.28044393)
263,2025,1743379200000,Theft of Auto,3530-3559 Archworth Avenue,COQUITLAM,49.29996056,-122.7370449,4866,POINT (-122.7370449 49.29996056)
264,2025,1743379200000,Break & Enter - Residence,1219-1229 Burke Mountain Street,COQUITLAM,49.28624857,-122.7448493,4867,POINT (-122.7448493 49.28624857)
265,2025,1743379200000,Break & Enter - Business,1220-1249 Pipeline Road,COQUITLAM,49.2868453,-122.7841363,4868,POINT (-122.7841363 49.2868453)
266,2025,1743379200000,Theft from Auto,2900-2999 Silver Springs Boulevard,COQUITLAM,49.295606,-122.7904186,4869,POINT (-122.7904186 49.295606)
267,2025,1743379200000,Theft from Auto,2500-2666 Cape Horn Avenue,COQUITLAM,49.23878711,-122.8194502,4870,POINT (-122.8194502 49.23878711)
268,2025,1743465600000,Theft from Auto,510-520  ,COQUITLAM,49.27476495,-122.7996121,4871,POINT (-122.7996121 49.27476495)
269,2025,1743465600000,Theft from Auto,1205-1249 Pinetree Way,COQUITLAM,49.28583135,-122.7919267,4872,POINT (-122.7919267 49.28583135)
270,2025,1743465600000,Break & Enter - Residence,924-951 Austin Avenue,COQUITLAM,49.24899511,-122.8699926,4873,POINT (-122.8699926 49.24899511)
271,2025,1743552000000,Theft from Auto,3001-3061 Gordon Avenue,COQUITLAM,49.27109836,-122.792778,4874,POINT (-122.792778 49.27109836)
272,2025,1743724800000,Theft from Auto,1204-1217 Galiano Street,COQUITLAM,49.28689796,-122.7796044,4875,POINT (-122.7796044 49.28689796)
273,2025,1743724800000,Theft from Auto,1000-1029 Delestre Avenue,COQUITLAM,49.24173705,-122.86639,4876,POINT (-122.86639 49.24173705)
274,2025,1743811200000,Break & Enter - Residence,1150-1154 The High Street,COQUITLAM,49.28126785,-122.7960978,4877,POINT (-122.7960978 49.28126785)
275,2025,1743811200000,Theft from Auto,1001-1030 Quadling Avenue,COQUITLAM,49.24083812,-122.8662981,4878,POINT (-122.8662981 49.24083812)
276,2025,1743811200000,Theft from Auto,2700-2745 Barnet Highway,COQUITLAM,49.27786163,-122.810408,4879,POINT (-122.810408 49.27786163)
277,2025,1743897600000,Theft from Auto,1001-1030 Quadling Avenue,COQUITLAM,49.24083812,-122.8662981,4880,POINT (-122.8662981 49.24083812)
278,2025,1743811200000,Theft from Auto,1250-1257 Hudson Street,COQUITLAM,49.2879236,-122.8027082,4881,POINT (-122.8027082 49.2879236)
279,2025,1743984000000,Break & Enter - Business,1150-1154 The High Street,COQUITLAM,49.28126785,-122.7960978,4882,POINT (-122.7960978 49.28126785)
280,2025,1743984000000,Theft from Auto,1350-1449 United Boulevard,COQUITLAM,49.22916081,-122.8506619,4883,POINT (-122.8506619 49.22916081)
281,2025,1743984000000,Theft from Auto,1160-1180 Pinetree Way,COQUITLAM,49.28115265,-122.7932721,4884,POINT (-122.7932721 49.28115265)
282,2025,1743984000000,Theft of Auto,2534-2565 Barnet Highway,COQUITLAM,49.27783293,-122.8217605,4885,POINT (-122.8217605 49.27783293)
283,2025,1743984000000,Break & Enter - Business,3042-3099 Lincoln Avenue,COQUITLAM,49.27893582,-122.7895723,4886,POINT (-122.7895723 49.27893582)
284,2025,1743984000000,Theft from Auto,3306-3322 Lancaster Court,COQUITLAM,49.29732524,-122.7655016,4887,POINT (-122.7655016 49.29732524)
285,2025,1743984000000,Theft from Auto,943-961 Quadling Avenue,COQUITLAM,49.24076963,-122.8687178,4888,POINT (-122.8687178 49.24076963)
286,2025,1744070400000,Theft from Auto,3161-3182 Arrowsmith Place,COQUITLAM,49.30341561,-122.7810219,4889,POINT (-122.7810219 49.30341561)
287,2025,1744070400000,Break & Enter - Business,0-3000 Lougheed Highway,COQUITLAM,49.27521401,-122.7945543,4890,POINT (-122.7945543 49.27521401)
288,2025,1744070400000,Theft from Auto,2943-2970 Spuraway Avenue,COQUITLAM,49.26155257,-122.8074194,4891,POINT (-122.8074194 49.26155257)
289,2025,1744070400000,Break & Enter - Business,2950-2978 Glen Drive,COQUITLAM,49.28272705,-122.7974008,4892,POINT (-122.7974008 49.28272705)
290,2025,1744070400000,Theft from Auto,749-757 Dogwood Street,COQUITLAM,49.26313464,-122.88354,4893,POINT (-122.88354 49.26313464)
291,2025,1744070400000,Theft from Auto,2920-2929 Barnet Highway,COQUITLAM,49.27670586,-122.79925,4894,POINT (-122.79925 49.27670586)
292,2025,1743897600000,Theft from Auto,372-379 Blue Mountain Street,COQUITLAM,49.24436632,-122.8728868,4895,POINT (-122.8728868 49.24436632)
293,2025,1744156800000,Theft from Auto,900-959 Sherwood Avenue,COQUITLAM,49.23584614,-122.8712234,4896,POINT (-122.8712234 49.23584614)
294,2025,1744156800000,Theft from Auto,1273-1294 Steeple Drive,COQUITLAM,49.28806237,-122.8168251,4897,POINT (-122.8168251 49.28806237)
295,2025,1744156800000,Theft from Auto,2700-2745 Barnet Highway,COQUITLAM,49.27786163,-122.810408,4898,POINT (-122.810408 49.27786163)
296,2025,1744243200000,Theft from Auto,2940-2970 Dewdney Trunk Road,COQUITLAM,49.26819829,-122.7976119,4899,POINT (-122.7976119 49.26819829)
297,2025,1744243200000,Theft from Auto,565-589 Clarke Road,COQUITLAM,49.26262789,-122.8887353,4900,POINT (-122.8887353 49.26262789)
298,2025,1744243200000,Theft from Auto,1219-1229 Burke Mountain Street,COQUITLAM,49.28624857,-122.7448493,4901,POINT (-122.7448493 49.28624857)
299,2025,1744243200000,Theft of Auto,21-40 Burbidge Street,COQUITLAM,49.22556786,-122.8237959,4902,POINT (-122.8237959 49.22556786)
300,2025,1744329600000,Break & Enter - Residence,2900-2915 Norman Avenue,COQUITLAM,49.27092718,-122.8002654,4903,POINT (-122.8002654 49.27092718)
301,2025,1744329600000,Break & Enter - Business,1400-1421 Johnson Street,COQUITLAM,49.29729891,-122.8016435,4904,POINT (-122.8016435 49.29729891)
302,2025,1744329600000,Theft from Auto,433-499 Nelson Street,COQUITLAM,49.24933126,-122.8656045,4905,POINT (-122.8656045 49.24933126)
303,2025,1744329600000,Theft from Auto,1100-1153 Johnson Street,COQUITLAM,49.27850793,-122.8017349,4906,POINT (-122.8017349 49.27850793)
304,2025,1744416000000,Break & Enter - Business,3042-3099 Lincoln Avenue,COQUITLAM,49.27893582,-122.7895723,4907,POINT (-122.7895723 49.27893582)
305,2025,1744416000000,Break & Enter - Business,1279-1323 Johnson Street,COQUITLAM,49.29111035,-122.8009532,4908,POINT (-122.8009532 49.29111035)
306,2025,1744416000000,Theft from Auto,2950-2978 Glen Drive,COQUITLAM,49.28272705,-122.7974008,4909,POINT (-122.7974008 49.28272705)
307,2025,1744416000000,Theft from Auto,1349-1369 Hames Crescent,COQUITLAM,49.29573031,-122.7543348,4910,POINT (-122.7543348 49.29573031)
308,2025,1744416000000,Break & Enter - Business,2700-2899 David Avenue,COQUITLAM,49.29498932,-122.804336,4911,POINT (-122.804336 49.29498932)
309,2025,1744416000000,Theft from Auto,2750-2881 Barnet Highway,COQUITLAM,49.2776863,-122.8052579,4912,POINT (-122.8052579 49.2776863)
310,2025,1744416000000,Theft from Auto,2750-2881 Barnet Highway,COQUITLAM,49.2776863,-122.8052579,4913,POINT (-122.8052579 49.2776863)
311,2025,1744588800000,Theft from Auto,3020-3045 Lincoln Avenue,COQUITLAM,49.27914862,-122.7919047,4914,POINT (-122.7919047 49.27914862)
312,2025,1744588800000,Theft from Auto,0-0 Highway Ramp,COQUITLAM,49.23522891,-122.8785371,4915,POINT (-122.8785371 49.23522891)
313,2025,1744588800000,Theft from Auto,550-578 Emerson Street,COQUITLAM,49.26176206,-122.887076,4916,POINT (-122.887076 49.26176206)
314,2025,1744588800000,Break & Enter - Business,2700-2745 Barnet Highway,COQUITLAM,49.27786163,-122.810408,4917,POINT (-122.810408 49.27786163)
315,2025,1744588800000,Theft from Auto,340-348 Guilby Street,COQUITLAM,49.24243077,-122.8853526,4918,POINT (-122.8853526 49.24243077)
316,2025,1744588800000,Theft from Auto,1247-1335 Charter Hill Drive,COQUITLAM,49.28691799,-122.8128223,4919,POINT (-122.8128223 49.28691799)
317,2025,1744675200000,Break & Enter - Business,2750-2881 Barnet Highway,COQUITLAM,49.2776863,-122.8052579,4920,POINT (-122.8052579 49.2776863)
318,2025,1744675200000,Theft from Auto,1189-1200 Eastwood Street,COQUITLAM,49.28404436,-122.7879602,4921,POINT (-122.7879602 49.28404436)
319,2025,1744675200000,Break & Enter - Business,1189-1200 Eastwood Street,COQUITLAM,49.28404436,-122.7879602,4922,POINT (-122.7879602 49.28404436)
320,2025,1744761600000,Break & Enter - Business,608-646 Lea Avenue,COQUITLAM,49.26424352,-122.8842858,4923,POINT (-122.8842858 49.26424352)
321,2025,1744761600000,Break & Enter - Residence,3090-3099 Guildford Way,COQUITLAM,49.28551428,-122.7859801,4924,POINT (-122.7859801 49.28551428)
322,2025,1744761600000,Theft from Auto,2900-2949 Panorama Drive,COQUITLAM,49.29763371,-122.8084607,4925,POINT (-122.8084607 49.29763371)
323,2025,1744848000000,Theft from Auto,2500-2591 Panorama Drive,COQUITLAM,49.30076688,-122.8213531,4926,POINT (-122.8213531 49.30076688)
324,2025,1744848000000,Theft from Auto,1150-1154 The High Street,COQUITLAM,49.28126785,-122.7960978,4927,POINT (-122.7960978 49.28126785)
325,2025,1744848000000,Theft from Auto,1017-1040 Grover Avenue,COQUITLAM,49.26255884,-122.8646137,4928,POINT (-122.8646137 49.26255884)
326,2025,1744848000000,Theft from Auto,1017-1040 Grover Avenue,COQUITLAM,49.26255884,-122.8646137,4929,POINT (-122.8646137 49.26255884)
327,2025,1744848000000,Theft from Auto,3090-3099 Lincoln Avenue,COQUITLAM,49.27857779,-122.7871754,4930,POINT (-122.7871754 49.27857779)
328,2025,1745020800000,Theft from Auto,3024-3048 Anson Avenue,COQUITLAM,49.27726793,-122.7921916,4931,POINT (-122.7921916 49.27726793)
329,2025,1745020800000,Theft from Auto,2905-2930 Glen Drive,COQUITLAM,49.28273402,-122.8002266,4932,POINT (-122.8002266 49.28273402)
330,2025,1745020800000,Theft from Auto,3042-3099 Lincoln Avenue,COQUITLAM,49.27893582,-122.7895723,4933,POINT (-122.7895723 49.27893582)
331,2025,1745020800000,Theft from Auto,433-499 Nelson Street,COQUITLAM,49.24933126,-122.8656045,4934,POINT (-122.8656045 49.24933126)
332,2025,1745020800000,Theft from Auto,2700-2899 David Avenue,COQUITLAM,49.29498932,-122.804336,4935,POINT (-122.804336 49.29498932)
333,2025,1745020800000,Theft from Auto,2574-2675 Barnet Highway,COQUITLAM,49.2778867,-122.8157521,4936,POINT (-122.8157521 49.2778867)
334,2025,1745107200000,Theft from Auto,1778-1786 Coleman Avenue,COQUITLAM,49.23144929,-122.8426045,4937,POINT (-122.8426045 49.23144929)
335,2025,1745107200000,Theft from Auto,1190-1198 Falcon Drive,COQUITLAM,49.28388314,-122.819073,4938,POINT (-122.819073 49.28388314)
336,2025,1745107200000,Break & Enter - Residence,401-415 Westview Street,COQUITLAM,49.2464532,-122.8899054,4939,POINT (-122.8899054 49.2464532)
337,2025,1745193600000,Theft from Auto,1180-1198 Lansdowne Drive,COQUITLAM,49.28356536,-122.8091939,4940,POINT (-122.8091939 49.28356536)
338,2025,1745193600000,Theft from Auto,1150-1175 Johnson Street,COQUITLAM,49.28142444,-122.8017156,4941,POINT (-122.8017156 49.28142444)
339,2025,1745280000000,Theft from Auto,525-568 Clarke Road,COQUITLAM,49.26102606,-122.8907694,4942,POINT (-122.8907694 49.26102606)
340,2025,1745280000000,Theft from Auto,1154-1170 The High Street,COQUITLAM,49.28229413,-122.7960942,4943,POINT (-122.7960942 49.28229413)
341,2025,1745366400000,Theft from Auto,2200-2228 King Albert Avenue,COQUITLAM,49.25091753,-122.8334897,4944,POINT (-122.8334897 49.25091753)
342,2025,1745452800000,Theft from Auto,2560-2568 Runnel Drive,COQUITLAM,49.27886627,-122.819332,4945,POINT (-122.819332 49.27886627)
343,2025,1745452800000,Theft from Auto,2975-2995 Princess Crescent,COQUITLAM,49.28606976,-122.796453,4946,POINT (-122.796453 49.28606976)
344,2025,1745452800000,Theft from Auto,1115-1169 Madore Avenue,COQUITLAM,49.24627321,-122.8592411,4947,POINT (-122.8592411 49.24627321)
345,2025,1745452800000,Theft from Auto,3100-3150 Lincoln Avenue,COQUITLAM,49.27852522,-122.7846529,4948,POINT (-122.7846529 49.27852522)
346,2025,1745366400000,Theft from Auto,1563-1640 Rochester Avenue,COQUITLAM,49.2450435,-122.8488762,4949,POINT (-122.8488762 49.2450435)
347,2025,1745452800000,Theft from Auto,670-679 Poirier Street,COQUITLAM,49.25837761,-122.8464498,4950,POINT (-122.8464498 49.25837761)
348,2025,1745452800000,Theft of Auto,1100-1153 Johnson Street,COQUITLAM,49.27850793,-122.8017349,4951,POINT (-122.8017349 49.27850793)
349,2025,1745539200000,Theft from Auto,709-711 Smith Avenue,COQUITLAM,49.26018198,-122.8817815,4952,POINT (-122.8817815 49.26018198)
350,2025,1745539200000,Theft from Auto,555-578 Shaw Avenue,COQUITLAM,49.24411774,-122.8876945,4953,POINT (-122.8876945 49.24411774)
351,2025,1745452800000,Theft from Auto,1211-1299 Pinetree Way,COQUITLAM,49.28913924,-122.7902076,4954,POINT (-122.7902076 49.28913924)
352,2025,1745539200000,Break & Enter - Residence,606-645 Nicola Avenue,COQUITLAM,49.26911752,-122.8852354,4955,POINT (-122.8852354 49.26911752)
353,2025,1745539200000,Break & Enter - Residence,606-645 Nicola Avenue,COQUITLAM,49.26911752,-122.8852354,4956,POINT (-122.8852354 49.26911752)
354,2025,1745539200000,Break & Enter - Business,3024-3048 Anson Avenue,COQUITLAM,49.27726793,-122.7921916,4957,POINT (-122.7921916 49.27726793)
355,2025,1745539200000,Theft from Auto,3000-3023 Anson Avenue,COQUITLAM,49.27789693,-122.7943116,4958,POINT (-122.7943116 49.27789693)
356,2025,1745625600000,Break & Enter - Residence,3001-3028 Maplebrook Place,COQUITLAM,49.26608023,-122.7941724,4959,POINT (-122.7941724 49.26608023)
357,2025,1745712000000,Break & Enter - Residence,3155-3169 Gambier Avenue,COQUITLAM,49.28865033,-122.7804486,4960,POINT (-122.7804486 49.28865033)
358,2025,1745712000000,Theft from Auto,403-3965 North Road,COQUITLAM,49.24755648,-122.8926921,4961,POINT (-122.8926921 49.24755648)
359,2025,1745712000000,Theft from Auto,300-306 Schoolhouse Street,COQUITLAM,49.24102385,-122.8524628,4962,POINT (-122.8524628 49.24102385)
360,2025,1745712000000,Break & Enter - Business,980-3160 Westwood Street,COQUITLAM,49.26898064,-122.7906324,4963,POINT (-122.7906324 49.26898064)
361,2025,1745798400000,Break & Enter - Business,2920-2975 Atlantic Avenue,COQUITLAM,49.28177732,-122.79789,4964,POINT (-122.79789 49.28177732)
362,2025,1745712000000,Theft from Auto,2750-2881 Barnet Highway,COQUITLAM,49.2776863,-122.8052579,4965,POINT (-122.8052579 49.2776863)
363,2025,1745798400000,Theft of Auto,1181-1188 Westwood Street,COQUITLAM,49.28288969,-122.7904691,4966,POINT (-122.7904691 49.28288969)
364,2025,1745798400000,Theft from Auto,1273-1294 Steeple Drive,COQUITLAM,49.28806237,-122.8168251,4967,POINT (-122.8168251 49.28806237)
365,2025,1745884800000,Theft from Auto,87-108 Blue Mountain Street,COQUITLAM,49.23539833,-122.8731088,4968,POINT (-122.8731088 49.23539833)
366,2025,1745884800000,Break & Enter - Business,2860-2885 Packard Avenue,COQUITLAM,49.27998352,-122.8029144,4969,POINT (-122.8029144 49.27998352)
367,2025,1745884800000,Theft of Auto,2860-2885 Packard Avenue,COQUITLAM,49.27998352,-122.8029144,4970,POINT (-122.8029144 49.27998352)
368,2025,1745971200000,Theft from Auto,954-999 Cherrybrook Place,COQUITLAM,49.26740678,-122.7920257,4971,POINT (-122.7920257 49.26740678)
369,2025,1745971200000,Theft of Auto,980-3160 Westwood Street,COQUITLAM,49.26898064,-122.7906324,4972,POINT (-122.7906324 49.26898064)
370,2025,1745971200000,Theft from Auto,2975-2979 Atlantic Avenue,COQUITLAM,49.28176464,-122.7965857,4973,POINT (-122.7965857 49.28176464)
371,2025,1745971200000,Theft from Auto,1100-1126 Pinetree Way,COQUITLAM,49.27726345,-122.7963977,4974,POINT (-122.7963977 49.27726345)
372,2025,1745971200000,Theft from Auto,1161-1189 Heath Crescent,COQUITLAM,49.28121588,-122.8099205,4975,POINT (-122.8099205 49.28121588)
1,2025,1746057600000,Theft from Auto,827-1309 Laval Square,COQUITLAM,49.24099601218003,-122.85673130249,4976,POINT (-122.85673130249 49.24099601218)
2,2025,1746057600000,Theft of Auto,748-755 Schoolhouse Street,COQUITLAM,49.263006160697806,-122.852075632428,4977,POINT (-122.852075632428 49.2630061606978)
3,2025,1746057600000,Break & Enter - Business,657-659 Whiting Way,COQUITLAM,49.25712182063905,-122.891880654671,4978,POINT (-122.891880654671 49.257121820639)
4,2025,1746230400000,Theft from Auto,952-1004 Como Lake Avenue,COQUITLAM,49.26354949027933,-122.867452884413,4979,POINT (-122.867452884413 49.2635494902793)
5,2025,1746230400000,Break & Enter - Business,1181-1190 Pinetree Way,COQUITLAM,49.282197540603356,-122.793234179334,4980,POINT (-122.793234179334 49.2821975406034)
6,2025,1746144000000,Break & Enter - Business,101-195 Schoolhouse Street,COQUITLAM,49.2347916075454,-122.852547094728,4981,POINT (-122.852547094728 49.2347916075454)
7,2025,1746316800000,Theft from Auto,1185-1213 Pacific Street,COQUITLAM,49.283576932033206,-122.798533696623,4982,POINT (-122.798533696623 49.2835769320332)
8,2025,1746316800000,Theft from Auto,2975-3009 Glen Drive,COQUITLAM,49.28268512815986,-122.794440767269,4983,POINT (-122.794440767269 49.2826851281599)
9,2025,1746316800000,Theft from Auto,2950-2978 Glen Drive,COQUITLAM,49.282727051226445,-122.797400829648,4984,POINT (-122.797400829648 49.2827270512264)
10,2025,1746316800000,Theft from Auto,2950-2978 Glen Drive,COQUITLAM,49.282727051226445,-122.797400829648,4985,POINT (-122.797400829648 49.2827270512264)
11,2025,1746403200000,Break & Enter - Business,2975-3009 Glen Drive,COQUITLAM,49.28268512815986,-122.794440767269,4986,POINT (-122.794440767269 49.2826851281599)
12,2025,1746403200000,Break & Enter - Residence,2900-2915 Norman Avenue,COQUITLAM,49.27092718235906,-122.800265439468,4987,POINT (-122.800265439468 49.2709271823591)
13,2025,1746403200000,Break & Enter - Business,1181-1190 Pinetree Way,COQUITLAM,49.282197540603356,-122.793234179334,4988,POINT (-122.793234179334 49.2821975406034)
14,2025,1746316800000,Theft from Auto,1201-1210 Pacific Street,COQUITLAM,49.28466817322342,-122.798132676813,4989,POINT (-122.798132676813 49.2846681732234)
15,2025,1746489600000,Break & Enter - Business,586-600 Nicola Avenue,COQUITLAM,49.26896308685815,-122.889432896939,4990,POINT (-122.889432896939 49.2689630868581)
16,2025,1746489600000,Theft from Auto,2975-2979 Atlantic Avenue,COQUITLAM,49.28176464027233,-122.796585715072,4991,POINT (-122.796585715072 49.2817646402723)
17,2025,1746489600000,Break & Enter - Business,506-545 Whiting Way,COQUITLAM,49.249600806330754,-122.890444268406,4992,POINT (-122.890444268406 49.2496008063308)
18,2025,1746489600000,Break & Enter - Business,300-320 Alderson Ave,COQUITLAM,49.24230618030583,-122.891113367976,4993,POINT (-122.891113367976 49.2423061803058)
19,2025,1746576000000,Theft of Auto,22-51 Leeder Street,COQUITLAM,49.225969296812636,-122.829950592005,4994,POINT (-122.829950592005 49.2259692968126)
20,2025,1746576000000,Theft from Auto,605-621 Langside Avenue,COQUITLAM,49.26124727958043,-122.885537723716,4995,POINT (-122.885537723716 49.2612472795804)
21,2025,1746576000000,Break & Enter - Business,2975-3009 Glen Drive,COQUITLAM,49.28268512815986,-122.794440767269,4996,POINT (-122.794440767269 49.2826851281599)
22,2025,1746576000000,Break & Enter - Business,300-320 Alderson Ave,COQUITLAM,49.24230618030583,-122.891113367976,4997,POINT (-122.891113367976 49.2423061803058)
23,2025,1746576000000,Theft from Auto,3042-3099 Lincoln Avenue,COQUITLAM,49.27893582236091,-122.789572274079,4998,POINT (-122.789572274079 49.2789358223609)
24,2025,1746576000000,Break & Enter - Business,403-3965 North Road,COQUITLAM,49.247556475650306,-122.892692111683,4999,POINT (-122.892692111683 49.2475564756503)
25,2025,1746576000000,Break & Enter - Business,11-25 King Edward Street,COQUITLAM,49.2324493710326,-122.86161577216,5000,POINT (-122.86161577216 49.2324493710326)
26,2025,1746662400000,Theft from Auto,2229-2276 Leclair Drive,COQUITLAM,49.24016413257499,-122.831049189826,5001,POINT (-122.831049189826 49.240164132575)
27,2025,1746662400000,Theft from Auto,3001-3061 Gordon Avenue,COQUITLAM,49.27109836301419,-122.792777976394,5002,POINT (-122.792777976394 49.2710983630142)
28,2025,1746662400000,Theft from Auto,1155-1182 Westwood Street,COQUITLAM,49.282081841011454,-122.790444389636,5003,POINT (-122.790444389636 49.2820818410114)
29,2025,1746662400000,Theft from Auto,1155-1182 Westwood Street,COQUITLAM,49.282081841011454,-122.790444389636,5004,POINT (-122.790444389636 49.2820818410114)
30,2025,1746662400000,Theft from Auto,2975-3009 Glen Drive,COQUITLAM,49.28268512815986,-122.794440767269,5005,POINT (-122.794440767269 49.2826851281599)
31,2025,1746748800000,Theft from Auto,2950-2978 Glen Drive,COQUITLAM,49.282727051226445,-122.797400829648,5006,POINT (-122.797400829648 49.2827270512264)
32,2025,1746748800000,Theft from Auto,3024-3048 Anson Avenue,COQUITLAM,49.27726793445469,-122.792191561907,5007,POINT (-122.792191561907 49.2772679344547)
33,2025,1746748800000,Break & Enter - Business,586-600 Nicola Avenue,COQUITLAM,49.26896308685815,-122.889432896939,5008,POINT (-122.889432896939 49.2689630868581)
34,2025,1746748800000,Theft from Auto,1105-1125 Cartier Avenue,COQUITLAM,49.241290239281845,-122.861109151203,5009,POINT (-122.861109151203 49.2412902392818)
35,2025,1746748800000,Break & Enter - Residence,300-320 Alderson Ave,COQUITLAM,49.24230618030583,-122.891113367976,5010,POINT (-122.891113367976 49.2423061803058)
36,2025,1746748800000,Theft from Auto,1160-1180 Pinetree Way,COQUITLAM,49.28115265330859,-122.793272056048,5011,POINT (-122.793272056048 49.2811526533086)
37,2025,1746835200000,Theft from Auto,2957-2995 Whisper Way,COQUITLAM,49.29617051517041,-122.789857898993,5012,POINT (-122.789857898993 49.2961705151704)
38,2025,1746835200000,Break & Enter - Business,1150-1154 The High Street,COQUITLAM,49.281267846630854,-122.796097800504,5013,POINT (-122.796097800504 49.2812678466308)
39,2025,1746921600000,Break & Enter - Residence,830-840 Irvine Street,COQUITLAM,49.264278982398416,-122.794856594132,5014,POINT (-122.794856594132 49.2642789823984)
40,2025,1746921600000,Theft from Auto,1580-1693 Plateau Crescent,COQUITLAM,49.304206585026265,-122.794070204858,5015,POINT (-122.794070204858 49.3042065850263)
41,2025,1746921600000,Theft from Auto,2981-2999 Christmas Way,COQUITLAM,49.273372811435905,-122.795281451484,5016,POINT (-122.795281451484 49.2733728114359)
42,2025,1746921600000,Theft from Auto,403-3965 North Road,COQUITLAM,49.247556475650306,-122.892692111683,5017,POINT (-122.892692111683 49.2475564756503)
43,2025,1747008000000,Break & Enter - Residence,1245-1277 Johnson Street,COQUITLAM,49.28870893397138,-122.80151610714,5018,POINT (-122.80151610714 49.2887089339714)
44,2025,1747008000000,Theft of Auto,2800-2885 Barnet Highway,COQUITLAM,49.27737464742186,-122.802425367246,5019,POINT (-122.802425367246 49.2773746474219)
45,2025,1747008000000,Break & Enter - Business,88-98 Brigantine Drive,COQUITLAM,49.22792656037796,-122.84881847554,5020,POINT (-122.84881847554 49.227926560378)
46,2025,1747094400000,Theft from Auto,2800-2885 Barnet Highway,COQUITLAM,49.27737464742186,-122.802425367246,5021,POINT (-122.802425367246 49.2773746474219)
47,2025,1747180800000,Theft of Auto,321-4563 North Road,COQUITLAM,49.244728593925615,-122.892614672845,5022,POINT (-122.892614672845 49.2447285939256)
48,2025,1747180800000,Break & Enter - Residence,1834-1899 Lemax Avenue,COQUITLAM,49.25253422823236,-122.841711785815,5023,POINT (-122.841711785815 49.2525342282324)
49,2025,1747180800000,Break & Enter - Business,1216-1235 Johnson Street,COQUITLAM,49.28636650265186,-122.801623605347,5024,POINT (-122.801623605347 49.2863665026519)
50,2025,1747267200000,Break & Enter - Business,1155-1182 Westwood Street,COQUITLAM,49.282081841011454,-122.790444389636,5025,POINT (-122.790444389636 49.2820818410114)
51,2025,1747353600000,Theft from Auto,1150-1175 Johnson Street,COQUITLAM,49.28142443937269,-122.801715590457,5026,POINT (-122.801715590457 49.2814244393727)
52,2025,1747353600000,Theft from Auto,1136-1149 Woodbine Place,COQUITLAM,49.28021655793669,-122.807291948524,5027,POINT (-122.807291948524 49.2802165579367)
53,2025,1747353600000,Theft from Auto,1180-1198 Lansdowne Drive,COQUITLAM,49.28356536296548,-122.809193876642,5028,POINT (-122.809193876642 49.2835653629655)
54,2025,1747267200000,Theft from Auto,2574-2675 Barnet Highway,COQUITLAM,49.277886704790845,-122.815752058863,5029,POINT (-122.815752058863 49.2778867047908)
55,2025,1747353600000,Break & Enter - Business,307-4563 North Road,COQUITLAM,49.24278845398083,-122.892619809272,5030,POINT (-122.892619809272 49.2427884539808)
56,2025,1747440000000,Theft from Auto,3061-3081 Glen Drive,COQUITLAM,49.28266674156612,-122.789213548265,5031,POINT (-122.789213548265 49.2826667415661)
57,2025,1747440000000,Theft from Auto,1100-1153 Johnson Street,COQUITLAM,49.278507926132804,-122.801734946279,5032,POINT (-122.801734946279 49.2785079261328)
58,2025,1747440000000,Theft from Auto,2900-2915 Norman Avenue,COQUITLAM,49.27092718235906,-122.800265439468,5033,POINT (-122.800265439468 49.2709271823591)
59,2025,1747526400000,Break & Enter - Business,1211-1299 Pinetree Way,COQUITLAM,49.28913924069358,-122.790207620995,5034,POINT (-122.790207620995 49.2891392406936)
60,2025,1747526400000,Theft from Auto,2975-2979 Atlantic Avenue,COQUITLAM,49.28176464027233,-122.796585715072,5035,POINT (-122.796585715072 49.2817646402723)
61,2025,1747612800000,Theft from Auto,3061-3081 Glen Drive,COQUITLAM,49.28266674156612,-122.789213548265,5036,POINT (-122.789213548265 49.2826667415661)
62,2025,1747612800000,Theft from Auto,590-599 Marshall Street,COQUITLAM,49.25938302072826,-122.886291960687,5037,POINT (-122.886291960687 49.2593830207283)
63,2025,1747612800000,Theft of Auto,500-513 Cochrane Avenue,COQUITLAM,49.252008996343896,-122.892388316235,5038,POINT (-122.892388316235 49.2520089963439)
64,2025,1747699200000,Theft from Auto,1750-1900 Brigantine Drive,COQUITLAM,49.224715693315716,-122.843090678074,5039,POINT (-122.843090678074 49.2247156933157)
65,2025,1747699200000,Break & Enter - Business,0-68 Schooner Street,COQUITLAM,49.22535333511088,-122.840384747391,5040,POINT (-122.840384747391 49.2253533351109)
66,2025,1747785600000,Break & Enter - Business,709-726 Ducklow Street,COQUITLAM,49.26085925077031,-122.881998432409,5041,POINT (-122.881998432409 49.2608592507703)
67,2025,1747785600000,Theft from Auto,2900-2999 Silver Springs Boulevard,COQUITLAM,49.29560600480088,-122.790418629726,5042,POINT (-122.790418629726 49.2956060048009)
68,2025,1747785600000,Break & Enter - Business,2900-2915 Norman Avenue,COQUITLAM,49.27092718235906,-122.800265439468,5043,POINT (-122.800265439468 49.2709271823591)
69,2025,1747785600000,Break & Enter - Business,2900-2999 Silver Springs Boulevard,COQUITLAM,49.29560600480088,-122.790418629726,5044,POINT (-122.790418629726 49.2956060048009)
70,2025,1747785600000,Break & Enter - Business,0-0 Holly Drive,COQUITLAM,49.250939607349444,-122.802845080412,5045,POINT (-122.802845080412 49.2509396073494)
71,2025,1747872000000,Theft from Auto,533-3963 North Road,COQUITLAM,49.25151927999942,-122.892851249238,5046,POINT (-122.892851249238 49.2515192799994)
72,2025,1747872000000,Break & Enter - Business,1123-1135 Westwood Street,COQUITLAM,49.27943683336539,-122.790481765931,5047,POINT (-122.790481765931 49.2794368333654)
73,2025,1747785600000,Theft from Auto,2900-2999 Silver Springs Boulevard,COQUITLAM,49.29560600480088,-122.790418629726,5048,POINT (-122.790418629726 49.2956060048009)
74,2025,1747958400000,Theft from Auto,1181-1190 Pinetree Way,COQUITLAM,49.282197540603356,-122.793234179334,5049,POINT (-122.793234179334 49.2821975406034)
75,2025,1747958400000,Theft of Auto,741-798 Adiron Avenue,COQUITLAM,49.26750959266872,-122.877065739711,5050,POINT (-122.877065739711 49.2675095926687)
76,2025,1748044800000,Theft from Auto,1750-1900 Brigantine Drive,COQUITLAM,49.224715693315716,-122.843090678074,5051,POINT (-122.843090678074 49.2247156933157)
77,2025,1748044800000,Theft from Auto,3090-3099 Dayanee Springs Boulevard,COQUITLAM,49.29396056078131,-122.785525413573,5052,POINT (-122.785525413573 49.2939605607813)
78,2025,1748131200000,Theft from Auto,707-734 Dogwood Street,COQUITLAM,49.26106643194872,-122.883404460651,5053,POINT (-122.883404460651 49.2610664319487)
79,2025,1748131200000,Theft from Auto,602-644 Como Lake Avenue,COQUITLAM,49.26336467344825,-122.884973318444,5054,POINT (-122.884973318444 49.2633646734482)
80,2025,1748131200000,Theft from Auto,1210-1238 Durant Drive,COQUITLAM,49.287087277784856,-122.807780317159,5055,POINT (-122.807780317159 49.2870872777849)
81,2025,1748131200000,Theft from Auto,1185-1208 Durant Drive,COQUITLAM,49.28748989854321,-122.804482876706,5056,POINT (-122.804482876706 49.2874898985432)
82,2025,1748131200000,Break & Enter - Business,500-551 Emerson Street,COQUITLAM,49.260972892493484,-122.888201126756,5057,POINT (-122.888201126756 49.2609728924935)
83,2025,1748131200000,Break & Enter - Business,2700-2745 Barnet Highway,COQUITLAM,49.27786162599427,-122.810408025974,5058,POINT (-122.810408025974 49.2778616259943)
84,2025,1748217600000,Break & Enter - Business,17-48 Fawcett Road,COQUITLAM,49.22449959779807,-122.834167617274,5059,POINT (-122.834167617274 49.2244995977981)
85,2025,1748217600000,Break & Enter - Business,1145-1178 Heffley Crescent,COQUITLAM,49.28085602613965,-122.791502959708,5060,POINT (-122.791502959708 49.2808560261397)
86,2025,1748217600000,Theft from Auto,2975-2979 Atlantic Avenue,COQUITLAM,49.28176464027233,-122.796585715072,5061,POINT (-122.796585715072 49.2817646402723)
87,2025,1748217600000,Theft from Auto,1930-2000 Brigantine Drive,COQUITLAM,49.22434804063843,-122.839406635795,5062,POINT (-122.839406635795 49.2243480406384)
88,2025,1748217600000,Break & Enter - Business,1150-1154 The High Street,COQUITLAM,49.281267846630854,-122.796097800504,5063,POINT (-122.796097800504 49.2812678466308)
89,2025,1748304000000,Theft from Auto,1154-1170 The High Street,COQUITLAM,49.282294132371014,-122.796094167697,5064,POINT (-122.796094167697 49.282294132371)
90,2025,1748304000000,Theft from Auto,3042-3099 Lincoln Avenue,COQUITLAM,49.27893582236091,-122.789572274079,5065,POINT (-122.789572274079 49.2789358223609)
91,2025,1748304000000,Break & Enter - Business,3090-3100 Windsor Gate,COQUITLAM,49.27985802397148,-122.78644636922,5066,POINT (-122.78644636922 49.2798580239715)
92,2025,1748217600000,Break & Enter - Business,515-521 Cottonwood Avenue,COQUITLAM,49.25886995519766,-122.891250789662,5067,POINT (-122.891250789662 49.2588699551977)
93,2025,1748217600000,Break & Enter - Business,565-589 Clarke Road,COQUITLAM,49.262627891891796,-122.88873525692,5068,POINT (-122.88873525692 49.2626278918918)
94,2025,1748304000000,Theft from Auto,1307-1390 Willow Way,COQUITLAM,49.26754043972015,-122.855058294522,5069,POINT (-122.855058294522 49.2675404397202)
95,2025,1748304000000,Theft from Auto,3090-3100 Windsor Gate,COQUITLAM,49.27985802397148,-122.78644636922,5070,POINT (-122.78644636922 49.2798580239715)
96,2025,1748304000000,Theft from Auto,181-200 Golden Drive,COQUITLAM,49.23332926527037,-122.818301306715,5071,POINT (-122.818301306715 49.2333292652704)
97,2025,1748304000000,Theft from Auto,2574-2675 Barnet Highway,COQUITLAM,49.277886704790845,-122.815752058863,5072,POINT (-122.815752058863 49.2778867047908)
98,2025,1748304000000,Theft from Auto,550-578 Emerson Street,COQUITLAM,49.26176205517099,-122.887075990407,5073,POINT (-122.887075990407 49.261762055171)
99,2025,1748390400000,Theft from Auto,0-68 Schooner Street,COQUITLAM,49.22535333511088,-122.840384747391,5074,POINT (-122.840384747391 49.2253533351109)
100,2025,1748390400000,Theft from Auto,601-3055 North Road,COQUITLAM,49.25430091993581,-122.892918592472,5075,POINT (-122.892918592472 49.2543009199358)
101,2025,1748304000000,Theft from Auto,655-2973 North Road,COQUITLAM,49.25790253609425,-122.89301330895,5076,POINT (-122.89301330895 49.2579025360942)
102,2025,1748390400000,Theft from Auto,1901-1905 Keith Drive,COQUITLAM,49.28964182635816,-122.767497171161,5077,POINT (-122.767497171161 49.2896418263581)
103,2025,1748390400000,Break & Enter - Business,1200-1235 Lansdowne Drive,COQUITLAM,49.28512512612762,-122.810598804918,5078,POINT (-122.810598804918 49.2851251261276)
104,2025,1748390400000,Theft of Auto,3390-3394 Princeton Avenue,COQUITLAM,49.29848282489711,-122.75557148981,5079,POINT (-122.75557148981 49.2984828248971)
105,2025,1748476800000,Theft from Auto,2335-2485 Haversley Avenue,COQUITLAM,49.249997908703435,-122.826404773617,5080,POINT (-122.826404773617 49.2499979087034)
106,2025,1748476800000,Theft from Auto,98-123 Laval Street,COQUITLAM,49.23932009043896,-122.857350615125,5081,POINT (-122.857350615125 49.239320090439)
107,2025,1748476800000,Theft from Auto,1100-1153 Johnson Street,COQUITLAM,49.278507926132804,-122.801734946279,5082,POINT (-122.801734946279 49.2785079261328)
108,2025,1748476800000,Theft from Auto,1131-1138 Dufferin Street,COQUITLAM,49.27951084019896,-122.804026770688,5083,POINT (-122.804026770688 49.279510840199)
109,2025,1748563200000,Theft from Auto,1165-1177 Lansdowne Drive,COQUITLAM,49.28204472432653,-122.808396399637,5084,POINT (-122.808396399637 49.2820447243265)
110,2025,1748563200000,Theft of Auto,624-644 Shaw Avenue,COQUITLAM,49.24403017158297,-122.88425921214,5085,POINT (-122.88425921214 49.244030171583)
111,2025,1748563200000,Theft of Auto,1175-1196 Colin Place,COQUITLAM,49.286479763588645,-122.769382680348,5086,POINT (-122.769382680348 49.2864797635886)
112,2025,1748563200000,Break & Enter - Business,1189-1300 Rochester Avenue,COQUITLAM,49.245021012741724,-122.855809065426,5087,POINT (-122.855809065426 49.2450210127417)
113,2025,1748563200000,Break & Enter - Business,2900-2999 Silver Springs Boulevard,COQUITLAM,49.29560600480088,-122.790418629726,5088,POINT (-122.790418629726 49.2956060048009)
114,2025,1748563200000,Theft from Auto,2574-2675 Barnet Highway,COQUITLAM,49.277886704790845,-122.815752058863,5089,POINT (-122.815752058863 49.2778867047908)
115,2025,1748649600000,Break & Enter - Business,650-751 Edgar Avenue,COQUITLAM,49.242589117437895,-122.881526725426,5090,POINT (-122.881526725426 49.2425891174379)
116,2025,1748649600000,Break & Enter - Business,530-568 Rochester Avenue,COQUITLAM,49.245477099007516,-122.888527570366,5091,POINT (-122.888527570366 49.2454770990075)
117,2025,1748649600000,Theft from Auto,1181-1190 Pinetree Way,COQUITLAM,49.282197540603356,-122.793234179334,5092,POINT (-122.793234179334 49.2821975406034)
118,2025,1748563200000,Theft from Auto,2817-2850 Rambler Way,COQUITLAM,49.285718345543486,-122.80920071755,5093,POINT (-122.80920071755 49.2857183455435)
119,2025,1748563200000,Theft from Auto,0-3000 Lougheed Highway,COQUITLAM,49.27521400980186,-122.794554250175,5094,POINT (-122.794554250175 49.2752140098019)
120,2025,1748736000000,Theft from Auto,2950-2978 Glen Drive,COQUITLAM,49.282727051226445,-122.797400829648,5095,POINT (-122.797400829648 49.2827270512264)
121,2025,1748736000000,Theft from Auto,2750-2881 Barnet Highway,COQUITLAM,49.27768630159883,-122.805257914762,5096,POINT (-122.805257914762 49.2776863015988)
122,2025,1748822400000,Break & Enter - Business,1022-1071 Austin Avenue,COQUITLAM,49.24900280664171,-122.863940671901,5097,POINT (-122.863940671901 49.2490028066417)
123,2025,1748822400000,Break & Enter - Business,900-925 Lougheed Highway,COQUITLAM,49.236764146683186,-122.872456854416,5098,POINT (-122.872456854416 49.2367641466832)
124,2025,1748822400000,Break & Enter - Residence,1250-1257 Hudson Street,COQUITLAM,49.287923597546886,-122.802708212169,5099,POINT (-122.802708212169 49.2879235975469)
125,2025,1748822400000,Theft from Auto,1316-1321 Hollybrook Street,COQUITLAM,49.29269243490493,-122.757630766859,5100,POINT (-122.757630766859 49.2926924349049)
126,2025,1748822400000,Theft from Auto,1131-1138 Dufferin Street,COQUITLAM,49.27951084019896,-122.804026770688,5101,POINT (-122.804026770688 49.279510840199)
127,2025,1748822400000,Theft from Auto,1-14 King Edward Street,COQUITLAM,49.22968507208545,-122.861586893866,5102,POINT (-122.861586893866 49.2296850720855)
128,2025,1748822400000,Break & Enter - Business,3090-3099 Dayanee Springs Boulevard,COQUITLAM,49.29396056078131,-122.785525413573,5103,POINT (-122.785525413573 49.2939605607813)
129,2025,1748822400000,Theft from Auto,2975-3060 Lazy A Street,COQUITLAM,49.26423756068748,-122.805978964967,5104,POINT (-122.805978964967 49.2642375606875)
130,2025,1748822400000,Break & Enter - Residence,3052-3061 Plateau Boulevard,COQUITLAM,49.30435241047373,-122.791873905647,5105,POINT (-122.791873905647 49.3043524104737)
131,2025,1748822400000,Theft from Auto,3373-3399 Gislason Avenue,COQUITLAM,49.289290415965944,-122.75451348903,5106,POINT (-122.75451348903 49.2892904159659)
132,2025,1748822400000,Theft from Auto,0-3000 Lougheed Highway,COQUITLAM,49.27521400980186,-122.794554250175,5107,POINT (-122.794554250175 49.2752140098019)
133,2025,1748908800000,Break & Enter - Business,924-946 Brunette Avenue,COQUITLAM,49.23704163705424,-122.870600939215,5108,POINT (-122.870600939215 49.2370416370542)
134,2025,1748908800000,Break & Enter - Business,2644-2647 Austin Avenue,COQUITLAM,49.24908663070294,-122.817336928799,5109,POINT (-122.817336928799 49.2490866307029)
135,2025,1748908800000,Theft from Auto,2975-2995 Princess Crescent,COQUITLAM,49.286069760861224,-122.796453003667,5110,POINT (-122.796453003667 49.2860697608612)
136,2025,1748908800000,Break & Enter - Business,2644-2647 Austin Avenue,COQUITLAM,49.24908663070294,-122.817336928799,5111,POINT (-122.817336928799 49.2490866307029)
137,2025,1748908800000,Break & Enter - Business,715-739 Farrow Street,COQUITLAM,49.2615924067573,-122.891958705782,5112,POINT (-122.891958705782 49.2615924067573)
138,2025,1748995200000,Break & Enter - Residence,544-616 Austin Avenue,COQUITLAM,49.24907771096965,-122.887539692747,5113,POINT (-122.887539692747 49.2490777109696)
139,2025,1748995200000,Break & Enter - Business,1216-1235 Johnson Street,COQUITLAM,49.28636650265186,-122.801623605347,5114,POINT (-122.801623605347 49.2863665026519)
140,2025,1748995200000,Theft from Auto,1220-1248 Lasalle Place,COQUITLAM,49.28676782284004,-122.799245659337,5115,POINT (-122.799245659337 49.28676782284)
141,2025,1748995200000,Theft from Auto,1131-1138 Dufferin Street,COQUITLAM,49.27951084019896,-122.804026770688,5116,POINT (-122.804026770688 49.279510840199)
142,2025,1748995200000,Theft from Auto,1100-1153 Johnson Street,COQUITLAM,49.278507926132804,-122.801734946279,5117,POINT (-122.801734946279 49.2785079261328)
143,2025,1748995200000,Break & Enter - Residence,544-545 Sydney Avenue,COQUITLAM,49.248193185958655,-122.889004237344,5118,POINT (-122.889004237344 49.2481931859586)
144,2025,1749081600000,Theft from Auto,301-324 Burns Street,COQUITLAM,49.2414335747224,-122.876149367469,5119,POINT (-122.876149367469 49.2414335747224)
145,2025,1749081600000,Theft from Auto,2960-2979 Christmas Way,COQUITLAM,49.274692376894556,-122.795906531437,5120,POINT (-122.795906531437 49.2746923768946)
146,2025,1749168000000,Break & Enter - Business,650-751 Edgar Avenue,COQUITLAM,49.242589117437895,-122.881526725426,5121,POINT (-122.881526725426 49.2425891174379)
147,2025,1749168000000,Theft from Auto,0-0 Highway Ramp,COQUITLAM,49.238133339850954,-122.820838050148,5122,POINT (-122.820838050148 49.238133339851)
148,2025,1749168000000,Theft from Auto,2986-3019 Guildford Way,COQUITLAM,49.28492167439967,-122.793394249961,5123,POINT (-122.793394249961 49.2849216743997)
149,2025,1749168000000,Theft from Auto,2600-2627 Charter Hill Place,COQUITLAM,49.288947713721086,-122.81240669858,5124,POINT (-122.81240669858 49.2889477137211)
150,2025,1749168000000,Theft from Auto,1201-1210 Pacific Street,COQUITLAM,49.28466817322342,-122.798132676813,5125,POINT (-122.798132676813 49.2846681732234)
151,2025,1749081600000,Theft from Auto,3750-3799 Quarry Road,COQUITLAM,49.29959111274739,-122.70956259996,5126,POINT (-122.70956259996 49.2995911127474)
152,2025,1749254400000,Theft from Auto,3530-3543 Trestle Court,COQUITLAM,49.29926518256415,-122.738526851054,5127,POINT (-122.738526851054 49.2992651825641)
153,2025,1749254400000,Theft from Auto,3000-3003 Christmas Way,COQUITLAM,49.271964309731054,-122.792112031754,5128,POINT (-122.792112031754 49.2719643097311)
154,2025,1749254400000,Theft from Auto,2800-2885 Barnet Highway,COQUITLAM,49.27737464742186,-122.802425367246,5129,POINT (-122.802425367246 49.2773746474219)
155,2025,1749340800000,Theft from Auto,403-3965 North Road,COQUITLAM,49.247556475650306,-122.892692111683,5130,POINT (-122.892692111683 49.2475564756503)
156,2025,1749340800000,Theft from Auto,3014-3020 Dewdney Trunk Road,COQUITLAM,49.26807178184139,-122.7931014334,5131,POINT (-122.7931014334 49.2680717818414)
157,2025,1748044800000,Theft from Auto,290-299 Schoolhouse Street,COQUITLAM,49.24013726368529,-122.852480916462,5132,POINT (-122.852480916462 49.2401372636853)
158,2025,1749168000000,Theft from Auto,975-1020 King Albert Avenue,COQUITLAM,49.25148680743107,-122.867386192524,5133,POINT (-122.867386192524 49.2514868074311)
159,2025,1749427200000,Theft from Auto,1181-1190 Pinetree Way,COQUITLAM,49.282197540603356,-122.793234179334,5134,POINT (-122.793234179334 49.2821975406034)
160,2025,1749427200000,Break & Enter - Business,0-0 Holly Drive,COQUITLAM,49.250939607349444,-122.802845080412,5135,POINT (-122.802845080412 49.2509396073494)
161,2025,1749427200000,Break & Enter - Residence,3260-3337 Plateau Boulevard,COQUITLAM,49.315552054843714,-122.789556350533,5136,POINT (-122.789556350533 49.3155520548437)
162,2025,1749513600000,Theft from Auto,600-610 Chilko Drive,COQUITLAM,49.25577391831763,-122.814761597348,5137,POINT (-122.814761597348 49.2557739183176)
163,2025,1749513600000,Theft from Auto,1273-1294 Steeple Drive,COQUITLAM,49.28806237158853,-122.816825089028,5138,POINT (-122.816825089028 49.2880623715885)
164,2025,1749513600000,Theft from Auto,2700-2745 Barnet Highway,COQUITLAM,49.27786162599427,-122.810408025974,5139,POINT (-122.810408025974 49.2778616259943)
165,2025,1749513600000,Theft from Auto,2905-2930 Glen Drive,COQUITLAM,49.28273402171092,-122.800226591827,5140,POINT (-122.800226591827 49.2827340217109)
166,2025,1749600000000,Theft from Auto,688-701 Porter Street,COQUITLAM,49.25939293436601,-122.863315762268,5141,POINT (-122.863315762268 49.259392934366)
167,2025,1749513600000,Theft from Auto,3024-3048 Anson Avenue,COQUITLAM,49.27726793445469,-122.792191561907,5142,POINT (-122.792191561907 49.2772679344547)
168,2025,1749600000000,Theft of Auto,644-659 Porter Street,COQUITLAM,49.25658680401403,-122.863369068733,5143,POINT (-122.863369068733 49.256586804014)
169,2025,1749600000000,Break & Enter - Residence,735-760 Robinson Street,COQUITLAM,49.26289450352891,-122.880011963119,5144,POINT (-122.880011963119 49.2628945035289)
170,2025,1749513600000,Theft from Auto,65-77 Clipper Street,COQUITLAM,49.22843878316128,-122.852821116341,5145,POINT (-122.852821116341 49.2284387831613)
171,2025,1749600000000,Break & Enter - Business,2905-2930 Glen Drive,COQUITLAM,49.28273402171092,-122.800226591827,5146,POINT (-122.800226591827 49.2827340217109)
172,2025,1749600000000,Theft from Auto,500-536 Austin Avenue,COQUITLAM,49.249106506269406,-122.890789590076,5147,POINT (-122.890789590076 49.2491065062694)
173,2025,1749600000000,Theft from Auto,1200-1235 Lansdowne Drive,COQUITLAM,49.28512512612762,-122.810598804918,5148,POINT (-122.810598804918 49.2851251261276)
174,2025,1749686400000,Theft from Auto,17-48 Fawcett Road,COQUITLAM,49.22449959779807,-122.834167617274,5149,POINT (-122.834167617274 49.2244995977981)
175,2025,1749686400000,Break & Enter - Residence,3520-3529 Forst Avenue,COQUITLAM,49.28734631895365,-122.738641625245,5150,POINT (-122.738641625245 49.2873463189536)
176,2025,1749686400000,Break & Enter - Business,0-0 Holly Drive,COQUITLAM,49.250939607349444,-122.802845080412,5151,POINT (-122.802845080412 49.2509396073494)
177,2025,1749686400000,Break & Enter - Business,663-675 Whiting Way,COQUITLAM,49.259215755054086,-122.890723833208,5152,POINT (-122.890723833208 49.2592157550541)
178,2025,1749772800000,Theft from Auto,2900-2915 Norman Avenue,COQUITLAM,49.27092718235906,-122.800265439468,5153,POINT (-122.800265439468 49.2709271823591)
179,2025,1749859200000,Theft from Auto,1220-1230 Rocklin Street,COQUITLAM,49.286265420445936,-122.738088015315,5154,POINT (-122.738088015315 49.2862654204459)
180,2025,1749859200000,Theft from Auto,2960-2979 Burlington Drive,COQUITLAM,49.284289821514314,-122.796992560485,5155,POINT (-122.796992560485 49.2842898215143)
181,2025,1749859200000,Theft from Auto,1145-1178 Heffley Crescent,COQUITLAM,49.28085602613965,-122.791502959708,5156,POINT (-122.791502959708 49.2808560261397)
182,2025,1749859200000,Break & Enter - Residence,2412-2428 Mariana Place,COQUITLAM,49.237353357549345,-122.82354949025,5157,POINT (-122.82354949025 49.2373533575493)
183,2025,1749945600000,Break & Enter - Business,2975-2995 Princess Crescent,COQUITLAM,49.286069760861224,-122.796453003667,5158,POINT (-122.796453003667 49.2860697608612)
184,2025,1749945600000,Theft from Auto,3027-3099 Spuraway Avenue,COQUITLAM,49.26659406177685,-122.802880865679,5159,POINT (-122.802880865679 49.2665940617768)
185,2025,1750032000000,Theft from Auto,701-728 Blue Mountain Street,COQUITLAM,49.26079549524419,-122.868855411224,5160,POINT (-122.868855411224 49.2607954952442)
186,2025,1750032000000,Break & Enter - Residence,1834-1899 Lemax Avenue,COQUITLAM,49.25253422823236,-122.841711785815,5161,POINT (-122.841711785815 49.2525342282324)
187,2025,1750032000000,Break & Enter - Business,298-299 Guilby Street,COQUITLAM,49.24140227096068,-122.885257795718,5162,POINT (-122.885257795718 49.2414022709607)
188,2025,1750032000000,Theft from Auto,1181-1190 Pinetree Way,COQUITLAM,49.282197540603356,-122.793234179334,5163,POINT (-122.793234179334 49.2821975406034)
189,2025,1749945600000,Break & Enter - Business,550-578 Emerson Street,COQUITLAM,49.26176205517099,-122.887075990407,5164,POINT (-122.887075990407 49.261762055171)
190,2025,1750032000000,Break & Enter - Business,1181-1190 Pinetree Way,COQUITLAM,49.282197540603356,-122.793234179334,5165,POINT (-122.793234179334 49.2821975406034)
191,2025,1750032000000,Break & Enter - Business,827-1309 Laval Square,COQUITLAM,49.24099601218003,-122.85673130249,5166,POINT (-122.85673130249 49.24099601218)
192,2025,1750032000000,Theft from Auto,1150-1175 Johnson Street,COQUITLAM,49.28142443937269,-122.801715590457,5167,POINT (-122.801715590457 49.2814244393727)
193,2025,1750118400000,Break & Enter - Business,663-675 Whiting Way,COQUITLAM,49.259215755054086,-122.890723833208,5168,POINT (-122.890723833208 49.2592157550541)
194,2025,1750032000000,Theft from Auto,2750-2881 Barnet Highway,COQUITLAM,49.27768630159883,-122.805257914762,5169,POINT (-122.805257914762 49.2776863015988)
195,2025,1750118400000,Break & Enter - Business,1131-1138 Dufferin Street,COQUITLAM,49.27951084019896,-122.804026770688,5170,POINT (-122.804026770688 49.279510840199)
196,2025,1750118400000,Break & Enter - Business,3042-3099 Lincoln Avenue,COQUITLAM,49.27893582236091,-122.789572274079,5171,POINT (-122.789572274079 49.2789358223609)
197,2025,1750118400000,Break & Enter - Business,550-578 Emerson Street,COQUITLAM,49.26176205517099,-122.887075990407,5172,POINT (-122.887075990407 49.261762055171)
198,2025,1750118400000,Break & Enter - Residence,344-359 Marmont Street,COQUITLAM,49.24389234182057,-122.862252677812,5173,POINT (-122.862252677812 49.2438923418206)
199,2025,1750204800000,Theft from Auto,1035-1042 Palermo Street,COQUITLAM,49.272572043708415,-122.832600561064,5174,POINT (-122.832600561064 49.2725720437084)
200,2025,1750204800000,Break & Enter - Residence,2237-2240 Brookmount Avenue,COQUITLAM,49.273158750129504,-122.831872053006,5175,POINT (-122.831872053006 49.2731587501295)
201,2025,1750291200000,Theft from Auto,2920-2923 Atlantic Avenue,COQUITLAM,49.28177504306737,-122.799872770245,5176,POINT (-122.799872770245 49.2817750430674)
202,2025,1750291200000,Theft from Auto,3470-3501 Princeton Avenue,COQUITLAM,49.29790109450711,-122.745665162684,5177,POINT (-122.745665162684 49.2979010945071)
203,2025,1750377600000,Theft from Auto,960-1016 Howie Avenue,COQUITLAM,49.250609940273854,-122.867384404219,5178,POINT (-122.867384404219 49.2506099402739)
204,2025,1750377600000,Theft of Auto,2206-2258 Kaptey Avenue,COQUITLAM,49.23433239921145,-122.832819121078,5179,POINT (-122.832819121078 49.2343323992114)
205,2025,1750636800000,Theft from Auto,2956-2994 Pinnacle Street,COQUITLAM,49.26266644318616,-122.815248768583,5180,POINT (-122.815248768583 49.2626664431862)
206,2025,1750636800000,Break & Enter - Business,1241-1252 Town Centre Boulevard,COQUITLAM,49.28694458173239,-122.793567359537,5181,POINT (-122.793567359537 49.2869445817324)
207,2025,1750636800000,Theft from Auto,2206-2258 Kaptey Avenue,COQUITLAM,49.23433239921145,-122.832819121078,5182,POINT (-122.832819121078 49.2343323992114)
208,2025,1750636800000,Theft from Auto,1140-1155 Dufferin Street,COQUITLAM,49.280443932876345,-122.80401799941,5183,POINT (-122.80401799941 49.2804439328764)
209,2025,1750636800000,Theft from Auto,3000-3003 Christmas Way,COQUITLAM,49.271964309731054,-122.792112031754,5184,POINT (-122.792112031754 49.2719643097311)
210,2025,1750636800000,Theft from Auto,2700-2737 Daybreak Avenue,COQUITLAM,49.268282479836074,-122.812398386319,5185,POINT (-122.812398386319 49.2682824798361)
211,2025,1750723200000,Theft from Auto,2950-2978 Glen Drive,COQUITLAM,49.282727051226445,-122.797400829648,5186,POINT (-122.797400829648 49.2827270512264)
212,2025,1750723200000,Break & Enter - Business,1123-1135 Westwood Street,COQUITLAM,49.27943683336539,-122.790481765931,5187,POINT (-122.790481765931 49.2794368333654)
213,2025,1750723200000,Theft from Auto,2888-2920 Keets Drive,COQUITLAM,49.26199224118435,-122.80109916922,5188,POINT (-122.80109916922 49.2619922411843)
214,2025,1750636800000,Theft from Auto,1181-1215 Pipeline Road,COQUITLAM,49.2842297662383,-122.785442311719,5189,POINT (-122.785442311719 49.2842297662383)
215,2025,1750723200000,Theft from Auto,50-66 Clipper Street,COQUITLAM,49.22702514701791,-122.853151214629,5190,POINT (-122.853151214629 49.2270251470179)
216,2025,1750809600000,Theft from Auto,170-179 Golden Drive,COQUITLAM,49.23332274554102,-122.81981903001,5191,POINT (-122.81981903001 49.233322745541)
217,2025,1750809600000,Theft from Auto,2574-2675 Barnet Highway,COQUITLAM,49.277886704790845,-122.815752058863,5192,POINT (-122.815752058863 49.2778867047908)
218,2025,1750809600000,Theft from Auto,80-169 Golden Drive,COQUITLAM,49.23265631076051,-122.823430250462,5193,POINT (-122.823430250462 49.2326563107605)
219,2025,1750723200000,Theft from Auto,2750-2881 Barnet Highway,COQUITLAM,49.27768630159883,-122.805257914762,5194,POINT (-122.805257914762 49.2776863015988)
220,2025,1750809600000,Break & Enter - Residence,314-318 Marmont Street,COQUITLAM,49.24188187454984,-122.862273306515,5195,POINT (-122.862273306515 49.2418818745498)
221,2025,1750896000000,Theft from Auto,1460-1489 Southview Street,COQUITLAM,49.3037802857415,-122.754030355437,5196,POINT (-122.754030355437 49.3037802857415)
222,2025,1750982400000,Theft from Auto,3300-3320 Bayswater Avenue,COQUITLAM,49.294068265037225,-122.764386698715,5197,POINT (-122.764386698715 49.2940682650372)
223,2025,1750982400000,Theft from Auto,1302-1332 Oxford Street,COQUITLAM,49.29213745304596,-122.763149494605,5198,POINT (-122.763149494605 49.292137453046)
224,2025,1750982400000,Theft of Auto,3090-3099 Lincoln Avenue,COQUITLAM,49.278577792074124,-122.787175387607,5199,POINT (-122.787175387607 49.2785777920741)
225,2025,1750982400000,Break & Enter - Business,2208-2235 Hartley Avenue,COQUITLAM,49.22591898870229,-122.833359909902,5200,POINT (-122.833359909902 49.2259189887023)
226,2025,1751068800000,Theft from Auto,1450-1465 Avondale Street,COQUITLAM,49.300838506911376,-122.757527881032,5201,POINT (-122.757527881032 49.3008385069114)
227,2025,1750982400000,Theft from Auto,1951-2099 Cape Horn Avenue,COQUITLAM,49.231177354837655,-122.839208976728,5202,POINT (-122.839208976728 49.2311773548377)
228,2025,1751068800000,Break & Enter - Residence,1500-1545 Shore View Place,COQUITLAM,49.30516322854746,-122.751061255628,5203,POINT (-122.751061255628 49.3051632285475)
229,2025,1751068800000,Theft from Auto,1460-1489 Southview Street,COQUITLAM,49.3037802857415,-122.754030355437,5204,POINT (-122.754030355437 49.3037802857415)
230,2025,1751068800000,Theft from Auto,1690-1699 Deer's Leap Place,COQUITLAM,49.308376243520506,-122.783553834524,5205,POINT (-122.783553834524 49.3083762435205)
231,2025,1750809600000,Theft from Auto,50-99 Schooner Street,COQUITLAM,49.227108640023054,-122.83996935061,5206,POINT (-122.83996935061 49.2271086400231)
232,2025,1751068800000,Theft from Auto,1460-1489 Southview Street,COQUITLAM,49.3037802857415,-122.754030355437,5207,POINT (-122.754030355437 49.3037802857415)
233,2025,1751068800000,Theft from Auto,3400-3440 Pritchett Place,COQUITLAM,49.3059559029437,-122.75342343635,5208,POINT (-122.75342343635 49.3059559029437)
234,2025,1751155200000,Theft from Auto,2950-2978 Glen Drive,COQUITLAM,49.282727051226445,-122.797400829648,5209,POINT (-122.797400829648 49.2827270512264)
235,2025,1751241600000,Break & Enter - Business,80-169 Golden Drive,COQUITLAM,49.23265631076051,-122.823430250462,5210,POINT (-122.823430250462 49.2326563107605)
236,2025,1751241600000,Theft from Auto,1000-1025 Austin Avenue,COQUITLAM,49.249001855801076,-122.866666608771,5211,POINT (-122.866666608771 49.2490018558011)
237,2025,1751241600000,Theft from Auto,611-624 Porter Street,COQUITLAM,49.254384781744044,-122.863378904827,5212,POINT (-122.863378904827 49.254384781744)
238,2025,1751328000000,Theft from Auto,1700-1751 Paddock Drive,COQUITLAM,49.30819581520517,-122.787582430635,5213,POINT (-122.787582430635 49.3081958152052)
239,2025,1751155200000,Theft from Auto,657-660 Wilmot Street,COQUITLAM,49.256405253689955,-122.835684310581,5214,POINT (-122.835684310581 49.25640525369)
240,2025,1751328000000,Break & Enter - Business,1100-1153 Johnson Street,COQUITLAM,49.278507926132804,-122.801734946279,5215,POINT (-122.801734946279 49.2785079261328)
241,2025,1751328000000,Theft from Auto,2900-2999 Silver Springs Boulevard,COQUITLAM,49.29560600480088,-122.790418629726,5216,POINT (-122.790418629726 49.2956060048009)
242,2025,1751241600000,Theft of Auto,3500-3525 Hadley Wood,COQUITLAM,49.299833742911396,-122.742272878216,5217,POINT (-122.742272878216 49.2998337429114)
243,2025,1751414400000,Break & Enter - Business,511-521 Smith Avenue,COQUITLAM,49.26035743783559,-122.892030327704,5218,POINT (-122.892030327704 49.2603574378356)
244,2025,1751414400000,Break & Enter - Business,605-648 Claremont Street,COQUITLAM,49.26501561951495,-122.890731812126,5219,POINT (-122.890731812126 49.2650156195149)
245,2025,1751414400000,Break & Enter - Business,2208-2235 Hartley Avenue,COQUITLAM,49.22591898870229,-122.833359909902,5220,POINT (-122.833359909902 49.2259189887023)
246,2025,1751500800000,Theft of Auto,3155-3169 Gambier Avenue,COQUITLAM,49.28865033199218,-122.780448579827,5221,POINT (-122.780448579827 49.2886503319922)
247,2025,1751500800000,Theft from Auto,688-701 Porter Street,COQUITLAM,49.25939293436601,-122.863315762268,5222,POINT (-122.863315762268 49.259392934366)
248,2025,1751500800000,Theft from Auto,960-1004 Thermal Drive,COQUITLAM,49.269602786552895,-122.832382057617,5223,POINT (-122.832382057617 49.2696027865529)
249,2025,1751500800000,Theft from Auto,3390-3430 Derbyshire Avenue,COQUITLAM,49.299325711767096,-122.75342446961,5224,POINT (-122.75342446961 49.2993257117671)
250,2025,1751500800000,Theft from Auto,1413-1424 Duchess Street,COQUITLAM,49.299767266894996,-122.755222193158,5225,POINT (-122.755222193158 49.299767266895)
251,2025,1751500800000,Theft from Auto,625-629 MacIntosh Street,COQUITLAM,49.255200489494705,-122.865638223155,5226,POINT (-122.865638223155 49.2552004894947)
252,2025,1751500800000,Theft from Auto,2975-2979 Atlantic Avenue,COQUITLAM,49.28176464027233,-122.796585715072,5227,POINT (-122.796585715072 49.2817646402723)
253,2025,1751587200000,Theft from Auto,605-648 Claremont Street,COQUITLAM,49.26501561951495,-122.890731812126,5228,POINT (-122.890731812126 49.2650156195149)
254,2025,1751587200000,Theft from Auto,2750-2881 Barnet Highway,COQUITLAM,49.27768630159883,-122.805257914762,5229,POINT (-122.805257914762 49.2776863015988)
255,2025,1751673600000,Theft from Auto,1100-1153 Johnson Street,COQUITLAM,49.278507926132804,-122.801734946279,5230,POINT (-122.801734946279 49.2785079261328)
256,2025,1751673600000,Break & Enter - Business,1185-1213 Pacific Street,COQUITLAM,49.283576932033206,-122.798533696623,5231,POINT (-122.798533696623 49.2835769320332)
257,2025,1751673600000,Theft from Auto,125-166 San Juan Place,COQUITLAM,49.23465551351252,-122.827008131911,5232,POINT (-122.827008131911 49.2346555135125)
258,2025,1751673600000,Break & Enter - Residence,2975-2979 Atlantic Avenue,COQUITLAM,49.28176464027233,-122.796585715072,5233,POINT (-122.796585715072 49.2817646402723)
259,2025,1751673600000,Theft from Auto,1160-1180 Pinetree Way,COQUITLAM,49.28115265330859,-122.793272056048,5234,POINT (-122.793272056048 49.2811526533086)
260,2025,1751673600000,Theft from Auto,170-176 San Juan Place,COQUITLAM,49.235546657112074,-122.826745415724,5235,POINT (-122.826745415724 49.2355466571121)
261,2025,1751760000000,Theft from Auto,226-236 Nelson Street,COQUITLAM,49.24028714868493,-122.865085127269,5236,POINT (-122.865085127269 49.2402871486849)
262,2025,1751760000000,Theft from Auto,550-578 Emerson Street,COQUITLAM,49.26176205517099,-122.887075990407,5237,POINT (-122.887075990407 49.261762055171)
263,2025,1751846400000,Break & Enter - Residence,1050-1058 Langara Court,COQUITLAM,49.27324440427041,-122.805601580371,5238,POINT (-122.805601580371 49.2732444042704)
264,2025,1751846400000,Theft from Auto,770-798 Chilko Drive,COQUITLAM,49.26239642997361,-122.799439169804,5239,POINT (-122.799439169804 49.2623964299736)
265,2025,1751846400000,Theft of Auto,2534-2565 Barnet Highway,COQUITLAM,49.277832931952695,-122.82176048434,5240,POINT (-122.82176048434 49.2778329319527)
266,2025,1751587200000,Theft from Auto,1600-2006 Parkway Boulevard,COQUITLAM,49.307412955111964,-122.80400336919,5241,POINT (-122.80400336919 49.307412955112)
267,2025,1751846400000,Theft from Auto,600-630 Arrow Lane,COQUITLAM,49.241745513761586,-122.886024543897,5242,POINT (-122.886024543897 49.2417455137616)
268,2025,1751932800000,Theft from Auto,1100-1153 Johnson Street,COQUITLAM,49.278507926132804,-122.801734946279,5243,POINT (-122.801734946279 49.2785079261328)
269,2025,1751932800000,Theft from Auto,320-333 Nelson Street,COQUITLAM,49.24311878347777,-122.865114175773,5244,POINT (-122.865114175773 49.2431187834778)
270,2025,1751932800000,Theft from Auto,125-166 San Juan Place,COQUITLAM,49.23465551351252,-122.827008131911,5245,POINT (-122.827008131911 49.2346555135125)
271,2025,1751932800000,Break & Enter - Residence,752-799 Blue Mountain Street,COQUITLAM,49.2630719867659,-122.868804024689,5246,POINT (-122.868804024689 49.2630719867659)
272,2025,1752019200000,Theft from Auto,2000-2030 Turnberry Lane,COQUITLAM,49.31471350194676,-122.798397962686,5247,POINT (-122.798397962686 49.3147135019468)
273,2025,1752019200000,Theft from Auto,1220-1400 Seguin Drive,COQUITLAM,49.234293317193405,-122.85602817544,5248,POINT (-122.85602817544 49.2342933171934)
274,2025,1752019200000,Theft from Auto,0-3251 Chartwell Lane,COQUITLAM,49.31465917217851,-122.78586758385,5249,POINT (-122.78586758385 49.3146591721785)
275,2025,1752019200000,Theft from Auto,1-20 Burbidge Street,COQUITLAM,49.22416615543831,-122.823784898263,5250,POINT (-122.823784898263 49.2241661554383)
276,2025,1752019200000,Theft from Auto,1247-1335 Charter Hill Drive,COQUITLAM,49.28691798666843,-122.812822295575,5251,POINT (-122.812822295575 49.2869179866684)
277,2025,1752192000000,Theft from Auto,1031-1046 Brunette Avenue,COQUITLAM,49.238488940054275,-122.86359215455,5252,POINT (-122.86359215455 49.2384889400543)
278,2025,1752192000000,Theft from Auto,600-630 Arrow Lane,COQUITLAM,49.241745513761586,-122.886024543897,5253,POINT (-122.886024543897 49.2417455137616)
279,2025,1752278400000,Theft from Auto,1121-1180 Como Lake Avenue,COQUITLAM,49.26350376869021,-122.859759623174,5254,POINT (-122.859759623174 49.2635037686902)
280,2025,1752278400000,Theft from Auto,1500-1549 Winslow Avenue,COQUITLAM,49.25388133472585,-122.851485751649,5255,POINT (-122.851485751649 49.2538813347258)
281,2025,1752278400000,Theft from Auto,3400-3430 Hamber Court,COQUITLAM,49.30667474304493,-122.753011286844,5256,POINT (-122.753011286844 49.3066747430449)
282,2025,1752364800000,Break & Enter - Residence,1834-1899 Lemax Avenue,COQUITLAM,49.25253422823236,-122.841711785815,5257,POINT (-122.841711785815 49.2525342282324)
283,2025,1752364800000,Theft of Auto,623-707 Rochester Avenue,COQUITLAM,49.24543594604392,-122.883501481886,5258,POINT (-122.883501481886 49.2454359460439)
284,2025,1752364800000,Theft from Auto,2800-2880 Panorama Drive,COQUITLAM,49.297475992193704,-122.812895413988,5259,POINT (-122.812895413988 49.2974759921937)
285,2025,1752451200000,Theft from Auto,401-409 Byng Street,COQUITLAM,49.244744815371384,-122.8314731164,5260,POINT (-122.8314731164 49.2447448153714)
286,2025,1752537600000,Theft from Auto,3213-3243 Harwood Avenue,COQUITLAM,49.29124079712588,-122.775865987374,5261,POINT (-122.775865987374 49.2912407971259)
287,2025,1752537600000,Theft from Auto,3214-3253 Georgeson Avenue,COQUITLAM,49.28927626441185,-122.775239144221,5262,POINT (-122.775239144221 49.2892762644119)
288,2025,1752624000000,Theft from Auto,3481-3495 Chandler Street,COQUITLAM,49.2982743485836,-122.744376309618,5263,POINT (-122.744376309618 49.2982743485836)
289,2025,1752624000000,Theft from Auto,1175-1196 Colin Place,COQUITLAM,49.286479763588645,-122.769382680348,5264,POINT (-122.769382680348 49.2864797635886)
290,2025,1752710400000,Break & Enter - Residence,1460-1489 Southview Street,COQUITLAM,49.3037802857415,-122.754030355437,5265,POINT (-122.754030355437 49.3037802857415)
291,2025,1752710400000,Break & Enter - Business,2975-2979 Atlantic Avenue,COQUITLAM,49.28176464027233,-122.796585715072,5266,POINT (-122.796585715072 49.2817646402723)
292,2025,1752710400000,Theft from Auto,0-3000 Lougheed Highway,COQUITLAM,49.27521400980186,-122.794554250175,5267,POINT (-122.794554250175 49.2752140098019)
293,2025,1752537600000,Theft from Auto,406-411 Schoolhouse Street,COQUITLAM,49.24597253501999,-122.852460936896,5268,POINT (-122.852460936896 49.24597253502)
294,2025,1752883200000,Theft from Auto,1022-1071 Austin Avenue,COQUITLAM,49.24900280664171,-122.863940671901,5269,POINT (-122.863940671901 49.2490028066417)
295,2025,1752969600000,Theft from Auto,2750-2881 Barnet Highway,COQUITLAM,49.27768630159883,-122.805257914762,5270,POINT (-122.805257914762 49.2776863015988)
296,2025,1752969600000,Theft from Auto,3100-3200 Dayanee Springs Boulevard,COQUITLAM,49.29404341839244,-122.782323667339,5271,POINT (-122.782323667339 49.2940434183924)
297,2025,1752969600000,Break & Enter - Business,530-568 Rochester Avenue,COQUITLAM,49.245477099007516,-122.888527570366,5272,POINT (-122.888527570366 49.2454770990075)
298,2025,1753056000000,Theft from Auto,530-568 Rochester Avenue,COQUITLAM,49.245477099007516,-122.888527570366,5273,POINT (-122.888527570366 49.2454770990075)
299,2025,1753142400000,Break & Enter - Residence,3300-3341 Abbey Lane,COQUITLAM,49.29550675987823,-122.762783727606,5274,POINT (-122.762783727606 49.2955067598782)
300,2025,1753142400000,Theft from Auto,1302-1332 Oxford Street,COQUITLAM,49.29213745304596,-122.763149494605,5275,POINT (-122.763149494605 49.292137453046)
301,2025,1753228800000,Theft from Auto,3080-3099 Moss Court,COQUITLAM,49.309132847560214,-122.788142806497,5276,POINT (-122.788142806497 49.3091328475602)
302,2025,1753228800000,Theft from Auto,821-851 Baker Drive,COQUITLAM,49.26639229182088,-122.825518645168,5277,POINT (-122.825518645168 49.2663922918209)
303,2025,1753228800000,Theft from Auto,2817-2850 Rambler Way,COQUITLAM,49.285718345543486,-122.80920071755,5278,POINT (-122.80920071755 49.2857183455435)
304,2025,1753315200000,Break & Enter - Business,3544-3579 Victoria Drive,COQUITLAM,49.28696313937994,-122.735499875438,5279,POINT (-122.735499875438 49.2869631393799)
305,2025,1753315200000,Theft of Auto,1300-1322 Marguerite Street,COQUITLAM,49.29390846060542,-122.758747658959,5280,POINT (-122.758747658959 49.2939084606054)
306,2025,1753315200000,Break & Enter - Business,417-450 Westview Street,COQUITLAM,49.24757863650742,-122.88967052096,5281,POINT (-122.88967052096 49.2475786365074)
307,2025,1753401600000,Theft from Auto,1180-1189 Eastwood Street,COQUITLAM,49.28286644908035,-122.787975709801,5282,POINT (-122.787975709801 49.2828664490804)
308,2025,1753401600000,Theft from Auto,290-299 Schoolhouse Street,COQUITLAM,49.24013726368529,-122.852480916462,5283,POINT (-122.852480916462 49.2401372636853)
309,2025,1753488000000,Theft from Auto,2302-2356 Rogerson Drive,COQUITLAM,49.26770055719953,-122.826962128745,5284,POINT (-122.826962128745 49.2677005571995)
310,2025,1753574400000,Theft from Auto,3531-3552 Hickstead Avenue,COQUITLAM,49.30139428609551,-122.736514613486,5285,POINT (-122.736514613486 49.3013942860955)
311,2025,1753574400000,Theft from Auto,3090-3099 Lincoln Avenue,COQUITLAM,49.278577792074124,-122.787175387607,5286,POINT (-122.787175387607 49.2785777920741)
312,2025,1753660800000,Break & Enter - Residence,1390-1399 Mitchell Street,COQUITLAM,49.29814094914599,-122.734667383065,5287,POINT (-122.734667383065 49.298140949146)
313,2025,1753660800000,Theft from Auto,200-213 Laval Street,COQUITLAM,49.24027444573355,-122.857355365383,5288,POINT (-122.857355365383 49.2402744457335)
314,2025,1753660800000,Break & Enter - Business,3017-3055 Glen Drive,COQUITLAM,49.2826722963937,-122.791784041246,5289,POINT (-122.791784041246 49.2826722963937)
315,2025,1753660800000,Theft from Auto,920-956 Lougheed Highway,COQUITLAM,49.23634271736214,-122.870387671018,5290,POINT (-122.870387671018 49.2363427173621)
316,2025,1753660800000,Theft from Auto,2975-2995 Princess Crescent,COQUITLAM,49.286069760861224,-122.796453003667,5291,POINT (-122.796453003667 49.2860697608612)
317,2025,1753660800000,Break & Enter - Residence,2870-2888 Keets Drive,COQUITLAM,49.260465474995115,-122.802173016975,5292,POINT (-122.802173016975 49.2604654749951)
318,2025,1753660800000,Break & Enter - Residence,2412-2428 Mariana Place,COQUITLAM,49.237353357549345,-122.82354949025,5293,POINT (-122.82354949025 49.2373533575493)
319,2025,1753660800000,Break & Enter - Business,1100-1133 Kensal Place,COQUITLAM,49.27914455500825,-122.784313276079,5294,POINT (-122.784313276079 49.2791445550083)
320,2025,1753833600000,Break & Enter - Residence,715-739 Farrow Street,COQUITLAM,49.2615924067573,-122.891958705782,5295,POINT (-122.891958705782 49.2615924067573)
321,2025,1753747200000,Theft from Auto,428-441 Balfour Drive,COQUITLAM,49.24686137501532,-122.82309726849,5296,POINT (-122.82309726849 49.2468613750153)
322,2025,1753920000000,Theft from Auto,804-906 Ingersoll Avenue,COQUITLAM,49.27085566968584,-122.875529403595,5297,POINT (-122.875529403595 49.2708556696858)
323,2025,1754006400000,Theft of Auto,300-320 Alderson Ave,COQUITLAM,49.24230618030583,-122.891113367976,5298,POINT (-122.891113367976 49.2423061803058)
324,2025,1754092800000,Theft from Auto,100-120 Schoolhouse Street,COQUITLAM,49.23292045841636,-122.852609094494,5299,POINT (-122.852609094494 49.2329204584164)
325,2025,1754265600000,Theft from Auto,2551-2588 Harrier Drive,COQUITLAM,49.28090473139741,-122.81709074612,5300,POINT (-122.81709074612 49.2809047313974)
326,2025,1754265600000,Theft from Auto,3000-3089 Dayanee Springs Boulevard,COQUITLAM,49.294394856459505,-122.787130383518,5301,POINT (-122.787130383518 49.2943948564595)
327,2025,1754352000000,Theft from Auto,1188-1206 Johnson Street,COQUITLAM,49.28406415708873,-122.801688056746,5302,POINT (-122.801688056746 49.2840641570887)
328,2025,1754352000000,Break & Enter - Business,1550-1600 Lucille Starr Drive,COQUITLAM,49.23619970036415,-122.850918388798,5303,POINT (-122.850918388798 49.2361997003642)
329,2025,1754352000000,Break & Enter - Business,735-760 Robinson Street,COQUITLAM,49.26289450352891,-122.880011963119,5304,POINT (-122.880011963119 49.2628945035289)
330,2025,1754438400000,Theft from Auto,1188-1206 Johnson Street,COQUITLAM,49.28406415708873,-122.801688056746,5305,POINT (-122.801688056746 49.2840641570887)
331,2025,1754438400000,Theft from Auto,1-20 Burbidge Street,COQUITLAM,49.22416615543831,-122.823784898263,5306,POINT (-122.823784898263 49.2241661554383)
332,2025,1754352000000,Break & Enter - Residence,1343-1351 Pipeline Road,COQUITLAM,49.293885685756706,-122.780627702331,5307,POINT (-122.780627702331 49.2938856857567)
333,2025,1754352000000,Break & Enter - Residence,3100-3200 Dayanee Springs Boulevard,COQUITLAM,49.29404341839244,-122.782323667339,5308,POINT (-122.782323667339 49.2940434183924)
334,2025,1754352000000,Break & Enter - Residence,2957-2995 Whisper Way,COQUITLAM,49.29617051517041,-122.789857898993,5309,POINT (-122.789857898993 49.2961705151704)
335,2025,1754524800000,Theft from Auto,2860-2879 Glen Drive,COQUITLAM,49.28274494893418,-122.802836437362,5310,POINT (-122.802836437362 49.2827449489342)
336,2025,1754524800000,Theft from Auto,908-958 Lillian Street,COQUITLAM,49.26710816794484,-122.860331283026,5311,POINT (-122.860331283026 49.2671081679448)
337,2025,1754524800000,Theft from Auto,2700-2737 Daybreak Avenue,COQUITLAM,49.268282479836074,-122.812398386319,5312,POINT (-122.812398386319 49.2682824798361)
338,2025,1754352000000,Theft from Auto,2920-2923 Atlantic Avenue,COQUITLAM,49.28177504306737,-122.799872770245,5313,POINT (-122.799872770245 49.2817750430674)
339,2025,1754611200000,Theft from Auto,1100-1153 Johnson Street,COQUITLAM,49.278507926132804,-122.801734946279,5314,POINT (-122.801734946279 49.2785079261328)
340,2025,1754611200000,Theft from Auto,2920-2929 Barnet Highway,COQUITLAM,49.27670585536663,-122.799250028577,5315,POINT (-122.799250028577 49.2767058553666)
341,2025,1754611200000,Theft from Auto,2746-2751 Cultus Avenue,COQUITLAM,49.25098065251901,-122.809067067894,5316,POINT (-122.809067067894 49.250980652519)
342,2025,1754611200000,Break & Enter - Residence,605-648 Claremont Street,COQUITLAM,49.26501561951495,-122.890731812126,5317,POINT (-122.890731812126 49.2650156195149)
343,2025,1754697600000,Theft from Auto,1100-1133 Kensal Place,COQUITLAM,49.27914455500825,-122.784313276079,5318,POINT (-122.784313276079 49.2791445550083)
344,2025,1754697600000,Theft from Auto,901-943 Harris Avenue,COQUITLAM,49.23887813644586,-122.870997730697,5319,POINT (-122.870997730697 49.2388781364459)
345,2025,1754697600000,Theft from Auto,3100-3150 Windsor Gate,COQUITLAM,49.27975816668016,-122.785014812934,5320,POINT (-122.785014812934 49.2797581666802)
346,2025,1754697600000,Theft of Auto,0-0 Highway #1 ,COQUITLAM,49.22943616927324,-122.841865279245,5321,POINT (-122.841865279245 49.2294361692732)
347,2025,1754611200000,Theft from Auto,2746-2751 Cultus Avenue,COQUITLAM,49.25098065251901,-122.809067067894,5322,POINT (-122.809067067894 49.250980652519)
348,2025,1754611200000,Theft from Auto,253-292 Mundy Street,COQUITLAM,49.238444064865895,-122.83418256184,5323,POINT (-122.83418256184 49.2384440648659)
349,2025,1754697600000,Break & Enter - Business,65-77 Clipper Street,COQUITLAM,49.22843878316128,-122.852821116341,5324,POINT (-122.852821116341 49.2284387831613)
350,2025,1754784000000,Break & Enter - Residence,510-540 Smith Avenue,COQUITLAM,49.26032408658539,-122.890177491146,5325,POINT (-122.890177491146 49.2603240865854)
351,2025,1754784000000,Theft from Auto,1028-1056 Buoy Drive,COQUITLAM,49.27376327520438,-122.818645627007,5326,POINT (-122.818645627007 49.2737632752044)
352,2025,1754784000000,Break & Enter - Residence,1028-1056 Buoy Drive,COQUITLAM,49.27376327520438,-122.818645627007,5327,POINT (-122.818645627007 49.2737632752044)
353,2025,1754697600000,Break & Enter - Business,3100-3150 Windsor Gate,COQUITLAM,49.27975816668016,-122.785014812934,5328,POINT (-122.785014812934 49.2797581666802)
354,2025,1754870400000,Break & Enter - Residence,1475-1486 Galette Place,COQUITLAM,49.30415014171911,-122.773696213436,5329,POINT (-122.773696213436 49.3041501417191)
355,2025,1754870400000,Theft from Auto,1100-1153 Johnson Street,COQUITLAM,49.278507926132804,-122.801734946279,5330,POINT (-122.801734946279 49.2785079261328)
356,2025,1754870400000,Theft from Auto,1475-1486 Galette Place,COQUITLAM,49.30415014171911,-122.773696213436,5331,POINT (-122.773696213436 49.3041501417191)
357,2025,1754870400000,Break & Enter - Business,0-0 Holly Drive,COQUITLAM,49.250939607349444,-122.802845080412,5332,POINT (-122.802845080412 49.2509396073494)
358,2025,1754870400000,Theft of Auto,4260-4298 Oliver Road,COQUITLAM,49.29295884897028,-122.7182979047,5333,POINT (-122.7182979047 49.2929588489703)
359,2025,1755043200000,Theft from Auto,1100-1153 Johnson Street,COQUITLAM,49.278507926132804,-122.801734946279,5334,POINT (-122.801734946279 49.2785079261328)
360,2025,1755043200000,Break & Enter - Business,741-801 Egmont Avenue,COQUITLAM,49.26584599345783,-122.879161132823,5335,POINT (-122.879161132823 49.2658459934578)
361,2025,1755129600000,Theft from Auto,3385-3399 Creston Close,COQUITLAM,49.29030952382377,-122.753472344512,5336,POINT (-122.753472344512 49.2903095238238)
362,2025,1755129600000,Break & Enter - Business,735-760 Robinson Street,COQUITLAM,49.26289450352891,-122.880011963119,5337,POINT (-122.880011963119 49.2628945035289)
363,2025,1755216000000,Theft from Auto,944-956 Poirier Street,COQUITLAM,49.26809401519158,-122.846393685698,5338,POINT (-122.846393685698 49.2680940151916)
364,2025,1755216000000,Theft from Auto,2329-2396 Cape Horn Avenue,COQUITLAM,49.23536908230018,-122.82837381246,5339,POINT (-122.82837381246 49.2353690823002)
365,2025,1755216000000,Break & Enter - Residence,522-609 Cottonwood Avenue,COQUITLAM,49.258832795628265,-122.888584315666,5340,POINT (-122.888584315666 49.2588327956283)
366,2025,1755216000000,Break & Enter - Business,657-682 Fairview Street,COQUITLAM,49.25763994951914,-122.882927987115,5341,POINT (-122.882927987115 49.2576399495191)
367,2025,1755302400000,Theft from Auto,812-900 Tupper Avenue,COQUITLAM,49.23493352952448,-122.874324652892,5342,POINT (-122.874324652892 49.2349335295245)
368,2025,1755302400000,Theft from Auto,1307-1390 Willow Way,COQUITLAM,49.26754043972015,-122.855058294522,5343,POINT (-122.855058294522 49.2675404397202)
369,2025,1755388800000,Break & Enter - Residence,742-768 Hailey Street,COQUITLAM,49.26303595908985,-122.870191416948,5344,POINT (-122.870191416948 49.2630359590898)
370,2025,1755388800000,Theft from Auto,3100-3179 Pier Drive,COQUITLAM,49.27533824157798,-122.815148091561,5345,POINT (-122.815148091561 49.275338241578)
371,2025,1755475200000,Theft from Auto,813-845 Quadling Avenue,COQUITLAM,49.240879774747505,-122.874665847576,5346,POINT (-122.874665847576 49.2408797747475)
372,2025,1755475200000,Theft from Auto,100-120 Schoolhouse Street,COQUITLAM,49.23292045841636,-122.852609094494,5347,POINT (-122.852609094494 49.2329204584164)
373,2025,1755561600000,Theft of Auto,2950-2978 Glen Drive,COQUITLAM,49.282727051226445,-122.797400829648,5348,POINT (-122.797400829648 49.2827270512264)
374,2025,1755475200000,Theft from Auto,719-724 Poirier Street,COQUITLAM,49.26111619422576,-122.846474466394,5349,POINT (-122.846474466394 49.2611161942257)
375,2025,1755561600000,Theft from Auto,511-521 Smith Avenue,COQUITLAM,49.26035743783559,-122.892030327704,5350,POINT (-122.892030327704 49.2603574378356)
376,2025,1755648000000,Break & Enter - Residence,288-299 Bognor Street,COQUITLAM,49.2431864084589,-122.822055783467,5351,POINT (-122.822055783467 49.2431864084589)
377,2025,1755648000000,Break & Enter - Residence,3425-3450 Horizon Drive,COQUITLAM,49.30282206126725,-122.751038926573,5352,POINT (-122.751038926573 49.3028220612672)
378,2025,1755734400000,Theft from Auto,0-0 Highway Ramp,COQUITLAM,49.23986338362654,-122.813839298331,5353,POINT (-122.813839298331 49.2398633836265)
379,2025,1755820800000,Theft from Auto,960-995 Adair Avenue,COQUITLAM,49.236774096096354,-122.867168397036,5354,POINT (-122.867168397036 49.2367740960964)
380,2025,1755475200000,Theft from Auto,1140-1145 Falcon Drive,COQUITLAM,49.28051787233115,-122.818377735274,5355,POINT (-122.818377735274 49.2805178723311)
381,2025,1755820800000,Theft from Auto,525-568 Clarke Road,COQUITLAM,49.26102606273931,-122.890769351682,5356,POINT (-122.890769351682 49.2610260627393)
382,2025,1755907200000,Break & Enter - Residence,401-415 Westview Street,COQUITLAM,49.24645320036335,-122.889905415951,5357,POINT (-122.889905415951 49.2464532003633)
383,2025,1755993600000,Theft of Auto,564-619 Harrison Avenue,COQUITLAM,49.2670900771251,-122.889094217807,5358,POINT (-122.889094217807 49.2670900771251)
384,2025,1755993600000,Theft from Auto,601-620 Midvale Street,COQUITLAM,49.253209746043815,-122.838246344907,5359,POINT (-122.838246344907 49.2532097460438)
385,2025,1755993600000,Theft from Auto,2701-2759 Beach Court,COQUITLAM,49.26489333502674,-122.814596336798,5360,POINT (-122.814596336798 49.2648933350267)
386,2025,1756080000000,Break & Enter - Residence,500-510 Smith Avenue,COQUITLAM,49.26035866564886,-122.892648486785,5361,POINT (-122.892648486785 49.2603586656489)
387,2025,1755993600000,Theft from Auto,1740-1771 Shannon Court,COQUITLAM,49.26422579097649,-122.844294344002,5362,POINT (-122.844294344002 49.2642257909765)
388,2025,1756166400000,Theft of Auto,2270-2498 Latimer Avenue,COQUITLAM,49.2474931012263,-122.827901756022,5363,POINT (-122.827901756022 49.2474931012263)
389,2025,1756166400000,Break & Enter - Business,735-760 Robinson Street,COQUITLAM,49.26289450352891,-122.880011963119,5364,POINT (-122.880011963119 49.2628945035289)
390,2025,1755648000000,Break & Enter - Business,0-0 Holly Drive,COQUITLAM,49.250939607349444,-122.802845080412,5365,POINT (-122.802845080412 49.2509396073494)
391,2025,1756252800000,Theft from Auto,770-798 Chilko Drive,COQUITLAM,49.26239642997361,-122.799439169804,5366,POINT (-122.799439169804 49.2623964299736)
392,2025,1756252800000,Theft from Auto,2956-2994 Pinnacle Street,COQUITLAM,49.26266644318616,-122.815248768583,5367,POINT (-122.815248768583 49.2626664431862)
393,2025,1756339200000,Theft from Auto,1066-1081 Buoy Drive,COQUITLAM,49.27467160249185,-122.821041799738,5368,POINT (-122.821041799738 49.2746716024918)
394,2025,1756425600000,Break & Enter - Business,500-510 Smith Avenue,COQUITLAM,49.26035866564886,-122.892648486785,5369,POINT (-122.892648486785 49.2603586656489)
395,2025,1756425600000,Theft of Auto,150-199 Myrnam Street,COQUITLAM,49.23909523690625,-122.849218669675,5370,POINT (-122.849218669675 49.2390952369063)
396,2025,1756512000000,Break & Enter - Residence,3090-3100 Windsor Gate,COQUITLAM,49.27985802397148,-122.78644636922,5371,POINT (-122.78644636922 49.2798580239715)
397,2025,1756425600000,Theft from Auto,1023-1088 Windward Drive,COQUITLAM,49.27379932960026,-122.814352248032,5372,POINT (-122.814352248032 49.2737993296003)
1,2025,1756857600000,Theft from Auto,842-919 Thermal Drive,COQUITLAM,49.2651490727172,-122.830202442301,5373,POINT (-122.830202442301 49.2651490727172)
2,2025,1757030400000,Theft from Auto,565-616 Kemsley Avenue,COQUITLAM,49.2664255944687,-122.888017370334,5374,POINT (-122.888017370334 49.2664255944687)
3,2025,1757289600000,Break & Enter - Business,900-925 Lougheed Highway,COQUITLAM,49.2367641466831,-122.872456854416,5375,POINT (-122.872456854416 49.2367641466831)
4,2025,1757462400000,Theft from Auto,939-948 Dennison Avenue,COQUITLAM,49.2508446728729,-122.86984675835,5376,POINT (-122.86984675835 49.2508446728729)
5,2025,1757462400000,Theft from Auto,1500-1551 Dansey Avenue,COQUITLAM,49.2472555201378,-122.851133233642,5377,POINT (-122.851133233642 49.2472555201378)
6,2025,1757548800000,Theft from Auto,1553-1578 Lodgepole Place,COQUITLAM,49.3030221848677,-122.791492500336,5378,POINT (-122.791492500336 49.3030221848677)
7,2025,1757548800000,Theft from Auto,806-838 Sharpe Street,COQUITLAM,49.2634889036436,-122.799182780025,5379,POINT (-122.799182780025 49.2634889036436)
8,2025,1757980800000,Break & Enter - Business,3017-3055 Glen Drive,COQUITLAM,49.2826722963937,-122.791784041246,5380,POINT (-122.791784041246 49.2826722963937)
9,2025,1758067200000,Break & Enter - Residence,3050-3099 David Avenue,COQUITLAM,49.2928792434977,-122.783519986275,5381,POINT (-122.783519986275 49.2928792434977)
10,2025,1758067200000,Theft from Auto,806-838 Sharpe Street,COQUITLAM,49.2634889036436,-122.799182780025,5382,POINT (-122.799182780025 49.2634889036436)
11,2025,1758067200000,Theft from Auto,450-479 Alouette Drive,COQUITLAM,49.2482413467997,-122.811448889103,5383,POINT (-122.811448889103 49.2482413467997)
12,2025,1758067200000,Break & Enter - Business,3070-3089 Guildford Way,COQUITLAM,49.2847354103604,-122.78933475783,5384,POINT (-122.78933475783 49.2847354103604)
13,2025,1758931200000,Break & Enter - Business,0-68 Schooner Street,COQUITLAM,49.2253533351108,-122.840384747391,5385,POINT (-122.840384747391 49.2253533351108)
14,2025,1759104000000,Theft from Auto,3024-3048 Anson Avenue,COQUITLAM,49.2772679344546,-122.792191561907,5386,POINT (-122.792191561907 49.2772679344546)
15,2025,1757203200000,Theft from Auto,452-509 Blue Mountain Street,COQUITLAM,49.2493066705326,-122.869129913649,5387,POINT (-122.869129913649 49.2493066705326)
16,2025,1756944000000,Break & Enter - Business,700-730 Grover Avenue,COQUITLAM,49.2627911249491,-122.882214892682,5388,POINT (-122.882214892682 49.2627911249491)
17,2025,1759536000000,Theft from Auto,3530-3559 Archworth Avenue,COQUITLAM,49.2999605568976,-122.737044915055,5389,POINT (-122.737044915055 49.2999605568976)
18,2025,1759622400000,Break & Enter - Business,1100-1400 Woolridge Street,COQUITLAM,49.2325311123964,-122.857511681314,5390,POINT (-122.857511681314 49.2325311123964)
19,2025,1759622400000,Break & Enter - Business,827-1309 Laval Square,COQUITLAM,49.24099601218,-122.85673130249,5391,POINT (-122.85673130249 49.24099601218)
20,2025,1759708800000,Theft from Auto,3140-3173 Bute Crescent,COQUITLAM,49.2833865682558,-122.782342828023,5392,POINT (-122.782342828023 49.2833865682558)
21,2025,1759795200000,Break & Enter - Business,2905-2930 Glen Drive,COQUITLAM,49.2827340217109,-122.800226591827,5393,POINT (-122.800226591827 49.2827340217109)
22,2025,1759795200000,Break & Enter - Business,2905-2930 Glen Drive,COQUITLAM,49.2827340217109,-122.800226591827,5394,POINT (-122.800226591827 49.2827340217109)
23,2025,1760054400000,Theft from Auto,204-223 Jackson Street,COQUITLAM,49.2360161430802,-122.877899729248,5395,POINT (-122.877899729248 49.2360161430802)
24,2025,1760140800000,Theft from Auto,1022-1071 Austin Avenue,COQUITLAM,49.2490028066417,-122.863940671901,5396,POINT (-122.863940671901 49.2490028066417)
25,2025,1760572800000,Theft from Auto,2900-2915 Norman Avenue,COQUITLAM,49.270927182359,-122.800265439468,5397,POINT (-122.800265439468 49.270927182359)
26,2025,1760745600000,Theft of Auto,515-524 Como Lake Avenue,COQUITLAM,49.2630366190739,-122.891002582438,5398,POINT (-122.891002582438 49.2630366190739)
27,2025,1761004800000,Theft from Auto,412-429 Marmont Street,COQUITLAM,49.2466724184819,-122.862219563367,5399,POINT (-122.862219563367 49.2466724184819)
28,2025,1761177600000,Theft from Auto,331-347 Laurentian Crescent,COQUITLAM,49.2410795109092,-122.844113397508,5400,POINT (-122.844113397508 49.2410795109092)
29,2025,1761523200000,Theft from Auto,1184-1199 Inlet Street,COQUITLAM,49.2854977623187,-122.783207814854,5401,POINT (-122.783207814854 49.2854977623187)
30,2025,1761609600000,Break & Enter - Business,1300-1400 Lougheed Highway,COQUITLAM,49.2329249320829,-122.854117779791,5402,POINT (-122.854117779791 49.2329249320829)
31,2025,1761696000000,Theft from Auto,1400-1420 Hachey Avenue,COQUITLAM,49.2420443439231,-122.854266050917,5403,POINT (-122.854266050917 49.2420443439231)
32,2025,1761696000000,Theft from Auto,2905-2930 Glen Drive,COQUITLAM,49.2827340217109,-122.800226591827,5404,POINT (-122.800226591827 49.2827340217109)
33,2025,1761868800000,Break & Enter - Residence,98-123 Laval Street,COQUITLAM,49.2393200904389,-122.857350615125,5405,POINT (-122.857350615125 49.2393200904389)
34,2025,1762214400000,Break & Enter - Business,544-545 Sydney Avenue,COQUITLAM,49.2481931859586,-122.889004237344,5406,POINT (-122.889004237344 49.2481931859586)
35,2025,1762300800000,Break & Enter - Business,0-0 Holly Drive,COQUITLAM,49.2509396073494,-122.802845080412,5407,POINT (-122.802845080412 49.2509396073494)
36,2025,1762387200000,Break & Enter - Residence,451-498 Cariboo Crescent,COQUITLAM,49.2486454262151,-122.812450975718,5408,POINT (-122.812450975718 49.2486454262151)
37,2025,1762732800000,Break & Enter - Business,2700-2745 Barnet Highway,COQUITLAM,49.2778616259942,-122.810408025974,5409,POINT (-122.810408025974 49.2778616259942)
38,2025,1763078400000,Break & Enter - Residence,1151-1189 Falcon Drive,COQUITLAM,49.2822021219346,-122.819163781036,5410,POINT (-122.819163781036 49.2822021219346)
39,2025,1763164800000,Theft from Auto,1413-1428 Como Lake Avenue,COQUITLAM,49.2634568149147,-122.852440029757,5411,POINT (-122.852440029757 49.2634568149147)
40,2025,1763337600000,Theft from Auto,2602-2768 Dewdney Trunk Road,COQUITLAM,49.2759958680681,-122.813483537106,5412,POINT (-122.813483537106 49.2759958680681)
41,2025,1763510400000,Break & Enter - Residence,1390-1401 Lansdowne Drive,COQUITLAM,49.2919401802435,-122.810928942625,5413,POINT (-122.810928942625 49.2919401802435)
42,2025,1763683200000,Break & Enter - Business,995-1100 United Boulevard,COQUITLAM,49.2295460130303,-122.869353150825,5414,POINT (-122.869353150825 49.2295460130303)
43,2025,1763596800000,Theft from Auto,83-94 North Bend Street,COQUITLAM,49.2319826421555,-122.820830715711,5415,POINT (-122.820830715711 49.2319826421555)
44,2025,1763769600000,Theft from Auto,601-620 Midvale Street,COQUITLAM,49.2532097460438,-122.838246344907,5416,POINT (-122.838246344907 49.2532097460438)
45,2025,1763856000000,Theft from Auto,98-123 Laval Street,COQUITLAM,49.2393200904389,-122.857350615125,5417,POINT (-122.857350615125 49.2393200904389)
46,2025,1763942400000,Theft from Auto,2583-2596 Harrier Drive,COQUITLAM,49.281878320198,-122.816757283209,5418,POINT (-122.816757283209 49.281878320198)
47,2025,1763942400000,Theft from Auto,920-932 Thermal Drive,COQUITLAM,49.2671285996313,-122.828471100836,5419,POINT (-122.828471100836 49.2671285996313)
48,2025,1763942400000,Theft from Auto,290-299 Schoolhouse Street,COQUITLAM,49.2401372636852,-122.852480916462,5420,POINT (-122.852480916462 49.2401372636852)
49,2025,1764028800000,Theft from Auto,565-589 Clarke Road,COQUITLAM,49.2626278918917,-122.88873525692,5421,POINT (-122.88873525692 49.2626278918917)
50,2025,1764201600000,Break & Enter - Business,608-621 Cottonwood Avenue,COQUITLAM,49.2587935633341,-122.885600830824,5422,POINT (-122.885600830824 49.2587935633341)
51,2025,1764806400000,Theft from Auto,2975-2979 Atlantic Avenue,COQUITLAM,49.2817646402723,-122.796585715072,5423,POINT (-122.796585715072 49.2817646402723)
52,2025,1765065600000,Theft from Auto,403-3965 North Road,COQUITLAM,49.2475564756503,-122.892692111683,5424,POINT (-122.892692111683 49.2475564756503)
53,2025,1765584000000,Theft from Auto,1450-1458 Lambert Way,COQUITLAM,49.3024778767148,-122.770759143599,5425,POINT (-122.770759143599 49.3024778767148)
54,2025,1765584000000,Break & Enter - Business,655-668 Clarke Road,COQUITLAM,49.2661650697663,-122.884223832323,5426,POINT (-122.884223832323 49.2661650697663)
55,2025,1765670400000,Break & Enter - Business,500-513 Foster Avenue,COQUITLAM,49.2568117389037,-122.892487861303,5427,POINT (-122.892487861303 49.2568117389037)
56,2025,1765756800000,Theft from Auto,3155-3169 Gambier Avenue,COQUITLAM,49.2886503319921,-122.780448579827,5428,POINT (-122.780448579827 49.2886503319921)
57,2025,1765756800000,Theft from Auto,1227-1239 Gabriola Drive,COQUITLAM,49.2880915345232,-122.7728082736,5429,POINT (-122.7728082736 49.2880915345232)
58,2025,1766016000000,Theft from Auto,1022-1071 Austin Avenue,COQUITLAM,49.2490028066417,-122.863940671901,5430,POINT (-122.863940671901 49.2490028066417)
59,2025,1766102400000,Theft from Auto,605-648 Claremont Street,COQUITLAM,49.2650156195149,-122.890731812126,5431,POINT (-122.890731812126 49.2650156195149)
60,2025,1766534400000,Theft from Auto,704-736 Roderick Avenue,COQUITLAM,49.2373948752637,-122.879259503362,5432,POINT (-122.879259503362 49.2373948752637)
61,2025,1766793600000,Theft from Auto,401-415 Goyer Court,COQUITLAM,49.2452169378034,-122.854465601021,5433,POINT (-122.854465601021 49.2452169378034)
62,2025,1766880000000,Theft from Auto,514-580 Webster Avenue,COQUITLAM,49.2550180727476,-122.889807771846,5434,POINT (-122.889807771846 49.2550180727476)
63,2025,1767052800000,Break & Enter - Business,1-20 Burbidge Street,COQUITLAM,49.2241661554383,-122.823784898263,5435,POINT (-122.823784898263 49.2241661554383)
64,2025,1756684800000,Theft from Auto,3451-3467 Roxton Ave,COQUITLAM,49.2884586447271,-122.746931435375,5436,POINT (-122.746931435375 49.2884586447271)
65,2025,1757376000000,Break & Enter - Business,0-0 Holly Drive,COQUITLAM,49.2509396073494,-122.802845080412,5437,POINT (-122.802845080412 49.2509396073494)
66,2025,1757548800000,Theft from Auto,830-840 Irvine Street,COQUITLAM,49.2642789823984,-122.794856594132,5438,POINT (-122.794856594132 49.2642789823984)
67,2025,1757721600000,Break & Enter - Residence,620-665 Harrison Avenue,COQUITLAM,49.267198358855,-122.885131497208,5439,POINT (-122.885131497208 49.267198358855)
68,2025,1758067200000,Theft from Auto,450-498 Bray Street,COQUITLAM,49.2484340604061,-122.820944906337,5440,POINT (-122.820944906337 49.2484340604061)
69,2025,1758067200000,Theft from Auto,806-838 Sharpe Street,COQUITLAM,49.2634889036436,-122.799182780025,5441,POINT (-122.799182780025 49.2634889036436)
70,2025,1758067200000,Theft from Auto,900-924 Dansey Avenue,COQUITLAM,49.2471782769351,-122.872162026831,5442,POINT (-122.872162026831 49.2471782769351)
71,2025,1758067200000,Theft from Auto,1360-1385 Purcell Drive,COQUITLAM,49.295326793227,-122.784522322627,5443,POINT (-122.784522322627 49.295326793227)
72,2025,1758240000000,Theft from Auto,2329-2396 Cape Horn Avenue,COQUITLAM,49.2353690823001,-122.82837381246,5444,POINT (-122.82837381246 49.2353690823001)
73,2025,1758499200000,Theft from Auto,100-144 King Edward Street,COQUITLAM,49.2349541518128,-122.86165265061,5445,POINT (-122.86165265061 49.2349541518128)
74,2025,1758585600000,Theft from Auto,2230-2271 Monashee Court,COQUITLAM,49.2382168964064,-122.82819665613,5446,POINT (-122.82819665613 49.2382168964064)
75,2025,1758758400000,Break & Enter - Business,0-0 Holly Drive,COQUITLAM,49.2509396073494,-122.802845080412,5447,POINT (-122.802845080412 49.2509396073494)
76,2025,1758931200000,Theft from Auto,508-520 Blue Mountain Street,COQUITLAM,49.250150161261,-122.869094498777,5448,POINT (-122.869094498777 49.250150161261)
77,2025,1758931200000,Theft from Auto,50-99 Schooner Street,COQUITLAM,49.227108640023,-122.83996935061,5449,POINT (-122.83996935061 49.227108640023)
78,2025,1759536000000,Theft from Auto,300-306 Schoolhouse Street,COQUITLAM,49.2410238465355,-122.852462762254,5450,POINT (-122.852462762254 49.2410238465355)
79,2025,1759536000000,Break & Enter - Business,3100-3135 Ozada Avenue,COQUITLAM,49.2857528233446,-122.783926801421,5451,POINT (-122.783926801421 49.2857528233446)
80,2025,1759622400000,Theft from Auto,1100-1153 Johnson Street,COQUITLAM,49.2785079261328,-122.801734946279,5452,POINT (-122.801734946279 49.2785079261328)
81,2025,1759708800000,Theft from Auto,520-549 Ferris Street,COQUITLAM,49.2504454007389,-122.828724991182,5453,POINT (-122.828724991182 49.2504454007389)
82,2025,1759708800000,Break & Enter - Business,3380-3400 David Avenue,COQUITLAM,49.2930520635991,-122.75273270392,5454,POINT (-122.75273270392 49.2930520635991)
83,2025,1759708800000,Theft from Auto,1313-1386 Glenbrook Street,COQUITLAM,49.2964994636497,-122.760067749021,5455,POINT (-122.760067749021 49.2964994636497)
84,2025,1759881600000,Break & Enter - Business,1130-1159 Pipeline Road,COQUITLAM,49.2809393678647,-122.787050665136,5456,POINT (-122.787050665136 49.2809393678647)
85,2025,1759881600000,Theft from Auto,1451-1465 Marguerite Street,COQUITLAM,49.3008405307317,-122.758512224209,5457,POINT (-122.758512224209 49.3008405307317)
86,2025,1759968000000,Break & Enter - Residence,510-540 Smith Avenue,COQUITLAM,49.2603240865853,-122.890177491146,5458,POINT (-122.890177491146 49.2603240865853)
87,2025,1759968000000,Break & Enter - Business,3061-3081 Glen Drive,COQUITLAM,49.2826667415661,-122.789213548265,5459,POINT (-122.789213548265 49.2826667415661)
88,2025,1760918400000,Theft of Auto,300-319 Blue Mountain Street,COQUITLAM,49.2412395360199,-122.872975123146,5460,POINT (-122.872975123146 49.2412395360199)
89,2025,1760918400000,Theft from Auto,150-199 Myrnam Street,COQUITLAM,49.2390952369062,-122.849218669675,5461,POINT (-122.849218669675 49.2390952369062)
90,2025,1761004800000,Theft from Auto,1080-1091 Dolphin Street,COQUITLAM,49.2748542377408,-122.808666766227,5462,POINT (-122.808666766227 49.2748542377408)
91,2025,1761177600000,Theft from Auto,3080-3099 Moss Court,COQUITLAM,49.3091328475602,-122.788142806497,5463,POINT (-122.788142806497 49.3091328475602)
92,2025,1761264000000,Theft from Auto,120-155 Glacier Street,COQUITLAM,49.2342586534811,-122.817607605204,5464,POINT (-122.817607605204 49.2342586534811)
93,2025,1761264000000,Theft from Auto,700-715 Robinson Street,COQUITLAM,49.26059749586,-122.879883945115,5465,POINT (-122.879883945115 49.26059749586)
94,2025,1761264000000,Break & Enter - Business,2700-2745 Barnet Highway,COQUITLAM,49.2778616259942,-122.810408025974,5466,POINT (-122.810408025974 49.2778616259942)
95,2025,1761609600000,Theft from Auto,808-838 Raynor Street,COQUITLAM,49.2653028639742,-122.878687191581,5467,POINT (-122.878687191581 49.2653028639742)
96,2025,1761782400000,Theft from Auto,2860-2885 Packard Avenue,COQUITLAM,49.2799835231606,-122.802914375371,5468,POINT (-122.802914375371 49.2799835231606)
97,2025,1761868800000,Break & Enter - Business,3001-3061 Gordon Avenue,COQUITLAM,49.2710983630141,-122.792777976394,5469,POINT (-122.792777976394 49.2710983630141)
98,2025,1762041600000,Break & Enter - Residence,2900-2915 Norman Avenue,COQUITLAM,49.270927182359,-122.800265439468,5470,POINT (-122.800265439468 49.270927182359)
99,2025,1762128000000,Break & Enter - Business,300-320 Alderson Ave,COQUITLAM,49.2423061803058,-122.891113367976,5471,POINT (-122.891113367976 49.2423061803058)
100,2025,1762387200000,Theft from Auto,1200-1225 Brunette Avenue,COQUITLAM,49.2394543974405,-122.858640309047,5472,POINT (-122.858640309047 49.2394543974405)
101,2025,1762473600000,Break & Enter - Business,2300-2399 United Boulevard,COQUITLAM,49.2270467236896,-122.827164867199,5473,POINT (-122.827164867199 49.2270467236896)
102,2025,1762560000000,Theft from Auto,3065-3091 Lazy A Street,COQUITLAM,49.2668988749184,-122.806792496941,5474,POINT (-122.806792496941 49.2668988749184)
103,2025,1762732800000,Break & Enter - Business,511-521 Smith Avenue,COQUITLAM,49.2603574378355,-122.892030327704,5475,POINT (-122.892030327704 49.2603574378355)
104,2025,1762732800000,Theft of Auto,1950-1999 Lemax Avenue,COQUITLAM,49.2525403291563,-122.838891022357,5476,POINT (-122.838891022357 49.2525403291563)
105,2025,1762905600000,Theft from Auto,213-228 Cayer Street,COQUITLAM,49.2371468276163,-122.846714581618,5477,POINT (-122.846714581618 49.2371468276163)
106,2025,1762905600000,Theft from Auto,2737-2808 Pilot Drive,COQUITLAM,49.2687507894647,-122.810512270359,5478,POINT (-122.810512270359 49.2687507894647)
107,2025,1762905600000,Break & Enter - Business,2750-2881 Barnet Highway,COQUITLAM,49.2776863015988,-122.805257914762,5479,POINT (-122.805257914762 49.2776863015988)
108,2025,1763164800000,Break & Enter - Residence,620-624 Clearwater Way,COQUITLAM,49.2563639843436,-122.80847265145,5480,POINT (-122.80847265145 49.2563639843436)
109,2025,1763424000000,Break & Enter - Business,0-0 Holly Drive,COQUITLAM,49.2509396073494,-122.802845080412,5481,POINT (-122.802845080412 49.2509396073494)
110,2025,1763510400000,Theft from Auto,1411-1455 Edwards Street,COQUITLAM,49.2978428456262,-122.719911114517,5482,POINT (-122.719911114517 49.2978428456262)
111,2025,1763510400000,Theft from Auto,1260-1283 Erskine Street,COQUITLAM,49.2889280135531,-122.805619257426,5483,POINT (-122.805619257426 49.2889280135531)
112,2025,1763683200000,Theft of Auto,1820-1853 Winslow Avenue,COQUITLAM,49.2538565737884,-122.84317715905,5484,POINT (-122.84317715905 49.2538565737884)
113,2025,1763683200000,Break & Enter - Residence,1360-1382 Deeridge Lane,COQUITLAM,49.2914234441303,-122.812898009495,5485,POINT (-122.812898009495 49.2914234441303)
114,2025,1763769600000,Break & Enter - Residence,2600-2630 Limestone Place,COQUITLAM,49.2988470925288,-122.821938433035,5486,POINT (-122.821938433035 49.2988470925288)
115,2025,1763942400000,Theft from Auto,80-169 Golden Drive,COQUITLAM,49.2326563107605,-122.823430250462,5487,POINT (-122.823430250462 49.2326563107605)
116,2025,1764288000000,Theft from Auto,1140-1159 Eagleridge Drive,COQUITLAM,49.2825199514013,-122.813317008046,5488,POINT (-122.813317008046 49.2825199514013)
117,2025,1764374400000,Break & Enter - Residence,401-429 Balfour Drive,COQUITLAM,49.245814635739,-122.823187129367,5489,POINT (-122.823187129367 49.245814635739)
118,2025,1764460800000,Theft of Auto,1400-1420 Hachey Avenue,COQUITLAM,49.2420443439231,-122.854266050917,5490,POINT (-122.854266050917 49.2420443439231)
119,2025,1764460800000,Break & Enter - Residence,730-750 Smith Avenue,COQUITLAM,49.2600725289087,-122.879172989483,5491,POINT (-122.879172989483 49.2600725289087)
120,2025,1764547200000,Break & Enter - Residence,624-644 Shaw Avenue,COQUITLAM,49.2440301715829,-122.88425921214,5492,POINT (-122.88425921214 49.2440301715829)
121,2025,1764547200000,Theft from Auto,2020-2178 Berkshire Crescent,COQUITLAM,49.316096951492,-122.797652579495,5493,POINT (-122.797652579495 49.316096951492)
122,2025,1764547200000,Theft from Auto,0-0 Highway Ramp,COQUITLAM,49.2352289050228,-122.878537063759,5494,POINT (-122.878537063759 49.2352289050228)
123,2025,1764547200000,Theft from Auto,1200-1225 Brunette Avenue,COQUITLAM,49.2394543974405,-122.858640309047,5495,POINT (-122.858640309047 49.2394543974405)
124,2025,1764633600000,Break & Enter - Business,515-524 Como Lake Avenue,COQUITLAM,49.2630366190739,-122.891002582438,5496,POINT (-122.891002582438 49.2630366190739)
125,2025,1764806400000,Break & Enter - Business,657-659 Whiting Way,COQUITLAM,49.257121820639,-122.891880654671,5497,POINT (-122.891880654671 49.257121820639)
126,2025,1764806400000,Theft from Auto,1400-1449 Shay Street,COQUITLAM,49.2996437466662,-122.735671121967,5498,POINT (-122.735671121967 49.2996437466662)
127,2025,1764892800000,Theft from Auto,1-23 Leeder Street,COQUITLAM,49.2233200537563,-122.829884237529,5499,POINT (-122.829884237529 49.2233200537563)
128,2025,1764979200000,Theft from Auto,960-999 Brunette Avenue,COQUITLAM,49.2375984181135,-122.867912055591,5500,POINT (-122.867912055591 49.2375984181135)
129,2025,1765152000000,Break & Enter - Residence,2062-2148 Monterey Avenue,COQUITLAM,49.2414934082676,-122.836364376959,5501,POINT (-122.836364376959 49.2414934082676)
130,2025,1765238400000,Break & Enter - Business,0-68 Schooner Street,COQUITLAM,49.2253533351108,-122.840384747391,5502,POINT (-122.840384747391 49.2253533351108)
131,2025,1765324800000,Break & Enter - Business,11-25 King Edward Street,COQUITLAM,49.2324493710326,-122.86161577216,5503,POINT (-122.86161577216 49.2324493710326)
132,2025,1765497600000,Theft from Auto,511-521 Smith Avenue,COQUITLAM,49.2603574378355,-122.892030327704,5504,POINT (-122.892030327704 49.2603574378355)
133,2025,1765497600000,Break & Enter - Business,657-659 Whiting Way,COQUITLAM,49.257121820639,-122.891880654671,5505,POINT (-122.891880654671 49.257121820639)
134,2025,1765584000000,Theft from Auto,451-509 Gatensbury Street,COQUITLAM,49.2492729865914,-122.858004265169,5506,POINT (-122.858004265169 49.2492729865914)
135,2025,1765584000000,Break & Enter - Residence,1044-1129 Cornell Avenue,COQUITLAM,49.2607628686132,-122.861939445058,5507,POINT (-122.861939445058 49.2607628686132)
136,2025,1765670400000,Break & Enter - Residence,960-995 Adair Avenue,COQUITLAM,49.2367740960963,-122.867168397036,5508,POINT (-122.867168397036 49.2367740960963)
137,2025,1765670400000,Theft of Auto,448-483 Glenholme Street,COQUITLAM,49.2473152959925,-122.840361931527,5509,POINT (-122.840361931527 49.2473152959925)
138,2025,1765843200000,Break & Enter - Residence,605-648 Claremont Street,COQUITLAM,49.2650156195149,-122.890731812126,5510,POINT (-122.890731812126 49.2650156195149)
139,2025,1766102400000,Break & Enter - Residence,350-362 Therrien Street,COQUITLAM,49.2443701780567,-122.860998844051,5511,POINT (-122.860998844051 49.2443701780567)
140,2025,1766188800000,Theft from Auto,2802-2857 Glen Drive,COQUITLAM,49.282756734849,-122.806984347392,5512,POINT (-122.806984347392 49.282756734849)
141,2025,1766188800000,Break & Enter - Residence,881-940 Spence Avenue,COQUITLAM,49.2655414793172,-122.872708574978,5513,POINT (-122.872708574978 49.2655414793172)
142,2025,1766188800000,Theft from Auto,2810-2874 McCoomb Drive,COQUITLAM,49.2818616790912,-122.805131545875,5514,POINT (-122.805131545875 49.2818616790912)
143,2025,1766361600000,Theft from Auto,101-195 Schoolhouse Street,COQUITLAM,49.2347916075454,-122.852547094728,5515,POINT (-122.852547094728 49.2347916075454)
144,2025,1766534400000,Theft from Auto,520-549 Ferris Street,COQUITLAM,49.2504454007389,-122.828724991182,5516,POINT (-122.828724991182 49.2504454007389)
145,2025,1766620800000,Break & Enter - Residence,2616-2641 Panorama Drive,COQUITLAM,49.2980354122364,-122.817348957413,5517,POINT (-122.817348957413 49.2980354122364)
146,2025,1766707200000,Theft of Auto,1243-1269 River Drive,COQUITLAM,49.2904279820267,-122.770829230498,5518,POINT (-122.770829230498 49.2904279820267)
147,2025,1766707200000,Theft from Auto,1225-1229 Brian Drive,COQUITLAM,49.2898240148816,-122.76852514522,5519,POINT (-122.76852514522 49.2898240148816)
148,2025,1766707200000,Theft from Auto,1219-1908 Parkland Drive,COQUITLAM,49.2889627938687,-122.768056365131,5520,POINT (-122.768056365131 49.2889627938687)
149,2025,1766707200000,Theft from Auto,517-539 Schoolhouse Street,COQUITLAM,49.2507897125373,-122.852419319026,5521,POINT (-122.852419319026 49.2507897125373)
150,2025,1766880000000,Theft of Auto,222-241 Blue Mountain Street,COQUITLAM,49.2383361420471,-122.873064410869,5522,POINT (-122.873064410869 49.2383361420471)
151,2025,1766966400000,Theft from Auto,181-200 Golden Drive,COQUITLAM,49.2333292652703,-122.818301306715,5523,POINT (-122.818301306715 49.2333292652703)
152,2025,1766966400000,Theft from Auto,1120-1219 Bartlett Avenue,COQUITLAM,49.2693687110021,-122.858923175645,5524,POINT (-122.858923175645 49.2693687110021)
153,2025,1766966400000,Theft from Auto,0-0 Highway Ramp,COQUITLAM,49.2398633836265,-122.813839298331,5525,POINT (-122.813839298331 49.2398633836265)
154,2025,1767139200000,Theft from Auto,1124-1209 Luxton Square,COQUITLAM,49.2701996941416,-122.859362792786,5526,POINT (-122.859362792786 49.2701996941416)
155,2025,1767139200000,Theft of Auto,538-574 Brookmere Avenue,COQUITLAM,49.251322610483,-122.888162387042,5527,POINT (-122.888162387042 49.251322610483)
156,2025,1756684800000,Break & Enter - Business,3042-3099 Lincoln Avenue,COQUITLAM,49.2789358223609,-122.789572274079,5528,POINT (-122.789572274079 49.2789358223609)
157,2025,1756771200000,Theft from Auto,3530-3559 Archworth Avenue,COQUITLAM,49.2999605568976,-122.737044915055,5529,POINT (-122.737044915055 49.2999605568976)
158,2025,1756771200000,Theft from Auto,3530-3559 Archworth Avenue,COQUITLAM,49.2999605568976,-122.737044915055,5530,POINT (-122.737044915055 49.2999605568976)
159,2025,1756944000000,Theft of Auto,2962-2988 Sunridge Court,COQUITLAM,49.3024238002527,-122.80503974059,5531,POINT (-122.80503974059 49.3024238002527)
160,2025,1757116800000,Break & Enter - Residence,565-589 Clarke Road,COQUITLAM,49.2626278918917,-122.88873525692,5532,POINT (-122.88873525692 49.2626278918917)
161,2025,1757203200000,Break & Enter - Business,514-539 Foster Avenue,COQUITLAM,49.256797545894,-122.890784901772,5533,POINT (-122.890784901772 49.256797545894)
162,2025,1757376000000,Break & Enter - Business,1251-1282 Nestor Street,COQUITLAM,49.290289845847,-122.778486007296,5534,POINT (-122.778486007296 49.290289845847)
163,2025,1757462400000,Theft from Auto,660-679 Whiting Way,COQUITLAM,49.2581735216112,-122.891899200585,5535,POINT (-122.891899200585 49.2581735216112)
164,2025,1757548800000,Theft from Auto,120-155 Glacier Street,COQUITLAM,49.2342586534811,-122.817607605204,5536,POINT (-122.817607605204 49.2342586534811)
165,2025,1757635200000,Break & Enter - Residence,2610-2617 Panorama Drive,COQUITLAM,49.2990385988379,-122.819041318668,5537,POINT (-122.819041318668 49.2990385988379)
166,2025,1757894400000,Theft from Auto,82-100 Denman Court,COQUITLAM,49.2313583511121,-122.835409222184,5538,POINT (-122.835409222184 49.2313583511121)
167,2025,1758067200000,Theft from Auto,500-511 Alouette Drive,COQUITLAM,49.2510816214102,-122.809744261167,5539,POINT (-122.809744261167 49.2510816214102)
168,2025,1758067200000,Theft from Auto,3139-3167 Redonda Drive,COQUITLAM,49.2901409952439,-122.781266014551,5540,POINT (-122.781266014551 49.2901409952439)
169,2025,1758067200000,Theft from Auto,3165-3176 Dunkirk Avenue,COQUITLAM,49.2875390243202,-122.779360557626,5541,POINT (-122.779360557626 49.2875390243202)
170,2025,1758153600000,Theft from Auto,2754-2791 Cultus Court,COQUITLAM,49.2520549343748,-122.807392929697,5542,POINT (-122.807392929697 49.2520549343748)
171,2025,1758499200000,Break & Enter - Business,1150-1154 The High Street,COQUITLAM,49.2812678466308,-122.796097800504,5543,POINT (-122.796097800504 49.2812678466308)
172,2025,1758844800000,Theft from Auto,81-152 Warrick Street,COQUITLAM,49.232019703853,-122.833483198648,5544,POINT (-122.833483198648 49.232019703853)
173,2025,1758931200000,Theft from Auto,100-120 Schoolhouse Street,COQUITLAM,49.2329204584163,-122.852609094494,5545,POINT (-122.852609094494 49.2329204584163)
174,2025,1759276800000,Theft from Auto,3139-3167 Redonda Drive,COQUITLAM,49.2901409952439,-122.781266014551,5546,POINT (-122.781266014551 49.2901409952439)
175,2025,1759276800000,Break & Enter - Business,403-3965 North Road,COQUITLAM,49.2475564756503,-122.892692111683,5547,POINT (-122.892692111683 49.2475564756503)
176,2025,1759622400000,Break & Enter - Residence,250-299 Casey Street,COQUITLAM,49.2409196172743,-122.854869609287,5548,POINT (-122.854869609287 49.2409196172743)
177,2025,1759708800000,Break & Enter - Business,544-616 Austin Avenue,COQUITLAM,49.2490777109696,-122.887539692747,5549,POINT (-122.887539692747 49.2490777109696)
178,2025,1759708800000,Break & Enter - Residence,1400-1420 Collins Road,COQUITLAM,49.2989386082779,-122.761460387934,5550,POINT (-122.761460387934 49.2989386082779)
179,2025,1759795200000,Break & Enter - Business,605-648 Claremont Street,COQUITLAM,49.2650156195149,-122.890731812126,5551,POINT (-122.890731812126 49.2650156195149)
180,2025,1759881600000,Break & Enter - Business,0-0 Holly Drive,COQUITLAM,49.2509396073494,-122.802845080412,5552,POINT (-122.802845080412 49.2509396073494)
181,2025,1759968000000,Break & Enter - Business,3090-3099 Dayanee Springs Boulevard,COQUITLAM,49.2939605607813,-122.785525413573,5553,POINT (-122.785525413573 49.2939605607813)
182,2025,1760486400000,Theft from Auto,1830-1847 Brunette Avenue,COQUITLAM,49.2352767086446,-122.842993583701,5554,POINT (-122.842993583701 49.2352767086446)
183,2025,1760486400000,Theft from Auto,315-336 Walker Street,COQUITLAM,49.2420083298218,-122.877765435855,5555,POINT (-122.877765435855 49.2420083298218)
184,2025,1760659200000,Break & Enter - Business,544-545 Sydney Avenue,COQUITLAM,49.2481931859586,-122.889004237344,5556,POINT (-122.889004237344 49.2481931859586)
185,2025,1760745600000,Theft from Auto,708-735 Rochester Avenue,COQUITLAM,49.2454065529145,-122.880962746603,5557,POINT (-122.880962746603 49.2454065529145)
186,2025,1761091200000,Theft from Auto,2656-2697 Burnside Place,COQUITLAM,49.2797944476838,-122.810185127985,5558,POINT (-122.810185127985 49.2797944476838)
187,2025,1761091200000,Theft of Auto,411-456 Walker Street,COQUITLAM,49.2477179282741,-122.877131272199,5559,POINT (-122.877131272199 49.2477179282741)
188,2025,1761264000000,Theft from Auto,3090-3099 Guildford Way,COQUITLAM,49.2855142775035,-122.785980127023,5560,POINT (-122.785980127023 49.2855142775035)
189,2025,1761264000000,Theft of Auto,541-611 Smith Avenue,COQUITLAM,49.2602760358935,-122.88727843325,5561,POINT (-122.88727843325 49.2602760358935)
190,2025,1761436800000,Break & Enter - Business,451-499 Marmont Street,COQUITLAM,49.2493449626457,-122.862199555889,5562,POINT (-122.862199555889 49.2493449626457)
191,2025,1761955200000,Break & Enter - Business,500-513 Foster Avenue,COQUITLAM,49.2568117389037,-122.892487861303,5563,POINT (-122.892487861303 49.2568117389037)
192,2025,1762300800000,Theft from Auto,1100-1199 Cawthra Court,COQUITLAM,49.2749529396107,-122.806108320575,5564,POINT (-122.806108320575 49.2749529396107)
193,2025,1762300800000,Theft from Auto,0-0 Highway Ramp,COQUITLAM,49.2352289050228,-122.878537063759,5565,POINT (-122.878537063759 49.2352289050228)
194,2025,1762473600000,Break & Enter - Business,300-320 Alderson Ave,COQUITLAM,49.2423061803058,-122.891113367976,5566,POINT (-122.891113367976 49.2423061803058)
195,2025,1762732800000,Break & Enter - Business,0-0 Holly Drive,COQUITLAM,49.2509396073494,-122.802845080412,5567,POINT (-122.802845080412 49.2509396073494)
196,2025,1762732800000,Break & Enter - Residence,201-204 Cayer Street,COQUITLAM,49.2361893184459,-122.846722106346,5568,POINT (-122.846722106346 49.2361893184459)
197,2025,1762819200000,Theft from Auto,1150-1154 The High Street,COQUITLAM,49.2812678466308,-122.796097800504,5569,POINT (-122.796097800504 49.2812678466308)
198,2025,1762732800000,Theft from Auto,450-455 Blue Mountain Street,COQUITLAM,49.2486258859444,-122.869623934995,5570,POINT (-122.869623934995 49.2486258859444)
199,2025,1763164800000,Theft from Auto,218-249 Mundy Street,COQUITLAM,49.2371210755873,-122.834154346125,5571,POINT (-122.834154346125 49.2371210755873)
200,2025,1763337600000,Theft of Auto,952-1026 Ridgeway Avenue,COQUITLAM,49.2497021004355,-122.867370856678,5572,POINT (-122.867370856678 49.2497021004355)
201,2025,1763424000000,Theft from Auto,2971-2991 Reece Avenue,COQUITLAM,49.2699093932462,-122.795417895745,5573,POINT (-122.795417895745 49.2699093932462)
202,2025,1763510400000,Break & Enter - Residence,1331-1341 Erskine Street,COQUITLAM,49.2935438285493,-122.805455432079,5574,POINT (-122.805455432079 49.2935438285493)
203,2025,1763683200000,Theft from Auto,501-3953 North Road,COQUITLAM,49.2500156766769,-122.89280602581,5575,POINT (-122.89280602581 49.2500156766769)
204,2025,1763683200000,Theft from Auto,518-551 Poirier Street,COQUITLAM,49.2505013151727,-122.846629391667,5576,POINT (-122.846629391667 49.2505013151727)
205,2025,1763942400000,Break & Enter - Business,540-559 Foster Avenue,COQUITLAM,49.2567751288271,-122.888101881107,5577,POINT (-122.888101881107 49.2567751288271)
206,2025,1764201600000,Break & Enter - Business,370-398 Clayton Street,COQUITLAM,49.2447945228454,-122.887036212206,5578,POINT (-122.887036212206 49.2447945228454)
207,2025,1764460800000,Break & Enter - Business,65-77 Clipper Street,COQUITLAM,49.2284387831612,-122.852821116341,5579,POINT (-122.852821116341 49.2284387831612)
208,2025,1764460800000,Break & Enter - Residence,2500-2520 Amber Court,COQUITLAM,49.3053180302941,-122.82138416842,5580,POINT (-122.82138416842 49.3053180302941)
209,2025,1764547200000,Theft from Auto,804-810 MacIntosh Street,COQUITLAM,49.2638844211011,-122.86599748634,5581,POINT (-122.86599748634 49.2638844211011)
210,2025,1764892800000,Break & Enter - Business,657-682 Fairview Street,COQUITLAM,49.2576399495191,-122.882927987115,5582,POINT (-122.882927987115 49.2576399495191)
211,2025,1764979200000,Break & Enter - Business,2300-2399 United Boulevard,COQUITLAM,49.2270467236896,-122.827164867199,5583,POINT (-122.827164867199 49.2270467236896)
212,2025,1765411200000,Theft from Auto,3103-3142 Redonda Drive,COQUITLAM,49.2886293041444,-122.782221638473,5584,POINT (-122.782221638473 49.2886293041444)
213,2025,1765324800000,Theft from Auto,1245-1264 Durant Drive,COQUITLAM,49.2880427047881,-122.808762043725,5585,POINT (-122.808762043725 49.2880427047881)
214,2025,1765584000000,Theft from Auto,703-726 Colinet Street,COQUITLAM,49.2607674696073,-122.867465211901,5586,POINT (-122.867465211901 49.2607674696073)
215,2025,1765584000000,Break & Enter - Residence,1047-1140 Milford Avenue,COQUITLAM,49.2589248202136,-122.861354910421,5587,POINT (-122.861354910421 49.2589248202136)
216,2025,1765670400000,Break & Enter - Business,571-616 Rochester Avenue,COQUITLAM,49.2454589148262,-122.886099066138,5588,POINT (-122.886099066138 49.2454589148262)
217,2025,1765756800000,Theft from Auto,1100-1153 Johnson Street,COQUITLAM,49.2785079261328,-122.801734946279,5589,POINT (-122.801734946279 49.2785079261328)
218,2025,1765929600000,Break & Enter - Business,2383-2645 Austin Avenue,COQUITLAM,49.2490837344988,-122.819947775164,5590,POINT (-122.819947775164 49.2490837344988)
219,2025,1766275200000,Theft from Auto,101-195 Schoolhouse Street,COQUITLAM,49.2347916075454,-122.852547094728,5591,POINT (-122.852547094728 49.2347916075454)
220,2025,1766361600000,Break & Enter - Residence,555-578 Shaw Avenue,COQUITLAM,49.2441177352362,-122.887694526693,5592,POINT (-122.887694526693 49.2441177352362)
221,2025,1766361600000,Theft from Auto,628-640 Colinet Street,COQUITLAM,49.2556215685869,-122.867326408974,5593,POINT (-122.867326408974 49.2556215685869)
222,2025,1766448000000,Theft from Auto,1450-1950 Hartley Avenue,COQUITLAM,49.2266146604598,-122.844652097066,5594,POINT (-122.844652097066 49.2266146604598)
223,2025,1766448000000,Break & Enter - Business,451-499 Marmont Street,COQUITLAM,49.2493449626457,-122.862199555889,5595,POINT (-122.862199555889 49.2493449626457)
224,2025,1766534400000,Theft from Auto,2335-2485 Haversley Avenue,COQUITLAM,49.2499979087034,-122.826404773617,5596,POINT (-122.826404773617 49.2499979087034)
225,2025,1766620800000,Break & Enter - Residence,1402-1422 Magnolia Place,COQUITLAM,49.2961599123757,-122.821713011232,5597,POINT (-122.821713011232 49.2961599123757)
226,2025,1766620800000,Theft from Auto,380-398 Blue Mountain Street,COQUITLAM,49.2449133403537,-122.872871880158,5598,POINT (-122.872871880158 49.2449133403537)
227,2025,1766620800000,Theft from Auto,181-200 Golden Drive,COQUITLAM,49.2333292652703,-122.818301306715,5599,POINT (-122.818301306715 49.2333292652703)
228,2025,1766707200000,Theft from Auto,1500-1579 Pinetree Way,COQUITLAM,49.3023577413796,-122.784581747161,5600,POINT (-122.784581747161 49.3023577413796)
229,2025,1766793600000,Theft from Auto,3124-3163 Beacon Drive,COQUITLAM,49.26952274169,-122.809762289482,5601,POINT (-122.809762289482 49.26952274169)
230,2025,1766966400000,Theft from Auto,300-320 Alderson Ave,COQUITLAM,49.2423061803058,-122.891113367976,5602,POINT (-122.891113367976 49.2423061803058)
231,2025,1766966400000,Theft from Auto,740-749 Townley Street,COQUITLAM,49.2631212212876,-122.874331135666,5603,POINT (-122.874331135666 49.2631212212876)
232,2025,1766880000000,Theft from Auto,2900-2915 Norman Avenue,COQUITLAM,49.270927182359,-122.800265439468,5604,POINT (-122.800265439468 49.270927182359)
233,2025,1766966400000,Theft from Auto,400-418 Mariner Way,COQUITLAM,49.2447632043843,-122.815643635291,5605,POINT (-122.815643635291 49.2447632043843)
234,2025,1766966400000,Theft from Auto,730-745 Hailey Street,COQUITLAM,49.2621536604275,-122.870212388201,5606,POINT (-122.870212388201 49.2621536604275)
235,2025,1767052800000,Theft from Auto,120-155 Glacier Street,COQUITLAM,49.2342586534811,-122.817607605204,5607,POINT (-122.817607605204 49.2342586534811)
236,2025,1766966400000,Theft from Auto,544-616 Austin Avenue,COQUITLAM,49.2490777109696,-122.887539692747,5608,POINT (-122.887539692747 49.2490777109696)
237,2025,1767052800000,Theft from Auto,2552-2575 Ashurst Avenue,COQUITLAM,49.2426709962351,-122.821155924115,5609,POINT (-122.821155924115 49.2426709962351)
238,2025,1767139200000,Theft from Auto,1150-1175 Johnson Street,COQUITLAM,49.2814244393726,-122.801715590457,5610,POINT (-122.801715590457 49.2814244393726)
239,2025,1767139200000,Break & Enter - Business,571-616 Rochester Avenue,COQUITLAM,49.2454589148262,-122.886099066138,5611,POINT (-122.886099066138 49.2454589148262)
240,2025,1756944000000,Theft from Auto,2300-2381 Rogers Avenue,COQUITLAM,49.2246242159526,-122.826879088988,5612,POINT (-122.826879088988 49.2246242159526)
241,2025,1757030400000,Break & Enter - Business,500-510 Smith Avenue,COQUITLAM,49.2603586656488,-122.892648486785,5613,POINT (-122.892648486785 49.2603586656488)
242,2025,1757030400000,Theft of Auto,1100-1400 Woolridge Street,COQUITLAM,49.2325311123964,-122.857511681314,5614,POINT (-122.857511681314 49.2325311123964)
243,2025,1758067200000,Theft from Auto,2754-2791 Cultus Court,COQUITLAM,49.2520549343748,-122.807392929697,5615,POINT (-122.807392929697 49.2520549343748)
244,2025,1758067200000,Theft from Auto,2754-2791 Cultus Court,COQUITLAM,49.2520549343748,-122.807392929697,5616,POINT (-122.807392929697 49.2520549343748)
245,2025,1758153600000,Theft of Auto,2957-2995 Whisper Way,COQUITLAM,49.2961705151704,-122.789857898993,5617,POINT (-122.789857898993 49.2961705151704)
246,2025,1758240000000,Break & Enter - Business,2534-2565 Barnet Highway,COQUITLAM,49.2778329319526,-122.82176048434,5618,POINT (-122.82176048434 49.2778329319526)
247,2025,1758326400000,Theft from Auto,1447-1476 Blackwater Place,COQUITLAM,49.3001421068727,-122.780259761412,5619,POINT (-122.780259761412 49.3001421068727)
248,2025,1758499200000,Break & Enter - Business,0-0 Lamoureux Lane,COQUITLAM,49.2383302109297,-122.867146511433,5620,POINT (-122.867146511433 49.2383302109297)
249,2025,1758499200000,Theft from Auto,3000-3023 Anson Avenue,COQUITLAM,49.2778969280143,-122.794311630805,5621,POINT (-122.794311630805 49.2778969280143)
250,2025,1759276800000,Theft from Auto,1205-1249 Pinetree Way,COQUITLAM,49.2858313534337,-122.791926705921,5622,POINT (-122.791926705921 49.2858313534337)
251,2025,1759363200000,Break & Enter - Business,1105-1145 Inlet Street,COQUITLAM,49.2815560720048,-122.784230498795,5623,POINT (-122.784230498795 49.2815560720048)
252,2025,1759363200000,Theft from Auto,1100-1153 Johnson Street,COQUITLAM,49.2785079261328,-122.801734946279,5624,POINT (-122.801734946279 49.2785079261328)
253,2025,1759536000000,Theft from Auto,3531-3552 Hickstead Avenue,COQUITLAM,49.3013942860955,-122.736514613486,5625,POINT (-122.736514613486 49.3013942860955)
254,2025,1759708800000,Theft from Auto,662-669 Linton Street,COQUITLAM,49.256474638343,-122.84091554741,5626,POINT (-122.84091554741 49.256474638343)
255,2025,1759795200000,Break & Enter - Business,2700-2745 Barnet Highway,COQUITLAM,49.2778616259942,-122.810408025974,5627,POINT (-122.810408025974 49.2778616259942)
256,2025,1759881600000,Break & Enter - Business,605-648 Claremont Street,COQUITLAM,49.2650156195149,-122.890731812126,5628,POINT (-122.890731812126 49.2650156195149)
257,2025,1759881600000,Break & Enter - Business,1189-1200 Eastwood Street,COQUITLAM,49.2840443579961,-122.787960155998,5629,POINT (-122.787960155998 49.2840443579961)
258,2025,1759881600000,Theft from Auto,1500-1545 Shore View Place,COQUITLAM,49.3051632285474,-122.751061255628,5630,POINT (-122.751061255628 49.3051632285474)
259,2025,1759968000000,Break & Enter - Business,3100-3200 Dayanee Springs Boulevard,COQUITLAM,49.2940434183924,-122.782323667339,5631,POINT (-122.782323667339 49.2940434183924)
260,2025,1760054400000,Theft from Auto,1270-1331 Lansdowne Drive,COQUITLAM,49.2890371895951,-122.819599592326,5632,POINT (-122.819599592326 49.2890371895951)
261,2025,1760400000000,Theft from Auto,1140-1145 Falcon Drive,COQUITLAM,49.2805178723311,-122.818377735274,5633,POINT (-122.818377735274 49.2805178723311)
262,2025,1760486400000,Break & Enter - Business,900-925 Lougheed Highway,COQUITLAM,49.2367641466831,-122.872456854416,5634,POINT (-122.872456854416 49.2367641466831)
263,2025,1760572800000,Theft from Auto,2535-2549 Fuchsia Place,COQUITLAM,49.2936703981293,-122.819897947568,5635,POINT (-122.819897947568 49.2936703981293)
264,2025,1761264000000,Theft from Auto,3141-3171 Sechelt Drive,COQUITLAM,49.2853046735285,-122.781880521719,5636,POINT (-122.781880521719 49.2853046735285)
265,2025,1761436800000,Theft from Auto,1066-1081 Buoy Drive,COQUITLAM,49.2746716024918,-122.821041799738,5637,POINT (-122.821041799738 49.2746716024918)
266,2025,1762214400000,Theft of Auto,1100-1153 Johnson Street,COQUITLAM,49.2785079261328,-122.801734946279,5638,POINT (-122.801734946279 49.2785079261328)
267,2025,1762214400000,Theft from Auto,1185-1213 Pacific Street,COQUITLAM,49.2835769320332,-122.798533696623,5639,POINT (-122.798533696623 49.2835769320332)
268,2025,1762473600000,Break & Enter - Business,2750-2881 Barnet Highway,COQUITLAM,49.2776863015988,-122.805257914762,5640,POINT (-122.805257914762 49.2776863015988)
269,2025,1762732800000,Break & Enter - Business,1-14 King Edward Street,COQUITLAM,49.2296850720854,-122.861586893866,5641,POINT (-122.861586893866 49.2296850720854)
270,2025,1762905600000,Theft from Auto,2560-2568 Runnel Drive,COQUITLAM,49.2788662674732,-122.819331985614,5642,POINT (-122.819331985614 49.2788662674732)
271,2025,1762992000000,Break & Enter - Business,522-609 Cottonwood Avenue,COQUITLAM,49.2588327956282,-122.888584315666,5643,POINT (-122.888584315666 49.2588327956282)
272,2025,1763251200000,Break & Enter - Business,522-609 Cottonwood Avenue,COQUITLAM,49.2588327956282,-122.888584315666,5644,POINT (-122.888584315666 49.2588327956282)
273,2025,1763337600000,Theft of Auto,564-588 Gatensbury Street,COQUITLAM,49.2532621061706,-122.857896631082,5645,POINT (-122.857896631082 49.2532621061706)
274,2025,1763424000000,Theft from Auto,2161-2348 Cape Horn Avenue,COQUITLAM,49.2317253893828,-122.83275410329,5646,POINT (-122.83275410329 49.2317253893828)
275,2025,1763596800000,Theft from Auto,1022-1071 Austin Avenue,COQUITLAM,49.2490028066417,-122.863940671901,5647,POINT (-122.863940671901 49.2490028066417)
276,2025,1763683200000,Theft from Auto,321-4563 North Road,COQUITLAM,49.2447285939256,-122.892614672845,5648,POINT (-122.892614672845 49.2447285939256)
277,2025,1763683200000,Theft from Auto,955-980 Laurel Court,COQUITLAM,49.2685503067736,-122.800519052496,5649,POINT (-122.800519052496 49.2685503067736)
278,2025,1763683200000,Theft from Auto,321-4563 North Road,COQUITLAM,49.2447285939256,-122.892614672845,5650,POINT (-122.892614672845 49.2447285939256)
279,2025,1763683200000,Break & Enter - Residence,2500-2520 Quartz Place,COQUITLAM,49.3059503229373,-122.82127915199,5651,POINT (-122.82127915199 49.3059503229373)
280,2025,1763856000000,Theft from Auto,1620-1636 Salal Crescent,COQUITLAM,49.3040126388044,-122.807651417703,5652,POINT (-122.807651417703 49.3040126388044)
281,2025,1763942400000,Theft from Auto,3250-3291 Pinehurst Place,COQUITLAM,49.3141883220711,-122.791480639259,5653,POINT (-122.791480639259 49.3141883220711)
282,2025,1764115200000,Theft from Auto,700-730 Grover Avenue,COQUITLAM,49.2627911249491,-122.882214892682,5654,POINT (-122.882214892682 49.2627911249491)
283,2025,1764115200000,Theft of Auto,700-730 Grover Avenue,COQUITLAM,49.2627911249491,-122.882214892682,5655,POINT (-122.882214892682 49.2627911249491)
284,2025,1764201600000,Break & Enter - Residence,1576-1697 Austin Avenue,COQUITLAM,49.2490007485533,-122.848630925529,5656,POINT (-122.848630925529 49.2490007485533)
285,2025,1764288000000,Theft from Auto,1200-1235 Lansdowne Drive,COQUITLAM,49.2851251261276,-122.810598804918,5657,POINT (-122.810598804918 49.2851251261276)
286,2025,1764374400000,Theft from Auto,2656-2697 Burnside Place,COQUITLAM,49.2797944476838,-122.810185127985,5658,POINT (-122.810185127985 49.2797944476838)
287,2025,1764374400000,Theft from Auto,851-900 Sharpe Street,COQUITLAM,49.2655951904081,-122.799163537538,5659,POINT (-122.799163537538 49.2655951904081)
288,2025,1764460800000,Theft from Auto,490-499 Hickey Drive,COQUITLAM,49.2486204422108,-122.824438801119,5660,POINT (-122.824438801119 49.2486204422108)
289,2025,1764374400000,Theft of Auto,2329-2396 Cape Horn Avenue,COQUITLAM,49.2353690823001,-122.82837381246,5661,POINT (-122.82837381246 49.2353690823001)
290,2025,1764374400000,Break & Enter - Residence,507-525 Joyce Street,COQUITLAM,49.2497376206301,-122.873310757003,5662,POINT (-122.873310757003 49.2497376206301)
291,2025,1764460800000,Theft from Auto,224-229 Marmont Street,COQUITLAM,49.2407000591351,-122.862273543584,5663,POINT (-122.862273543584 49.2407000591351)
292,2025,1764720000000,Theft from Auto,957-963 Brunette Avenue,COQUITLAM,49.2374757779152,-122.868559877725,5664,POINT (-122.868559877725 49.2374757779152)
293,2025,1764806400000,Break & Enter - Residence,3033-3075 Robson Drive,COQUITLAM,49.298335121332,-122.786984825742,5665,POINT (-122.786984825742 49.298335121332)
294,2025,1764979200000,Theft from Auto,650-751 Edgar Avenue,COQUITLAM,49.2425891174378,-122.881526725426,5666,POINT (-122.881526725426 49.2425891174378)
295,2025,1765152000000,Break & Enter - Residence,644-659 Porter Street,COQUITLAM,49.256586804014,-122.863369068733,5667,POINT (-122.863369068733 49.256586804014)
296,2025,1765324800000,Break & Enter - Business,1350-1449 United Boulevard,COQUITLAM,49.229160809221,-122.850661919291,5668,POINT (-122.850661919291 49.229160809221)
297,2025,1765324800000,Break & Enter - Residence,728-740 Guiltner Street,COQUITLAM,49.2622684169181,-122.878481622783,5669,POINT (-122.878481622783 49.2622684169181)
298,2025,1765411200000,Break & Enter - Business,65-77 Clipper Street,COQUITLAM,49.2284387831612,-122.852821116341,5670,POINT (-122.852821116341 49.2284387831612)
299,2025,1765584000000,Theft from Auto,1407-1418 El Camino Drive,COQUITLAM,49.2968744582286,-122.777234089858,5671,POINT (-122.777234089858 49.2968744582286)
300,2025,1765670400000,Theft from Auto,65-77 Clipper Street,COQUITLAM,49.2284387831612,-122.852821116341,5672,POINT (-122.852821116341 49.2284387831612)
301,2025,1765584000000,Break & Enter - Residence,750-903 Sprice Avenue,COQUITLAM,49.2572316257717,-122.875594263326,5673,POINT (-122.875594263326 49.2572316257717)
302,2025,1765756800000,Break & Enter - Business,617-699 Lougheed Highway,COQUITLAM,49.2406717714284,-122.883137650252,5674,POINT (-122.883137650252 49.2406717714284)
303,2025,1765756800000,Break & Enter - Residence,2600-2622 Uplands Court,COQUITLAM,49.293669220702,-122.812693682889,5675,POINT (-122.812693682889 49.293669220702)
304,2025,1765756800000,Theft from Auto,3530-3579 McVicar Court,COQUITLAM,49.2964309987205,-122.737141609703,5676,POINT (-122.737141609703 49.2964309987205)
305,2025,1765843200000,Theft from Auto,1535-1541 Dayton Street,COQUITLAM,49.3070701718966,-122.752013194217,5677,POINT (-122.752013194217 49.3070701718966)
306,2025,1766188800000,Break & Enter - Residence,2929-2970 Cougar Court,COQUITLAM,49.3012859275936,-122.787003108438,5678,POINT (-122.787003108438 49.3012859275936)
307,2025,1766188800000,Theft from Auto,1009-1021 Spring Avenue,COQUITLAM,49.2692357439077,-122.865096294102,5679,POINT (-122.865096294102 49.2692357439077)
308,2025,1766361600000,Break & Enter - Business,1022-1071 Austin Avenue,COQUITLAM,49.2490028066417,-122.863940671901,5680,POINT (-122.863940671901 49.2490028066417)
309,2025,1766361600000,Theft from Auto,1100-1153 Johnson Street,COQUITLAM,49.2785079261328,-122.801734946279,5681,POINT (-122.801734946279 49.2785079261328)
310,2025,1766448000000,Theft from Auto,1400-1412 Duchess Street,COQUITLAM,49.2989002945386,-122.755214380932,5682,POINT (-122.755214380932 49.2989002945386)
311,2025,1766534400000,Theft from Auto,1409-1426 Garibaldi Place,COQUITLAM,49.2990332783276,-122.784922923719,5683,POINT (-122.784922923719 49.2990332783276)
312,2025,1766534400000,Theft from Auto,1409-1426 Garibaldi Place,COQUITLAM,49.2990332783276,-122.784922923719,5684,POINT (-122.784922923719 49.2990332783276)
313,2025,1766534400000,Break & Enter - Residence,1044-1219 Cottonwood Avenue,COQUITLAM,49.2579888273412,-122.859849159547,5685,POINT (-122.859849159547 49.2579888273412)
314,2025,1766880000000,Theft from Auto,601-3055 North Road,COQUITLAM,49.2543009199358,-122.892918592472,5686,POINT (-122.892918592472 49.2543009199358)
315,2025,1766880000000,Theft from Auto,622-771 Austin Avenue,COQUITLAM,49.2490360791166,-122.881396966811,5687,POINT (-122.881396966811 49.2490360791166)
316,2025,1766880000000,Theft from Auto,2560-2595 Passage Drive,COQUITLAM,49.27518505462,-122.819172969145,5688,POINT (-122.819172969145 49.27518505462)
317,2025,1766966400000,Theft from Auto,1009-1021 Spring Avenue,COQUITLAM,49.2692357439077,-122.865096294102,5689,POINT (-122.865096294102 49.2692357439077)
318,2025,1766966400000,Theft from Auto,1044-1120 Como Lake Avenue,COQUITLAM,49.2635173985198,-122.861940720861,5690,POINT (-122.861940720861 49.2635173985198)
319,2025,1766966400000,Theft from Auto,3228-3260 Mariner Way,COQUITLAM,49.2728182459883,-122.80637122176,5691,POINT (-122.80637122176 49.2728182459883)
320,2025,1767052800000,Theft from Auto,3010- Riverbend Drive,COQUITLAM,49.2637929195132,-122.791191541924,5692,POINT (-122.791191541924 49.2637929195132)
321,2025,1767052800000,Theft from Auto,1374-1383 Dansey Avenue,COQUITLAM,49.2472276230371,-122.855868642188,5693,POINT (-122.855868642188 49.2472276230371)
322,2025,1764028800000,Break & Enter - Business,3042-3099 Lincoln Avenue,COQUITLAM,49.2789358223609,-122.789572274079,5694,POINT (-122.789572274079 49.2789358223609)
1,2026,1767225600000,Break & Enter - Residence,544-616 Austin Avenue,COQUITLAM,49.2490777109696,-122.887539692747,5695,POINT (-122.887539692747 49.2490777109696)
2,2026,1767312000000,Theft from Auto,147-198 Baltic Street,COQUITLAM,49.2349573029707,-122.838187889568,5696,POINT (-122.838187889568 49.2349573029707)
3,2026,1767312000000,Theft from Auto,657-659 Whiting Way,COQUITLAM,49.257121820639,-122.891880654671,5697,POINT (-122.891880654671 49.257121820639)
4,2026,1767312000000,Theft of Auto,657-659 Whiting Way,COQUITLAM,49.257121820639,-122.891880654671,5698,POINT (-122.891880654671 49.257121820639)
5,2026,1767312000000,Theft from Auto,2537-2550 Quay Place,COQUITLAM,49.2734990011147,-122.821137445751,5699,POINT (-122.821137445751 49.2734990011147)
6,2026,1767312000000,Theft from Auto,2426-2469 Cape Horn Avenue,COQUITLAM,49.2385614793336,-122.824906363882,5700,POINT (-122.824906363882 49.2385614793336)
7,2026,1767312000000,Break & Enter - Residence,514-580 Webster Avenue,COQUITLAM,49.2550180727476,-122.889807771846,5701,POINT (-122.889807771846 49.2550180727476)
8,2026,1767484800000,Break & Enter - Residence,600-610 Decker Place,COQUITLAM,49.2547836508572,-122.811285061044,5702,POINT (-122.811285061044 49.2547836508572)
9,2026,1767484800000,Theft from Auto,3368-3379 Highland Drive,COQUITLAM,49.3002107909885,-122.758137821718,5703,POINT (-122.758137821718 49.3002107909885)
10,2026,1767484800000,Break & Enter - Business,0-0 Holly Drive,COQUITLAM,49.2509396073494,-122.802845080412,5704,POINT (-122.802845080412 49.2509396073494)
11,2026,1767398400000,Break & Enter - Business,662-669 Linton Street,COQUITLAM,49.256474638343,-122.84091554741,5705,POINT (-122.84091554741 49.256474638343)
12,2026,1767657600000,Break & Enter - Business,1400-1421 Johnson Street,COQUITLAM,49.2972989086082,-122.801643503954,5706,POINT (-122.801643503954 49.2972989086082)
13,2026,1767657600000,Theft from Auto,950-980 Birchbrook Place,COQUITLAM,49.2676088426836,-122.793038955808,5707,POINT (-122.793038955808 49.2676088426836)
14,2026,1767657600000,Break & Enter - Residence,925-932 Cottonwood Avenue,COQUITLAM,49.2580966863128,-122.869544877141,5708,POINT (-122.869544877141 49.2580966863128)
15,2026,1767830400000,Theft from Auto,586-600 Nicola Avenue,COQUITLAM,49.2689630868581,-122.889432896939,5709,POINT (-122.889432896939 49.2689630868581)
16,2026,1767830400000,Theft from Auto,1300-1324 Ketch Court,COQUITLAM,49.2276096248897,-122.854070360865,5710,POINT (-122.854070360865 49.2276096248897)
17,2026,1767830400000,Theft from Auto,1022-1071 Austin Avenue,COQUITLAM,49.2490028066417,-122.863940671901,5711,POINT (-122.863940671901 49.2490028066417)
18,2026,1767830400000,Theft from Auto,1022-1071 Austin Avenue,COQUITLAM,49.2490028066417,-122.863940671901,5712,POINT (-122.863940671901 49.2490028066417)
19,2026,1767916800000,Theft from Auto,1700-1792 Rochester Avenue,COQUITLAM,49.2450252203084,-122.845226995052,5713,POINT (-122.845226995052 49.2450252203084)
20,2026,1767916800000,Break & Enter - Business,605-648 Claremont Street,COQUITLAM,49.2650156195149,-122.890731812126,5714,POINT (-122.890731812126 49.2650156195149)
21,2026,1768003200000,Theft from Auto,500-536 Austin Avenue,COQUITLAM,49.2491065062694,-122.890789590076,5715,POINT (-122.890789590076 49.2491065062694)
22,2026,1768089600000,Break & Enter - Business,11-25 King Edward Street,COQUITLAM,49.2324493710326,-122.86161577216,5716,POINT (-122.86161577216 49.2324493710326)
23,2026,1768176000000,Break & Enter - Business,1400-1421 Johnson Street,COQUITLAM,49.2972989086082,-122.801643503954,5717,POINT (-122.801643503954 49.2972989086082)
24,2026,1768089600000,Break & Enter - Business,1400-1421 Johnson Street,COQUITLAM,49.2972989086082,-122.801643503954,5718,POINT (-122.801643503954 49.2972989086082)
25,2026,1768262400000,Break & Enter - Business,2750-2881 Barnet Highway,COQUITLAM,49.2776863015988,-122.805257914762,5719,POINT (-122.805257914762 49.2776863015988)
26,2026,1768262400000,Break & Enter - Business,403-3965 North Road,COQUITLAM,49.2475564756503,-122.892692111683,5720,POINT (-122.892692111683 49.2475564756503)
27,2026,1768348800000,Theft from Auto,65-77 Clipper Street,COQUITLAM,49.2284387831612,-122.852821116341,5721,POINT (-122.852821116341 49.2284387831612)
28,2026,1768435200000,Theft of Auto,3100-3135 Ozada Avenue,COQUITLAM,49.2857528233446,-122.783926801421,5722,POINT (-122.783926801421 49.2857528233446)
29,2026,1768435200000,Theft from Auto,2602-2768 Dewdney Trunk Road,COQUITLAM,49.2759958680681,-122.813483537106,5723,POINT (-122.813483537106 49.2759958680681)
30,2026,1768435200000,Theft from Auto,881-892 Glenayre Drive,COQUITLAM,49.2703005807978,-122.879834666836,5724,POINT (-122.879834666836 49.2703005807978)
31,2026,1768521600000,Theft from Auto,3400-3412 Harper Road,COQUITLAM,49.3043320640962,-122.752673779311,5725,POINT (-122.752673779311 49.3043320640962)
32,2026,1768521600000,Theft from Auto,3230-3264 Mayne Crescent,COQUITLAM,49.2871918453596,-122.774689797717,5726,POINT (-122.774689797717 49.2871918453596)
33,2026,1768521600000,Theft from Auto,451-499 Marmont Street,COQUITLAM,49.2493449626457,-122.862199555889,5727,POINT (-122.862199555889 49.2493449626457)
34,2026,1768435200000,Theft from Auto,1216-1235 Johnson Street,COQUITLAM,49.2863665026518,-122.801623605347,5728,POINT (-122.801623605347 49.2863665026518)
35,2026,1768608000000,Break & Enter - Business,522-609 Cottonwood Avenue,COQUITLAM,49.2588327956282,-122.888584315666,5729,POINT (-122.888584315666 49.2588327956282)
36,2026,1768608000000,Theft from Auto,2170-2389 Parkway Boulevard,COQUITLAM,49.3191454976168,-122.794760679074,5730,POINT (-122.794760679074 49.3191454976168)
37,2026,1768608000000,Break & Enter - Business,500-510 Mariner Way,COQUITLAM,49.250540868763,-122.815712547958,5731,POINT (-122.815712547958 49.250540868763)
38,2026,1768694400000,Break & Enter - Business,451-499 Marmont Street,COQUITLAM,49.2493449626457,-122.862199555889,5732,POINT (-122.862199555889 49.2493449626457)
39,2026,1768780800000,Theft from Auto,1160-1191 Creekside Drive,COQUITLAM,49.2813967433108,-122.811071648922,5733,POINT (-122.811071648922 49.2813967433108)
40,2026,1768780800000,Theft from Auto,2656-2697 Burnside Place,COQUITLAM,49.2797944476838,-122.810185127985,5734,POINT (-122.810185127985 49.2797944476838)
41,2026,1768780800000,Break & Enter - Business,2400-2598 Como Lake Avenue,COQUITLAM,49.2631657762512,-122.820797408212,5735,POINT (-122.820797408212 49.2631657762512)
42,2026,1768867200000,Break & Enter - Business,50-99 Schooner Street,COQUITLAM,49.227108640023,-122.83996935061,5736,POINT (-122.83996935061 49.227108640023)
43,2026,1768953600000,Break & Enter - Residence,3090-3100 Windsor Gate,COQUITLAM,49.2798580239714,-122.78644636922,5737,POINT (-122.78644636922 49.2798580239714)
44,2026,1769126400000,Break & Enter - Business,107-111 Woolridge Street,COQUITLAM,49.2353581009978,-122.868681434713,5738,POINT (-122.868681434713 49.2353581009978)
45,2026,1769299200000,Break & Enter - Residence,2975-2995 Princess Crescent,COQUITLAM,49.2860697608612,-122.796453003667,5739,POINT (-122.796453003667 49.2860697608612)
46,2026,1769299200000,Theft from Auto,50-99 Schooner Street,COQUITLAM,49.227108640023,-122.83996935061,5740,POINT (-122.83996935061 49.227108640023)
47,2026,1769299200000,Break & Enter - Residence,2975-2995 Princess Crescent,COQUITLAM,49.2860697608612,-122.796453003667,5741,POINT (-122.796453003667 49.2860697608612)
48,2026,1769299200000,Break & Enter - Business,2975-2995 Princess Crescent,COQUITLAM,49.2860697608612,-122.796453003667,5742,POINT (-122.796453003667 49.2860697608612)
49,2026,1769299200000,Theft from Auto,65-77 Clipper Street,COQUITLAM,49.2284387831612,-122.852821116341,5743,POINT (-122.852821116341 49.2284387831612)
50,2026,1769385600000,Break & Enter - Residence,439-440 Blue Mountain Street,COQUITLAM,49.2476078809975,-122.870807833966,5744,POINT (-122.870807833966 49.2476078809975)
51,2026,1769385600000,Theft from Auto,1160-1198 Shelter Crescent,COQUITLAM,49.2841536792651,-122.780222262221,5745,POINT (-122.780222262221 49.2841536792651)
52,2026,1768176000000,Theft of Auto,2890-2898 Delahaye Drive,COQUITLAM,49.2931481528463,-122.80144445575,5746,POINT (-122.80144445575 49.2931481528463)
53,2026,1769385600000,Theft from Auto,65-77 Clipper Street,COQUITLAM,49.2284387831612,-122.852821116341,5747,POINT (-122.852821116341 49.2284387831612)
54,2026,1769385600000,Theft from Auto,1155-1173 Inlet Street,COQUITLAM,49.2831428463827,-122.78321318754,5748,POINT (-122.78321318754 49.2831428463827)
55,2026,1769385600000,Theft from Auto,3141-3171 Sechelt Drive,COQUITLAM,49.2853046735285,-122.781880521719,5749,POINT (-122.781880521719 49.2853046735285)
56,2026,1769472000000,Theft from Auto,1012-1096 Corona Crescent,COQUITLAM,49.2726553559289,-122.827423082408,5750,POINT (-122.827423082408 49.2726553559289)
57,2026,1769385600000,Theft from Auto,3150-3189 Tahsis Avenue,COQUITLAM,49.2822931434903,-122.780703513481,5751,POINT (-122.780703513481 49.2822931434903)
58,2026,1769558400000,Theft of Auto,1845-1869 Harbour Drive,COQUITLAM,49.2709709191797,-122.842410365548,5752,POINT (-122.842410365548 49.2709709191797)
59,2026,1769644800000,Theft from Auto,1231-1246 Hornby Street,COQUITLAM,49.2888358791451,-122.777332828324,5753,POINT (-122.777332828324 49.2888358791451)
60,2026,1769644800000,Theft from Auto,1243-1269 River Drive,COQUITLAM,49.2904279820267,-122.770829230498,5754,POINT (-122.770829230498 49.2904279820267)
61,2026,1769731200000,Break & Enter - Business,17-48 Fawcett Road,COQUITLAM,49.224499597798,-122.834167617274,5755,POINT (-122.834167617274 49.224499597798)
62,2026,1769644800000,Break & Enter - Residence,451-498 Cariboo Crescent,COQUITLAM,49.2486454262151,-122.812450975718,5756,POINT (-122.812450975718 49.2486454262151)
63,2026,1769817600000,Theft from Auto,800-921 Cottonwood Avenue,COQUITLAM,49.2581289329332,-122.873795120639,5757,POINT (-122.873795120639 49.2581289329332)
64,2026,1769990400000,Break & Enter - Business,1100-1400 Woolridge Street,COQUITLAM,49.2325311123964,-122.857511681314,5758,POINT (-122.857511681314 49.2325311123964)
65,2026,1770076800000,Theft from Auto,1035-1064 Howie Avenue,COQUITLAM,49.2505675902749,-122.86388161894,5759,POINT (-122.86388161894 49.2505675902749)
66,2026,1770076800000,Theft from Auto,1503-1600 Broadview Court,COQUITLAM,49.2666401626539,-122.850096524759,5760,POINT (-122.850096524759 49.2666401626539)
67,2026,1770076800000,Break & Enter - Business,80-169 Golden Drive,COQUITLAM,49.2326563107605,-122.823430250462,5761,POINT (-122.823430250462 49.2326563107605)
68,2026,1770163200000,Theft from Auto,3124-3163 Beacon Drive,COQUITLAM,49.26952274169,-122.809762289482,5762,POINT (-122.809762289482 49.26952274169)
69,2026,1770249600000,Theft from Auto,948-953 Brunette Avenue,COQUITLAM,49.2374002682933,-122.868939596595,5763,POINT (-122.868939596595 49.2374002682933)
70,2026,1770249600000,Break & Enter - Residence,3380-3404 Devonshire Avenue,COQUITLAM,49.3015119465747,-122.75507727846,5764,POINT (-122.75507727846 49.3015119465747)
71,2026,1770163200000,Break & Enter - Business,500-551 Emerson Street,COQUITLAM,49.2609728924934,-122.888201126756,5765,POINT (-122.888201126756 49.2609728924934)
72,2026,1770336000000,Theft from Auto,65-70 North Bend Street,COQUITLAM,49.2300120852247,-122.820839098272,5766,POINT (-122.820839098272 49.2300120852247)
73,2026,1769385600000,Break & Enter - Business,1-14 King Edward Street,COQUITLAM,49.2280091723059,-122.861585565642,5767,POINT (-122.861585565642 49.2280091723059)
74,2026,1770336000000,Theft of Auto,717-728 Henderson Avenue,COQUITLAM,49.2368407225586,-122.877731401976,5768,POINT (-122.877731401976 49.2368407225586)
75,2026,1770336000000,Theft from Auto,1568-1579 Warbler Lane,COQUITLAM,49.3031873583051,-122.781860952616,5769,POINT (-122.781860952616 49.3031873583051)
76,2026,1770336000000,Break & Enter - Business,617-699 Lougheed Highway,COQUITLAM,49.2406717714284,-122.883137650252,5770,POINT (-122.883137650252 49.2406717714284)
77,2026,1770508800000,Theft from Auto,179-281 Warrick Street,COQUITLAM,49.2362716739738,-122.828949613191,5771,POINT (-122.828949613191 49.2362716739738)
78,2026,1770508800000,Theft from Auto,2721-2753 Westlake Drive,COQUITLAM,49.2567347904954,-122.813116437853,5772,POINT (-122.813116437853 49.2567347904954)
79,2026,1770422400000,Theft from Auto,1100-1153 Johnson Street,COQUITLAM,49.2785079261328,-122.801734946279,5773,POINT (-122.801734946279 49.2785079261328)
80,2026,1770595200000,Theft from Auto,2740-2745 Canim Avenue,COQUITLAM,49.2473822040033,-122.811602238136,5774,POINT (-122.811602238136 49.2473822040033)
81,2026,1770681600000,Break & Enter - Business,50-99 Schooner Street,COQUITLAM,49.227108640023,-122.83996935061,5775,POINT (-122.83996935061 49.227108640023)
82,2026,1770768000000,Theft from Auto,1000-1025 Austin Avenue,COQUITLAM,49.249001855801,-122.866666608771,5776,POINT (-122.866666608771 49.249001855801)
83,2026,1770854400000,Theft from Auto,1100-1153 Johnson Street,COQUITLAM,49.2785079261328,-122.801734946279,5777,POINT (-122.801734946279 49.2785079261328)
84,2026,1770854400000,Break & Enter - Business,709-726 Ducklow Street,COQUITLAM,49.2608592507703,-122.881998432409,5778,POINT (-122.881998432409 49.2608592507703)
85,2026,1770854400000,Theft from Auto,1100-1153 Johnson Street,COQUITLAM,49.2785079261328,-122.801734946279,5779,POINT (-122.801734946279 49.2785079261328)
86,2026,1770854400000,Theft from Auto,1100-1153 Johnson Street,COQUITLAM,49.2785079261328,-122.801734946279,5780,POINT (-122.801734946279 49.2785079261328)
87,2026,1770854400000,Break & Enter - Business,900-925 Lougheed Highway,COQUITLAM,49.2367641466831,-122.872456854416,5781,POINT (-122.872456854416 49.2367641466831)
88,2026,1770854400000,Theft from Auto,1220-1400 Seguin Drive,COQUITLAM,49.2342933171934,-122.85602817544,5782,POINT (-122.85602817544 49.2342933171934)
89,2026,1770940800000,Break & Enter - Business,608-621 Cottonwood Avenue,COQUITLAM,49.2587935633341,-122.885600830824,5783,POINT (-122.885600830824 49.2587935633341)
90,2026,1770940800000,Break & Enter - Residence,721-771 Delestre Avenue,COQUITLAM,49.2417084889159,-122.878388231601,5784,POINT (-122.878388231601 49.2417084889159)
91,2026,1770940800000,Theft of Auto,1037-1070 Madore Avenue,COQUITLAM,49.246233534137,-122.863652243634,5785,POINT (-122.863652243634 49.246233534137)
92,2026,1770940800000,Break & Enter - Business,709-726 Ducklow Street,COQUITLAM,49.2608592507703,-122.881998432409,5786,POINT (-122.881998432409 49.2608592507703)
93,2026,1771027200000,Theft from Auto,80-169 Golden Drive,COQUITLAM,49.2326563107605,-122.823430250462,5787,POINT (-122.823430250462 49.2326563107605)
94,2026,1771113600000,Theft from Auto,0-0 Highway Ramp,COQUITLAM,49.2305020535698,-122.826801573615,5788,POINT (-122.826801573615 49.2305020535698)
95,2026,1771200000000,Theft from Auto,960-995 Adair Avenue,COQUITLAM,49.2367664196031,-122.868407235048,5789,POINT (-122.868407235048 49.2367664196031)
96,2026,1771286400000,Break & Enter - Business,608-621 Cottonwood Avenue,COQUITLAM,49.2587935633341,-122.885600830824,5790,POINT (-122.885600830824 49.2587935633341)
97,2026,1771286400000,Theft from Auto,880-3094 Westwood Street,COQUITLAM,49.2666362118808,-122.790715672107,5791,POINT (-122.790715672107 49.2666362118808)
98,2026,1771286400000,Theft from Auto,275-343 Leroy Street,COQUITLAM,49.2395512116961,-122.835592969054,5792,POINT (-122.835592969054 49.2395512116961)
99,2026,1771372800000,Theft from Auto,510-520  ,COQUITLAM,49.2747649510087,-122.799612117155,5793,POINT (-122.799612117155 49.2747649510087)
100,2026,1771459200000,Theft from Auto,3141-3171 Sechelt Drive,COQUITLAM,49.2853046735285,-122.781880521719,5794,POINT (-122.781880521719 49.2853046735285)
101,2026,1771372800000,Break & Enter - Residence,846-914 Seymour Drive,COQUITLAM,49.2657230209929,-122.827157227622,5795,POINT (-122.827157227622 49.2657230209929)
102,2026,1771372800000,Theft from Auto,301-312 Dartmoor Drive,COQUITLAM,49.2404206851978,-122.821056032354,5796,POINT (-122.821056032354 49.2404206851978)
103,2026,1771459200000,Theft from Auto,1185-1199 Westwood Street,COQUITLAM,49.2839641880202,-122.790462701786,5797,POINT (-122.790462701786 49.2839641880202)
104,2026,1771459200000,Theft from Auto,972-1014 Winslow Avenue,COQUITLAM,49.2539255614952,-122.86656561822,5798,POINT (-122.86656561822 49.2539255614952)
105,2026,1771545600000,Theft from Auto,681-701 MacIntosh Street,COQUITLAM,49.2590409925632,-122.866100447259,5799,POINT (-122.866100447259 49.2590409925632)
106,2026,1771545600000,Theft from Auto,2248-2262 Paradise Avenue,COQUITLAM,49.2418397574987,-122.830538788951,5800,POINT (-122.830538788951 49.2418397574987)
107,2026,1771459200000,Break & Enter - Business,520-540 Gatensbury Street,COQUITLAM,49.2509609373288,-122.857959824861,5801,POINT (-122.857959824861 49.2509609373288)
108,2026,1771545600000,Theft from Auto,320-333 Nelson Street,COQUITLAM,49.2431187834777,-122.865114175773,5802,POINT (-122.865114175773 49.2431187834777)
109,2026,1771632000000,Theft from Auto,603-620 Regan Avenue,COQUITLAM,49.2622047824503,-122.885791471986,5803,POINT (-122.885791471986 49.2622047824503)
110,2026,1771545600000,Theft from Auto,2230-2263 Brisco Court,COQUITLAM,49.2412077570328,-122.831923893546,5804,POINT (-122.831923893546 49.2412077570328)
111,2026,1771545600000,Break & Enter - Residence,2025-2080 Craigen Avenue,COQUITLAM,49.2366685144023,-122.838646578858,5805,POINT (-122.838646578858 49.2366685144023)
112,2026,1771632000000,Break & Enter - Business,571-616 Rochester Avenue,COQUITLAM,49.2454597604615,-122.886218467353,5806,POINT (-122.886218467353 49.2454597604615)
113,2026,1771632000000,Theft of Auto,682-689 Schoolhouse Street,COQUITLAM,49.2592383702,-122.85212607225,5807,POINT (-122.85212607225 49.2592383702)
114,2026,1771632000000,Break & Enter - Residence,540-559 Foster Avenue,COQUITLAM,49.2567751288271,-122.888101881107,5808,POINT (-122.888101881107 49.2567751288271)
115,2026,1771718400000,Break & Enter - Business,369-394 Guilby Street,COQUITLAM,49.2447213370962,-122.885232267377,5809,POINT (-122.885232267377 49.2447213370962)
116,2026,1771718400000,Break & Enter - Business,3380-3400 David Avenue,COQUITLAM,49.2930520635991,-122.75273270392,5810,POINT (-122.75273270392 49.2930520635991)
117,2026,1771632000000,Break & Enter - Business,732-750 Anskar Court,COQUITLAM,49.2671871813035,-122.881085822166,5811,POINT (-122.881085822166 49.2671871813035)
118,2026,1771804800000,Theft of Auto,435-480 Decaire Street,COQUITLAM,49.247634365922,-122.850083317535,5812,POINT (-122.850083317535 49.247634365922)
119,2026,1771804800000,Theft from Auto,1815-1858 Haversley Avenue,COQUITLAM,49.2498809410332,-122.84310914991,5813,POINT (-122.84310914991 49.2498809410332)
120,2026,1771804800000,Theft from Auto,503-537 Draycott Street,COQUITLAM,49.2499000185041,-122.837019232836,5814,POINT (-122.837019232836 49.2499000185041)
121,2026,1771804800000,Break & Enter - Business,520-540 Gatensbury Street,COQUITLAM,49.2509609373288,-122.857959824861,5815,POINT (-122.857959824861 49.2509609373288)
122,2026,1771804800000,Break & Enter - Business,608-621 Cottonwood Avenue,COQUITLAM,49.2587935633341,-122.885600830824,5816,POINT (-122.885600830824 49.2587935633341)
123,2026,1771891200000,Theft of Auto,506-545 Whiting Way,COQUITLAM,49.2496008063307,-122.890444268406,5817,POINT (-122.890444268406 49.2496008063307)
124,2026,1771891200000,Theft from Auto,1950-1999 Lemax Avenue,COQUITLAM,49.2525403291563,-122.838891022357,5818,POINT (-122.838891022357 49.2525403291563)
125,2026,1772150400000,Theft from Auto,546-611 Dansey Avenue,COQUITLAM,49.247209738084,-122.887498839913,5819,POINT (-122.887498839913 49.247209738084)
126,2026,1772150400000,Theft from Auto,413-414 Guilby Street,COQUITLAM,49.2467904799685,-122.885402696378,5820,POINT (-122.885402696378 49.2467904799685)
127,2026,1772150400000,Theft of Auto,1416-1424 Dalton Court,COQUITLAM,49.2456374662894,-122.852921283923,5821,POINT (-122.852921283923 49.2456374662894)
128,2026,1772236800000,Theft of Auto,3490-3529 Princeton Avenue,COQUITLAM,49.2969220963057,-122.744280002537,5822,POINT (-122.744280002537 49.2969220963057)
129,2026,1772236800000,Break & Enter - Business,1100-1119 Falcon Drive,COQUITLAM,49.278335160656,-122.818392578933,5823,POINT (-122.818392578933 49.278335160656)
130,2026,1772236800000,Theft from Auto,1001-1027 Alderson Avenue,COQUITLAM,49.2397413415554,-122.866371090074,5824,POINT (-122.866371090074 49.2397413415554)
131,2026,1772323200000,Break & Enter - Residence,2954-2973 Wagon Wheel Circle,COQUITLAM,49.2625153122166,-122.806636119192,5825,POINT (-122.806636119192 49.2625153122166)
132,2026,1772409600000,Theft from Auto,360-365 Mundy Street,COQUITLAM,49.2424262353956,-122.834238352022,5826,POINT (-122.834238352022 49.2424262353956)
133,2026,1772496000000,Theft from Auto,370-389 Montgomery Street,COQUITLAM,49.2430974101383,-122.839088750714,5827,POINT (-122.839088750714 49.2430974101383)
134,2026,1772496000000,Break & Enter - Business,709-726 Ducklow Street,COQUITLAM,49.2608592507703,-122.881998432409,5828,POINT (-122.881998432409 49.2608592507703)
135,2026,1772409600000,Theft from Auto,11-25 King Edward Street,COQUITLAM,49.2324493710326,-122.86161577216,5829,POINT (-122.86161577216 49.2324493710326)
136,2026,1772496000000,Theft from Auto,225-260 Finnigan Street,COQUITLAM,49.2380127724439,-122.836930108795,5830,POINT (-122.836930108795 49.2380127724439)
137,2026,1772668800000,Theft of Auto,2952-2995 Fleet Street,COQUITLAM,49.2620918633259,-122.812149557077,5831,POINT (-122.812149557077 49.2620918633259)
138,2026,1772668800000,Theft from Auto,630-663 Newport Street,COQUITLAM,49.2573710472733,-122.845156042919,5832,POINT (-122.845156042919 49.2573710472733)
139,2026,1772668800000,Theft from Auto,710-728 Gatensbury Street,COQUITLAM,49.261127532741,-122.857189644235,5833,POINT (-122.857189644235 49.261127532741)
140,2026,1772668800000,Theft from Auto,715-739 Farrow Street,COQUITLAM,49.2615924067573,-122.891958705782,5834,POINT (-122.891958705782 49.2615924067573)
141,2026,1772755200000,Break & Enter - Residence,1035-1064 Howie Avenue,COQUITLAM,49.2505675902749,-122.86388161894,5835,POINT (-122.86388161894 49.2505675902749)
142,2026,1772755200000,Theft from Auto,241-259 Thrift Street,COQUITLAM,49.2392207825485,-122.876896258466,5836,POINT (-122.876896258466 49.2392207825485)
143,2026,1772841600000,Theft of Auto,0-0 Highway #1 ,COQUITLAM,49.2294361692732,-122.841865279245,5837,POINT (-122.841865279245 49.2294361692732)
144,2026,1772841600000,Break & Enter - Business,622-647 Kemsley Avenue,COQUITLAM,49.2665003813413,-122.885177637149,5838,POINT (-122.885177637149 49.2665003813413)
145,2026,1772928000000,Break & Enter - Business,500-518 Marmont Street,COQUITLAM,49.2501823821875,-122.862203657691,5839,POINT (-122.862203657691 49.2501823821875)
146,2026,1773014400000,Break & Enter - Business,1103-1209 Howie Avenue,COQUITLAM,49.2505329055544,-122.860080702989,5840,POINT (-122.860080702989 49.2505329055544)
147,2026,1773014400000,Theft from Auto,500-518 Marmont Street,COQUITLAM,49.2501823821875,-122.862203657691,5841,POINT (-122.862203657691 49.2501823821875)
148,2026,1773014400000,Theft from Auto,50-99 Schooner Street,COQUITLAM,49.227108640023,-122.83996935061,5842,POINT (-122.83996935061 49.227108640023)
149,2026,1773014400000,Break & Enter - Business,980-3160 Westwood Street,COQUITLAM,49.2689806399519,-122.790632430878,5843,POINT (-122.790632430878 49.2689806399519)
150,2026,1773100800000,Theft from Auto,1908-1991 Custer Court,COQUITLAM,49.2639939699075,-122.838527192169,5844,POINT (-122.838527192169 49.2639939699075)
151,2026,1773100800000,Break & Enter - Business,530-568 Rochester Avenue,COQUITLAM,49.2454770990075,-122.888527570366,5845,POINT (-122.888527570366 49.2454770990075)
152,2026,1772928000000,Theft from Auto,150-199 Myrnam Street,COQUITLAM,49.2390952369062,-122.849218669675,5846,POINT (-122.849218669675 49.2390952369062)
153,2026,1773187200000,Theft of Auto,1035-1064 Howie Avenue,COQUITLAM,49.2505675902749,-122.86388161894,5847,POINT (-122.86388161894 49.2505675902749)
154,2026,1773187200000,Theft from Auto,3150-3189 Tahsis Avenue,COQUITLAM,49.2822931434903,-122.780703513481,5848,POINT (-122.780703513481 49.2822931434903)
155,2026,1773100800000,Theft from Auto,0-0 Highway Ramp,COQUITLAM,49.2305020535698,-122.826801573615,5849,POINT (-122.826801573615 49.2305020535698)
156,2026,1773187200000,Theft from Auto,3489-3499 Galloway Avenue,COQUITLAM,49.2956993083548,-122.743504847475,5850,POINT (-122.743504847475 49.2956993083548)
157,2026,1773273600000,Break & Enter - Business,952-1026 Ridgeway Avenue,COQUITLAM,49.2497021004355,-122.867370856678,5851,POINT (-122.867370856678 49.2497021004355)
158,2026,1773273600000,Theft from Auto,321-4563 North Road,COQUITLAM,49.2447285939256,-122.892614672845,5852,POINT (-122.892614672845 49.2447285939256)
159,2026,1773360000000,Theft of Auto,2534-2565 Barnet Highway,COQUITLAM,49.2778329319526,-122.82176048434,5853,POINT (-122.82176048434 49.2778329319526)
160,2026,1773446400000,Theft from Auto,525-568 Clarke Road,COQUITLAM,49.2610260627393,-122.890769351682,5854,POINT (-122.890769351682 49.2610260627393)
161,2026,1773446400000,Theft from Auto,525-568 Clarke Road,COQUITLAM,49.2610260627393,-122.890769351682,5855,POINT (-122.890769351682 49.2610260627393)
162,2026,1773619200000,Break & Enter - Residence,540-559 Foster Avenue,COQUITLAM,49.2567751288271,-122.888101881107,5856,POINT (-122.888101881107 49.2567751288271)
163,2026,1773619200000,Theft from Auto,510-520 Young Drive,COQUITLAM,49.2431337487999,-122.890343553159,5857,POINT (-122.890343553159 49.2431337487999)
164,2026,1773705600000,Theft of Auto,1110-1215 King Albert Avenue,COQUITLAM,49.2514337347794,-122.86014725215,5858,POINT (-122.86014725215 49.2514337347794)
165,2026,1773705600000,Theft from Auto,83-94 North Bend Street,COQUITLAM,49.2319826421555,-122.820830715711,5859,POINT (-122.820830715711 49.2319826421555)
166,2026,1773705600000,Theft from Auto,510-520  ,COQUITLAM,49.2747649510087,-122.799612117155,5860,POINT (-122.799612117155 49.2747649510087)
167,2026,1773878400000,Theft from Auto,620-644 Poirier Street,COQUITLAM,49.2549765478455,-122.846470438508,5861,POINT (-122.846470438508 49.2549765478455)
168,2026,1773964800000,Theft from Auto,1343-1351 Pipeline Road,COQUITLAM,49.2938856857567,-122.780627702331,5862,POINT (-122.780627702331 49.2938856857567)
169,2026,1773964800000,Theft from Auto,2975-3009 Glen Drive,COQUITLAM,49.2826851281598,-122.794440767269,5863,POINT (-122.794440767269 49.2826851281598)
170,2026,1773878400000,Theft from Auto,1100-1400 Woolridge Street,COQUITLAM,49.2325311123964,-122.857511681314,5864,POINT (-122.857511681314 49.2325311123964)
171,2026,1773964800000,Theft from Auto,101-195 Schoolhouse Street,COQUITLAM,49.2347916075454,-122.852547094728,5865,POINT (-122.852547094728 49.2347916075454)
172,2026,1774051200000,Theft from Auto,0-3000 Lougheed Highway,COQUITLAM,49.2752140098018,-122.794554250175,5866,POINT (-122.794554250175 49.2752140098018)
173,2026,1774051200000,Theft of Auto,530-568 Rochester Avenue,COQUITLAM,49.2454770990075,-122.888527570366,5867,POINT (-122.888527570366 49.2454770990075)
174,2026,1774137600000,Theft from Auto,901-970 Stewart Avenue,COQUITLAM,49.2435860004804,-122.870392792443,5868,POINT (-122.870392792443 49.2435860004804)
175,2026,1774224000000,Theft from Auto,1416-1424 Dalton Court,COQUITLAM,49.2456374662894,-122.852921283923,5869,POINT (-122.852921283923 49.2456374662894)
176,2026,1774137600000,Theft from Auto,1220-1400 Seguin Drive,COQUITLAM,49.2342933171934,-122.85602817544,5870,POINT (-122.85602817544 49.2342933171934)
177,2026,1774224000000,Theft from Auto,2900-2910 Paul Lake Court,COQUITLAM,49.2600951577798,-122.806000409336,5871,POINT (-122.806000409336 49.2600951577798)
178,2026,1774224000000,Theft from Auto,2956-2994 Pinnacle Street,COQUITLAM,49.2626664431861,-122.815248768583,5872,POINT (-122.815248768583 49.2626664431861)
179,2026,1774224000000,Theft from Auto,620-629 Whiting Way,COQUITLAM,49.2552525966948,-122.891986255236,5873,POINT (-122.891986255236 49.2552525966948)
180,2026,1774396800000,Theft from Auto,1435-1449 Hockaday Street,COQUITLAM,49.301671863819,-122.772542800841,5874,POINT (-122.772542800841 49.301671863819)
181,2026,1774483200000,Theft from Auto,298-299 Guilby Street,COQUITLAM,49.2414022709606,-122.885257795718,5875,POINT (-122.885257795718 49.2414022709606)
182,2026,1774569600000,Theft from Auto,1138-1154 Westwood Street,COQUITLAM,49.2803989799789,-122.790469733919,5876,POINT (-122.790469733919 49.2803989799789)
183,2026,1774569600000,Theft from Auto,644-659 Porter Street,COQUITLAM,49.256586804014,-122.863369068733,5877,POINT (-122.863369068733 49.256586804014)
184,2026,1774569600000,Theft from Auto,1040-1053 King Albert Avenue,COQUITLAM,49.2514588436733,-122.864524864886,5878,POINT (-122.864524864886 49.2514588436733)
185,2026,1774742400000,Theft from Auto,808-838 Raynor Street,COQUITLAM,49.2653028639742,-122.878687191581,5879,POINT (-122.878687191581 49.2653028639742)
186,2026,1774742400000,Theft from Auto,3020-3045 Lincoln Avenue,COQUITLAM,49.2791486231267,-122.791904666171,5880,POINT (-122.791904666171 49.2791486231267)
187,2026,1774828800000,Theft from Auto,3425-3450 Horizon Drive,COQUITLAM,49.3028220612672,-122.751038926573,5881,POINT (-122.751038926573 49.3028220612672)
188,2026,1774828800000,Break & Enter - Business,88-98 Brigantine Drive,COQUITLAM,49.2279265603779,-122.84881847554,5882,POINT (-122.84881847554 49.2279265603779)
189,2026,1774828800000,Theft of Auto,2900-2915 Norman Avenue,COQUITLAM,49.270927182359,-122.800265439468,5883,POINT (-122.800265439468 49.270927182359)
190,2026,1774915200000,Break & Enter - Business,1160-1180 Pinetree Way,COQUITLAM,49.2811526533085,-122.793272056048,5884,POINT (-122.793272056048 49.2811526533085)
191,2026,1775001600000,Theft from Auto,1500-1545 Shore View Place,COQUITLAM,49.3051632285474,-122.751061255628,5885,POINT (-122.751061255628 49.3051632285474)
192,2026,1775001600000,Theft from Auto,663-718 Morrison Avenue,COQUITLAM,49.2654736091673,-122.882961207117,5886,POINT (-122.882961207117 49.2654736091673)
193,2026,1775001600000,Theft from Auto,770-798 Chilko Drive,COQUITLAM,49.2623964299736,-122.799439169804,5887,POINT (-122.799439169804 49.2623964299736)
194,2026,1775174400000,Break & Enter - Residence,511-521 Smith Avenue,COQUITLAM,49.2603574378355,-122.892030327704,5888,POINT (-122.892030327704 49.2603574378355)
195,2026,1775260800000,Theft from Auto,546-611 Dansey Avenue,COQUITLAM,49.247209738084,-122.887498839913,5889,POINT (-122.887498839913 49.247209738084)
196,2026,1775260800000,Break & Enter - Business,571-616 Rochester Avenue,COQUITLAM,49.2454597604615,-122.886218467353,5890,POINT (-122.886218467353 49.2454597604615)
197,2026,1775433600000,Theft from Auto,2230-2271 Monashee Court,COQUITLAM,49.2382168964064,-122.82819665613,5891,POINT (-122.82819665613 49.2382168964064)
198,2026,1775433600000,Theft from Auto,125-166 San Juan Place,COQUITLAM,49.2346555135125,-122.827008131911,5892,POINT (-122.827008131911 49.2346555135125)
199,2026,1775433600000,Theft from Auto,125-166 San Juan Place,COQUITLAM,49.2346555135125,-122.827008131911,5893,POINT (-122.827008131911 49.2346555135125)
200,2026,1775433600000,Theft from Auto,1245-1264 Durant Drive,COQUITLAM,49.2880427047881,-122.808762043725,5894,POINT (-122.808762043725 49.2880427047881)
201,2026,1775433600000,Theft from Auto,1280-1300 Durant Drive,COQUITLAM,49.2908165884081,-122.80769098889,5895,POINT (-122.80769098889 49.2908165884081)
202,2026,1775433600000,Theft from Auto,2957-2966 Albion Drive,COQUITLAM,49.2905525597828,-122.797297750403,5896,POINT (-122.797297750403 49.2905525597828)
203,2026,1775433600000,Theft from Auto,2401-2435 Magellan Court,COQUITLAM,49.2380057241835,-122.824714880586,5897,POINT (-122.824714880586 49.2380057241835)
204,2026,1775433600000,Theft from Auto,2230-2271 Monashee Court,COQUITLAM,49.2382168964064,-122.82819665613,5898,POINT (-122.82819665613 49.2382168964064)
205,2026,1775433600000,Theft of Auto,2331-2383 Dawes Hill Road,COQUITLAM,49.2371202831232,-122.82887759418,5899,POINT (-122.82887759418 49.2371202831232)
206,2026,1775433600000,Theft from Auto,646-680 Thompson Avenue,COQUITLAM,49.2684380658497,-122.882119591062,5900,POINT (-122.882119591062 49.2684380658497)
207,2026,1775520000000,Theft from Auto,2948-3023 Pasture Circle,COQUITLAM,49.2626283761309,-122.80312470721,5901,POINT (-122.80312470721 49.2626283761309)
208,2026,1775520000000,Theft from Auto,451-509 Gatensbury Street,COQUITLAM,49.2492729865914,-122.858004265169,5902,POINT (-122.858004265169 49.2492729865914)
209,2026,1775520000000,Break & Enter - Business,88-98 Brigantine Drive,COQUITLAM,49.2279265603779,-122.84881847554,5903,POINT (-122.84881847554 49.2279265603779)
210,2026,1775606400000,Break & Enter - Business,525-568 Clarke Road,COQUITLAM,49.2610260627393,-122.890769351682,5904,POINT (-122.890769351682 49.2610260627393)
211,2026,1775692800000,Break & Enter - Business,500-510 Young Drive,COQUITLAM,49.2431210593319,-122.891903262376,5905,POINT (-122.891903262376 49.2431210593319)
212,2026,1775606400000,Theft from Auto,2400-2598 Como Lake Avenue,COQUITLAM,49.2631657762512,-122.820797408212,5906,POINT (-122.820797408212 49.2631657762512)
213,2026,1775779200000,Break & Enter - Residence,3470-3483 Highland Drive,COQUITLAM,49.3003221686078,-122.749229847035,5907,POINT (-122.749229847035 49.3003221686078)
214,2026,1775779200000,Theft from Auto,1474-1925 Pipeline Road,COQUITLAM,49.3197777958531,-122.772406966583,5908,POINT (-122.772406966583 49.3197777958531)
215,2026,1775779200000,Theft of Auto,2580-2597 Diamond Crescent,COQUITLAM,49.3025464532165,-122.817480275255,5909,POINT (-122.817480275255 49.3025464532165)
216,2026,1775779200000,Theft from Auto,1360-1385 Purcell Drive,COQUITLAM,49.295326793227,-122.784522322627,5910,POINT (-122.784522322627 49.295326793227)
217,2026,1775952000000,Theft from Auto,3052-3088 Timber Court,COQUITLAM,49.3053878991344,-122.790485752341,5911,POINT (-122.790485752341 49.3053878991344)
218,2026,1775952000000,Break & Enter - Residence,662-669 Linton Street,COQUITLAM,49.256474638343,-122.84091554741,5912,POINT (-122.84091554741 49.256474638343)
219,2026,1776038400000,Theft from Auto,2401-2435 Magellan Court,COQUITLAM,49.2380057241835,-122.824714880586,5913,POINT (-122.824714880586 49.2380057241835)
220,2026,1776038400000,Theft from Auto,995-1100 United Boulevard,COQUITLAM,49.2295460130303,-122.869353150825,5914,POINT (-122.869353150825 49.2295460130303)
221,2026,1776038400000,Theft from Auto,700-715 Delestre Avenue,COQUITLAM,49.2417169946733,-122.880413040911,5915,POINT (-122.880413040911 49.2417169946733)
222,2026,1775952000000,Break & Enter - Business,608-621 Cottonwood Avenue,COQUITLAM,49.2587935633341,-122.885600830824,5916,POINT (-122.885600830824 49.2587935633341)
223,2026,1776038400000,Theft from Auto,1500-1513 Stonecrop Court,COQUITLAM,49.2992524854932,-122.806768058453,5917,POINT (-122.806768058453 49.2992524854932)
224,2026,1776038400000,Theft from Auto,2389-2425 Dawes Hill Road,COQUITLAM,49.2379038681516,-122.826493593516,5918,POINT (-122.826493593516 49.2379038681516)
225,2026,1776124800000,Theft of Auto,1031-1046 Brunette Avenue,COQUITLAM,49.2384889400542,-122.86359215455,5919,POINT (-122.86359215455 49.2384889400542)
226,2026,1776124800000,Break & Enter - Business,1350-1449 United Boulevard,COQUITLAM,49.229160809221,-122.850661919291,5920,POINT (-122.850661919291 49.229160809221)
227,2026,1776124800000,Break & Enter - Business,83-94 North Bend Street,COQUITLAM,49.2319826421555,-122.820830715711,5921,POINT (-122.820830715711 49.2319826421555)
228,2026,1776124800000,Theft from Auto,650-751 Edgar Avenue,COQUITLAM,49.2425891174378,-122.881526725426,5922,POINT (-122.881526725426 49.2425891174378)
229,2026,1776211200000,Break & Enter - Business,300-320 Alderson Ave,COQUITLAM,49.2423061803058,-122.891113367976,5923,POINT (-122.891113367976 49.2423061803058)
230,2026,1776124800000,Theft from Auto,2000-2100 United Boulevard,COQUITLAM,49.2284692961852,-122.837043872759,5924,POINT (-122.837043872759 49.2284692961852)
231,2026,1776297600000,Theft of Auto,640-659 Lakeshore Drive,COQUITLAM,49.2564769094845,-122.857860733741,5925,POINT (-122.857860733741 49.2564769094845)
232,2026,1776643200000,Theft from Auto,546-611 Dansey Avenue,COQUITLAM,49.247209738084,-122.887498839913,5926,POINT (-122.887498839913 49.247209738084)
233,2026,1776643200000,Theft from Auto,670-689 Whiting Way,COQUITLAM,49.2596315403674,-122.890725052084,5927,POINT (-122.890725052084 49.2596315403674)
234,2026,1776643200000,Theft from Auto,1220-1400 Seguin Drive,COQUITLAM,49.2342933171934,-122.85602817544,5928,POINT (-122.85602817544 49.2342933171934)
235,2026,1776643200000,Theft of Auto,703-726 Colinet Street,COQUITLAM,49.2607674696073,-122.867465211901,5929,POINT (-122.867465211901 49.2607674696073)
236,2026,1776643200000,Break & Enter - Business,546-611 Dansey Avenue,COQUITLAM,49.247209738084,-122.887498839913,5930,POINT (-122.887498839913 49.247209738084)
237,2026,1776729600000,Break & Enter - Residence,555-578 Shaw Avenue,COQUITLAM,49.2441177352362,-122.887694526693,5931,POINT (-122.887694526693 49.2441177352362)
238,2026,1776643200000,Theft from Auto,1570-1585 Agate Place,COQUITLAM,49.3035633025943,-122.819707325749,5932,POINT (-122.819707325749 49.3035633025943)
239,2026,1776729600000,Theft from Auto,165-193 Montgomery Street,COQUITLAM,49.2352885096644,-122.83961978242,5933,POINT (-122.83961978242 49.2352885096644)
240,2026,1776816000000,Break & Enter - Business,451-499 Marmont Street,COQUITLAM,49.2493449626457,-122.862199555889,5934,POINT (-122.862199555889 49.2493449626457)
241,2026,1776816000000,Theft from Auto,369-394 Guilby Street,COQUITLAM,49.2447213370962,-122.885232267377,5935,POINT (-122.885232267377 49.2447213370962)
242,2026,1776816000000,Theft from Auto,540-559 Foster Avenue,COQUITLAM,49.2567751288271,-122.888101881107,5936,POINT (-122.888101881107 49.2567751288271)
243,2026,1776816000000,Break & Enter - Residence,300-306 Schoolhouse Street,COQUITLAM,49.2410238465355,-122.852462762254,5937,POINT (-122.852462762254 49.2410238465355)
244,2026,1776902400000,Theft from Auto,510-520  ,COQUITLAM,49.2747649510087,-122.799612117155,5938,POINT (-122.799612117155 49.2747649510087)
245,2026,1776988800000,Break & Enter - Residence,741-798 Adiron Avenue,COQUITLAM,49.2675095926687,-122.877065739711,5939,POINT (-122.877065739711 49.2675095926687)
246,2026,1777075200000,Theft from Auto,816-835 Corning Avenue,COQUITLAM,49.2467170713505,-122.874954216819,5940,POINT (-122.874954216819 49.2467170713505)
247,2026,1777075200000,Break & Enter - Business,1100-1153 Johnson Street,COQUITLAM,49.2785079261328,-122.801734946279,5941,POINT (-122.801734946279 49.2785079261328)
248,2026,1777248000000,Theft from Auto,1290-1299 Soball Street,COQUITLAM,49.2910464866743,-122.748642760535,5942,POINT (-122.748642760535 49.2910464866743)
249,2026,1777248000000,Break & Enter - Business,622-647 Kemsley Avenue,COQUITLAM,49.2665003813413,-122.885177637149,5943,POINT (-122.885177637149 49.2665003813413)
250,2026,1777420800000,Theft from Auto,360-365 Mundy Street,COQUITLAM,49.2424262353956,-122.834238352022,5944,POINT (-122.834238352022 49.2424262353956)
251,2026,1777507200000,Break & Enter - Residence,511-521 Smith Avenue,COQUITLAM,49.2603574378355,-122.892030327704,5945,POINT (-122.892030327704 49.2603574378355)
252,2026,1777507200000,Theft from Auto,0-0 Highway Ramp,COQUITLAM,49.2305020535698,-122.826801573615,5946,POINT (-122.826801573615 49.2305020535698)
1,2026,1777593600000,Theft from Auto,960-996 Kinsac Street,COQUITLAM,49.269693978123,-122.869880790808,5947,POINT (-122.869880790808 49.269693978123)
2,2026,1777680000000,Theft from Auto,11-25 King Edward Street,COQUITLAM,49.2324493710326,-122.86161577216,5948,POINT (-122.86161577216 49.2324493710326)
3,2026,1777680000000,Theft from Auto,3560-3589 Brownlee Avenue,COQUITLAM,49.2972445482585,-122.736527241827,5949,POINT (-122.736527241827 49.2972445482585)
4,2026,1777680000000,Theft from Auto,3530-3559 Archworth Avenue,COQUITLAM,49.2999605568976,-122.737044915055,5950,POINT (-122.737044915055 49.2999605568976)
5,2026,1777680000000,Theft of Auto,2534-2565 Barnet Highway,COQUITLAM,49.2778329319526,-122.82176048434,5951,POINT (-122.82176048434 49.2778329319526)
6,2026,1777766400000,Theft from Auto,925-932 Cottonwood Avenue,COQUITLAM,49.2580966863128,-122.869544877141,5952,POINT (-122.869544877141 49.2580966863128)
7,2026,1777852800000,Break & Enter - Business,210-287 Schoolhouse Street,COQUITLAM,49.2378792699565,-122.852507436297,5953,POINT (-122.852507436297 49.2378792699565)
8,2026,1777852800000,Break & Enter - Business,2700-2745 Barnet Highway,COQUITLAM,49.2778616259942,-122.810408025974,5954,POINT (-122.810408025974 49.2778616259942)
9,2026,1777852800000,Break & Enter - Business,940-970 Charland Avenue,COQUITLAM,49.2480767836579,-122.869087914339,5955,POINT (-122.869087914339 49.2480767836579)
10,2026,1777939200000,Break & Enter - Business,2700-2745 Barnet Highway,COQUITLAM,49.2778616259942,-122.810408025974,5956,POINT (-122.810408025974 49.2778616259942)
11,2026,1777852800000,Theft from Auto,650-661 Poirier Street,COQUITLAM,49.2565955237507,-122.846437534114,5957,POINT (-122.846437534114 49.2565955237507)
12,2026,1777852800000,Theft from Auto,101-195 Schoolhouse Street,COQUITLAM,49.2347916075454,-122.852547094728,5958,POINT (-122.852547094728 49.2347916075454)
13,2026,1778025600000,Theft of Auto,3000-3012 Plateau Boulevard,COQUITLAM,49.3012004596049,-122.792546817436,5959,POINT (-122.792546817436 49.3012004596049)
14,2026,1778025600000,Break & Enter - Residence,548-564 Perth Avenue,COQUITLAM,49.2537483207412,-122.887878466281,5960,POINT (-122.887878466281 49.2537483207412)
15,2026,1778025600000,Theft of Auto,652-668 Poirier Street,COQUITLAM,49.2575624506102,-122.846444820092,5961,POINT (-122.846444820092 49.2575624506102)
16,2026,1778025600000,Theft of Auto,2617-2627 Harrier Drive,COQUITLAM,49.2833418980884,-122.818866510704,5962,POINT (-122.818866510704 49.2833418980884)
17,2026,1778025600000,Theft from Auto,670-679 Poirier Street,COQUITLAM,49.2583776122465,-122.846449827509,5963,POINT (-122.846449827509 49.2583776122465)
18,2026,1778112000000,Theft from Auto,179-281 Warrick Street,COQUITLAM,49.2362716739738,-122.828949613191,5964,POINT (-122.828949613191 49.2362716739738)
19,2026,1778198400000,Theft from Auto,506-545 Whiting Way,COQUITLAM,49.2496008063307,-122.890444268406,5965,POINT (-122.890444268406 49.2496008063307)
20,2026,1778284800000,Theft of Auto,0-0 Mary Hill By-Pass Road,COQUITLAM,49.2262533533978,-122.813649491989,5966,POINT (-122.813649491989 49.2262533533978)
21,2026,1778284800000,Break & Enter - Business,511-521 Smith Avenue,COQUITLAM,49.2603574378355,-122.892030327704,5967,POINT (-122.892030327704 49.2603574378355)
22,2026,1778198400000,Theft from Auto,601-615 Denton Street,COQUITLAM,49.2541637827186,-122.887219454825,5968,POINT (-122.887219454825 49.2541637827186)
23,2026,1778284800000,Break & Enter - Residence,609-616 Alderson Avenue,COQUITLAM,49.2398166486277,-122.885493199375,5969,POINT (-122.885493199375 49.2398166486277)
24,2026,1778371200000,Theft from Auto,703-726 MacIntosh Street,COQUITLAM,49.260628261336,-122.866065705737,5970,POINT (-122.866065705737 49.260628261336)
25,2026,1778457600000,Theft of Auto,401-415 Westview Street,COQUITLAM,49.2464532003633,-122.889905415951,5971,POINT (-122.889905415951 49.2464532003633)
26,2026,1778544000000,Break & Enter - Residence,2860-2885 Packard Avenue,COQUITLAM,49.2799835231606,-122.802914375371,5972,POINT (-122.802914375371 49.2799835231606)
27,2026,1778630400000,Theft from Auto,98-102 Begin Street,COQUITLAM,49.2387751434207,-122.85979831398,5973,POINT (-122.85979831398 49.2387751434207)
28,2026,1778630400000,Theft from Auto,506-545 Whiting Way,COQUITLAM,49.2496008063307,-122.890444268406,5974,POINT (-122.890444268406 49.2496008063307)
29,2026,1778630400000,Theft from Auto,1001-1033 Dansey Avenue,COQUITLAM,49.2471522562343,-122.866448584741,5975,POINT (-122.866448584741 49.2471522562343)
30,2026,1778630400000,Theft from Auto,501-3953 North Road,COQUITLAM,49.2500156766769,-122.89280602581,5976,POINT (-122.89280602581 49.2500156766769)
31,2026,1778630400000,Theft of Auto,3100-3150 Lincoln Avenue,COQUITLAM,49.2785252158887,-122.784652920515,5977,POINT (-122.784652920515 49.2785252158887)
32,2026,1778716800000,Theft from Auto,906-971 Madore Avenue,COQUITLAM,49.2462671962273,-122.86999519784,5978,POINT (-122.86999519784 49.2462671962273)
33,2026,1778716800000,Break & Enter - Residence,1812-1843 Trent Avenue,COQUITLAM,49.2547975679338,-122.843074421987,5979,POINT (-122.843074421987 49.2547975679338)
34,2026,1778716800000,Theft of Auto,654-668 Schoolhouse Street,COQUITLAM,49.2573991715822,-122.852180309836,5980,POINT (-122.852180309836 49.2573991715822)
35,2026,1778630400000,Theft from Auto,630-663 Newport Street,COQUITLAM,49.2573710472733,-122.845156042919,5981,POINT (-122.845156042919 49.2573710472733)
36,2026,1778889600000,Theft from Auto,908-958 Lillian Street,COQUITLAM,49.2671081679448,-122.860331283026,5982,POINT (-122.860331283026 49.2671081679448)
37,2026,1778889600000,Theft from Auto,943-946 Gatensbury Street,COQUITLAM,49.2678257954484,-122.857515422343,5983,POINT (-122.857515422343 49.2678257954484)
38,2026,1778889600000,Break & Enter - Business,2975-3009 Glen Drive,COQUITLAM,49.2826851281598,-122.794440767269,5984,POINT (-122.794440767269 49.2826851281598)
39,2026,1778976000000,Theft from Auto,1606-1611 Blue Jay Place,COQUITLAM,49.3049275178481,-122.78274953557,5985,POINT (-122.78274953557 49.3049275178481)
40,2026,1778976000000,Break & Enter - Business,2975-3009 Glen Drive,COQUITLAM,49.2826851281598,-122.794440767269,5986,POINT (-122.794440767269 49.2826851281598)
41,2026,1778976000000,Break & Enter - Residence,880-3094 Westwood Street,COQUITLAM,49.2666362118808,-122.790715672107,5987,POINT (-122.790715672107 49.2666362118808)
42,2026,1779062400000,Theft from Auto,1184-1189 Inlet Street,COQUITLAM,49.2849361307546,-122.78319812199,5988,POINT (-122.78319812199 49.2849361307546)
43,2026,1779062400000,Break & Enter - Business,0-0 Holly Drive,COQUITLAM,49.2509396073494,-122.802845080412,5989,POINT (-122.802845080412 49.2509396073494)
44,2026,1779148800000,Theft of Auto,526-531 Delestre Avenue,COQUITLAM,49.2419243913181,-122.890668047148,5990,POINT (-122.890668047148 49.2419243913181)
45,2026,1779062400000,Theft from Auto,719-724 Poirier Street,COQUITLAM,49.2611161942257,-122.846474466394,5991,POINT (-122.846474466394 49.2611161942257)
46,2026,1779235200000,Break & Enter - Business,1110-1400 Lougheed Highway,COQUITLAM,49.233907466494,-122.858877111987,5992,POINT (-122.858877111987 49.233907466494)
47,2026,1779235200000,Break & Enter - Business,0-0 Holly Drive,COQUITLAM,49.2509396073494,-122.802845080412,5993,POINT (-122.802845080412 49.2509396073494)
48,2026,1779235200000,Theft from Auto,1542-1699 Como Lake Avenue,COQUITLAM,49.2634335572611,-122.848152875235,5994,POINT (-122.848152875235 49.2634335572611)
49,2026,1779321600000,Theft of Auto,652-668 Poirier Street,COQUITLAM,49.2575624506102,-122.846444820092,5995,POINT (-122.846444820092 49.2575624506102)
50,2026,1779321600000,Theft of Auto,401-415 Westview Street,COQUITLAM,49.2464532003633,-122.889905415951,5996,POINT (-122.889905415951 49.2464532003633)
51,2026,1779494400000,Theft from Auto,1333-1395 Kenney Street,COQUITLAM,49.296619468632,-122.780181697927,5997,POINT (-122.780181697927 49.296619468632)
52,2026,1779580800000,Theft of Auto,2737-2753 Nadina Drive,COQUITLAM,49.2561118611056,-122.810557394779,5998,POINT (-122.810557394779 49.2561118611056)
53,2026,1779667200000,Theft from Auto,0-0  ,COQUITLAM,49.2479333750466,-122.80980157131,5999,POINT (-122.80980157131 49.2479333750466)
54,2026,1779667200000,Theft from Auto,3124-3163 Beacon Drive,COQUITLAM,49.26952274169,-122.809762289482,6000,POINT (-122.809762289482 49.26952274169)
55,2026,1779580800000,Break & Enter - Business,3001-3061 Gordon Avenue,COQUITLAM,49.2710983630141,-122.792777976394,6001,POINT (-122.792777976394 49.2710983630141)
56,2026,1779667200000,Theft from Auto,3124-3163 Beacon Drive,COQUITLAM,49.26952274169,-122.809762289482,6002,POINT (-122.809762289482 49.26952274169)
57,2026,1779667200000,Theft from Auto,3124-3163 Beacon Drive,COQUITLAM,49.26952274169,-122.809762289482,6003,POINT (-122.809762289482 49.26952274169)
58,2026,1779753600000,Theft from Auto,490-499 Hickey Drive,COQUITLAM,49.2486204422108,-122.824438801119,6004,POINT (-122.824438801119 49.2486204422108)
59,2026,1779753600000,Theft of Auto,2534-2565 Barnet Highway,COQUITLAM,49.2778329319526,-122.82176048434,6005,POINT (-122.82176048434 49.2778329319526)
60,2026,1779667200000,Theft from Auto,2737-2808 Pilot Drive,COQUITLAM,49.2687507894647,-122.810512270359,6006,POINT (-122.810512270359 49.2687507894647)
61,2026,1779667200000,Theft of Auto,2426-2469 Cape Horn Avenue,COQUITLAM,49.2385614793336,-122.824906363882,6007,POINT (-122.824906363882 49.2385614793336)
62,2026,1780012800000,Theft of Auto,500-510 Smith Avenue,COQUITLAM,49.2603586656488,-122.892648486785,6008,POINT (-122.892648486785 49.2603586656488)
63,2026,1780012800000,Break & Enter - Business,2534-2565 Barnet Highway,COQUITLAM,49.2778329319526,-122.82176048434,6009,POINT (-122.82176048434 49.2778329319526)
64,2026,1780012800000,Break & Enter - Residence,771-901 Austin Avenue,COQUITLAM,49.2490214493593,-122.875105128042,6010,POINT (-122.875105128042 49.2490214493593)
65,2026,1780185600000,Theft of Auto,253-292 Mundy Street,COQUITLAM,49.2384440648658,-122.83418256184,6011,POINT (-122.83418256184 49.2384440648658)
66,2026,1780099200000,Theft from Auto,1181-1190 Pinetree Way,COQUITLAM,49.2821975406033,-122.793234179334,6012,POINT (-122.793234179334 49.2821975406033)
67,2026,1780185600000,Break & Enter - Business,3100-3135 Ozada Avenue,COQUITLAM,49.2857528233446,-122.783926801421,6013,POINT (-122.783926801421 49.2857528233446)
68,2026,1780185600000,Break & Enter - Residence,402-409 Guilby Street,COQUITLAM,49.2458897407226,-122.885386528206,6014,POINT (-122.885386528206 49.2458897407226)
1,2026,1780272000000,Theft from Auto,2919-2930 Kalamalka Drive,COQUITLAM,49.25969855262827,-122.802510766788,6015,POINT (-122.802510766788 49.2596985526283)
2,2026,1780272000000,Theft from Auto,682-689 Schoolhouse Street,COQUITLAM,49.259238370200045,-122.85212607225,6016,POINT (-122.85212607225 49.2592383702)
3,2026,1780272000000,Theft from Auto,181-200 Golden Drive,COQUITLAM,49.23332926527037,-122.818301306715,6017,POINT (-122.818301306715 49.2333292652704)
4,2026,1780272000000,Break & Enter - Residence,2975-3009 Glen Drive,COQUITLAM,49.28268512815986,-122.794440767269,6018,POINT (-122.794440767269 49.2826851281599)
5,2026,1780358400000,Theft from Auto,3124-3163 Beacon Drive,COQUITLAM,49.26952274169007,-122.809762289482,6019,POINT (-122.809762289482 49.2695227416901)
6,2026,1780358400000,Theft from Auto,298-299 Guilby Street,COQUITLAM,49.24140227096068,-122.885257795718,6020,POINT (-122.885257795718 49.2414022709607)
7,2026,1780444800000,Theft from Auto,3001-3048 Maplewood Court,COQUITLAM,49.305397112073436,-122.794008752869,6021,POINT (-122.794008752869 49.3053971120734)
8,2026,1780358400000,Theft from Auto,3000-3012 Plateau Boulevard,COQUITLAM,49.301200459604964,-122.792546817436,6022,POINT (-122.792546817436 49.301200459605)
9,2026,1780531200000,Theft from Auto,100-120 Schoolhouse Street,COQUITLAM,49.23292045841636,-122.852609094494,6023,POINT (-122.852609094494 49.2329204584164)
10,2026,1780531200000,Theft from Auto,1224-1240 Oxbow Way,COQUITLAM,49.290195065946236,-122.767870244244,6024,POINT (-122.767870244244 49.2901950659462)
11,2026,1780531200000,Break & Enter - Business,610-621 Smith Avenue,COQUITLAM,49.260243574001656,-122.885407516189,6025,POINT (-122.885407516189 49.2602435740017)
12,2026,1780531200000,Theft from Auto,1500-1509 Greenstone Court,COQUITLAM,49.29907112645244,-122.818102927607,6026,POINT (-122.818102927607 49.2990711264524)
13,2026,1780531200000,Theft from Auto,1403-1432 Brunette Avenue,COQUITLAM,49.24058066888316,-122.853965001808,6027,POINT (-122.853965001808 49.2405806688832)
14,2026,1780617600000,Break & Enter - Business,555-578 Shaw Avenue,COQUITLAM,49.24411773523628,-122.887694526693,6028,POINT (-122.887694526693 49.2441177352363)
15,2026,1780704000000,Theft from Auto,1506-1528 Greenstone Court,COQUITLAM,49.29985520440941,-122.816833805831,6029,POINT (-122.816833805831 49.2998552044094)
16,2026,1780617600000,Break & Enter - Business,150-199 Myrnam Street,COQUITLAM,49.23909523690625,-122.849218669675,6030,POINT (-122.849218669675 49.2390952369063)
17,2026,1780790400000,Theft from Auto,2920-2975 Atlantic Avenue,COQUITLAM,49.28177731682118,-122.797889956838,6031,POINT (-122.797889956838 49.2817773168212)
18,2026,1780790400000,Theft from Auto,1185-1199 Westwood Street,COQUITLAM,49.28396418802027,-122.790462701786,6032,POINT (-122.790462701786 49.2839641880203)
19,2026,1780790400000,Theft from Auto,1000-1029 Delestre Avenue,COQUITLAM,49.24173704615539,-122.866390041007,6033,POINT (-122.866390041007 49.2417370461554)
20,2026,1780790400000,Theft from Auto,1655-1699 Balmoral Avenue,COQUITLAM,49.265752069599436,-122.847049247167,6034,POINT (-122.847049247167 49.2657520695994)
21,2026,1780790400000,Theft from Auto,2610-2635 Spuraway Avenue,COQUITLAM,49.26388697463387,-122.81450194539,6035,POINT (-122.81450194539 49.2638869746339)
22,2026,1780876800000,Theft from Auto,900-959 Sherwood Avenue,COQUITLAM,49.235846137592645,-122.87122338431,6036,POINT (-122.87122338431 49.2358461375926)
23,2026,1780876800000,Theft of Auto,1160-1180 Pinetree Way,COQUITLAM,49.28115265330859,-122.793272056048,6037,POINT (-122.793272056048 49.2811526533086)
24,2026,1780876800000,Theft from Auto,3560-3601 Dollar Crescent,COQUITLAM,49.290801108346564,-122.738750052613,6038,POINT (-122.738750052613 49.2908011083466)
25,2026,1780876800000,Theft from Auto,298-299 Guilby Street,COQUITLAM,49.24140227096068,-122.885257795718,6039,POINT (-122.885257795718 49.2414022709607)
26,2026,1780876800000,Theft from Auto,2985-2986 Shiloh Place,COQUITLAM,49.266911444810056,-122.796252631907,6040,POINT (-122.796252631907 49.2669114448101)
27,2026,1780876800000,Theft from Auto,900-959 Sherwood Avenue,COQUITLAM,49.235846137592645,-122.87122338431,6041,POINT (-122.87122338431 49.2358461375926)
28,2026,1780963200000,Theft from Auto,609-616 Alderson Avenue,COQUITLAM,49.23981664862771,-122.885493199375,6042,POINT (-122.885493199375 49.2398166486277)
29,2026,1780963200000,Theft from Auto,2974-2987 Dewdney Trunk Road,COQUITLAM,49.26808361449707,-122.795617631369,6043,POINT (-122.795617631369 49.2680836144971)
30,2026,1781049600000,Theft from Auto,3165-3179 Plateau Boulevard,COQUITLAM,49.31166732328184,-122.786213812573,6044,POINT (-122.786213812573 49.3116673232818)
31,2026,1781049600000,Theft from Auto,1506-1530 Tanglewood Lane,COQUITLAM,49.29943807942629,-122.810384919063,6045,POINT (-122.810384919063 49.2994380794263)
32,2026,1781049600000,Theft from Auto,800-809 Banting Street,COQUITLAM,49.26415214937067,-122.877108965115,6046,POINT (-122.877108965115 49.2641521493707)
33,2026,1781049600000,Theft from Auto,1-20 Burbidge Street,COQUITLAM,49.22416615543831,-122.823784898263,6047,POINT (-122.823784898263 49.2241661554383)
34,2026,1781136000000,Theft from Auto,1025-1099 Charland Avenue,COQUITLAM,49.24804533939628,-122.863602503556,6048,POINT (-122.863602503556 49.2480453393963)
35,2026,1781222400000,Theft from Auto,500-513 Cochrane Avenue,COQUITLAM,49.252008996343896,-122.892388316235,6049,POINT (-122.892388316235 49.2520089963439)
36,2026,1781222400000,Theft from Auto,803-887 Shaw Avenue,COQUITLAM,49.24421275704043,-122.874598580668,6050,POINT (-122.874598580668 49.2442127570404)
37,2026,1781308800000,Theft from Auto,2950-2970 Admiral Court,COQUITLAM,49.26959400680003,-122.808012315691,6051,POINT (-122.808012315691 49.2695940068)
38,2026,1781308800000,Theft of Auto,1221-1401 Lucille Starr Drive,COQUITLAM,49.236267883107125,-122.855191233854,6052,POINT (-122.855191233854 49.2362678831071)
39,2026,1781308800000,Theft from Auto,2950-2970 Admiral Court,COQUITLAM,49.26959400680003,-122.808012315691,6053,POINT (-122.808012315691 49.2695940068)
40,2026,1781481600000,Break & Enter - Business,500-510 Mariner Way,COQUITLAM,49.25054086876302,-122.815712547958,6054,POINT (-122.815712547958 49.250540868763)
41,2026,1781568000000,Theft from Auto,1370-1389 Hames Crescent,COQUITLAM,49.296957360921176,-122.754370578335,6055,POINT (-122.754370578335 49.2969573609212)
42,2026,1781568000000,Break & Enter - Residence,750-924 Foster Avenue,COQUITLAM,49.256319274649535,-122.87470464849,6056,POINT (-122.87470464849 49.2563192746495)
43,2026,1781568000000,Theft from Auto,900-925 Lougheed Highway,COQUITLAM,49.236764146683186,-122.872456854416,6057,POINT (-122.872456854416 49.2367641466832)
44,2026,1781568000000,Theft of Auto,3380-3400 David Avenue,COQUITLAM,49.293052063599184,-122.75273270392,6058,POINT (-122.75273270392 49.2930520635992)
45,2026,1781654400000,Theft of Auto,1189-1200 Eastwood Street,COQUITLAM,49.28404435799615,-122.787960155998,6059,POINT (-122.787960155998 49.2840443579961)
46,2026,1781654400000,Theft from Auto,1450-1950 Hartley Avenue,COQUITLAM,49.22661466045984,-122.844652097066,6060,POINT (-122.844652097066 49.2266146604598)
47,2026,1781740800000,Theft from Auto,3532-3546 Highland Drive,COQUITLAM,49.30059815758941,-122.743898921946,6061,POINT (-122.743898921946 49.3005981575894)
48,2026,1781740800000,Theft from Auto,0-0 Northern Avenue,COQUITLAM,49.28081305292819,-122.796588035525,6062,POINT (-122.796588035525 49.2808130529282)
49,2026,1781740800000,Theft from Auto,1219-1229 Burke Mountain Street,COQUITLAM,49.28624856529515,-122.744849330163,6063,POINT (-122.744849330163 49.2862485652952)
50,2026,1781740800000,Theft from Auto,551-621 Hillcrest Street,COQUITLAM,49.25224798143773,-122.835495623059,6064,POINT (-122.835495623059 49.2522479814377)
51,2026,1781740800000,Theft from Auto,100-120 Schoolhouse Street,COQUITLAM,49.23292045841636,-122.852609094494,6065,POINT (-122.852609094494 49.2329204584164)
52,2026,1781827200000,Break & Enter - Business,1900-1913 Edgewood Avenue,COQUITLAM,49.24473094962479,-122.841034166941,6066,POINT (-122.841034166941 49.2447309496248)
53,2026,1781827200000,Theft from Auto,1180-1198 Lansdowne Drive,COQUITLAM,49.28356536296548,-122.809193876642,6067,POINT (-122.809193876642 49.2835653629655)
54,2026,1781827200000,Break & Enter - Residence,413-414 Guilby Street,COQUITLAM,49.24679047996851,-122.885402696378,6068,POINT (-122.885402696378 49.2467904799685)
55,2026,1781913600000,Theft from Auto,101-195 Schoolhouse Street,COQUITLAM,49.2347916075454,-122.852547094728,6069,POINT (-122.852547094728 49.2347916075454)
56,2026,1781913600000,Theft of Auto,551-621 Hillcrest Street,COQUITLAM,49.25224798143773,-122.835495623059,6070,POINT (-122.835495623059 49.2522479814377)
57,2026,1782000000000,Theft from Auto,508-520 Blue Mountain Street,COQUITLAM,49.25015016126109,-122.869094498777,6071,POINT (-122.869094498777 49.2501501612611)
58,2026,1782086400000,Theft from Auto,107-111 Woolridge Street,COQUITLAM,49.23535810099781,-122.868681434713,6072,POINT (-122.868681434713 49.2353581009978)
59,2026,1782086400000,Theft of Auto,641-655 Schoolhouse Street,COQUITLAM,49.256585880340914,-122.852209770196,6073,POINT (-122.852209770196 49.2565858803409)
60,2026,1782172800000,Break & Enter - Residence,2952-2995 Fleet Street,COQUITLAM,49.2620918633259,-122.812149557077,6074,POINT (-122.812149557077 49.2620918633259)
61,2026,1782172800000,Theft from Auto,55-98 Fawcett Road,COQUITLAM,49.227637896900355,-122.834221814904,6075,POINT (-122.834221814904 49.2276378969003)
62,2026,1782086400000,Theft from Auto,1050-1058 Langara Court,COQUITLAM,49.27324440427041,-122.805601580371,6076,POINT (-122.805601580371 49.2732444042704)
63,2026,1782086400000,Theft from Auto,1050-1058 Langara Court,COQUITLAM,49.27324440427041,-122.805601580371,6077,POINT (-122.805601580371 49.2732444042704)
64,2026,1782172800000,Theft from Auto,908-928 Charland Avenue,COQUITLAM,49.24808482792147,-122.872455481092,6078,POINT (-122.872455481092 49.2480848279215)
65,2026,1782345600000,Theft from Auto,1850-1881 Masset Court,COQUITLAM,49.264150479389116,-122.841908103169,6079,POINT (-122.841908103169 49.2641504793891)
66,2026,1782345600000,Theft from Auto,3100-3135 Ozada Avenue,COQUITLAM,49.28575282334467,-122.783926801421,6080,POINT (-122.783926801421 49.2857528233447)
67,2026,1782432000000,Theft from Auto,511-521 Smith Avenue,COQUITLAM,49.26035743783559,-122.892030327704,6081,POINT (-122.892030327704 49.2603574378356)
68,2026,1782518400000,Theft from Auto,624-644 Shaw Avenue,COQUITLAM,49.24403017158297,-122.88425921214,6082,POINT (-122.88425921214 49.244030171583)
69,2026,1782518400000,Break & Enter - Business,606-645 Nicola Avenue,COQUITLAM,49.26911752496823,-122.885235443633,6083,POINT (-122.885235443633 49.2691175249682)
70,2026,1782604800000,Break & Enter - Business,1160-1180 Pinetree Way,COQUITLAM,49.28115265330859,-122.793272056048,6084,POINT (-122.793272056048 49.2811526533086)
71,2026,1782604800000,Theft from Auto,738-771 Rochester Avenue,COQUITLAM,49.24538622430448,-122.878956293947,6085,POINT (-122.878956293947 49.2453862243045)
72,2026,1782691200000,Break & Enter - Business,544-545 Sydney Avenue,COQUITLAM,49.248193185958655,-122.889004237344,6086,POINT (-122.889004237344 49.2481931859586)
73,2026,1782777600000,Break & Enter - Residence,750-924 Foster Avenue,COQUITLAM,49.256319274649535,-122.87470464849,6087,POINT (-122.87470464849 49.2563192746495)
74,2026,1782777600000,Theft from Auto,372-379 Blue Mountain Street,COQUITLAM,49.244366315577345,-122.872886774897,6088,POINT (-122.872886774897 49.2443663155773)
75,2026,1782777600000,Theft from Auto,546-611 Dansey Avenue,COQUITLAM,49.247209738084024,-122.887498839913,6089,POINT (-122.887498839913 49.247209738084)
76,2026,1782777600000,Break & Enter - Residence,3141-3171 Sechelt Drive,COQUITLAM,49.285304673528586,-122.781880521719,6090,POINT (-122.781880521719 49.2853046735286)
77,2026,1782777600000,Theft of Auto,2534-2565 Barnet Highway,COQUITLAM,49.277832931952695,-122.82176048434,6091,POINT (-122.82176048434 49.2778329319527)
