INCIDENT_TYPE,HUNDRED_BLOCK,MONTH,YEAR,FILE_NUMBER,ObjectId
Graffiti,8951 152 ST,1,2026,,1
Break and Enter - Business,8600 160TH ST,1,2026,26-61,2
Theft from Motor Vehicle,16500 60TH AVE,1,2026,26-88,3
Theft from Motor Vehicle,5800 172A ST,1,2026,26-81,4
Theft from Motor Vehicle,17200 58TH AVE,1,2026,26-86,5
Break and Enter - Residence,14400 106TH AVE,1,2026,26-60,6
Theft from Motor Vehicle,16300 60TH AVE,1,2026,26-75,7
Theft from Motor Vehicle,6000 163RD ST,1,2026,26-68,8
Theft of Motor Vehicle,8600 151B ST,1,2026,26-255,9
Shoplifting,9500 132ND ST,1,2026,2-,10
Theft from Motor Vehicle,13500 KING GEORGE BLVD,1,2026,6-,11
Break and Enter - Business,13200 72ND AVE,1,2026,0-,12
Theft from Motor Vehicle,14800 74A AVE,1,2026,1-,13
Shoplifting,10800 CITY PKWY,1,2026,5-,14
Shoplifting,10500 KING GEORGE BLVD,1,2026,1-,15
Shoplifting,10500 KING GEORGE BLVD,1,2026,2-,16
Break and Enter - Business,13300 72ND AVE,1,2026,-,17
Break and Enter - Business,12500 116TH AVE,1,2026,8-,18
Shoplifting,10500 KING GEORGE BLVD,1,2026,6-,19
Shoplifting,10500 KING GEORGE BLVD,1,2026,9-,20
Theft from Motor Vehicle,6100 172B ST,1,2026,26-700,21
Shoplifting,10300 152ND ST,1,2026,26-244,22
Shoplifting,10300 152ND ST,1,2026,26-238,23
Shoplifting,9000 152ND ST,1,2026,26-233,24
Shoplifting,15900 FRASER HWY,1,2026,26-191,25
Shoplifting,10300 152ND ST,1,2026,26-219,26
Theft from Motor Vehicle,10600 142ND ST,1,2026,26-225,27
Theft from Motor Vehicle,14900 90A AVE,1,2026,26-210,28
Theft from Motor Vehicle,5800 182ND ST,1,2026,26-853,29
Theft of Motor Vehicle,5600 177B ST,1,2026,26-310,30
Theft from Motor Vehicle,6000 181ST ST,1,2026,26-315,31
Theft from Motor Vehicle,10900 154TH ST,1,2026,26-313,32
Theft from Motor Vehicle,16300 MIDDLEGLEN PL,1,2026,26-321,33
Theft from Motor Vehicle,6000 PALOMINO CRES,1,2026,26-326,34
Theft from Motor Vehicle,6000 181A ST,1,2026,26-324,35
Break and Enter - Residence,15000 68A AVE,1,2026,6-,36
Shoplifting,12800 16TH AVE,1,2026,3-,37
Shoplifting,7300 KING GEORGE BLVD,1,2026,9-,38
Shoplifting,10400 KING GEORGE BLVD,1,2026,1-,39
Shoplifting,10100 KING GEORGE BLVD,1,2026,3-,40
Theft from Motor Vehicle,11000 130TH ST,1,2026,1-,41
Shoplifting,1700 152ND ST,1,2026,4-,42
Break and Enter - Business,8100 128TH ST,1,2026,4-,43
Break and Enter - Business,7300 KING GEORGE BLVD,1,2026,2-,44
Theft from Motor Vehicle,10700 135A ST,1,2026,3-,45
Shoplifting,2200 160TH ST,1,2026,3-,46
Shoplifting,1600 152ND ST,1,2026,6-,47
Theft from Motor Vehicle,13200 105TH AVE,1,2026,6-,48
Break and Enter - Residence,16300 15TH AVE,1,2026,8-,49
Theft of Motor Vehicle,13000 73RD AVE,1,2026,5-,50
Theft from Motor Vehicle,8100 160TH ST,1,2026,26-732,51
Theft from Motor Vehicle,17300 62A AVE,1,2026,26-709,52
Theft from Motor Vehicle,16800 GREENWAY DR,1,2026,26-884,53
Shoplifting,10300 152ND ST,1,2026,26-607,54
Shoplifting,10300 152ND ST,1,2026,26-648,55
Theft from Motor Vehicle,15000 87B AVE,1,2026,26-617,56
Theft from Motor Vehicle,14000 109TH AVE,1,2026,26-1609,57
Shoplifting,10300 152ND ST,1,2026,26-573,58
Shoplifting,14600 104TH AVE,1,2026,26-579,59
Shoplifting,10300 152ND ST,1,2026,26-589,60
Shoplifting,10300 152ND ST,1,2026,26-599,61
Theft from Motor Vehicle,10600 150TH ST,1,2026,26-780,62
Theft of Motor Vehicle,8200 192ND ST,1,2026,26-583,63
Shoplifting,14300 104TH AVE,1,2026,26-626,64
Shoplifting,10300 152ND ST,1,2026,26-638,65
Shoplifting,10300 152ND ST,1,2026,26-632,66
Shoplifting,MALL ACCESS / GUILDFORD TOWN CNTR,1,2026,26-661,67
Shoplifting,9100 148TH ST,1,2026,35-,68
Theft from Motor Vehicle,12800 13TH AVE,1,2026,30-,69
Theft from Motor Vehicle,LAUREL DR / 140TH ST,1,2026,10-,70
Shoplifting,7100 138TH ST,1,2026,88-,71
Theft of Motor Vehicle,16300 8TH AVE,1,2026,78-,72
Shoplifting,10800 CITY PKWY,1,2026,38-,73
Break and Enter - Business,13300 102A AVE,1,2026,26-,74
Theft of Motor Vehicle,10100 KING GEORGE BLVD,1,2026,90-,75
Theft from Motor Vehicle,16700 16A AVE,1,2026,98-,76
Theft of Motor Vehicle,18800 24TH AVE,1,2026,44-,77
Theft from Motor Vehicle,13100 115TH AVE,1,2026,52-,78
Theft from Motor Vehicle,13800 LAUREL DR,1,2026,43-,79
Break and Enter - Business,13500 73RD AVE,1,2026,35-,80
Break and Enter - Residence,7800 126A ST,1,2026,07-,81
Theft from Motor Vehicle,14100 59A AVE,1,2026,53-,82
Shoplifting,15700 CROYDON DR,1,2026,82-,83
Shoplifting,10400 KING GEORGE BLVD,1,2026,94-,84
Theft from Motor Vehicle,7300 137TH ST,1,2026,83-,85
Theft from Motor Vehicle,17200 61A AVE,1,2026,26-756,86
Theft of Motor Vehicle,9400 159A ST,1,2026,26-686,87
Shoplifting,10100 152ND ST,1,2026,26-767,88
Theft from Motor Vehicle,8000 169TH ST,1,2026,26-1148,89
Theft from Motor Vehicle,14200 GREEN TIMBERS WAY,1,2026,26-716,90
Break and Enter - Residence,7800 170TH ST,1,2026,26-787,91
Shoplifting,10300 152ND ST,1,2026,26-777,92
Shoplifting,8900 152ND ST,1,2026,26-808,93
Break and Enter - Business,13500 96TH AVE,1,2026,77-,94
Break and Enter - Business,10700 138TH ST,1,2026,54-,95
Break and Enter - Business,2400 166TH ST,1,2026,03-,96
Shoplifting,7100 138TH ST,1,2026,14-,97
Theft from Motor Vehicle,12400 91ST AVE,1,2026,10-,98
Theft from Motor Vehicle,13200 67B AVE,1,2026,50-,99
Shoplifting,6900 KING GEORGE BLVD,1,2026,87-,100
Shoplifting,10100 KING GEORGE BLVD,1,2026,66-,101
Shoplifting,10700 KING GEORGE BLVD,1,2026,99-,102
Theft of Motor Vehicle,2600 171ST ST,1,2026,17-,103
Shoplifting,10800 CITY PKWY,1,2026,64-,104
Break and Enter - Business,13700 FRASER HWY,1,2026,27-,105
Break and Enter - Business,12900 KING GEORGE BLVD,1,2026,54-,106
Shoplifting,2300 160TH ST,1,2026,07-,107
Shoplifting,7500 KING GEORGE BLVD,1,2026,72-,108
Break and Enter - Business,3300 148TH ST,1,2026,71-,109
Theft from Motor Vehicle,10900 132ND ST,1,2026,01-,110
Shoplifting,10400 KING GEORGE BLVD,1,2026,90-,111
Theft from Motor Vehicle,10600 CITY PKWY,1,2026,36-,112
Theft from Motor Vehicle,3300 148TH ST,1,2026,71-,113
Theft from Motor Vehicle,5900 173B ST,1,2026,26-1849,114
Shoplifting,14600 104TH AVE,1,2026,26-1760,115
Shoplifting,14600 104TH AVE,1,2026,26-1744,116
Shoplifting,14600 104TH AVE,1,2026,26-1778,117
Theft of Motor Vehicle,19500 92ND AVE,1,2026,26-1681,118
Theft from Motor Vehicle,16400 64TH AVE,1,2026,26-1697,119
Shoplifting,9000 152ND ST,1,2026,26-1750,120
Break and Enter - Business,6400 175A ST,1,2026,26-1688,121
Shoplifting,10100 153RD ST,1,2026,26-1714,122
Theft from Motor Vehicle,66TH AVE / 121ST ST,1,2026,99-,123
Break and Enter - Business,9800 KING GEORGE BLVD,1,2026,21-,124
Shoplifting,13900 FRASER HWY,1,2026,68-,125
Shoplifting,10100 KING GEORGE BLVD,1,2026,21-,126
Shoplifting,10100 KING GEORGE BLVD,1,2026,38-,127
Shoplifting,7100 138TH ST,1,2026,85-,128
Break and Enter - Business,13700 108TH AVE,1,2026,75-,129
Shoplifting,7300 KING GEORGE BLVD,1,2026,00-,130
Theft from Motor Vehicle,15800 29A AVE,1,2026,66-,131
Shoplifting,13600 GEORGE JUNCTION,1,2026,41-,132
Break and Enter - Residence,9600 149TH ST,1,2026,26-1851,133
Shoplifting,14600 104TH AVE,1,2026,26-1937,134
Shoplifting,14600 104TH AVE,1,2026,26-1922,135
Theft from Motor Vehicle,19300 96TH AVE,1,2026,26-1822,136
Shoplifting,8900 152ND ST,1,2026,26-1860,137
Shoplifting,10100 153RD ST,1,2026,26-1868,138
Shoplifting,10300 152ND ST,1,2026,26-1904,139
Break and Enter - Business,18800 96TH AVE,1,2026,26-1811,140
Break and Enter - Business,12900 106TH AVE,1,2026,01-,141
Theft from Motor Vehicle,1300 162A ST,1,2026,46-,142
Shoplifting,10500 KING GEORGE BLVD,1,2026,50-,143
Shoplifting,10400 KING GEORGE BLVD,1,2026,44-,144
Shoplifting,10100 KING GEORGE BLVD,1,2026,15-,145
Shoplifting,10500 KING GEORGE BLVD,1,2026,35-,146
Shoplifting,7100 138TH ST,1,2026,70-,147
Shoplifting,1600 152ND ST,1,2026,74-,148
Break and Enter - Residence,13100 103RD AVE,1,2026,92-,149
Shoplifting,13600 GEORGE JUNCTION,1,2026,64-,150
Theft of Motor Vehicle,14000 66A AVE,1,2026,80-,151
Shoplifting,7500 KING GEORGE BLVD,1,2026,47-,152
Break and Enter - Residence,13800 FRASER HWY,1,2026,16-,153
Shoplifting,10100 KING GEORGE BLVD,1,2026,23-,154
Theft from Motor Vehicle,11400 97A AVE,1,2026,22-,155
Theft from Motor Vehicle,10100 KING GEORGE BLVD,1,2026,89-,156
Shoplifting,2300 160TH ST,1,2026,53-,157
Theft from Motor Vehicle,16400 19TH AVE,1,2026,40-,158
Break and Enter - Business,9600 137A ST,1,2026,37-,159
Shoplifting,14600 104TH AVE,1,2026,26-841,160
Theft of Motor Vehicle,16600 63A AVE,1,2026,26-848,161
Theft from Motor Vehicle,19200 64TH AVE,1,2026,26-983,162
Theft from Motor Vehicle,19100 67A AVE,1,2026,26-951,163
Theft from Motor Vehicle,15800 88TH AVE,1,2026,26-849,164
Shoplifting,8800 152ND ST,1,2026,26-883,165
Shoplifting,10300 152ND ST,1,2026,26-1026,166
Theft from Motor Vehicle,6200 SUNDANCE DR,1,2026,26-890,167
Shoplifting,10300 152ND ST,1,2026,26-911,168
Theft of Motor Vehicle,157TH ST / 82A AVE,1,2026,26-850,169
Theft from Motor Vehicle,19200 71ST AVE,1,2026,26-844,170
Shoplifting,10300 152ND ST,1,2026,26-882,171
Shoplifting,14600 104TH AVE,1,2026,26-909,172
Theft from Motor Vehicle,3000 KING GEORGE BLVD,1,2026,79-,173
Shoplifting,15700 CROYDON DR,1,2026,99-,174
Shoplifting,2300 160TH ST,1,2026,93-,175
Shoplifting,13600 GEORGE JUNCTION,1,2026,14-,176
Theft from Motor Vehicle,133RD ST / OLD YALE RD,1,2026,02-,177
Theft from Motor Vehicle,2400 BLOCK 150TH ST,1,2026,63-,178
Shoplifting,10100 KING GEORGE BLVD,1,2026,10-,179
Shoplifting,7100 138TH ST,1,2026,21-,180
Theft from Motor Vehicle,14500 67A AVE,1,2026,16-,181
Theft from Motor Vehicle,28TH AVE / 150TH ST,1,2026,12-,182
Theft from Motor Vehicle,15200 36TH AVE,1,2026,01-,183
Shoplifting,18700 FRASER HWY,1,2026,26-1080,184
Shoplifting,14600 104TH AVE,1,2026,26-1048,185
Theft from Motor Vehicle,7200 192ND ST,1,2026,26-1121,186
Theft from Motor Vehicle,7000 190TH ST,1,2026,26-1112,187
Theft from Motor Vehicle,10700 144TH ST,1,2026,26-937,188
Theft from Motor Vehicle,192ND ST / 74TH AVE,1,2026,26-1146,189
Shoplifting,15400 FRASER HWY,1,2026,26-1008,190
Break and Enter - Business,10300 152ND ST,1,2026,26-981,191
Theft from Motor Vehicle,18700 88TH AVE,1,2026,26-1045,192
Theft of Motor Vehicle,10200 152ND ST,1,2026,26-1009,193
Shoplifting,10300 152ND ST,1,2026,26-1072,194
Shoplifting,5600 176TH ST,1,2026,26-1058,195
Shoplifting,18700 FRASER HWY,1,2026,26-1052,196
Theft of Motor Vehicle,148TH ST / 56TH AVE,1,2026,75-,197
Shoplifting,10700 KING GEORGE BLVD,1,2026,06-,198
Theft from Motor Vehicle,9600 KING GEORGE BLVD,1,2026,02-,199
Shoplifting,10100 KING GEORGE BLVD,1,2026,89-,200
Break and Enter - Business,8100 128TH ST,1,2026,3-,201
Shoplifting,7500 KING GEORGE BLVD,1,2026,5-,202
Theft from Motor Vehicle,7200 140TH ST,1,2026,4-,203
Theft from Motor Vehicle,128TH ST / 84TH AVE,1,2026,4-,204
Theft of Motor Vehicle,12300 BLOCK INDUSTRIAL RD,1,2026,9-,205
Theft from Motor Vehicle,1900 154TH ST,1,2026,34-,206
Theft from Motor Vehicle,16300 15TH AVE,1,2026,8-,207
Shoplifting,9000 152ND ST,1,2026,26-328,208
Theft of Motor Vehicle,15400 110TH AVE,1,2026,26-314,209
Shoplifting,9000 152ND ST,1,2026,26-347,210
Shoplifting,14600 104TH AVE,1,2026,26-389,211
Theft from Motor Vehicle,9000 148TH ST,1,2026,26-305,212
Shoplifting,17600 64TH AVE,1,2026,26-338,213
Theft from Motor Vehicle,6000 181A ST,1,2026,26-344,214
Shoplifting,7400 KING GEORGE BLVD,1,2026,0-,215
Break and Enter - Residence,2500 152ND ST,1,2026,7-,216
Shoplifting,13400 102ND AVE,1,2026,05-,217
Break and Enter - Residence,12100 NEW MCLELLAN RD,1,2026,8-,218
Shoplifting,10500 KING GEORGE BLVD,1,2026,4-,219
Theft of Motor Vehicle,13300 76TH AVE,1,2026,6-,220
Break and Enter - Business,7100 138TH ST,1,2026,7-,221
Theft from Motor Vehicle,16700 18TH AVE,1,2026,8-,222
Break and Enter - Business,7900 KING GEORGE BLVD,1,2026,3-,223
Shoplifting,10700 KING GEORGE BLVD,1,2026,2-,224
Break and Enter - Business,15200 20TH AVE,1,2026,0-,225
Theft from Motor Vehicle,18100 58TH AVE,1,2026,26-540,226
Shoplifting,14400 108TH AVE,1,2026,26-415,227
Shoplifting,10300 152ND ST,1,2026,26-491,228
Shoplifting,14600 104TH AVE,1,2026,26-498,229
Theft from Motor Vehicle,15000 101ST AVE,1,2026,26-495,230
Theft from Motor Vehicle,5900 179TH ST,1,2026,26-563,231
Theft from Motor Vehicle,13500 87A AVE,1,2026,62-,232
Theft of Motor Vehicle,9900 121ST ST,1,2026,67-,233
Theft from Motor Vehicle,13700 75A AVE,1,2026,49-,234
Shoplifting,10500 KING GEORGE BLVD,1,2026,09-,235
Shoplifting,10500 KING GEORGE BLVD,1,2026,59-,236
Theft from Motor Vehicle,9500 128TH ST,1,2026,76-,237
Break and Enter - Business,7400 KING GEORGE BLVD,1,2026,91-,238
Theft from Motor Vehicle,13400 84TH AVE,1,2026,61-,239
Theft from Motor Vehicle,13700 75A AVE,1,2026,41-,240
Shoplifting,10100 KING GEORGE BLVD,1,2026,06-,241
Shoplifting,10100 KING GEORGE BLVD,1,2026,57-,242
Break and Enter - Business,13500 81ST AVE,1,2026,34-,243
Theft of Motor Vehicle,7700 122ND ST,1,2026,70-,244
Break and Enter - Residence,16600 20TH AVE,1,2026,56-,245
Theft from Motor Vehicle,7400 138TH ST,1,2026,75-,246
Shoplifting,10400 KING GEORGE BLVD,1,2026,82-,247
Theft of Motor Vehicle,12200 74A AVE,1,2026,18-,248
Theft of Motor Vehicle,13300 62ND AVE,1,2026,76-,249
Theft from Motor Vehicle,7800 164TH ST,1,2026,26-725,250
Theft from Motor Vehicle,10500 KING GEORGE BLVD,1,2026,47-,251
Break and Enter - Residence,5800 135A ST,1,2026,89-,252
Shoplifting,7500 KING GEORGE BLVD,1,2026,23-,253
Shoplifting,7100 138TH ST,1,2026,83-,254
Shoplifting,10500 KING GEORGE BLVD,1,2026,16-,255
Shoplifting,13400 102ND AVE,1,2026,30-,256
Shoplifting,10100 KING GEORGE BLVD,1,2026,28-,257
Theft from Motor Vehicle,6200 KING GEORGE BLVD,1,2026,47-,258
Shoplifting,135A ST / 108TH AVE,1,2026,99-,259
Shoplifting,10700 KING GEORGE BLVD,1,2026,55-,260
Theft from Motor Vehicle,16100 24TH AVE,1,2026,69-,261
Theft from Motor Vehicle,15800 27TH AVE,1,2026,64-,262
Shoplifting,10100 KING GEORGE BLVD,1,2026,07-,263
Theft of Motor Vehicle,1000 164TH ST,1,2026,92-,264
Shoplifting,15300 24TH AVE,1,2026,11-,265
Theft from Motor Vehicle,13700 67TH AVE,1,2026,17-,266
Break and Enter - Business,10100 152ND ST,1,2026,26-1429,267
Theft from Motor Vehicle,18800 69TH AVE,1,2026,26-1432,268
Theft of Motor Vehicle,4800 168TH ST,1,2026,26-1466,269
Shoplifting,9000 152ND ST,1,2026,26-1502,270
Break and Enter - Residence,18500 74TH AVE,1,2026,26-1450,271
Shoplifting,10300 152ND ST,1,2026,26-1511,272
Shoplifting,9500 132ND ST,1,2026,87-,273
Shoplifting,15300 24TH AVE,1,2026,53-,274
Shoplifting,10500 KING GEORGE BLVD,1,2026,86-,275
Shoplifting,2300 160TH ST,1,2026,88-,276
Break and Enter - Business,12900 115TH AVE,1,2026,12-,277
Shoplifting,7300 KING GEORGE BLVD,1,2026,61-,278
Shoplifting,12700 110TH AVE,1,2026,07-,279
Shoplifting,7100 138TH ST,1,2026,18-,280
Theft from Motor Vehicle,3300 148TH ST,1,2026,26-,281
Shoplifting,10800 CITY PKWY,1,2026,99-,282
Theft from Motor Vehicle,3000 KING GEORGE BLVD,1,2026,11-,283
Break and Enter - Business,2800 156TH ST,1,2026,75-,284
Shoplifting,15300 24TH AVE,1,2026,93-,285
Theft from Motor Vehicle,2800 156TH ST,1,2026,75-,286
Shoplifting,15600 104TH AVE,1,2026,26-1651,287
Theft from Motor Vehicle,16800 80TH AVE,1,2026,26-1642,288
Theft from Motor Vehicle,8100 164TH ST,1,2026,26-1572,289
Theft from Motor Vehicle,83RD AVE / 158TH ST,1,2026,26-1698,290
Shoplifting,9000 152ND ST,1,2026,26-1618,291
Shoplifting,10300 152ND ST,1,2026,26-1582,292
Shoplifting,10300 152ND ST,1,2026,26-1630,293
Shoplifting,10300 152ND ST,1,2026,26-1620,294
Theft of Motor Vehicle,166TH ST / 60TH AVE,1,2026,26-1604,295
Shoplifting,14600 104TH AVE,1,2026,26-1612,296
Shoplifting,10300 152ND ST,1,2026,26-1569,297
Shoplifting,7500 KING GEORGE BLVD,1,2026,71-,298
Shoplifting,13900 FRASER HWY,1,2026,09-,299
Shoplifting,13600 GEORGE JUNCTION,1,2026,70-,300
Break and Enter - Business,9800 WHALLEY BLVD,1,2026,58-,301
Shoplifting,10800 CITY PKWY,1,2026,78-,302
Break and Enter - Business,12500 80TH AVE,1,2026,94-,303
Theft from Motor Vehicle,162ND ST / 23RD AVE,1,2026,14-,304
Theft from Motor Vehicle,11400 142ND ST,1,2026,26-2124,305
Theft of Motor Vehicle,17800 64TH AVE,1,2026,26-2516,306
Shoplifting,17700 56TH AVE,1,2026,26-1971,307
Shoplifting,18700 FRASER HWY,1,2026,26-2033,308
Theft from Motor Vehicle,14200 KINDERSLEY DR,1,2026,26-2031,309
Shoplifting,10300 152ND ST,1,2026,26-2048,310
Theft from Motor Vehicle,14200 PARK DR,1,2026,26-2123,311
Theft from Motor Vehicle,8900 150TH ST,1,2026,26-2102,312
Theft from Motor Vehicle,14100 KINDERSLEY DR,1,2026,26-2007,313
Theft from Motor Vehicle,16TH AVE / KING GEORGE BLVD,1,2026,48-,314
Break and Enter - Business,7100 KING GEORGE BLVD,1,2026,15-,315
Break and Enter - Residence,11500 96TH AVE,1,2026,19-,316
Shoplifting,10500 KING GEORGE BLVD,1,2026,11-,317
Shoplifting,7100 138TH ST,1,2026,89-,318
Shoplifting,1600 152ND ST,1,2026,04-,319
Shoplifting,10800 CITY PKWY,1,2026,33-,320
Shoplifting,7500 KING GEORGE BLVD,1,2026,10-,321
Theft from Motor Vehicle,13700 100TH AVE,1,2026,04-,322
Theft of Motor Vehicle,1800 152ND ST,1,2026,22-,323
Shoplifting,7500 KING GEORGE BLVD,1,2026,37-,324
Break and Enter - Business,7400 KING GEORGE BLVD,1,2026,43-,325
Shoplifting,10400 KING GEORGE BLVD,1,2026,35-,326
Shoplifting,7100 138TH ST,1,2026,26-,327
Shoplifting,6900 KING GEORGE BLVD,1,2026,33-,328
Break and Enter - Residence,13800 66TH AVE,1,2026,05-,329
Shoplifting,2300 160TH ST,1,2026,96-,330
Theft from Motor Vehicle,13700 GEORGE JUNCTION,1,2026,72-,331
Theft from Motor Vehicle,13900 70TH AVE,1,2026,90-,332
Shoplifting,1700 152ND ST,1,2026,03-,333
Shoplifting,10100 KING GEORGE BLVD,1,2026,90-,334
Shoplifting,1700 152ND ST,1,2026,77-,335
Theft from Motor Vehicle,11500 142ND ST,1,2026,26-2133,336
Theft from Motor Vehicle,8600 170TH ST,1,2026,26-2416,337
Theft of Motor Vehicle,8100 146TH ST,1,2026,26-2542,338
Theft from Motor Vehicle,7000 191ST ST,1,2026,26-2175,339
Shoplifting,14600 104TH AVE,1,2026,26-2178,340
Theft from Motor Vehicle,15900 107A AVE,1,2026,26-2279,341
Theft from Motor Vehicle,5400 176TH ST,1,2026,26-2119,342
Break and Enter - Residence,14700 104TH AVE,1,2026,26-2147,343
Theft from Motor Vehicle,10600 158A ST,1,2026,26-3133,344
Shoplifting,1700 152ND ST,1,2026,87-,345
Theft from Motor Vehicle,CENTRAL AVE / 138A ST,1,2026,53-,346
Shoplifting,13600 GEORGE JUNCTION,1,2026,63-,347
Shoplifting,13600 GEORGE JUNCTION,1,2026,79-,348
Theft of Motor Vehicle,12300 65TH AVE,1,2026,47-,349
Theft from Motor Vehicle,8500 140TH ST,1,2026,42-,350
Theft from Motor Vehicle,14500 LOMBARD PL,1,2026,61-,351
Break and Enter - Residence,12900 108TH AVE,1,2026,62-,352
Shoplifting,7100 138TH ST,1,2026,29-,353
Shoplifting,10100 KING GEORGE BLVD,1,2026,74-,354
Shoplifting,7100 138TH ST,1,2026,24-,355
Shoplifting,10800 132ND ST,1,2026,97-,356
Theft from Motor Vehicle,12500 88TH AVE,1,2026,66-,357
Break and Enter - Residence,15500 17A AVE,1,2026,53-,358
Shoplifting,12700 110TH AVE,1,2026,41-,359
Shoplifting,1600 152ND ST,1,2026,61-,360
Shoplifting,10700 KING GEORGE BLVD,1,2026,44-,361
Shoplifting,2300 160TH ST,1,2026,92-,362
Break and Enter - Business,12500 80TH AVE,1,2026,67-,363
Theft from Motor Vehicle,13800 79TH AVE,1,2026,15-,364
Theft from Motor Vehicle,1700 130TH ST,1,2026,04-,365
Shoplifting,12800 96TH AVE,1,2026,94-,366
Theft from Motor Vehicle,6800 KING GEORGE BLVD,1,2026,10-,367
Break and Enter - Business,15100 34TH AVE,1,2026,23-,368
Shoplifting,15800 26TH AVE,1,2026,36-,369
Shoplifting,14600 104TH AVE,1,2026,26-1215,370
Shoplifting,9000 152ND ST,1,2026,26-1199,371
Break and Enter - Residence,6700 192ND ST DVRS,1,2026,26-1210,372
Shoplifting,14600 104TH AVE,1,2026,26-1142,373
Break and Enter - Residence,14400 110TH AVE,1,2026,26-1156,374
Shoplifting,17700 64TH AVE,1,2026,26-1229,375
Break and Enter - Business,15700 85TH AVE,1,2026,26-1372,376
Shoplifting,10300 152ND ST,1,2026,26-1190,377
Theft from Motor Vehicle,13700 75A AVE,1,2026,34-,378
Theft from Motor Vehicle,1900 148A ST,1,2026,38-,379
Theft from Motor Vehicle,16200 10TH AVE,1,2026,99-,380
Theft of Motor Vehicle,3600 KING GEORGE BLVD,1,2026,55-,381
Shoplifting,9500 132ND ST,1,2026,39-,382
Theft of Motor Vehicle,14400 32B AVE,1,2026,58-,383
Break and Enter - Business,10000 KING GEORGE BLVD,1,2026,17-,384
Theft from Motor Vehicle,10000 KING GEORGE BLVD,1,2026,17-,385
Shoplifting,10300 152ND ST,1,2026,26-1357,386
Shoplifting,14600 104TH AVE,1,2026,26-1337,387
Shoplifting,18700 FRASER HWY,1,2026,26-1784,388
Theft from Motor Vehicle,5900 168A ST,1,2026,26-1333,389
Theft from Motor Vehicle,14600 106TH AVE,1,2026,26-1274,390
Shoplifting,14600 104TH AVE,1,2026,26-1370,391
Theft from Motor Vehicle,16900 60TH AVE,1,2026,26-1315,392
Shoplifting,14600 104TH AVE,1,2026,26-1359,393
Break and Enter - Business,8600 160TH ST,1,2026,26-1289,394
Break and Enter - Residence,7100 179TH ST,1,2026,26-1306,395
Theft of Motor Vehicle,19300 56TH AVE,1,2026,26-1308,396
Break and Enter - Business,19300 68TH AVE,1,2026,26-1270,397
Shoplifting,17700 56TH AVE,1,2026,26-1343,398
Shoplifting,10300 152ND ST,1,2026,26-1345,399
Theft of Motor Vehicle,11100 SCOTT RD,1,2026,44-,400
Shoplifting,1600 152ND ST,1,2026,25-,401
Theft from Motor Vehicle,33RD AVE / 190TH ST,1,2026,48-,402
Shoplifting,7300 KING GEORGE BLVD,1,2026,78-,403
Shoplifting,15800 26TH AVE,1,2026,03-,404
Shoplifting,10800 CITY PKWY,1,2026,57-,405
Shoplifting,10800 CITY PKWY,1,2026,78-,406
Theft of Motor Vehicle,19500 24TH AVE,1,2026,30-,407
Break and Enter - Residence,13100 99A AVE,1,2026,49-,408
Theft from Motor Vehicle,16500 80TH AVE,1,2026,26-2921,409
Shoplifting,10300 152ND ST,1,2026,26-2875,410
Shoplifting,10300 152ND ST,1,2026,26-2847,411
Shoplifting,MARTIN DR / SOUTHMERE CRES,1,2026,82-,412
Theft from Motor Vehicle,2300 130TH ST,1,2026,02-,413
Shoplifting,10300 KING GEORGE BLVD,1,2026,83-,414
Break and Enter - Business,10700 138TH ST,1,2026,90-,415
Theft of Motor Vehicle,14300 60TH AVE,1,2026,75-,416
Shoplifting,15800 26TH AVE,1,2026,77-,417
Shoplifting,10100 KING GEORGE BLVD,1,2026,71-,418
Shoplifting,10700 KING GEORGE BLVD,1,2026,57-,419
Shoplifting,7100 138TH ST,1,2026,05-,420
Shoplifting,7100 138TH ST,1,2026,58-,421
Theft from Motor Vehicle,9600 137A ST,1,2026,24-,422
Theft of Motor Vehicle,12900 96TH AVE,1,2026,32-,423
Theft of Motor Vehicle,88TH AVE / 128TH ST,1,2026,12-0,424
Break and Enter - Business,12300 MUSQUEAM DR,1,2026,91-,425
Shoplifting,10300 152ND ST,1,2026,26-2959,426
Theft from Motor Vehicle,16500 FRASER HWY,1,2026,26-2929,427
Theft from Motor Vehicle,14700 HALSTEAD PL,1,2026,26-2925,428
Theft from Motor Vehicle,14800 90TH AVE,1,2026,26-3069,429
Theft from Motor Vehicle,7200 195A ST,1,2026,26-3077,430
Theft from Motor Vehicle,74TH AVE / 194A ST,1,2026,26-3115,431
Theft from Motor Vehicle,14900 88A AVE,1,2026,26-3116,432
Theft from Motor Vehicle,15600 109A AVE,1,2026,26-2996,433
Shoplifting,10300 152ND ST,1,2026,26-3005,434
Shoplifting,15700 CROYDON DR,1,2026,44-,435
Break and Enter - Residence,17400 28TH AVE,1,2026,84-,436
Shoplifting,1700 152ND ST,1,2026,82-,437
Theft from Motor Vehicle,7300 KING GEORGE BLVD,1,2026,15-,438
Theft of Motor Vehicle,9200 137A ST,1,2026,49-,439
Shoplifting,7500 KING GEORGE BLVD,1,2026,54-,440
Shoplifting,7500 KING GEORGE BLVD,1,2026,37-,441
Theft from Motor Vehicle,10200 128TH ST,1,2026,51-,442
Theft of Motor Vehicle,12800 110TH AVE,1,2026,40-,443
Break and Enter - Residence,17400 56TH AVE,1,2026,26-3056,444
Theft from Motor Vehicle,14400 101ST AVE,1,2026,26-3237,445
Shoplifting,14600 104TH AVE,1,2026,26-3147,446
Theft from Motor Vehicle,15400 94TH AVE,1,2026,26-3103,447
Theft from Motor Vehicle,16500 FRASER HWY,1,2026,26-3068,448
Shoplifting,10300 152ND ST,1,2026,26-3109,449
Theft of Motor Vehicle,5300 164TH ST,1,2026,26-3120,450
Theft from Motor Vehicle,13700 94A AVE,1,2026,23-,451
Theft from Motor Vehicle,15100 19TH AVE,1,2026,14-,452
Shoplifting,10100 KING GEORGE BLVD,1,2026,06-,453
Break and Enter - Residence,3400 140TH ST,1,2026,16-,454
Shoplifting,10500 KING GEORGE BLVD,1,2026,37-,455
Theft of Motor Vehicle,6900 152ND ST,1,2026,74-,456
Break and Enter - Residence,7700 126A ST,1,2026,63-,457
Theft of Motor Vehicle,15100 71A AVE,1,2026,65-,458
Shoplifting,10500 KING GEORGE BLVD,1,2026,36-,459
Shoplifting,14300 57TH AVE,1,2026,03-,460
Shoplifting,3000 152ND ST,1,2026,93-,461
Shoplifting,1600 152ND ST,1,2026,02-,462
Break and Enter - Business,10700 138TH ST,1,2026,45-,463
Break and Enter - Residence,12200 INDUSTRIAL RD,1,2026,10-,464
Shoplifting,7500 KING GEORGE BLVD,1,2026,82-,465
Shoplifting,2300 160TH ST,1,2026,27-,466
Break and Enter - Residence,2000 OAK MEADOWS DR,1,2026,89-,467
Shoplifting,8000 KING GEORGE BLVD,1,2026,72-,468
Break and Enter - Residence,13700 BENTLEY RD,1,2026,70-,469
Shoplifting,2300 160TH ST,1,2026,83-,470
Theft from Motor Vehicle,2000 OAK MEADOWS DR,1,2026,89-,471
Theft from Motor Vehicle,8400 163RD ST,1,2026,26-2394,472
Theft from Motor Vehicle,7900 165A ST,1,2026,26-3554,473
Theft from Motor Vehicle,10200 145TH ST,1,2026,26-3550,474
Shoplifting,14600 104TH AVE,1,2026,26-3573,475
Shoplifting,5600 176TH ST,1,2026,26-3590,476
Shoplifting,15600 104TH AVE,1,2026,26-3610,477
Shoplifting,7500 KING GEORGE BLVD,1,2026,95-,478
Theft from Motor Vehicle,15100 20TH AVE,1,2026,15-,479
Shoplifting,7300 KING GEORGE BLVD,1,2026,11-,480
Theft from Motor Vehicle,2300 130TH ST,1,2026,57-,481
Break and Enter - Business,15100 16TH AVE,1,2026,32-,482
Shoplifting,7300 KING GEORGE BLVD,1,2026,10-,483
Shoplifting,10100 KING GEORGE BLVD,1,2026,48-,484
Theft from Motor Vehicle,2400 164TH ST,1,2026,43-,485
Break and Enter - Residence,10800 139A ST,1,2026,32-,486
Shoplifting,10800 132ND ST,1,2026,43-,487
Theft of Motor Vehicle,10100 KING GEORGE BLVD,1,2026,12-,488
Theft from Motor Vehicle,8000 134TH ST,1,2026,61-,489
Theft from Motor Vehicle,SURREY CENTRAL LOOP / CITY PKWY,1,2026,78-,490
Break and Enter - Residence,14200 103A AVE,1,2026,26-3672,491
Theft of Motor Vehicle,17800 64TH AVE,1,2026,26-3658,492
Shoplifting,9000 152ND ST,1,2026,26-3735,493
Shoplifting,10300 152ND ST,1,2026,26-3732,494
Shoplifting,14600 104TH AVE,1,2026,26-3744,495
Shoplifting,10300 152ND ST,1,2026,26-3698,496
Theft from Motor Vehicle,12800 62ND AVE,1,2026,24-,497
Break and Enter - Business,12800 16TH AVE,1,2026,36-,498
Shoplifting,10800 CITY PKWY,1,2026,90-,499
Theft of Motor Vehicle,13100 68TH AVE,1,2026,81-,500
Break and Enter - Business,13100 104TH AVE,1,2026,51-,501
Shoplifting,10100 KING GEORGE BLVD,1,2026,25-,502
Shoplifting,13400 104TH AVE,1,2026,99-,503
Shoplifting,10100 KING GEORGE BLVD,1,2026,83-,504
Shoplifting,13600 GEORGE JUNCTION,1,2026,14-,505
Theft from Motor Vehicle,10100 KING GEORGE BLVD,1,2026,69-,506
Break and Enter - Residence,2000 OAK MEADOWS DR,1,2026,28-,507
Shoplifting,13600 GEORGE JUNCTION,1,2026,33-,508
Shoplifting,15200 56TH AVE,1,2026,57-,509
Theft from Motor Vehicle,13200 82B AVE,1,2026,17-,510
Theft from Motor Vehicle,3600 KING GEORGE BLVD,1,2026,76-,511
Shoplifting,12700 110TH AVE,1,2026,54-,512
Theft of Motor Vehicle,15900 84TH AVE,1,2026,26-2284,513
Shoplifting,14600 104TH AVE,1,2026,26-2310,514
Theft of Motor Vehicle,13400 KING GEORGE BLVD,1,2026,87-,515
Theft from Motor Vehicle,10300 152ND ST,1,2026,26-2325,516
Shoplifting,10400 KING GEORGE BLVD,1,2026,84-,517
Shoplifting,14600 104TH AVE,1,2026,26-2275,518
Theft from Motor Vehicle,2200 163RD ST,1,2026,37-,519
Theft from Motor Vehicle,10100 152ND ST,1,2026,26-2293,520
Theft from Motor Vehicle,12100 SULLIVAN ST,1,2026,75-,521
Shoplifting,18700 FRASER HWY,1,2026,26-2328,522
Theft from Motor Vehicle,8300 120A ST,1,2026,39-,523
Shoplifting,14600 104TH AVE,1,2026,26-2303,524
Break and Enter - Residence,3200 144TH ST,1,2026,84-,525
Theft from Motor Vehicle,16000 82ND AVE,1,2026,26-2361,526
Shoplifting,3000 152ND ST,1,2026,80-,527
Shoplifting,13600 GEORGE JUNCTION,1,2026,53-,528
Theft from Motor Vehicle,10200 121ST ST,1,2026,33-,529
Theft from Motor Vehicle,900 164TH ST,1,2026,64-,530
Shoplifting,7100 138TH ST,1,2026,04-,531
Shoplifting,10400 KING GEORGE BLVD,1,2026,45-,532
Theft of Motor Vehicle,14500 82ND AVE,1,2026,26-2522,533
Theft from Motor Vehicle,9600 KING GEORGE BLVD,1,2026,60-,534
Theft from Motor Vehicle,19100 73RD AVE,1,2026,26-2601,535
Theft from Motor Vehicle,7500 149A ST,1,2026,08-,536
Shoplifting,17600 60TH AVE,1,2026,26-2631,537
Shoplifting,10700 KING GEORGE BLVD,1,2026,09-,538
Shoplifting,14600 104TH AVE,1,2026,26-2576,539
Break and Enter - Residence,9800 123RD ST,1,2026,73-,540
Shoplifting,2200 160TH ST,1,2026,49-,541
Shoplifting,3000 152ND ST,1,2026,01-,542
Theft from Motor Vehicle,9900 140TH ST,1,2026,80-,543
Break and Enter - Business,8300 128TH ST,1,2026,25-,544
Theft of Motor Vehicle,2500 149TH ST,1,2026,56-,545
Shoplifting,10500 KING GEORGE BLVD,1,2026,98-,546
Theft from Motor Vehicle,14800 20TH AVE,1,2026,15-,547
Theft from Motor Vehicle,14100 77TH AVE,1,2026,43-,548
Shoplifting,7500 KING GEORGE BLVD,1,2026,91-,549
Theft from Motor Vehicle,13600 76TH AVE,1,2026,02-,550
Shoplifting,18300 64TH AVE,1,2026,26-2457,551
Theft of Motor Vehicle,14300 104TH AVE,1,2026,26-2486,552
Shoplifting,10300 152ND ST,1,2026,26-2449,553
Shoplifting,14600 104TH AVE,1,2026,26-2667,554
Shoplifting,14600 104TH AVE,1,2026,26-2445,555
Shoplifting,14600 104TH AVE,1,2026,26-2469,556
Shoplifting,10100 153RD ST,1,2026,26-2409,557
Theft from Motor Vehicle,9000 150TH ST,1,2026,26-2497,558
Theft from Motor Vehicle,7400 147A ST,1,2026,14-,559
Theft from Motor Vehicle,12500 110TH AVE,1,2026,66-,560
Theft of Motor Vehicle,10100 KING GEORGE BLVD,1,2026,96-,561
Theft from Motor Vehicle,15000 34A AVE,1,2026,81-,562
Shoplifting,10500 KING GEORGE BLVD,1,2026,96-,563
Theft from Motor Vehicle,1800 167TH ST,1,2026,97-,564
Theft from Motor Vehicle,13100 63A AVE,1,2026,12-,565
Break and Enter - Business,13700 75A AVE,1,2026,52-,566
Theft from Motor Vehicle,2000 OAK MEADOWS DR,1,2026,28-,567
Shoplifting,15100 16TH AVE,1,2026,82-,568
Shoplifting,10300 152ND ST,1,2026,26-3876,569
Theft from Motor Vehicle,17900 ROAN PL,1,2026,26-3847,570
Shoplifting,14600 104TH AVE,1,2026,26-3851,571
Break and Enter - Residence,6300 189A ST,1,2026,26-3881,572
Shoplifting,3000 152ND ST,1,2026,82-,573
Theft from Motor Vehicle,13900 79TH AVE,1,2026,34-,574
Shoplifting,15300 24TH AVE,1,2026,47-,575
Theft from Motor Vehicle,8000 158TH ST,1,2026,26-2740,576
Theft from Motor Vehicle,10200 CITY PKWY,1,2026,54-,577
Shoplifting,14600 104TH AVE,1,2026,26-2590,578
Shoplifting,7500 KING GEORGE BLVD,1,2026,22-,579
Shoplifting,10300 152ND ST,1,2026,26-2563,580
Shoplifting,10100 KING GEORGE BLVD,1,2026,63-,581
Theft of Motor Vehicle,14600 106A AVE,1,2026,26-2633,582
Break and Enter - Residence,1700 SOUTHMERE CRES,1,2026,45-,583
Shoplifting,14600 104TH AVE,1,2026,26-2614,584
Theft from Motor Vehicle,13500 KING GEORGE BLVD,1,2026,66-,585
Theft from Motor Vehicle,9000 149TH ST,1,2026,26-2552,586
Theft of Motor Vehicle,HYLAND RD / 142ND ST,1,2026,87-,587
Shoplifting,9000 152ND ST,1,2026,26-2567,588
Theft from Motor Vehicle,15000 101ST AVE,1,2026,26-4059,589
Theft from Motor Vehicle,15900 84TH AVE,1,2026,26-2583,590
Shoplifting,14600 104TH AVE,1,2026,26-4005,591
Break and Enter - Business,5600 192ND ST,1,2026,26-2520,592
Theft from Motor Vehicle,14700 ASHFORD PL,1,2026,08-7,593
Theft from Motor Vehicle,14100 79TH AVE,1,2026,87-,594
Theft from Motor Vehicle,2100 165TH ST,1,2026,68-,595
Shoplifting,2300 160TH ST,1,2026,85-,596
Theft of Motor Vehicle,10600 137A ST,1,2026,70-,597
Shoplifting,7500 KING GEORGE BLVD,1,2026,16-,598
Shoplifting,15700 CROYDON DR,1,2026,06-,599
Shoplifting,10500 KING GEORGE BLVD,1,2026,57-,600
Break and Enter - Residence,10600 132A ST,1,2026,96-,601
Shoplifting,7100 138TH ST,1,2026,82-,602
Break and Enter - Business,10300 139A ST,1,2026,56-,603
Shoplifting,7100 138TH ST,1,2026,13-,604
Break and Enter - Business,15500 16A AVE,1,2026,89-,605
Shoplifting,10100 KING GEORGE BLVD,1,2026,04-,606
Theft from Motor Vehicle,13800 100TH AVE,1,2026,95-,607
Theft from Motor Vehicle,13400 79TH AVE,1,2026,01-,608
Shoplifting,12400 88TH AVE,1,2026,49-,609
Break and Enter - Residence,8200 132ND ST,1,2026,70-,610
Shoplifting,10700 KING GEORGE BLVD,1,2026,19-,611
Shoplifting,10300 KING GEORGE BLVD,1,2026,67-,612
Shoplifting,10500 KING GEORGE BLVD,1,2026,54-,613
Theft from Motor Vehicle,9300 PRINCE CHARLES BLVD,1,2026,69-,614
Break and Enter - Business,10100 KING GEORGE BLVD,1,2026,43-,615
Break and Enter - Business,15600 104TH AVE,1,2026,26-4068,616
Shoplifting,10300 152ND ST,1,2026,26-4109,617
Shoplifting,1600 152ND ST,1,2026,04-9,618
Shoplifting,7500 KING GEORGE BLVD,1,2026,05-8,619
Shoplifting,12800 16TH AVE,1,2026,19-7,620
Shoplifting,10100 KING GEORGE BLVD,1,2026,07-0,621
Shoplifting,10100 KING GEORGE BLVD,1,2026,07-1,622
Shoplifting,10100 KING GEORGE BLVD,1,2026,10-7,623
Shoplifting,10100 KING GEORGE BLVD,1,2026,09-6,624
Theft from Motor Vehicle,12800 104TH AVE,1,2026,01-7,625
Shoplifting,7500 KING GEORGE BLVD,1,2026,11-5,626
Theft from Motor Vehicle,6700 144TH ST,1,2026,08-8,627
Shoplifting,10500 KING GEORGE BLVD,1,2026,18-0,628
Break and Enter - Business,10300 KING GEORGE BLVD,1,2026,23-2,629
Theft from Motor Vehicle,6700 144TH ST,1,2026,19-3,630
Theft from Motor Vehicle,19100 34A AVE,1,2026,96-3,631
Shoplifting,13600 GEORGE JUNCTION,1,2026,00-,632
Break and Enter - Business,13700 74TH AVE,1,2026,35-,633
Theft of Motor Vehicle,2400 KING GEORGE BLVD,1,2026,12-,634
Shoplifting,6900 KING GEORGE BLVD,1,2026,55-,635
Shoplifting,12700 110TH AVE,1,2026,22-,636
Shoplifting,10700 KING GEORGE BLVD,1,2026,88-,637
Theft from Motor Vehicle,13400 73RD AVE,1,2026,69-,638
Theft from Motor Vehicle,7200 188TH ST,1,2026,26-2665,639
Shoplifting,14500 104TH AVE,1,2026,26-2733,640
Break and Enter - Residence,18800 72ND AVE,1,2026,26-3557,641
Theft of Motor Vehicle,17700 58A AVE,1,2026,26-2656,642
Theft from Motor Vehicle,16100 102ND AVE,1,2026,26-2796,643
Break and Enter - Business,15600 104TH AVE,1,2026,26-2680,644
Shoplifting,10100 KING GEORGE BLVD,1,2026,43-,645
Shoplifting,7500 KING GEORGE BLVD,1,2026,10-,646
Shoplifting,7500 KING GEORGE BLVD,1,2026,11-,647
Theft from Motor Vehicle,14900 58A AVE,1,2026,15-,648
Shoplifting,12700 110TH AVE,1,2026,00-,649
Theft from Motor Vehicle,17200 3A AVE,1,2026,74-,650
Shoplifting,14600 104TH AVE,1,2026,26-3179,651
Theft from Motor Vehicle,15000 101ST AVE,1,2026,26-3165,652
Shoplifting,9000 152ND ST,1,2026,26-3108,653
Shoplifting,14600 104TH AVE,1,2026,26-3193,654
Shoplifting,10800 CITY PKWY,1,2026,32-,655
Theft from Motor Vehicle,10100 KING GEORGE BLVD,1,2026,47-,656
Theft from Motor Vehicle,9700 KING GEORGE BLVD,1,2026,36-,657
Shoplifting,1700 152ND ST,1,2026,93-,658
Theft from Motor Vehicle,14100 77TH AVE,1,2026,18-,659
Theft from Motor Vehicle,10100 KING GEORGE BLVD,1,2026,80-,660
Break and Enter - Business,10700 138TH ST,1,2026,45-,661
Shoplifting,10100 KING GEORGE BLVD,1,2026,01-,662
Break and Enter - Business,3400 146A ST,1,2026,23-,663
Theft from Motor Vehicle,13400 98B AVE,1,2026,26-,664
Shoplifting,15000 104TH AVE,1,2026,26-3288,665
Shoplifting,150TH ST / 102A AVE,1,2026,26-3326,666
Shoplifting,MALL ACCESS / GUILDFORD TOWN CNTR,1,2026,26-3337,667
Shoplifting,10300 152ND ST,1,2026,26-3325,668
Shoplifting,10300 152ND ST,1,2026,26-3311,669
Shoplifting,10300 152ND ST,1,2026,26-3319,670
Shoplifting,10300 152ND ST,1,2026,26-3336,671
Shoplifting,14600 104TH AVE,1,2026,26-3331,672
Shoplifting,10300 152ND ST,1,2026,26-3318,673
Shoplifting,15900 FRASER HWY,1,2026,26-3390,674
Theft of Motor Vehicle,15200 84A AVE,1,2026,26-3259,675
Theft from Motor Vehicle,6100 128TH ST,1,2026,27-,676
Shoplifting,12800 16TH AVE,1,2026,07-,677
Shoplifting,15300 24TH AVE,1,2026,74-,678
Shoplifting,1600 152ND ST,1,2026,20-,679
Theft from Motor Vehicle,6300 129A ST,1,2026,55-,680
Theft from Motor Vehicle,3400 ROSEMARY HEIGHTS DR,1,2026,07-,681
Shoplifting,2300 160TH ST,1,2026,79-,682
Shoplifting,1700 152ND ST,1,2026,26-,683
Shoplifting,7500 KING GEORGE BLVD,1,2026,57-,684
Shoplifting,7100 138TH ST,1,2026,26-,685
Break and Enter - Business,11000 RAVINE RD,1,2026,44-,686
Shoplifting,3000 152ND ST,1,2026,81-,687
Theft from Motor Vehicle,15500 37A AVE,1,2026,03-,688
Shoplifting,10100 KING GEORGE BLVD,1,2026,39-,689
Theft from Motor Vehicle,13700 GEORGE JUNCTION,1,2026,71-,690
Shoplifting,1700 152ND ST,1,2026,00-,691
Shoplifting,18700 FRASER HWY,1,2026,26-3452,692
Shoplifting,10300 152ND ST,1,2026,26-3459,693
Theft from Motor Vehicle,16500 57TH AVE,1,2026,26-3519,694
Break and Enter - Business,19400 FRASER HWY,1,2026,26-3392,695
Theft of Motor Vehicle,7900 154TH ST,1,2026,26-3376,696
Theft from Motor Vehicle,13700 96TH AVE,1,2026,81-,697
Shoplifting,2300 160TH ST,1,2026,58-,698
Break and Enter - Business,2200 160TH ST,1,2026,11-,699
Theft from Motor Vehicle,7800 139A ST,1,2026,22-,700
Theft from Motor Vehicle,10200 CITY PKWY,1,2026,89-,701
Shoplifting,7500 KING GEORGE BLVD,1,2026,93-,702
Shoplifting,7100 138TH ST,1,2026,67-,703
Theft from Motor Vehicle,13300 105TH AVE,1,2026,12-,704
Theft from Motor Vehicle,13400 71ST AVE,1,2026,09-,705
Theft from Motor Vehicle,9700 134TH ST,1,2026,57-,706
Shoplifting,7100 138TH ST,1,2026,28-,707
Theft from Motor Vehicle,2800 156TH ST,1,2026,16-,708
Shoplifting,1600 152ND ST,1,2026,60-,709
Theft from Motor Vehicle,3400 150A ST,1,2026,35-,710
Shoplifting,10400 KING GEORGE BLVD,1,2026,33-,711
Theft from Motor Vehicle,1600 148TH ST,1,2026,14-,712
Shoplifting,1600 152ND ST,1,2026,10-,713
Shoplifting,10400 KING GEORGE BLVD,1,2026,93-,714
Shoplifting,10100 KING GEORGE BLVD,1,2026,34-,715
Theft from Motor Vehicle,13100 95TH AVE,1,2026,51-,716
Shoplifting,2300 160TH ST,1,2026,69-,717
Shoplifting,16000 24TH AVE,1,2026,32-,718
Theft from Motor Vehicle,11500 96TH AVE,1,2026,89-,719
Theft from Motor Vehicle,13700 GEORGE JUNCTION,1,2026,91-,720
Theft from Motor Vehicle,14800 56B AVE,1,2026,34-,721
Shoplifting,1600 152ND ST,1,2026,89-,722
Theft from Motor Vehicle,13100 98A AVE,1,2026,39-,723
Shoplifting,1600 152ND ST,1,2026,43-,724
Theft of Motor Vehicle,15100 26TH AVE,1,2026,06-,725
Theft from Motor Vehicle,6400 121ST ST,1,2026,20-,726
Theft from Motor Vehicle,2100 165A ST,1,2026,48-,727
Theft from Motor Vehicle,12900 58A AVE,1,2026,00-,728
Theft from Motor Vehicle,16000 82ND AVE,1,2026,26-3260,729
Theft from Motor Vehicle,17700 66TH AVE,1,2026,26-3267,730
Theft from Motor Vehicle,15100 108TH AVE,1,2026,26-3518,731
Shoplifting,10100 KING GEORGE BLVD,1,2026,60-,732
Theft from Motor Vehicle,7800 123A ST,1,2026,46-,733
Shoplifting,8000 KING GEORGE BLVD,1,2026,58-,734
Shoplifting,14600 104TH AVE,1,2026,26-3339,735
Shoplifting,9000 152ND ST,1,2026,26-3286,736
Shoplifting,104TH AVE / 150TH ST,1,2026,26-3276,737
Theft from Motor Vehicle,9200 162A ST,1,2026,26-3402,738
Theft from Motor Vehicle,9200 162A ST,1,2026,26-3397,739
Theft from Motor Vehicle,8900 151ST ST,1,2026,26-3393,740
Theft from Motor Vehicle,161ST ST / 86B AVE,1,2026,26-3525,741
Theft from Motor Vehicle,14700 106A AVE,1,2026,26-3857,742
Theft from Motor Vehicle,104TH AVE / 155A ST,1,2026,26-3450,743
Theft from Motor Vehicle,16100 86TH AVE,1,2026,26-3588,744
Shoplifting,9000 152ND ST,1,2026,26-3624,745
Shoplifting,17700 64TH AVE,1,2026,26-3597,746
Theft from Motor Vehicle,8500 168TH ST,1,2026,26-3653,747
Theft from Motor Vehicle,8900 151ST ST,1,2026,26-5113,748
Shoplifting,9000 152ND ST,1,2026,26-3540,749
Break and Enter - Business,3400 146A ST,1,2026,82-4,750
Theft from Motor Vehicle,13500 BRYAN PL,1,2026,09-,751
Break and Enter - Business,9500 132ND ST,1,2026,02-,752
Shoplifting,7500 KING GEORGE BLVD,1,2026,08-2,753
Shoplifting,7500 KING GEORGE BLVD,1,2026,17-5,754
Shoplifting,7500 KING GEORGE BLVD,1,2026,07-9,755
Shoplifting,10100 KING GEORGE BLVD,1,2026,16-3,756
Theft of Motor Vehicle,8200 161ST ST,1,2026,26-4275,757
Shoplifting,10300 152ND ST,1,2026,26-4312,758
Shoplifting,10300 152ND ST,1,2026,26-4276,759
Break and Enter - Business,15900 FRASER HWY,1,2026,26-4248,760
Theft of Motor Vehicle,17100 66TH AVE,1,2026,26-4316,761
Shoplifting,10500 KING GEORGE BLVD,1,2026,38-0,762
Break and Enter - Residence,3000 144A ST,1,2026,47-3,763
Break and Enter - Residence,67A AVE / 123A ST,1,2026,36-1,764
Shoplifting,7500 KING GEORGE BLVD,1,2026,44-0,765
Shoplifting,12800 96TH AVE,1,2026,37-1,766
Shoplifting,10100 KING GEORGE BLVD,1,2026,39-3,767
Shoplifting,13600 GEORGE JUNCTION,1,2026,40-1,768
Theft of Motor Vehicle,1700 152ND ST,1,2026,72-4,769
Shoplifting,12700 110TH AVE,1,2026,33-5,770
Graffiti,9771 152B ST,1,2026,,771
Graffiti,13428 108 AVE,1,2026,,772
Graffiti,13370 KING GEORGE BLVD,1,2026,,773
Graffiti,6722 122A ST,1,2026,,774
Graffiti,13899 LAUREL DR,1,2026,,775
Graffiti,7679 122 ST,1,2026,,776
Theft from Motor Vehicle,13300 OLD YALE RD,1,2026,5-,777
Theft from Motor Vehicle,9900 140TH ST,1,2026,8-,778
Theft from Motor Vehicle,5600 152ND ST,1,2026,5-,779
Theft from Motor Vehicle,10700 138TH ST,1,2026,5-,780
Shoplifting,7100 138TH ST,1,2026,3-,781
Theft from Motor Vehicle,GREEN TIMBERS WAY / 140TH ST,1,2026,6-,782
Shoplifting,7200 KING GEORGE BLVD,1,2026,9-,783
Theft from Motor Vehicle,9800 KING GEORGE BLVD,1,2026,95-,784
Theft from Motor Vehicle,160TH ST / LILAC DR,1,2026,60-,785
Break and Enter - Residence,19200 72ND AVE,1,2026,26-618,786
Theft from Motor Vehicle,11200 133RD ST,1,2026,07-,787
Shoplifting,7500 KING GEORGE BLVD,1,2026,93-,788
Theft from Motor Vehicle,13700 76TH AVE,1,2026,34-,789
Shoplifting,72ND AVE / 121ST ST,1,2026,10-,790
Shoplifting,7500 KING GEORGE BLVD,1,2026,09-,791
Shoplifting,7100 138TH ST,1,2026,05-,792
Theft from Motor Vehicle,14100 82A AVE,1,2026,28-,793
Shoplifting,10800 CITY PKWY,1,2026,88-,794
Shoplifting,2300 160TH ST,1,2026,76-,795
Theft from Motor Vehicle,12400 88TH AVE,1,2026,78-,796
Theft from Motor Vehicle,2900 151ST ST,1,2026,68-,797
Theft from Motor Vehicle,12600 113TH AVE,1,2026,66-,798
Theft from Motor Vehicle,12900 73B AVE,1,2026,75-,799
Shoplifting,7500 KING GEORGE BLVD,1,2026,87-,800
Theft from Motor Vehicle,8700 HARVIE RD,2,2026,26-4450,801
Theft from Motor Vehicle,14600 109TH AVE,2,2026,26-4433,802
Shoplifting,10100 152ND ST,2,2026,26-4451,803
Theft from Motor Vehicle,16400 103RD AVE,2,2026,26-4411,804
Theft of Motor Vehicle,16700 102ND AVE,2,2026,26-4415,805
Shoplifting,3000 152ND ST,2,2026,74-2,806
Theft from Motor Vehicle,10400 125TH ST,2,2026,81-8,807
Shoplifting,6900 KING GEORGE BLVD,2,2026,81-5,808
Theft from Motor Vehicle,16400 29A AVE,2,2026,77-4,809
Shoplifting,2300 160TH ST,2,2026,67-3,810
Theft from Motor Vehicle,13500 79TH AVE,2,2026,69-1,811
Shoplifting,7100 138TH ST,2,2026,84-0,812
Break and Enter - Business,5600 177B ST,2,2026,26-4665,813
Shoplifting,7100 138TH ST,2,2026,84-6,814
Shoplifting,10500 KING GEORGE BLVD,2,2026,75-0,815
Shoplifting,7500 KING GEORGE BLVD,2,2026,81-7,816
Shoplifting,12100 72ND AVE,2,2026,71-0,817
Theft from Motor Vehicle,9500 130A ST,2,2026,74-8,818
Shoplifting,10800 CITY PKWY,2,2026,76-3,819
Theft from Motor Vehicle,12400 92ND AVE,2,2026,20-9,820
Theft from Motor Vehicle,16400 22ND AVE,2,2026,93-6,821
Shoplifting,10500 KING GEORGE BLVD,2,2026,78-5,822
Shoplifting,10300 KING GEORGE BLVD,2,2026,80-1,823
Shoplifting,10500 KING GEORGE BLVD,2,2026,73-8,824
Theft from Motor Vehicle,15000 92ND AVE,2,2026,26-4538,825
Theft from Motor Vehicle,10300 152ND ST,2,2026,26-4584,826
Theft from Motor Vehicle,9700 140TH ST,2,2026,26-4581,827
Theft from Motor Vehicle,100A AVE / 141ST ST,2,2026,26-4589,828
Shoplifting,14600 104TH AVE,2,2026,26-4605,829
Shoplifting,10300 152ND ST,2,2026,26-4608,830
Shoplifting,15200 101ST AVE,2,2026,26-4579,831
Shoplifting,10300 152ND ST,2,2026,26-4593,832
Theft from Motor Vehicle,2000 OAK MEADOWS DR,2,2026,99-3,833
Shoplifting,7100 138TH ST,2,2026,97-5,834
Shoplifting,10500 KING GEORGE BLVD,2,2026,97-3,835
Theft from Motor Vehicle,13900 77A AVE,2,2026,94-4,836
Shoplifting,7100 138TH ST,2,2026,03-8,837
Shoplifting,10800 CITY PKWY,2,2026,08-4,838
Shoplifting,7100 138TH ST,2,2026,18-1,839
Shoplifting,13600 GEORGE JUNCTION,2,2026,20-0,840
Theft of Motor Vehicle,12900 17TH AVE,2,2026,57-3,841
Theft from Motor Vehicle,9400 122ND ST,2,2026,10-9,842
Theft from Motor Vehicle,15100 19TH AVE,2,2026,13-6,843
Theft from Motor Vehicle,13400 78A AVE,2,2026,12-9,844
Shoplifting,7400 KING GEORGE BLVD,2,2026,08-0,845
Shoplifting,7300 KING GEORGE BLVD,2,2026,17-9,846
Shoplifting,15300 24TH AVE,2,2026,13-8,847
Shoplifting,10300 KING GEORGE BLVD,2,2026,96-5,848
Shoplifting,10300 152ND ST,2,2026,26-4740,849
Theft of Motor Vehicle,148TH ST / 105A AVE,2,2026,26-4657,850
Shoplifting,10300 152ND ST,2,2026,26-4710,851
Shoplifting,17600 64TH AVE,2,2026,26-5684,852
Theft from Motor Vehicle,18TH AVE / 154TH ST,1,2026,03-,853
Theft from Motor Vehicle,16500 FRASER HWY,2,2026,26-4767,854
Shoplifting,10400 152ND ST,2,2026,26-4690,855
Shoplifting,7300 KING GEORGE BLVD,2,2026,85-4,856
Shoplifting,14600 104TH AVE,2,2026,26-4699,857
Theft from Motor Vehicle,18900 96TH AVE,2,2026,26-4664,858
Theft from Motor Vehicle,900 MCNALLY CREEK DR,2,2026,73-2,859
Theft from Motor Vehicle,10700 UNIVERSITY DR,2,2026,65-2,860
Theft of Motor Vehicle,6900 144TH ST,2,2026,63-8,861
Break and Enter - Residence,16100 8A AVE,2,2026,66-2,862
Shoplifting,10100 KING GEORGE BLVD,2,2026,69-9,863
Break and Enter - Business,13100 116TH AVE,2,2026,32-3,864
Shoplifting,7500 KING GEORGE BLVD,2,2026,80-6,865
Theft from Motor Vehicle,2200 OAK MEADOWS DR,2,2026,29-6,866
Shoplifting,7100 138TH ST,2,2026,83-6,867
Shoplifting,7500 KING GEORGE BLVD,1,2026,90-,868
Shoplifting,10200 KING GEORGE BLVD,2,2026,56-2,869
Shoplifting,7100 148B ST,2,2026,71-3,870
Theft from Motor Vehicle,16600 FRASER HWY,1,2026,26-3730,871
Shoplifting,10400 KING GEORGE BLVD,2,2026,55-9,872
Shoplifting,2300 160TH ST,2,2026,80-3,873
Theft from Motor Vehicle,16700 102ND AVE,1,2026,26-3750,874
Shoplifting,2300 150TH ST,2,2026,29-1,875
Break and Enter - Business,11000 126A ST,2,2026,65-6,876
Theft from Motor Vehicle,17500 55B AVE,1,2026,26-4658,877
Shoplifting,10800 CITY PKWY,2,2026,37-8,878
Theft from Motor Vehicle,7500 132ND ST,2,2026,72-3,879
Theft from Motor Vehicle,14100 74A AVE,1,2026,96-,880
Theft from Motor Vehicle,2200 162ND ST,2,2026,37-5,881
Shoplifting,10500 KING GEORGE BLVD,2,2026,83-1,882
Theft from Motor Vehicle,3800 154TH ST,2,2026,78-0,883
Shoplifting,13600 GEORGE JUNCTION,2,2026,73-0,884
Shoplifting,7100 138TH ST,2,2026,66-0,885
Shoplifting,2300 160TH ST,2,2026,88-2,886
Theft of Motor Vehicle,13600 62ND AVE,2,2026,61-7,887
Theft of Motor Vehicle,134TH ST / 77TH AVE,2,2026,71-2,888
Shoplifting,10100 KING GEORGE BLVD,2,2026,81-6,889
Theft from Motor Vehicle,6500 192ND ST,2,2026,26-5702,890
Shoplifting,14600 104TH AVE,2,2026,26-5788,891
Break and Enter - Business,19300 ENTERPRISE WAY,2,2026,26-5723,892
Shoplifting,10300 152ND ST,2,2026,26-5775,893
Shoplifting,10300 152ND ST,2,2026,26-5782,894
Theft from Motor Vehicle,10100 KING GEORGE BLVD,2,2026,15-1,895
Shoplifting,7100 138TH ST,2,2026,02-3,896
Theft from Motor Vehicle,12900 67A AVE,2,2026,00-6,897
Theft from Motor Vehicle,10100 KING GEORGE BLVD,2,2026,14-4,898
Theft from Motor Vehicle,13800 HYLAND RD,2,2026,28-1,899
Break and Enter - Residence,12100 100TH AVE,2,2026,11-2,900
Theft of Motor Vehicle,2200 OAK MEADOWS DR,2,2026,92-0,901
Theft of Motor Vehicle,13900 96TH AVE,2,2026,00-8,902
Shoplifting,12700 110TH AVE,2,2026,03-9,903
Theft from Motor Vehicle,16200 10TH AVE,2,2026,34-7,904
Shoplifting,10800 CITY PKWY,2,2026,00-1,905
Theft from Motor Vehicle,2700 158TH ST,2,2026,06-1,906
Shoplifting,10400 KING GEORGE BLVD,2,2026,03-0,907
Theft from Motor Vehicle,13700 75A AVE,2,2026,20-3,908
Shoplifting,10800 CITY PKWY,2,2026,00-9,909
Theft from Motor Vehicle,17200 4TH AVE,2,2026,15-5,910
Theft of Motor Vehicle,8300 168TH ST,2,2026,26-5842,911
Theft from Motor Vehicle,16900 60TH AVE,2,2026,26-5843,912
Shoplifting,9000 152ND ST,2,2026,26-5882,913
Shoplifting,10300 152ND ST,2,2026,26-5947,914
Shoplifting,10300 152ND ST,2,2026,26-5957,915
Shoplifting,10100 KING GEORGE BLVD,2,2026,32-3,916
Shoplifting,13100 108TH AVE,2,2026,31-7,917
Shoplifting,10800 CITY PKWY,2,2026,41-0,918
Shoplifting,7100 138TH ST,2,2026,39-5,919
Shoplifting,7500 KING GEORGE BLVD,2,2026,39-4,920
Theft from Motor Vehicle,13700 96TH AVE,1,2026,67-,921
Theft from Motor Vehicle,15400 26TH AVE,1,2026,71-5,922
Shoplifting,2500 160TH ST,1,2026,36-,923
Shoplifting,15800 26TH AVE,2,2026,41-2,924
Shoplifting,10500 KING GEORGE BLVD,1,2026,59-,925
Theft of Motor Vehicle,10600 138TH ST,2,2026,31-7,926
Shoplifting,2300 160TH ST,1,2026,27-,927
Shoplifting,14600 104TH AVE,2,2026,26-5471,928
Shoplifting,12700 110TH AVE,2,2026,45-1,929
Theft from Motor Vehicle,5300 192ND ST,1,2026,26-3849,930
Theft from Motor Vehicle,2200 164A ST,2,2026,56-5,931
Shoplifting,19100 72ND AVE,2,2026,26-5430,932
Theft from Motor Vehicle,19500 FRASER HWY,1,2026,26-4558,933
Shoplifting,12000 NORDEL WAY,2,2026,45-4,934
Shoplifting,14600 104TH AVE,2,2026,26-5560,935
Theft of Motor Vehicle,160TH ST / 86TH AVE,1,2026,26-3888,936
Shoplifting,6900 KING GEORGE BLVD,2,2026,40-8,937
Shoplifting,GUILDFORD TOWN CNTR / MALL ACCESS,2,2026,26-5555,938
Theft from Motor Vehicle,17000 104A AVE,1,2026,26-3963,939
Theft from Motor Vehicle,12300 93RD AVE,2,2026,89-3,940
Theft from Motor Vehicle,15000 87B AVE,2,2026,26-5622,941
Theft of Motor Vehicle,8600 156TH ST,1,2026,26-3871,942
Break and Enter - Residence,6800 144TH ST,2,2026,44-9,943
Shoplifting,14600 104TH AVE,2,2026,26-5507,944
Shoplifting,14600 104TH AVE,1,2026,26-3885,945
Shoplifting,7100 138TH ST,2,2026,38-6,946
Shoplifting,14600 104TH AVE,2,2026,26-5496,947
Shoplifting,7500 KING GEORGE BLVD,1,2026,83-,948
Shoplifting,7500 KING GEORGE BLVD,2,2026,77-8,949
Shoplifting,14600 104TH AVE,2,2026,26-5551,950
Shoplifting,10300 152ND ST,2,2026,26-5484,951
Theft of Motor Vehicle,19200 ENTERPRISE WAY,2,2026,26-5456,952
Shoplifting,104TH AVE / 150TH ST,2,2026,26-5510,953
Shoplifting,104TH AVE / 150TH ST,2,2026,26-5489,954
Shoplifting,104TH AVE / 150TH ST,2,2026,26-5499,955
Break and Enter - Business,18800 72ND AVE,2,2026,26-5434,956
Shoplifting,14600 104TH AVE,2,2026,26-5519,957
Shoplifting,5600 176TH ST,2,2026,26-5543,958
Shoplifting,10300 152ND ST,2,2026,26-5455,959
Shoplifting,10300 152ND ST,2,2026,26-5548,960
Theft from Motor Vehicle,10600 KING GEORGE BLVD,2,2026,52-4,961
Theft from Motor Vehicle,13500 80A AVE,2,2026,55-9,962
Shoplifting,2300 160TH ST,2,2026,33-9,963
Theft of Motor Vehicle,92ND AVE / 136B ST,2,2026,46-9,964
Shoplifting,10100 KING GEORGE BLVD,2,2026,30-4,965
Theft of Motor Vehicle,14800 60TH AVE,2,2026,30-3,966
Shoplifting,15300 24TH AVE,2,2026,40-0,967
Theft from Motor Vehicle,15300 32ND AVE DVRS,2,2026,47-1,968
Shoplifting,10100 KING GEORGE BLVD,2,2026,39-1,969
Shoplifting,1600 152ND ST,2,2026,52-5,970
Theft of Motor Vehicle,138A ST / CENTRAL AVE,2,2026,44-4,971
Shoplifting,10100 KING GEORGE BLVD,2,2026,46-3,972
Theft from Motor Vehicle,7900 128TH ST,2,2026,40-1,973
Theft from Motor Vehicle,13200 64A AVE,2,2026,85-9,974
Theft from Motor Vehicle,14100 75A AVE,2,2026,68-4,975
Theft from Motor Vehicle,7000 131A ST,2,2026,64-6,976
Theft from Motor Vehicle,19000 32ND AVE,2,2026,42-4,977
Break and Enter - Residence,6400 121A ST,2,2026,51-0,978
Theft of Motor Vehicle,13600 56B AVE,2,2026,30-2,979
Break and Enter - Residence,1000 160A ST,2,2026,44-8,980
Shoplifting,7100 138TH ST,2,2026,33-7,981
Theft from Motor Vehicle,13600 107A AVE,2,2026,76-1,982
Theft from Motor Vehicle,15600 92ND AVE,2,2026,26-5624,983
Theft from Motor Vehicle,19200 56TH AVE,2,2026,26-5631,984
Shoplifting,9000 152ND ST,2,2026,26-5613,985
Shoplifting,10300 152ND ST,2,2026,26-5623,986
Break and Enter - Residence,15300 104TH AVE,2,2026,26-5620,987
Shoplifting,10300 152ND ST,2,2026,26-5658,988
Shoplifting,10300 152ND ST,2,2026,26-5639,989
Shoplifting,FRASER HWY / 160TH ST,2,2026,26-5695,990
Theft from Motor Vehicle,13700 114TH AVE,2,2026,26-5649,991
Break and Enter - Business,17700 57A AVE,2,2026,26-5578,992
Break and Enter - Business,10400 138A ST,2,2026,58-0,993
Theft from Motor Vehicle,13300 108TH AVE,1,2026,08-,994
Theft from Motor Vehicle,13600 100TH AVE,2,2026,19-7,995
Shoplifting,10800 CITY PKWY,1,2026,54-,996
Shoplifting,10100 KING GEORGE BLVD,2,2026,40-1,997
Theft from Motor Vehicle,195TH ST / 72ND AVE,1,2026,26-4270,998
Break and Enter - Business,13400 73RD AVE,2,2026,36-2,999
Theft from Motor Vehicle,14800 100TH AVE,1,2026,26-4078,1000
Shoplifting,10100 KING GEORGE BLVD,2,2026,46-7,1001
Shoplifting,14600 104TH AVE,1,2026,26-3994,1002
Shoplifting,15200 FRASER HWY,1,2026,26-3925,1003
Theft from Motor Vehicle,17300 104A AVE,1,2026,26-4000,1004
Theft from Motor Vehicle,16900 104A AVE,1,2026,26-3977,1005
Theft from Motor Vehicle,19500 73RD AVE,1,2026,26-4104,1006
Theft from Motor Vehicle,10600 CITY PKWY,1,2026,63-,1007
Theft of Motor Vehicle,16100 8A AVE,2,2026,66-2,1008
Shoplifting,14600 104TH AVE,1,2026,26-4203,1009
Shoplifting,10300 152ND ST,1,2026,26-4165,1010
Shoplifting,10300 152ND ST,2,2026,26-4873,1011
Theft from Motor Vehicle,17800 66TH AVE,1,2026,26-4139,1012
Shoplifting,14600 104TH AVE,2,2026,26-4801,1013
Theft from Motor Vehicle,7900 192ND ST,1,2026,26-4091,1014
Shoplifting,17700 57A AVE,2,2026,26-4824,1015
Theft from Motor Vehicle,7500 143RD ST,1,2026,43-,1016
Theft from Motor Vehicle,13600 100TH AVE,1,2026,40-2,1017
Theft of Motor Vehicle,7700 ANVIL WAY,1,2026,36-7,1018
Shoplifting,10100 KING GEORGE BLVD,1,2026,04-2,1019
Shoplifting,10700 KING GEORGE BLVD,1,2026,17-2,1020
Theft from Motor Vehicle,13200 76TH AVE,1,2026,11-6,1021
Theft from Motor Vehicle,13900 77TH AVE,1,2026,11-1,1022
Theft from Motor Vehicle,10700 127TH ST,1,2026,28-,1023
Shoplifting,17600 64TH AVE,1,2026,26-5078,1024
Shoplifting,14600 104TH AVE,1,2026,26-4314,1025
Theft from Motor Vehicle,16900 104TH AVE,1,2026,26-4434,1026
Break and Enter - Business,3400 146A ST,1,2026,38-7,1027
Break and Enter - Business,3400 146A ST,1,2026,62-1,1028
Shoplifting,7500 KING GEORGE BLVD,1,2026,42-3,1029
Theft from Motor Vehicle,7400 KING GEORGE BLVD,1,2026,43-1,1030
Shoplifting,12700 110TH AVE,1,2026,35-7,1031
Theft from Motor Vehicle,6800 144A ST,1,2026,48-4,1032
Shoplifting,15100 18TH AVE,1,2026,50-8,1033
Break and Enter - Business,13400 73RD AVE,2,2026,60-3,1034
Theft from Motor Vehicle,10800 CITY PKWY,2,2026,47-2,1035
Shoplifting,14600 104TH AVE,2,2026,26-4901,1036
Shoplifting,10100 KING GEORGE BLVD,2,2026,36-5,1037
Theft from Motor Vehicle,14000 102ND AVE,2,2026,26-4860,1038
Shoplifting,10100 KING GEORGE BLVD,2,2026,46-6,1039
Shoplifting,14600 104TH AVE,2,2026,26-4787,1040
Shoplifting,10300 KING GEORGE BLVD,2,2026,41-1,1041
Shoplifting,15000 101ST AVE,2,2026,26-4894,1042
Break and Enter - Business,13400 73RD AVE,2,2026,35-3,1043
Shoplifting,10300 152ND ST,2,2026,26-4862,1044
Theft from Motor Vehicle,16100 8TH AVE,2,2026,47-6,1045
Theft from Motor Vehicle,8000 139A ST,2,2026,59-0,1046
Shoplifting,3000 152ND ST,2,2026,51-0,1047
Break and Enter - Business,14700 64TH AVE,2,2026,65-9,1048
Shoplifting,10800 CITY PKWY,2,2026,44-6,1049
Theft of Motor Vehicle,7100 125TH ST,2,2026,99-6,1050
Shoplifting,10800 CITY PKWY,2,2026,48-7,1051
Break and Enter - Residence,2300 165TH ST,2,2026,70-0,1052
Shoplifting,6900 KING GEORGE BLVD,2,2026,42-8,1053
Theft of Motor Vehicle,7800 138TH ST,2,2026,68-9,1054
Shoplifting,1600 152ND ST,2,2026,45-3,1055
Shoplifting,10100 KING GEORGE BLVD,2,2026,76-3,1056
Theft of Motor Vehicle,1700 152ND ST,2,2026,53-2,1057
Shoplifting,13400 102ND AVE,2,2026,88-9,1058
Shoplifting,10800 CITY PKWY,2,2026,35-9,1059
Theft from Motor Vehicle,10300 175TH ST,2,2026,26-5208,1060
Shoplifting,7500 KING GEORGE BLVD,2,2026,77-9,1061
Break and Enter - Business,3400 146A ST,2,2026,33-7,1062
Shoplifting,7300 KING GEORGE BLVD,2,2026,63-9,1063
Theft from Motor Vehicle,10200 168TH ST,2,2026,26-5363,1064
Shoplifting,13600 GEORGE JUNCTION,2,2026,44-7,1065
Shoplifting,7100 138TH ST,2,2026,70-8,1066
Theft of Motor Vehicle,13000 14A AVE,2,2026,69-2,1067
Theft from Motor Vehicle,15300 103A AVE,2,2026,26-6446,1068
Theft from Motor Vehicle,13900 78A AVE,2,2026,76-4,1069
Theft from Motor Vehicle,10200 CITY PKWY,2,2026,76-1,1070
Theft from Motor Vehicle,10600 150TH ST,2,2026,26-6527,1071
Shoplifting,7100 KING GEORGE BLVD,2,2026,61-8,1072
Theft from Motor Vehicle,13500 81ST AVE,2,2026,68-5,1073
Shoplifting,10300 152ND ST,2,2026,26-6096,1074
Shoplifting,12700 110TH AVE,2,2026,82-3,1075
Shoplifting,10300 152ND ST,2,2026,26-6086,1076
Theft of Motor Vehicle,113TH AVE / 135TH ST,2,2026,83-2,1077
Shoplifting,10300 152ND ST,2,2026,26-6051,1078
Shoplifting,10800 CITY PKWY,2,2026,85-8,1079
Break and Enter - Business,5600 177B ST,2,2026,26-5991,1080
Shoplifting,3000 152ND ST,2,2026,81-2,1081
Shoplifting,10500 KING GEORGE BLVD,2,2026,63-2,1082
Theft from Motor Vehicle,6800 KING GEORGE BLVD,2,2026,81-7,1083
Theft from Motor Vehicle,6200 KING GEORGE BLVD,2,2026,99-2,1084
Shoplifting,1600 152ND ST,2,2026,75-0,1085
Shoplifting,10100 KING GEORGE BLVD,2,2026,75-6,1086
Shoplifting,10100 KING GEORGE BLVD,2,2026,77-9,1087
Break and Enter - Residence,15200 62ND AVE,2,2026,71-0,1088
Theft of Motor Vehicle,13700 96TH AVE,2,2026,68-7,1089
Shoplifting,15700 CROYDON DR,2,2026,78-4,1090
Shoplifting,10400 KING GEORGE BLVD,2,2026,57-1,1091
Shoplifting,10100 KING GEORGE BLVD,2,2026,70-0,1092
Shoplifting,15700 CROYDON DR,2,2026,80-6,1093
Shoplifting,12700 110TH AVE,2,2026,70-5,1094
Theft from Motor Vehicle,16100 24TH AVE,2,2026,63-8,1095
Break and Enter - Residence,16200 8TH AVE,2,2026,60-5,1096
Shoplifting,15300 24TH AVE,2,2026,77-0,1097
Shoplifting,17700 56TH AVE,2,2026,26-6179,1098
Shoplifting,14600 104TH AVE,2,2026,26-6215,1099
Shoplifting,18700 FRASER HWY,2,2026,26-6174,1100
Shoplifting,14800 108TH AVE,2,2026,26-6172,1101
Break and Enter - Business,7100 188TH ST,2,2026,26-6140,1102
Break and Enter - Business,72ND AVE / 188TH ST,2,2026,26-6130,1103
Theft from Motor Vehicle,14800 104TH AVE,2,2026,26-6148,1104
Shoplifting,10300 152ND ST,2,2026,26-6193,1105
Theft from Motor Vehicle,15000 101ST AVE,2,2026,26-6248,1106
Shoplifting,10300 152ND ST,2,2026,26-6201,1107
Shoplifting,15700 CROYDON DR,2,2026,01-4,1108
Shoplifting,10100 KING GEORGE BLVD,2,2026,05-4,1109
Theft from Motor Vehicle,8000 139B ST,2,2026,02-4,1110
Break and Enter - Residence,9400 127TH ST,2,2026,81-3,1111
Shoplifting,12800 96TH AVE,2,2026,77-9,1112
Theft from Motor Vehicle,13700 101ST AVE,2,2026,39-9,1113
Theft from Motor Vehicle,8000 134A ST,2,2026,31-5,1114
Shoplifting,7100 138TH ST,2,2026,87-4,1115
Theft of Motor Vehicle,9900 SEMIAHMOO RD,2,2026,38-2,1116
Break and Enter - Residence,16700 28TH AVE,2,2026,85-5,1117
Break and Enter - Business,13400 73RD AVE,2,2026,77-9,1118
Shoplifting,10100 KING GEORGE BLVD,2,2026,81-4,1119
Shoplifting,12000 80TH AVE,2,2026,85-1,1120
Shoplifting,14600 104TH AVE,2,2026,26-5372,1121
Shoplifting,8800 152ND ST,2,2026,26-5356,1122
Shoplifting,14600 104TH AVE,2,2026,26-5343,1123
Shoplifting,14400 108TH AVE,2,2026,26-5317,1124
Theft from Motor Vehicle,14900 92ND AVE,2,2026,26-5432,1125
Shoplifting,10300 152ND ST,2,2026,26-5403,1126
Shoplifting,15900 FRASER HWY,2,2026,26-5352,1127
Shoplifting,14600 104TH AVE,2,2026,26-5544,1128
Shoplifting,7100 138TH ST,2,2026,08-6,1129
Theft from Motor Vehicle,9200 126TH ST,2,2026,96-3,1130
Theft from Motor Vehicle,7000 KING GEORGE BLVD,2,2026,00-4,1131
Shoplifting,12700 110TH AVE,2,2026,11-5,1132
Shoplifting,7100 138TH ST,2,2026,11-6,1133
Shoplifting,6900 KING GEORGE BLVD,2,2026,04-8,1134
Shoplifting,12700 110TH AVE,2,2026,04-7,1135
Theft from Motor Vehicle,8900 141A ST,2,2026,35-8,1136
Theft from Motor Vehicle,13300 OLD YALE RD,2,2026,03-0,1137
Theft from Motor Vehicle,13200 104TH AVE,2,2026,08-9,1138
Shoplifting,12700 110TH AVE,2,2026,00-7,1139
Theft from Motor Vehicle,14300 91ST AVE,2,2026,40-5,1140
Theft from Motor Vehicle,6600 142ND ST,2,2026,43-0,1141
Shoplifting,2300 160TH ST,2,2026,22-9,1142
Break and Enter - Residence,13700 102ND AVE,2,2026,00-2,1143
Theft from Motor Vehicle,4600 KING GEORGE BLVD,2,2026,06-4,1144
Theft from Motor Vehicle,8600 128TH ST,2,2026,39-6,1145
Shoplifting,6900 KING GEORGE BLVD,2,2026,15-0,1146
Shoplifting,10300 KING GEORGE BLVD,2,2026,13-7,1147
Break and Enter - Business,13600 100TH AVE,2,2026,22-4,1148
Theft from Motor Vehicle,14800 67A AVE,2,2026,60-8,1149
Theft from Motor Vehicle,14100 104TH AVE,2,2026,26-5598,1150
Theft from Motor Vehicle,10200 161ST ST,2,2026,26-4945,1151
Theft from Motor Vehicle,10000 156TH ST,2,2026,26-4958,1152
Theft of Motor Vehicle,15100 105TH AVE,2,2026,26-4926,1153
Shoplifting,10300 152ND ST,2,2026,26-4964,1154
Theft from Motor Vehicle,6100 176TH ST,2,2026,26-5026,1155
Shoplifting,15600 104TH AVE,2,2026,26-5111,1156
Shoplifting,10300 152ND ST,2,2026,26-4962,1157
Shoplifting,7500 KING GEORGE BLVD,2,2026,99-2,1158
Break and Enter - Residence,9600 131ST ST,2,2026,21-3,1159
Break and Enter - Business,8100 128TH ST,2,2026,94-8,1160
Theft from Motor Vehicle,10200 KING GEORGE BLVD,2,2026,98-7,1161
Shoplifting,7100 138TH ST,2,2026,06-8,1162
Shoplifting,7100 138TH ST,2,2026,15-3,1163
Theft from Motor Vehicle,175A ST / 2ND AVE,2,2026,96-7,1164
Shoplifting,3000 152ND ST,2,2026,15-7,1165
Break and Enter - Business,15200 CROYDON DR,2,2026,30-2,1166
Break and Enter - Residence,15500 17A AVE,2,2026,11-2,1167
Theft of Motor Vehicle,13000 LINTON WAY,2,2026,33-8,1168
Theft from Motor Vehicle,10500 132ND ST,2,2026,34-1,1169
Shoplifting,7400 KING GEORGE BLVD,2,2026,17-1,1170
Shoplifting,8900 152ND ST,2,2026,26-5061,1171
Shoplifting,10300 152ND ST,2,2026,26-5159,1172
Shoplifting,10300 152ND ST,2,2026,26-5170,1173
Shoplifting,14600 104TH AVE,2,2026,26-5067,1174
Shoplifting,15600 104TH AVE,2,2026,26-6047,1175
Shoplifting,10300 152ND ST,2,2026,26-5139,1176
Shoplifting,17600 64TH AVE,2,2026,26-5116,1177
Shoplifting,14600 104TH AVE,2,2026,26-5127,1178
Shoplifting,18800 72ND AVE,2,2026,26-5166,1179
Theft from Motor Vehicle,800 164TH ST,2,2026,71-4,1180
Theft from Motor Vehicle,15500 34TH AVE,2,2026,36-7,1181
Break and Enter - Business,8000 128TH ST,2,2026,31-6,1182
Shoplifting,10100 KING GEORGE BLVD,2,2026,48-5,1183
Break and Enter - Residence,1700 156TH ST,2,2026,54-5,1184
Shoplifting,7500 KING GEORGE BLVD,2,2026,51-0,1185
Break and Enter - Residence,15800 27TH AVE,2,2026,38-5,1186
Shoplifting,13600 GEORGE JUNCTION,2,2026,50-3,1187
Shoplifting,10100 KING GEORGE BLVD,2,2026,55-3,1188
Shoplifting,10100 KING GEORGE BLVD,2,2026,50-0,1189
Theft from Motor Vehicle,13500 78TH AVE,2,2026,53-0,1190
Theft from Motor Vehicle,161B ST / 14TH AVE,2,2026,25-9,1191
Shoplifting,CITY PKWY / 108TH AVE,2,2026,46-0,1192
Shoplifting,10100 KING GEORGE BLVD,2,2026,55-9,1193
Shoplifting,10100 KING GEORGE BLVD,2,2026,45-9,1194
Shoplifting,14400 108TH AVE,2,2026,26-5190,1195
Theft from Motor Vehicle,10200 168TH ST,2,2026,26-5615,1196
Theft of Motor Vehicle,9100 159TH ST,2,2026,26-5233,1197
Theft from Motor Vehicle,17700 64TH AVE,2,2026,26-5213,1198
Theft from Motor Vehicle,10000 174TH ST,2,2026,26-5235,1199
Shoplifting,14600 104TH AVE,2,2026,26-5274,1200
Theft from Motor Vehicle,10300 BLOCK 148TH ST,2,2026,26-7517,1201
Break and Enter - Residence,19000 67A AVE,2,2026,26-6915,1202
Shoplifting,15600 104TH AVE,2,2026,26-6904,1203
Shoplifting,14600 104TH AVE,2,2026,26-6923,1204
Shoplifting,8900 152ND ST,2,2026,26-6907,1205
Shoplifting,10300 152ND ST,2,2026,26-6936,1206
Shoplifting,10300 152ND ST,2,2026,26-6967,1207
Shoplifting,18700 FRASER HWY,2,2026,26-6994,1208
Break and Enter - Business,19500 24TH AVE,2,2026,83-8,1209
Shoplifting,7500 KING GEORGE BLVD,2,2026,12-7,1210
Shoplifting,7500 KING GEORGE BLVD,2,2026,13-9,1211
Break and Enter - Business,13200 105TH AVE,2,2026,12-1,1212
Break and Enter - Residence,10200 127TH ST,2,2026,82-8,1213
Theft from Motor Vehicle,138TH ST / 105A AVE,2,2026,81-7,1214
Shoplifting,19200 28TH AVE,2,2026,90-1,1215
Shoplifting,15700 CROYDON DR,2,2026,05-8,1216
Shoplifting,14300 57TH AVE,2,2026,87-6,1217
Shoplifting,1600 152ND ST,2,2026,12-9,1218
Shoplifting,10100 KING GEORGE BLVD,2,2026,12-2,1219
Theft from Motor Vehicle,17400 100TH AVE,2,2026,26-7047,1220
Shoplifting,10300 152ND ST,2,2026,26-7099,1221
Break and Enter - Business,14700 108TH AVE,2,2026,26-7072,1222
Break and Enter - Business,19500 64TH AVE,2,2026,26-7071,1223
Theft from Motor Vehicle,17200 HEATHER DR,2,2026,26-7349,1224
Shoplifting,10300 152ND ST,2,2026,26-7103,1225
Shoplifting,10300 152ND ST,2,2026,26-7074,1226
Shoplifting,10300 152ND ST,2,2026,26-7083,1227
Shoplifting,14600 104TH AVE,2,2026,26-7077,1228
Shoplifting,10300 152ND ST,2,2026,26-7078,1229
Shoplifting,10300 152ND ST,2,2026,26-7092,1230
Shoplifting,14600 104TH AVE,2,2026,26-7085,1231
Shoplifting,10300 152ND ST,2,2026,26-7093,1232
Shoplifting,10300 152ND ST,2,2026,26-7113,1233
Shoplifting,7300 KING GEORGE BLVD,2,2026,33-8,1234
Break and Enter - Residence,16500 25A AVE,2,2026,39-3,1235
Break and Enter - Business,10300 133RD ST,2,2026,35-1,1236
Theft from Motor Vehicle,8200 140TH ST,2,2026,57-1,1237
Break and Enter - Residence,9200 122ND ST,2,2026,22-1,1238
Theft of Motor Vehicle,2400 164TH ST,2,2026,24-2,1239
Shoplifting,10200 CITY PKWY,2,2026,44-3,1240
Shoplifting,10300 152ND ST,2,2026,26-7239,1241
Shoplifting,9000 152ND ST,2,2026,26-7178,1242
Shoplifting,14600 104TH AVE,2,2026,26-7225,1243
Shoplifting,14600 104TH AVE,2,2026,26-7215,1244
Shoplifting,10300 152ND ST,2,2026,26-7247,1245
Theft of Motor Vehicle,14700 108TH AVE,2,2026,26-7194,1246
Shoplifting,13600 GEORGE JUNCTION,2,2026,74-4,1247
Theft from Motor Vehicle,10100 KING GEORGE BLVD,2,2026,61-1,1248
Break and Enter - Business,7400 KING GEORGE BLVD,2,2026,65-1,1249
Break and Enter - Business,13600 102ND AVE,2,2026,52-7,1250
Shoplifting,15400 37A AVE,2,2026,54-1,1251
Theft from Motor Vehicle,8900 HOLT RD,2,2026,70-4,1252
Break and Enter - Business,19100 FRASER HWY,2,2026,26-6513,1253
Shoplifting,15900 FRASER HWY,2,2026,26-7799,1254
Shoplifting,10100 KING GEORGE BLVD,2,2026,02-2,1255
Theft of Motor Vehicle,19500 0TH AVE,2,2026,93-4,1256
Theft from Motor Vehicle,6800 144A ST,2,2026,21-4,1257
Shoplifting,10300 152ND ST,2,2026,26-6556,1258
Shoplifting,10700 KING GEORGE BLVD,2,2026,10-6,1259
Shoplifting,10300 152ND ST,2,2026,26-7789,1260
Shoplifting,2300 160TH ST,2,2026,17-3,1261
Shoplifting,10300 152ND ST,2,2026,26-6590,1262
Theft from Motor Vehicle,8000 138TH ST,2,2026,97-1,1263
Theft of Motor Vehicle,3700 154A ST,2,2026,98-3,1264
Shoplifting,2300 160TH ST,2,2026,13-5,1265
Theft from Motor Vehicle,2400 161A ST,2,2026,89-0,1266
Theft from Motor Vehicle,10600 140TH ST,2,2026,26-6402,1267
Theft of Motor Vehicle,16200 16TH AVE,2,2026,80-4,1268
Shoplifting,7500 KING GEORGE BLVD,2,2026,15-9,1269
Theft from Motor Vehicle,1200 163A ST,2,2026,90-8,1270
Theft of Motor Vehicle,14200 KINDERSLEY DR,2,2026,26-6321,1271
Shoplifting,2300 160TH ST,2,2026,96-0,1272
Theft from Motor Vehicle,13300 90TH AVE,2,2026,39-0,1273
Theft from Motor Vehicle,16400 23A AVE,2,2026,92-8,1274
Theft from Motor Vehicle,17600 60TH AVE,2,2026,26-6274,1275
Shoplifting,7500 KING GEORGE BLVD,2,2026,98-6,1276
Theft of Motor Vehicle,13700 74TH AVE,2,2026,33-9,1277
Break and Enter - Business,12500 88TH AVE,2,2026,82-7,1278
Break and Enter - Business,8600 160TH ST,2,2026,26-6263,1279
Shoplifting,3000 152ND ST,2,2026,99-8,1280
Theft from Motor Vehicle,12300 64A AVE,2,2026,35-4,1281
Theft from Motor Vehicle,10000 WHALLEY BLVD,2,2026,09-3,1282
Shoplifting,15600 104TH AVE,2,2026,26-6337,1283
Break and Enter - Business,8000 KING GEORGE BLVD,2,2026,06-8,1284
Theft of Motor Vehicle,11100 135A ST,2,2026,96-9,1285
Theft of Motor Vehicle,192ND ST / 40TH AVE,2,2026,84-5,1286
Shoplifting,14600 104TH AVE,2,2026,26-6314,1287
Shoplifting,15300 24TH AVE,2,2026,00-2,1288
Theft from Motor Vehicle,16700 92A AVE,2,2026,26-5104,1289
Shoplifting,10100 KING GEORGE BLVD,2,2026,56-1,1290
Break and Enter - Business,13400 73RD AVE,2,2026,54-6,1291
Shoplifting,15700 CROYDON DR,2,2026,20-4,1292
Theft of Motor Vehicle,15400 68TH AVE,2,2026,33-6,1293
Theft from Motor Vehicle,10700 135A ST,2,2026,48-2,1294
Shoplifting,10100 KING GEORGE BLVD,2,2026,49-0,1295
Theft from Motor Vehicle,96TH AVE / 137A ST,2,2026,46-0,1296
Theft from Motor Vehicle,10100 KING GEORGE BLVD,2,2026,65-4,1297
Theft from Motor Vehicle,13800 80TH AVE,2,2026,97-6,1298
Shoplifting,7100 138TH ST,2,2026,67-8,1299
Theft from Motor Vehicle,12100 96A AVE,2,2026,12-2,1300
Theft of Motor Vehicle,PARKWAY DR / 153A ST,2,2026,23-4,1301
Shoplifting,7500 KING GEORGE BLVD,2,2026,44-0,1302
Theft from Motor Vehicle,7100 138TH ST,2,2026,24-4,1303
Theft from Motor Vehicle,14100 61ST AVE,2,2026,59-7,1304
Theft from Motor Vehicle,14100 60TH AVE,2,2026,59-4,1305
Theft from Motor Vehicle,8100 134TH ST,2,2026,24-9,1306
Theft from Motor Vehicle,12100 78TH AVE,2,2026,28-6,1307
Shoplifting,10800 CITY PKWY,2,2026,70-0,1308
Theft from Motor Vehicle,8000 137A ST,2,2026,84-9,1309
Shoplifting,13400 102ND AVE,2,2026,78-8,1310
Theft from Motor Vehicle,1900 OCEAN PARK RD,2,2026,57-0,1311
Shoplifting,10800 CITY PKWY,2,2026,69-9,1312
Shoplifting,12100 NORDEL WAY,2,2026,73-3,1313
Shoplifting,7500 KING GEORGE BLVD,2,2026,70-4,1314
Shoplifting,8900 152ND ST,2,2026,26-6634,1315
Theft of Motor Vehicle,18400 53RD AVE,2,2026,26-6952,1316
Theft from Motor Vehicle,12500 110TH AVE,2,2026,49-1,1317
Shoplifting,10500 KING GEORGE BLVD,2,2026,03-9,1318
Theft from Motor Vehicle,138A ST / 80B AVE,2,2026,82-8,1319
Shoplifting,10800 CITY PKWY,2,2026,08-1,1320
Shoplifting,10500 KING GEORGE BLVD,2,2026,08-2,1321
Shoplifting,2300 160TH ST,2,2026,10-9,1322
Shoplifting,7300 KING GEORGE BLVD,2,2026,12-2,1323
Theft from Motor Vehicle,15700 88TH AVE,2,2026,26-6776,1324
Shoplifting,2300 160TH ST,2,2026,36-1,1325
Shoplifting,12700 110TH AVE,2,2026,32-6,1326
Shoplifting,2300 160TH ST,2,2026,31-0,1327
Shoplifting,12700 110TH AVE,2,2026,29-5,1328
Theft of Motor Vehicle,1700 139TH ST,2,2026,21-4,1329
Shoplifting,2400 160TH ST,2,2026,95-3,1330
Shoplifting,10100 KING GEORGE BLVD,2,2026,99-0,1331
Theft of Motor Vehicle,13700 93A AVE,2,2026,85-9,1332
Theft from Motor Vehicle,16900 83A AVE,2,2026,26-7917,1333
Theft from Motor Vehicle,9100 KING GEORGE BLVD,2,2026,78-7,1334
Theft from Motor Vehicle,140TH ST / 100A AVE,2,2026,88-1,1335
Shoplifting,10300 152ND ST,2,2026,26-7959,1336
Shoplifting,10700 KING GEORGE BLVD,2,2026,02-9,1337
Shoplifting,17600 64TH AVE,2,2026,26-8106,1338
Theft from Motor Vehicle,11000 159TH ST,2,2026,26-7951,1339
Shoplifting,10100 KING GEORGE BLVD,2,2026,03-4,1340
Theft from Motor Vehicle,16000 85TH AVE,2,2026,26-6676,1341
Shoplifting,14600 104TH AVE,2,2026,26-7924,1342
Shoplifting,13600 GEORGE JUNCTION,2,2026,40-9,1343
Theft from Motor Vehicle,10300 152A ST,2,2026,26-6738,1344
Shoplifting,14600 104TH AVE,2,2026,26-7969,1345
Theft from Motor Vehicle,1900 148TH ST,2,2026,22-7,1346
Shoplifting,14600 104TH AVE,2,2026,26-6709,1347
Shoplifting,10300 152ND ST,2,2026,26-8000,1348
Theft from Motor Vehicle,14100 60A AVE,2,2026,52-2,1349
Shoplifting,17700 64TH AVE,2,2026,26-6723,1350
Shoplifting,14600 104TH AVE,2,2026,26-7979,1351
Shoplifting,10300 KING GEORGE BLVD,2,2026,36-4,1352
Theft of Motor Vehicle,176TH ST / 64TH AVE,2,2026,26-6672,1353
Theft of Motor Vehicle,12300 92A AVE,2,2026,33-1,1354
Shoplifting,14400 72ND AVE,2,2026,39-5,1355
Break and Enter - Business,6200 184TH ST,2,2026,26-6656,1356
Shoplifting,14400 108TH AVE,2,2026,26-6646,1357
Shoplifting,10300 152ND ST,2,2026,26-6708,1358
Shoplifting,10300 152ND ST,2,2026,26-6724,1359
Shoplifting,14600 104TH AVE,2,2026,26-6742,1360
Shoplifting,1600 152ND ST,2,2026,35-8,1361
Theft from Motor Vehicle,10900 LARSON RD,2,2026,64-5,1362
Theft from Motor Vehicle,12200 91A AVE,2,2026,14-2,1363
Theft from Motor Vehicle,12100 93A AVE,2,2026,35-4,1364
Break and Enter - Residence,15100 62A AVE,2,2026,44-8,1365
Theft of Motor Vehicle,134TH ST / 77TH AVE,2,2026,30-4,1366
Shoplifting,10800 CITY PKWY,2,2026,40-6,1367
Shoplifting,10600 KING GEORGE BLVD,2,2026,39-1,1368
Shoplifting,10100 KING GEORGE BLVD,2,2026,28-7,1369
Theft from Motor Vehicle,14000 91A AVE,2,2026,34-0,1370
Theft of Motor Vehicle,12300 NEW MCLELLAN RD,2,2026,68-3,1371
Shoplifting,9000 152ND ST,2,2026,26-6802,1372
Break and Enter - Business,15900 96TH AVE,2,2026,26-6809,1373
Theft from Motor Vehicle,8900 152ND ST,2,2026,26-6783,1374
Theft of Motor Vehicle,10300 152ND ST,2,2026,26-6862,1375
Theft from Motor Vehicle,15100 105TH AVE,2,2026,26-6913,1376
Shoplifting,17700 64TH AVE,2,2026,26-6858,1377
Theft from Motor Vehicle,9800 157TH ST,2,2026,26-6773,1378
Theft from Motor Vehicle,13000 FAIRFORD PL,2,2026,74-7,1379
Shoplifting,10700 KING GEORGE BLVD,2,2026,70-2,1380
Theft of Motor Vehicle,12400 96TH AVE,2,2026,62-9,1381
Theft of Motor Vehicle,9800 KING GEORGE BLVD,2,2026,61-1,1382
Break and Enter - Residence,14500 103RD AVE,2,2026,26-6986,1383
Shoplifting,15600 104TH AVE,2,2026,26-6905,1384
Shoplifting,10300 152ND ST,2,2026,26-6977,1385
Shoplifting,10300 152ND ST,2,2026,26-6922,1386
Shoplifting,10300 152ND ST,2,2026,26-7012,1387
Shoplifting,10500 KING GEORGE BLVD,1,2026,5-,1388
Shoplifting,10800 CITY PKWY,2,2026,37-3,1389
Theft of Motor Vehicle,1600 141B ST,2,2026,20-8,1390
Break and Enter - Business,13700 101ST AVE,2,2026,00-2,1391
Break and Enter - Business,15300 17TH AVE,2,2026,02-6,1392
Break and Enter - Business,9600 136A ST,2,2026,73-7,1393
Break and Enter - Residence,12200 INDUSTRIAL RD,2,2026,25-9,1394
Theft from Motor Vehicle,10700 138TH ST,2,2026,54-9,1395
Break and Enter - Business,13400 73RD AVE,2,2026,38-4,1396
Shoplifting,12400 88TH AVE,2,2026,69-1,1397
Theft from Motor Vehicle,175A ST / 101ST AVE,2,2026,26-6539,1398
Shoplifting,14400 108TH AVE,2,2026,26-6369,1399
Break and Enter - Business,15900 84TH AVE,1,2026,26-564,1400
Theft from Motor Vehicle,8300 146TH ST,2,2026,26-6398,1401
Theft of Motor Vehicle,14000 20TH AVE,2,2026,50-0,1402
Shoplifting,12400 88TH AVE,1,2026,66-,1403
Theft from Motor Vehicle,9000 156TH ST,2,2026,26-6414,1404
Shoplifting,14300 57TH AVE,2,2026,13-9,1405
Shoplifting,2300 160TH ST,1,2026,04-,1406
Shoplifting,10300 152ND ST,2,2026,26-6450,1407
Shoplifting,14300 57TH AVE,2,2026,14-3,1408
Shoplifting,10800 CITY PKWY,1,2026,41-,1409
Shoplifting,10300 152ND ST,2,2026,26-6455,1410
Shoplifting,1600 152ND ST,2,2026,13-3,1411
Theft from Motor Vehicle,13200 108TH AVE,1,2026,98-,1412
Theft from Motor Vehicle,14300 109TH AVE,2,2026,26-6441,1413
Shoplifting,12100 72ND AVE,2,2026,25-4,1414
Shoplifting,1600 152ND ST,1,2026,02-,1415
Theft from Motor Vehicle,13400 105TH AVE,2,2026,51-9,1416
Shoplifting,10100 KING GEORGE BLVD,2,2026,26-7,1417
Theft from Motor Vehicle,15100 29A AVE,1,2026,02-,1418
Shoplifting,10200 CITY PKWY,2,2026,50-8,1419
Shoplifting,13600 GEORGE JUNCTION,2,2026,29-3,1420
Break and Enter - Business,15700 85TH AVE,1,2026,26-1321,1421
Break and Enter - Residence,16200 8TH AVE,2,2026,58-9,1422
Shoplifting,10100 KING GEORGE BLVD,2,2026,16-6,1423
Theft from Motor Vehicle,7000 144B ST,1,2026,67-,1424
Shoplifting,1600 152ND ST,1,2026,99-,1425
Shoplifting,7500 KING GEORGE BLVD,1,2026,88-,1426
Theft from Motor Vehicle,14300 16A AVE,1,2026,37-9,1427
Theft from Motor Vehicle,1800 152ND ST,1,2026,09-,1428
Theft from Motor Vehicle,11200 133RD ST,1,2026,77-,1429
Theft of Motor Vehicle,13400 98B AVE,1,2026,70-7,1430
Theft from Motor Vehicle,1400 126A ST,1,2026,13-,1431
Theft from Motor Vehicle,2200 164A ST,1,2026,58-9,1432
Theft from Motor Vehicle,8100 136A ST,1,2026,98-4,1433
Shoplifting,6900 KING GEORGE BLVD,1,2026,38-,1434
Theft from Motor Vehicle,13700 96TH AVE,1,2026,74-,1435
Shoplifting,10800 CITY PKWY,1,2026,36-,1436
Theft from Motor Vehicle,9700 KING GEORGE BLVD,1,2026,73-,1437
Theft from Motor Vehicle,13600 84TH AVE,1,2026,64-,1438
Theft from Motor Vehicle,102A AVE / 149A ST,1,2026,26-7501,1439
Shoplifting,7300 KING GEORGE BLVD,1,2026,17-,1440
Shoplifting,13600 GEORGE JUNCTION,1,2026,34-,1441
Theft from Motor Vehicle,14600 20TH AVE,1,2026,89-,1442
Shoplifting,5600 177B ST,1,2026,26-3694,1443
Theft from Motor Vehicle,17200 31ST AVE,1,2026,76-,1444
Shoplifting,7500 KING GEORGE BLVD,1,2026,93-,1445
Theft from Motor Vehicle,7200 188TH ST,1,2026,26-9452,1446
Shoplifting,6900 KING GEORGE BLVD,1,2026,97-,1447
Theft from Motor Vehicle,2500 164A ST,1,2026,91-,1448
Shoplifting,6900 KING GEORGE BLVD,1,2026,03-,1449
Theft from Motor Vehicle,1800 148A ST,1,2026,44-,1450
Theft from Motor Vehicle,2500 164A ST,1,2026,90-5,1451
Theft from Motor Vehicle,122ND ST / 96TH AVE,2,2026,32-0,1452
Theft from Motor Vehicle,3600 KING GEORGE BLVD,2,2026,54-7,1453
Shoplifting,7500 KING GEORGE BLVD,2,2026,38-0,1454
Theft from Motor Vehicle,3000 152ND ST,2,2026,48-9,1455
Shoplifting,10500 KING GEORGE BLVD,2,2026,52-9,1456
Shoplifting,7300 KING GEORGE BLVD,2,2026,50-8,1457
Shoplifting,12100 72ND AVE,2,2026,46-8,1458
Shoplifting,10100 KING GEORGE BLVD,2,2026,47-5,1459
Theft from Motor Vehicle,11700 103A AVE,2,2026,86-8,1460
Shoplifting,7500 KING GEORGE BLVD,2,2026,78-8,1461
Shoplifting,2300 160TH ST,2,2026,80-7,1462
Theft from Motor Vehicle,12500 110TH AVE,2,2026,14-7,1463
Theft from Motor Vehicle,7900 138A ST,2,2026,62-3,1464
Theft from Motor Vehicle,15500 32ND AVE,2,2026,33-0,1465
Shoplifting,10800 CITY PKWY,2,2026,34-1,1466
Shoplifting,9500 132ND ST,2,2026,17-5,1467
Shoplifting,18700 FRASER HWY,2,2026,26-8114,1468
Theft from Motor Vehicle,14000 80TH AVE,2,2026,35-9,1469
Shoplifting,17700 64TH AVE,2,2026,26-8111,1470
Theft from Motor Vehicle,19400 66A AVE,2,2026,26-6769,1471
Shoplifting,10100 KING GEORGE BLVD,2,2026,67-7,1472
Shoplifting,10300 152ND ST,2,2026,26-8146,1473
Shoplifting,18700 FRASER HWY,2,2026,26-6843,1474
Shoplifting,16000 24TH AVE,2,2026,70-9,1475
Shoplifting,10300 152ND ST,2,2026,26-8084,1476
Theft from Motor Vehicle,10800 142ND ST,2,2026,26-6816,1477
Shoplifting,10100 KING GEORGE BLVD,2,2026,71-3,1478
Theft from Motor Vehicle,16000 11A AVE,2,2026,47-7,1479
Theft from Motor Vehicle,10200 149TH ST,2,2026,26-6800,1480
Shoplifting,10800 CITY PKWY,2,2026,66-6,1481
Theft of Motor Vehicle,6900 150TH ST,2,2026,45-8,1482
Shoplifting,7500 KING GEORGE BLVD,2,2026,67-9,1483
Shoplifting,10800 CITY PKWY,2,2026,63-9,1484
Theft of Motor Vehicle,2000 CUMBRIA DR,2,2026,51-3,1485
Theft from Motor Vehicle,BEECHER ST / BAYVIEW ST,2,2026,68-1,1486
Break and Enter - Business,1600 152ND ST,2,2026,58-1,1487
Theft from Motor Vehicle,121ST ST / 64TH AVE,2,2026,66-9,1488
Shoplifting,10800 CITY PKWY,2,2026,04-9,1489
Shoplifting,7300 KING GEORGE BLVD,2,2026,51-4,1490
Shoplifting,7500 KING GEORGE BLVD,2,2026,05-4,1491
Break and Enter - Business,13700 101ST AVE,2,2026,48-9,1492
Theft from Motor Vehicle,9400 126TH ST,2,2026,60-9,1493
Break and Enter - Business,3100 KING GEORGE BLVD,2,2026,54-6,1494
Graffiti,13433 GATEWAY DR,2,2026,,1495
Graffiti,2716 148 ST,2,2026,,1496
Graffiti,13370 KING GEORGE BLVD,2,2026,,1497
Shoplifting,10500 KING GEORGE BLVD,2,2026,10-8,1498
Graffiti,13370 KING GEORGE BLVD,2,2026,,1499
Theft from Motor Vehicle,8100 145B ST,2,2026,26-6596,1500
Shoplifting,14600 104TH AVE,2,2026,26-6621,1501
Theft from Motor Vehicle,15000 101ST AVE,2,2026,26-6616,1502
Shoplifting,17700 64TH AVE,2,2026,26-6611,1503
Theft from Motor Vehicle,16100 86TH AVE,2,2026,26-6649,1504
Theft from Motor Vehicle,10800 CITY PKWY,2,2026,25-7,1505
Graffiti,15802 80 AVE,2,2026,,1506
Theft from Motor Vehicle,13400 105TH AVE,2,2026,30-7,1507
Graffiti,13946 FRASER HWY,2,2026,,1508
Shoplifting,10800 CITY PKWY,2,2026,08-0,1509
Theft from Motor Vehicle,15300 17TH AVE,1,2026,6-,1510
Shoplifting,7500 KING GEORGE BLVD,2,2026,96-5,1511
Theft from Motor Vehicle,9800 KING GEORGE BLVD,1,2026,8-,1512
Theft of Motor Vehicle,19300 56TH AVE,2,2026,26-7056,1513
Shoplifting,7500 KING GEORGE BLVD,1,2026,5-,1514
Theft from Motor Vehicle,10100 172A ST,2,2026,26-9211,1515
Theft from Motor Vehicle,11000 129TH ST,1,2026,83-,1516
Theft from Motor Vehicle,12700 OCEAN CLIFF DR,2,2026,59-0,1517
Shoplifting,7500 KING GEORGE BLVD,1,2026,8-,1518
Shoplifting,10800 CITY PKWY,2,2026,41-0,1519
Shoplifting,7100 138TH ST,2,2026,41-5,1520
Theft from Motor Vehicle,2400 164TH ST,2,2026,29-9,1521
Shoplifting,7500 KING GEORGE BLVD,2,2026,30-6,1522
Shoplifting,1600 152ND ST,2,2026,24-9,1523
Shoplifting,7500 KING GEORGE BLVD,2,2026,34-8,1524
Shoplifting,7100 138TH ST,2,2026,30-9,1525
Break and Enter - Business,3200 194TH ST,2,2026,35-5,1526
Theft from Motor Vehicle,10800 124TH ST,2,2026,28-9,1527
Shoplifting,8800 152ND ST,2,2026,26-7199,1528
Theft from Motor Vehicle,15000 101ST AVE,2,2026,26-7249,1529
Theft from Motor Vehicle,16900 104A AVE,2,2026,26-7298,1530
Theft from Motor Vehicle,18200 68TH AVE,2,2026,26-7179,1531
Theft from Motor Vehicle,16700 58B AVE,2,2026,26-7205,1532
Theft from Motor Vehicle,14800 25TH AVE,2,2026,61-6,1533
Theft from Motor Vehicle,10900 LARSON RD,2,2026,62-2,1534
Shoplifting,7100 138TH ST,2,2026,65-2,1535
Shoplifting,7100 138TH ST,2,2026,54-9,1536
Theft from Motor Vehicle,8700 161ST ST,2,2026,26-7791,1537
Theft from Motor Vehicle,10800 142A ST,2,2026,26-7289,1538
Theft from Motor Vehicle,17100 104A AVE,2,2026,26-7300,1539
Theft from Motor Vehicle,7100 177A ST,2,2026,26-7333,1540
Theft from Motor Vehicle,10300 152ND ST,2,2026,26-7469,1541
Theft from Motor Vehicle,10400 132ND ST,2,2026,81-5,1542
Shoplifting,2300 160TH ST,2,2026,87-3,1543
Shoplifting,12800 58TH AVE,2,2026,92-1,1544
Theft from Motor Vehicle,13300 104TH AVE,2,2026,98-2,1545
Theft from Motor Vehicle,200 176TH ST,2,2026,18-3,1546
Break and Enter - Business,13300 105TH AVE,2,2026,17-0,1547
Theft from Motor Vehicle,11500 142ND ST,2,2026,26-7529,1548
Theft from Motor Vehicle,11000 159TH ST,2,2026,26-7954,1549
Theft from Motor Vehicle,6600 152ND ST,2,2026,72-4,1550
Theft of Motor Vehicle,2600 126TH ST,2,2026,81-0,1551
Theft of Motor Vehicle,15600 BLOCK MARINE DR,2,2026,86-7,1552
Shoplifting,7500 KING GEORGE BLVD,2,2026,73-2,1553
Break and Enter - Business,7000 138TH ST,2,2026,60-3,1554
Break and Enter - Residence,14900 58A AVE,2,2026,74-8,1555
Theft from Motor Vehicle,17100 104A AVE,2,2026,26-7379,1556
Theft from Motor Vehicle,10600 140TH ST,2,2026,26-7399,1557
Shoplifting,14600 104TH AVE,2,2026,26-7318,1558
Shoplifting,9000 152ND ST,2,2026,26-7404,1559
Shoplifting,10300 152ND ST,2,2026,26-7383,1560
Theft from Motor Vehicle,14700 109TH AVE,2,2026,26-7287,1561
Theft from Motor Vehicle,10400 170A ST,2,2026,26-7341,1562
Theft of Motor Vehicle,9600 187TH ST,2,2026,26-7316,1563
Theft from Motor Vehicle,13400 108TH AVE,2,2026,99-9,1564
Shoplifting,15300 24TH AVE,2,2026,91-4,1565
Shoplifting,7100 138TH ST,2,2026,05-9,1566
Shoplifting,12700 110TH AVE,2,2026,96-7,1567
Theft from Motor Vehicle,6900 149TH ST,2,2026,90-7,1568
Theft from Motor Vehicle,7600 124TH ST,2,2026,98-0,1569
Theft from Motor Vehicle,13700 72ND AVE,2,2026,85-2,1570
Theft of Motor Vehicle,12500 110TH AVE,2,2026,79-7,1571
Shoplifting,12700 110TH AVE,2,2026,91-5,1572
Theft from Motor Vehicle,15100 101ST AVE,2,2026,26-7514,1573
Shoplifting,17700 64TH AVE,2,2026,26-7532,1574
Shoplifting,10300 152ND ST,2,2026,26-7524,1575
Theft of Motor Vehicle,8600 MILTON DR,2,2026,26-7576,1576
Theft from Motor Vehicle,15400 104TH AVE,2,2026,26-7520,1577
Shoplifting,9600 160TH ST,2,2026,26-7481,1578
Theft of Motor Vehicle,145A ST / 68TH AVE,2,2026,18-8,1579
Shoplifting,10800 CITY PKWY,2,2026,24-5,1580
Break and Enter - Business,12300 116TH AVE,2,2026,31-7,1581
Theft from Motor Vehicle,11000 135A ST,2,2026,59-9,1582
Break and Enter - Residence,11000 160TH ST,2,2026,26-7686,1583
Shoplifting,10300 152ND ST,2,2026,26-7701,1584
Shoplifting,14400 108TH AVE,2,2026,26-7603,1585
Shoplifting,10300 152ND ST,2,2026,26-7593,1586
Theft of Motor Vehicle,175A ST / BARNSTON DR E,2,2026,26-7611,1587
Theft from Motor Vehicle,14600 105A AVE,2,2026,26-7670,1588
Shoplifting,10300 152ND ST,2,2026,26-7663,1589
Theft of Motor Vehicle,4600 KING GEORGE BLVD,2,2026,60-6,1590
Theft from Motor Vehicle,10700 138TH ST,2,2026,49-7,1591
Shoplifting,16000 24TH AVE,2,2026,51-8,1592
Theft of Motor Vehicle,4900 127A ST,2,2026,86-4,1593
Theft of Motor Vehicle,13800 89TH AVE,2,2026,32-0,1594
Theft from Motor Vehicle,16700 61ST AVE,2,2026,26-7739,1595
Theft from Motor Vehicle,15500 91A AVE,2,2026,26-7753,1596
Shoplifting,14600 104TH AVE,2,2026,26-7751,1597
Shoplifting,10300 152ND ST,2,2026,26-7841,1598
Break and Enter - Residence,16600 64TH AVE,2,2026,26-7833,1599
Shoplifting,14600 104TH AVE,2,2026,26-7797,1600
Theft from Motor Vehicle,13800 94A AVE,3,2026,92-3,1601
Theft from Motor Vehicle,13900 FRASER HWY,3,2026,26-0,1602
Theft from Motor Vehicle,7400 KING GEORGE BLVD,3,2026,33-5,1603
Shoplifting,15900 FRASER HWY,3,2026,26-8845,1604
Shoplifting,8900 152ND ST,3,2026,26-8764,1605
Shoplifting,14400 108TH AVE,3,2026,26-8730,1606
Shoplifting,14600 104TH AVE,3,2026,26-8812,1607
Shoplifting,10300 152ND ST,3,2026,26-8810,1608
Shoplifting,14400 108TH AVE,3,2026,26-8720,1609
Shoplifting,15600 104TH AVE,3,2026,26-8759,1610
Break and Enter - Business,8500 162ND ST,3,2026,26-8724,1611
Shoplifting,10300 152ND ST,3,2026,26-8822,1612
Break and Enter - Residence,15000 CANARY DR,3,2026,26-8761,1613
Theft from Motor Vehicle,13700 100TH AVE,3,2026,15-0,1614
Break and Enter - Business,13900 FRASER HWY,3,2026,45-5,1615
Theft from Motor Vehicle,10100 KING GEORGE BLVD,3,2026,29-6,1616
Theft from Motor Vehicle,10100 KING GEORGE BLVD,3,2026,37-3,1617
Theft from Motor Vehicle,12500 110TH AVE,3,2026,39-4,1618
Theft of Motor Vehicle,3000 194TH ST,3,2026,29-7,1619
Break and Enter - Business,10100 KING GEORGE BLVD,3,2026,23-5,1620
Theft from Motor Vehicle,14000 82ND AVE,3,2026,82-0,1621
Shoplifting,7100 138TH ST,3,2026,41-7,1622
Break and Enter - Business,8000 130TH ST,3,2026,16-3,1623
Shoplifting,7500 KING GEORGE BLVD,3,2026,41-9,1624
Shoplifting,10800 CITY PKWY,3,2026,35-8,1625
Theft of Motor Vehicle,14900 69TH AVE,3,2026,58-0,1626
Break and Enter - Business,8400 128TH ST,3,2026,20-0,1627
Shoplifting,7500 KING GEORGE BLVD,3,2026,30-3,1628
Shoplifting,2300 160TH ST,3,2026,36-0,1629
Theft from Motor Vehicle,1300 129TH ST,3,2026,26-4,1630
Theft from Motor Vehicle,7700 128TH ST,3,2026,44-4,1631
Theft from Motor Vehicle,9100 146TH ST,3,2026,59-5,1632
Theft from Motor Vehicle,10400 UNIVERSITY DR,3,2026,83-0,1633
Theft of Motor Vehicle,13400 88A AVE,3,2026,13-4,1634
Shoplifting,10300 152ND ST,3,2026,26-8992,1635
Shoplifting,10300 152ND ST,3,2026,26-8977,1636
Shoplifting,14600 104TH AVE,3,2026,26-8952,1637
Shoplifting,14600 104TH AVE,3,2026,26-8950,1638
Shoplifting,10300 152ND ST,3,2026,26-8997,1639
Shoplifting,15900 FRASER HWY,3,2026,26-9002,1640
Shoplifting,10300 152ND ST,3,2026,26-8924,1641
Theft of Motor Vehicle,17300 60A AVE,3,2026,26-8884,1642
Theft from Motor Vehicle,14100 110A AVE,3,2026,26-8902,1643
Theft from Motor Vehicle,14100 110TH AVE,3,2026,26-8918,1644
Shoplifting,18700 FRASER HWY,3,2026,26-8999,1645
Theft of Motor Vehicle,9600 160TH ST,3,2026,26-8995,1646
Break and Enter - Residence,8800 158TH ST,3,2026,26-8895,1647
Break and Enter - Business,13600 100TH AVE,3,2026,98-2,1648
Theft of Motor Vehicle,132ND ST / 101ST AVE,3,2026,64-0,1649
Break and Enter - Business,13200 105TH AVE,3,2026,67-1,1650
Shoplifting,13600 GEORGE JUNCTION,3,2026,71-9,1651
Break and Enter - Residence,13300 OLD YALE RD,3,2026,13-2,1652
Theft of Motor Vehicle,12100 103A AVE,2,2026,55-0,1653
Theft from Motor Vehicle,13500 78TH AVE,2,2026,38-1,1654
Theft of Motor Vehicle,12100 72ND AVE,3,2026,73-6,1655
Shoplifting,2300 160TH ST,3,2026,22-2,1656
Theft from Motor Vehicle,13900 79A AVE,3,2026,79-2,1657
Theft from Motor Vehicle,13800 79TH AVE,2,2026,27-7,1658
Theft from Motor Vehicle,14700 UPLAND RD,3,2026,64-6,1659
Shoplifting,7100 138TH ST,2,2026,52-6,1660
Shoplifting,7100 138TH ST,3,2026,33-5,1661
Shoplifting,7300 KING GEORGE BLVD,3,2026,98-1,1662
Break and Enter - Business,10700 138TH ST,2,2026,25-5,1663
Theft from Motor Vehicle,7700 154TH ST,3,2026,26-9120,1664
Shoplifting,12800 96TH AVE,2,2026,64-1,1665
Shoplifting,7400 KING GEORGE BLVD,3,2026,36-1,1666
Shoplifting,10100 KING GEORGE BLVD,3,2026,97-3,1667
Theft from Motor Vehicle,13800 74TH AVE,2,2026,51-9,1668
Theft from Motor Vehicle,6300 171A ST,3,2026,26-9083,1669
Shoplifting,1600 152ND ST,2,2026,66-6,1670
Shoplifting,7100 138TH ST,3,2026,35-5,1671
Shoplifting,7500 KING GEORGE BLVD,3,2026,79-7,1672
Shoplifting,7100 138TH ST,2,2026,37-4,1673
Shoplifting,9000 152ND ST,3,2026,26-9092,1674
Theft from Motor Vehicle,13900 68TH AVE,2,2026,00-8,1675
Shoplifting,13600 FRASER HWY,3,2026,24-5,1676
Shoplifting,12800 16TH AVE,3,2026,98-7,1677
Theft from Motor Vehicle,16100 14TH AVE,2,2026,14-8,1678
Theft of Motor Vehicle,10300 155A ST,3,2026,26-9090,1679
Theft of Motor Vehicle,15200 105TH AVE,3,2026,26-9073,1680
Break and Enter - Business,9400 KING GEORGE BLVD,3,2026,20-5,1681
Theft from Motor Vehicle,10100 KING GEORGE BLVD,3,2026,96-4,1682
Shoplifting,7500 KING GEORGE BLVD,2,2026,34-8,1683
Break and Enter - Business,17500 56A AVE,3,2026,26-9062,1684
Theft of Motor Vehicle,5900 183A ST,3,2026,26-8236,1685
Shoplifting,13600 GEORGE JUNCTION,3,2026,27-3,1686
Shoplifting,1600 152ND ST,3,2026,88-5,1687
Theft from Motor Vehicle,8800 151ST ST,2,2026,26-7744,1688
Break and Enter - Business,15700 FRASER HWY,3,2026,26-9046,1689
Break and Enter - Business,19400 92ND AVE,3,2026,26-8186,1690
Theft from Motor Vehicle,15000 21B AVE,3,2026,26-1,1691
Break and Enter - Business,9800 KING GEORGE BLVD,3,2026,83-6,1692
Break and Enter - Business,13200 105TH AVE,3,2026,01-5,1693
Theft of Motor Vehicle,11100 132ND ST,3,2026,85-0,1694
Break and Enter - Business,9400 KING GEORGE BLVD,3,2026,80-1,1695
Theft of Motor Vehicle,12100 75TH AVE,3,2026,13-8,1696
Shoplifting,3000 152ND ST,3,2026,02-5,1697
Theft of Motor Vehicle,13700 HYLAND RD,3,2026,96-2,1698
Shoplifting,10100 KING GEORGE BLVD,3,2026,90-6,1699
Shoplifting,10500 KING GEORGE BLVD,3,2026,90-7,1700
Shoplifting,10200 128TH ST,3,2026,04-5,1701
Theft from Motor Vehicle,6500 192A ST,3,2026,26-9693,1702
Theft from Motor Vehicle,6600 192ND ST,3,2026,26-9824,1703
Shoplifting,14600 104TH AVE,3,2026,26-9649,1704
Shoplifting,14600 104TH AVE,3,2026,26-9643,1705
Theft from Motor Vehicle,7800 162ND ST,3,2026,26-9558,1706
Shoplifting,14600 104TH AVE,3,2026,26-9642,1707
Theft from Motor Vehicle,16600 FRASER HWY,3,2026,26-9704,1708
Theft from Motor Vehicle,16600 FRASER HWY,3,2026,26-9730,1709
Break and Enter - Business,19500 56TH AVE,3,2026,26-9636,1710
Shoplifting,14600 104TH AVE,3,2026,26-9655,1711
Shoplifting,10300 152ND ST,3,2026,26-9627,1712
Shoplifting,10300 152ND ST,3,2026,26-9601,1713
Theft from Motor Vehicle,14300 103RD AVE,3,2026,26-9990,1714
Shoplifting,10300 152ND ST,3,2026,26-9589,1715
Theft from Motor Vehicle,13500 58A AVE,3,2026,48-0,1716
Shoplifting,2200 160TH ST,3,2026,54-6,1717
Theft from Motor Vehicle,5600 146A ST,3,2026,68-0,1718
Theft of Motor Vehicle,13600 60TH AVE,3,2026,47-4,1719
Break and Enter - Business,16000 24TH AVE,3,2026,24-3,1720
Break and Enter - Residence,17300 29TH AVE,3,2026,27-6,1721
Shoplifting,16100 24TH AVE,3,2026,20-4,1722
Shoplifting,7100 138TH ST,3,2026,34-2,1723
Shoplifting,7100 138TH ST,3,2026,34-3,1724
Theft from Motor Vehicle,7000 149A ST,3,2026,45-2,1725
Break and Enter - Residence,13700 75A AVE,3,2026,26-0,1726
Theft of Motor Vehicle,9700 121ST ST,3,2026,36-6,1727
Theft from Motor Vehicle,13300 84TH AVE,3,2026,33-4,1728
Shoplifting,2400 160TH ST,3,2026,26-8,1729
Break and Enter - Residence,11400 ROYAL CRES,3,2026,27-7,1730
Break and Enter - Residence,10200 127A ST,3,2026,34-4,1731
Shoplifting,9000 152ND ST,3,2026,26-9742,1732
Theft from Motor Vehicle,15000 101ST AVE,3,2026,26-9756,1733
Break and Enter - Business,15900 FRASER HWY,3,2026,26-8182,1734
Theft from Motor Vehicle,10700 135A ST,3,2026,57-9,1735
Theft from Motor Vehicle,15900 FRASER HWY,3,2026,26-8239,1736
Theft from Motor Vehicle,15200 104TH AVE,3,2026,26-9156,1737
Theft from Motor Vehicle,14800 105TH AVE,2,2026,26-7972,1738
Theft of Motor Vehicle,13400 113TH AVE,3,2026,31-2,1739
Theft of Motor Vehicle,8500 156TH ST,3,2026,26-8270,1740
Theft from Motor Vehicle,10000 120TH ST,3,2026,28-3,1741
Theft from Motor Vehicle,2600 128TH ST,2,2026,59-2,1742
Break and Enter - Business,10300 133RD ST,3,2026,39-8,1743
Theft from Motor Vehicle,9400 160TH ST,3,2026,26-8211,1744
Shoplifting,13600 GEORGE JUNCTION,3,2026,92-7,1745
Theft from Motor Vehicle,2700 150TH ST,2,2026,56-4,1746
Shoplifting,10300 152ND ST,3,2026,26-8554,1747
Theft from Motor Vehicle,9000 156TH ST,3,2026,26-8238,1748
Shoplifting,7100 138TH ST,3,2026,97-1,1749
Shoplifting,7100 138TH ST,2,2026,56-6,1750
Shoplifting,10300 152ND ST,3,2026,26-8526,1751
Shoplifting,14600 104TH AVE,3,2026,26-8242,1752
Shoplifting,10300 KING GEORGE BLVD,3,2026,97-2,1753
Shoplifting,7100 138TH ST,2,2026,65-7,1754
Shoplifting,10200 152ND ST,3,2026,26-8517,1755
Shoplifting,18700 FRASER HWY,3,2026,26-8245,1756
Shoplifting,7500 KING GEORGE BLVD,3,2026,36-8,1757
Theft of Motor Vehicle,12500 106A AVE,3,2026,50-1,1758
Theft from Motor Vehicle,6200 146TH ST,3,2026,94-7,1759
Break and Enter - Business,13700 100TH AVE,3,2026,99-2,1760
Shoplifting,10300 KING GEORGE BLVD,3,2026,08-3,1761
Shoplifting,3000 152ND ST,3,2026,10-0,1762
Shoplifting,10700 KING GEORGE BLVD,3,2026,09-3,1763
Shoplifting,7100 138TH ST,3,2026,10-8,1764
Shoplifting,13600 GEORGE JUNCTION,3,2026,13-8,1765
Shoplifting,3000 152ND ST,3,2026,10-2,1766
Shoplifting,10800 CITY PKWY,3,2026,10-1,1767
Shoplifting,7500 KING GEORGE BLVD,3,2026,04-6,1768
Shoplifting,7100 138TH ST,3,2026,03-0,1769
Shoplifting,7100 138TH ST,3,2026,01-2,1770
Break and Enter - Residence,10400 139TH ST,3,2026,26-4,1771
Shoplifting,10300 KING GEORGE BLVD,3,2026,06-5,1772
Shoplifting,10300 KING GEORGE BLVD,3,2026,98-1,1773
Shoplifting,10300 KING GEORGE BLVD,3,2026,00-4,1774
Shoplifting,10300 KING GEORGE BLVD,3,2026,04-2,1775
Shoplifting,12700 110TH AVE,3,2026,01-5,1776
Theft from Motor Vehicle,140A ST / 77TH AVE,3,2026,93-3,1777
Theft from Motor Vehicle,14000 79A AVE,3,2026,25-6,1778
Shoplifting,10100 KING GEORGE BLVD,3,2026,01-4,1779
Shoplifting,10200 KING GEORGE BLVD,3,2026,01-7,1780
Theft of Motor Vehicle,7300 145A ST,3,2026,96-3,1781
Shoplifting,12100 NORDEL WAY,3,2026,10-3,1782
Theft from Motor Vehicle,13700 100TH AVE,3,2026,99-2,1783
Theft of Motor Vehicle,19100 FRASER HWY,3,2026,26-9238,1784
Break and Enter - Business,10300 152ND ST,3,2026,26-9198,1785
Shoplifting,14600 104TH AVE,3,2026,26-9207,1786
Theft from Motor Vehicle,10500 171ST ST,3,2026,26-9218,1787
Shoplifting,15600 104TH AVE,3,2026,26-9261,1788
Shoplifting,14600 104TH AVE,3,2026,26-9262,1789
Theft from Motor Vehicle,14800 101A AVE,3,2026,26-9328,1790
Shoplifting,14600 104TH AVE,3,2026,26-9278,1791
Theft of Motor Vehicle,19300 56TH AVE,3,2026,26-9231,1792
Shoplifting,GUILDFORD TOWN CNTR / MALL ACCESS,3,2026,26-9224,1793
Shoplifting,10700 KING GEORGE BLVD,3,2026,25-4,1794
Theft from Motor Vehicle,19100 34A AVE,3,2026,27-9,1795
Shoplifting,9000 152ND ST,3,2026,26-8285,1796
Shoplifting,7500 KING GEORGE BLVD,2,2026,66-6,1797
Shoplifting,7500 KING GEORGE BLVD,3,2026,31-4,1798
Shoplifting,14600 104TH AVE,3,2026,26-8460,1799
Shoplifting,14600 104TH AVE,3,2026,26-8284,1800
Theft from Motor Vehicle,13700 96TH AVE,2,2026,68-0,1801
Shoplifting,7100 138TH ST,3,2026,34-5,1802
Shoplifting,10300 152ND ST,3,2026,26-8479,1803
Theft from Motor Vehicle,15600 FRASER HWY,3,2026,26-8192,1804
Break and Enter - Residence,6400 122ND ST,2,2026,44-8,1805
Shoplifting,7500 KING GEORGE BLVD,3,2026,36-9,1806
Theft from Motor Vehicle,18600 52ND AVE,3,2026,26-8444,1807
Break and Enter - Residence,17700 16TH AVE,3,2026,98-0,1808
Theft from Motor Vehicle,10900 162ND ST,2,2026,26-7779,1809
Theft from Motor Vehicle,900 161A ST,3,2026,23-7,1810
Theft of Motor Vehicle,17000 92ND AVE,3,2026,26-8473,1811
Theft of Motor Vehicle,2900 145A ST,3,2026,86-8,1812
Shoplifting,14600 104TH AVE,2,2026,26-7849,1813
Theft from Motor Vehicle,14100 79A AVE,3,2026,23-3,1814
Shoplifting,1600 152ND ST,3,2026,70-2,1815
Theft of Motor Vehicle,14800 26TH AVE,3,2026,93-6,1816
Theft from Motor Vehicle,6300 176TH ST,2,2026,26-7835,1817
Break and Enter - Residence,10600 125B ST,3,2026,20-1,1818
Break and Enter - Business,13400 102ND AVE,3,2026,60-7,1819
Shoplifting,12100 NORDEL WAY,3,2026,07-6,1820
Shoplifting,19100 FRASER HWY,2,2026,26-7958,1821
Theft from Motor Vehicle,14000 79A AVE,3,2026,49-6,1822
Shoplifting,1700 152ND ST,3,2026,72-4,1823
Theft of Motor Vehicle,14200 18A AVE,3,2026,02-2,1824
Theft from Motor Vehicle,15900 111A AVE,2,2026,26-7737,1825
Theft from Motor Vehicle,15900 111TH AVE,2,2026,26-7828,1826
Theft from Motor Vehicle,15500 92ND AVE,2,2026,26-8063,1827
Theft from Motor Vehicle,13900 HYLAND RD,2,2026,00-6,1828
Shoplifting,6900 KING GEORGE BLVD,2,2026,00-3,1829
Shoplifting,6900 KING GEORGE BLVD,2,2026,99-1,1830
Shoplifting,2300 160TH ST,2,2026,95-8,1831
Theft of Motor Vehicle,92A AVE / 123A ST,2,2026,17-6,1832
Break and Enter - Business,13200 105TH AVE,2,2026,91-5,1833
Break and Enter - Business,10700 138TH ST,2,2026,79-2,1834
Theft from Motor Vehicle,9400 190TH ST,2,2026,26-8345,1835
Theft from Motor Vehicle,8000 170TH ST,2,2026,26-7916,1836
Theft from Motor Vehicle,9000 152ND ST,2,2026,26-8359,1837
Shoplifting,14600 104TH AVE,2,2026,26-7977,1838
Shoplifting,10300 152ND ST,2,2026,26-7986,1839
Shoplifting,10300 152ND ST,2,2026,26-8019,1840
Theft from Motor Vehicle,16900 83A AVE,2,2026,26-7881,1841
Theft from Motor Vehicle,12400 82ND AVE,2,2026,73-3,1842
Shoplifting,13600 GEORGE JUNCTION,2,2026,37-1,1843
Theft from Motor Vehicle,9300 126TH ST,2,2026,36-8,1844
Shoplifting,7100 138TH ST,2,2026,38-7,1845
Shoplifting,1600 152ND ST,2,2026,26-6,1846
Shoplifting,13600 GEORGE JUNCTION,2,2026,12-3,1847
Shoplifting,13700 104TH AVE,2,2026,25-9,1848
Break and Enter - Business,6700 144TH ST,2,2026,24-0,1849
Theft from Motor Vehicle,18800 53B AVE,2,2026,26-8213,1850
Shoplifting,17700 64TH AVE,2,2026,26-8137,1851
Shoplifting,9000 152ND ST,2,2026,26-8126,1852
Theft of Motor Vehicle,10100 KING GEORGE BLVD,2,2026,76-6,1853
Shoplifting,7100 138TH ST,2,2026,66-3,1854
Theft from Motor Vehicle,8900 160TH ST,3,2026,26-9342,1855
Theft from Motor Vehicle,14800 101A AVE,3,2026,26-9391,1856
Theft of Motor Vehicle,13500 84TH AVE,3,2026,58-1,1857
Theft from Motor Vehicle,15900 108A AVE,3,2026,26-9435,1858
Shoplifting,6900 KING GEORGE BLVD,3,2026,75-6,1859
Shoplifting,10300 152ND ST,3,2026,26-9400,1860
Shoplifting,7100 138TH ST,3,2026,54-5,1861
Shoplifting,10300 152ND ST,3,2026,26-9352,1862
Shoplifting,12100 NORDEL WAY,3,2026,10-9,1863
Theft from Motor Vehicle,7300 142ND ST,3,2026,99-1,1864
Shoplifting,17700 64TH AVE,3,2026,26-9379,1865
Theft from Motor Vehicle,6800 142ND ST,3,2026,83-9,1866
Shoplifting,15700 CROYDON DR,3,2026,59-7,1867
Shoplifting,14600 104TH AVE,3,2026,26-9398,1868
Shoplifting,1600 152ND ST,3,2026,03-1,1869
Shoplifting,8800 152ND ST,3,2026,26-8661,1870
Break and Enter - Business,7900 152ND ST,3,2026,26-9293,1871
Shoplifting,7100 138TH ST,3,2026,05-8,1872
Shoplifting,18800 72ND AVE,3,2026,26-8693,1873
Theft from Motor Vehicle,12900 CARLUKE CRES,3,2026,86-0,1874
Shoplifting,1600 152ND ST,3,2026,86-9,1875
Theft from Motor Vehicle,10300 152ND ST,3,2026,26-8691,1876
Break and Enter - Business,1700 MARTIN DR,3,2026,57-5,1877
Shoplifting,1600 152ND ST,3,2026,97-7,1878
Theft from Motor Vehicle,15100 105TH AVE,3,2026,26-8790,1879
Theft of Motor Vehicle,14100 62A AVE,3,2026,47-4,1880
Shoplifting,2300 160TH ST,3,2026,32-4,1881
Theft from Motor Vehicle,15100 105TH AVE,3,2026,26-8797,1882
Break and Enter - Business,13400 73RD AVE,3,2026,16-9,1883
Theft from Motor Vehicle,13400 96TH AVE,3,2026,28-7,1884
Theft from Motor Vehicle,10000 155TH ST,3,2026,26-8763,1885
Shoplifting,13600 GEORGE JUNCTION,3,2026,67-8,1886
Theft from Motor Vehicle,12500 100TH AVE,3,2026,77-9,1887
Theft from Motor Vehicle,7300 128TH ST,3,2026,07-5,1888
Shoplifting,10600 KING GEORGE BLVD,3,2026,55-0,1889
Shoplifting,9100 152ND ST,3,2026,26-8407,1890
Theft from Motor Vehicle,10600 CITY PKWY,3,2026,55-2,1891
Shoplifting,10800 CITY PKWY,3,2026,59-9,1892
Theft from Motor Vehicle,13400 102ND AVE,3,2026,24-9,1893
Shoplifting,10100 KING GEORGE BLVD,3,2026,56-3,1894
Shoplifting,7100 138TH ST,3,2026,61-4,1895
Theft from Motor Vehicle,7800 143RD ST,3,2026,60-6,1896
Theft of Motor Vehicle,6800 144TH ST,3,2026,53-4,1897
Shoplifting,13600 GEORGE JUNCTION,3,2026,73-6,1898
Shoplifting,16000 24TH AVE,3,2026,65-0,1899
Shoplifting,1600 152ND ST,3,2026,70-3,1900
Theft from Motor Vehicle,13900 79A AVE,3,2026,84-2,1901
Theft from Motor Vehicle,14000 79A AVE,3,2026,51-8,1902
Theft from Motor Vehicle,13800 78TH AVE,3,2026,47-0,1903
Shoplifting,10100 KING GEORGE BLVD,3,2026,49-9,1904
Shoplifting,14600 104TH AVE,3,2026,26-9462,1905
Theft from Motor Vehicle,15300 FRASER HWY,3,2026,26-9515,1906
Theft of Motor Vehicle,7900 170A ST,3,2026,26-9520,1907
Shoplifting,10300 152ND ST,3,2026,26-9497,1908
Break and Enter - Residence,7400 185TH ST,3,2026,26-9486,1909
Shoplifting,10300 152ND ST,3,2026,26-9511,1910
Shoplifting,14600 104TH AVE,3,2026,26-9442,1911
Shoplifting,14600 104TH AVE,3,2026,26-9496,1912
Theft from Motor Vehicle,10600 142ND ST,3,2026,26-9424,1913
Break and Enter - Residence,8700 154A ST,3,2026,26-9420,1914
Theft from Motor Vehicle,10500 127TH ST,3,2026,83-7,1915
Theft of Motor Vehicle,4400 192ND ST,3,2026,01-6,1916
Shoplifting,10500 KING GEORGE BLVD,3,2026,89-3,1917
Shoplifting,1700 152ND ST,3,2026,84-6,1918
Shoplifting,10300 152ND ST,3,2026,26-9469,1919
Break and Enter - Business,10700 138TH ST,3,2026,90-2,1920
Theft from Motor Vehicle,7200 192ND ST,3,2026,26-8425,1921
Theft from Motor Vehicle,16000 8A AVE,3,2026,82-2,1922
Theft from Motor Vehicle,15300 FRASER HWY,3,2026,26-8402,1923
Theft from Motor Vehicle,13500 96TH AVE,3,2026,17-8,1924
Theft from Motor Vehicle,96TH AVE / 168TH ST,3,2026,26-8398,1925
Shoplifting,7500 KING GEORGE BLVD,3,2026,79-6,1926
Theft from Motor Vehicle,10300 152ND ST,3,2026,26-8486,1927
Theft from Motor Vehicle,13900 102ND AVE,3,2026,85-7,1928
Theft from Motor Vehicle,16200 88TH AVE,3,2026,26-8495,1929
Theft from Motor Vehicle,12600 94TH AVE,3,2026,90-0,1930
Theft from Motor Vehicle,18600 FRASER HWY,3,2026,26-8366,1931
Theft from Motor Vehicle,7100 144TH ST,3,2026,10-5,1932
Theft from Motor Vehicle,10300 152ND ST,3,2026,26-8384,1933
Theft from Motor Vehicle,9300 122ND ST,3,2026,93-4,1934
Shoplifting,10300 152ND ST,3,2026,26-8364,1935
Theft from Motor Vehicle,12400 95A AVE,3,2026,98-9,1936
Break and Enter - Business,14700 106TH AVE,3,2026,26-8339,1937
Theft from Motor Vehicle,12400 95A AVE,3,2026,84-2,1938
Theft from Motor Vehicle,19300 96TH AVE,3,2026,26-8887,1939
Shoplifting,13400 102ND AVE,3,2026,06-8,1940
Shoplifting,9000 152ND ST,3,2026,26-8368,1941
Shoplifting,1600 152ND ST,3,2026,98-8,1942
Shoplifting,10300 152ND ST,3,2026,26-8382,1943
Theft from Motor Vehicle,9400 126TH ST,3,2026,84-0,1944
Break and Enter - Residence,15100 62A AVE,3,2026,43-9,1945
Shoplifting,7500 KING GEORGE BLVD,3,2026,01-7,1946
Shoplifting,12800 96TH AVE,3,2026,23-4,1947
Shoplifting,2300 160TH ST,3,2026,05-0,1948
Shoplifting,12800 58TH AVE,3,2026,34-3,1949
Theft from Motor Vehicle,CRANLEY DR / 157TH ST,3,2026,87-2,1950
Shoplifting,7500 KING GEORGE BLVD,3,2026,53-4,1951
Shoplifting,3000 152ND ST,3,2026,71-5,1952
Theft from Motor Vehicle,8900 140A ST,3,2026,78-9,1953
Theft from Motor Vehicle,8900 138TH ST,3,2026,81-7,1954
Shoplifting,10100 KING GEORGE BLVD,3,2026,57-1,1955
Shoplifting,10100 KING GEORGE BLVD,3,2026,54-7,1956
Theft of Motor Vehicle,13700 FRANKLIN RD,3,2026,42-9,1957
Shoplifting,3000 152ND ST,3,2026,71-4,1958
Shoplifting,13900 FRASER HWY,3,2026,40-4,1959
Theft of Motor Vehicle,13900 68TH AVE,3,2026,43-0,1960
Theft from Motor Vehicle,5900 128TH ST,3,2026,46-8,1961
Theft from Motor Vehicle,13000 60TH AVE,3,2026,43-1,1962
Break and Enter - Business,13200 105TH AVE,3,2026,47-2,1963
Shoplifting,13600 GEORGE JUNCTION,3,2026,46-3,1964
Theft from Motor Vehicle,13400 59TH AVE,3,2026,51-2,1965
Shoplifting,10100 KING GEORGE BLVD,3,2026,63-0,1966
Shoplifting,10100 KING GEORGE BLVD,3,2026,53-6,1967
Shoplifting,6900 KING GEORGE BLVD,3,2026,66-3,1968
Shoplifting,7100 138TH ST,3,2026,64-6,1969
Break and Enter - Business,3400 146A ST,3,2026,62-6,1970
Shoplifting,15700 CROYDON DR,3,2026,63-7,1971
Break and Enter - Residence,9300 138A ST,3,2026,54-0,1972
Break and Enter - Business,10700 138TH ST,3,2026,71-9,1973
Shoplifting,1700 152ND ST,3,2026,50-1,1974
Theft from Motor Vehicle,15100 19TH AVE,3,2026,56-3,1975
Theft from Motor Vehicle,5900 135TH ST,3,2026,42-7,1976
Shoplifting,8000 KING GEORGE BLVD,3,2026,64-2,1977
Theft of Motor Vehicle,28TH AVE / 164TH ST,3,2026,38-8,1978
Shoplifting,14600 104TH AVE,3,2026,26-9922,1979
Theft of Motor Vehicle,17500 64TH AVE,3,2026,26-9793,1980
Theft from Motor Vehicle,18700 54TH AVE,3,2026,26-9783,1981
Shoplifting,10200 152ND ST,3,2026,26-9892,1982
Shoplifting,14600 104TH AVE,3,2026,26-9909,1983
Shoplifting,14600 104TH AVE,3,2026,26-9944,1984
Shoplifting,10300 152ND ST,3,2026,26-9831,1985
Shoplifting,14400 108TH AVE,3,2026,26-9779,1986
Theft from Motor Vehicle,9900 160TH ST,3,2026,26-9854,1987
Shoplifting,3000 152ND ST,3,2026,93-8,1988
Shoplifting,12100 72ND AVE,3,2026,02-0,1989
Shoplifting,10100 KING GEORGE BLVD,3,2026,96-3,1990
Shoplifting,13600 GEORGE JUNCTION,3,2026,07-5,1991
Shoplifting,7500 KING GEORGE BLVD,3,2026,00-4,1992
Theft of Motor Vehicle,12700 18TH AVE,3,2026,18-7,1993
Theft from Motor Vehicle,14700 72ND AVE,3,2026,15-0,1994
Shoplifting,13600 GEORGE JUNCTION,3,2026,80-0,1995
Shoplifting,1600 152ND ST,3,2026,85-0,1996
Theft of Motor Vehicle,8800 URSUS CRES,3,2026,79-7,1997
Shoplifting,1600 152ND ST,3,2026,88-6,1998
Shoplifting,15100 16TH AVE,3,2026,83-8,1999
Shoplifting,10700 KING GEORGE BLVD,3,2026,88-2,2000
Shoplifting,14600 104TH AVE,3,2026,26-10946,2001
Shoplifting,10300 152ND ST,3,2026,26-10966,2002
Shoplifting,10300 152ND ST,3,2026,26-10938,2003
Theft from Motor Vehicle,8200 144A ST,3,2026,26-10911,2004
Theft from Motor Vehicle,144TH ST / 105TH BLVD,3,2026,26-10981,2005
Theft from Motor Vehicle,10300 152ND ST,3,2026,26-11061,2006
Theft of Motor Vehicle,6400 175A ST,3,2026,26-10992,2007
Shoplifting,10400 KING GEORGE BLVD,3,2026,32-2,2008
Shoplifting,10500 KING GEORGE BLVD,3,2026,45-9,2009
Shoplifting,13600 GEORGE JUNCTION,3,2026,51-9,2010
Theft from Motor Vehicle,13700 96TH AVE,3,2026,64-4,2011
Theft of Motor Vehicle,8000 122A ST,3,2026,64-1,2012
Shoplifting,1700 152ND ST,3,2026,11-2,2013
Theft from Motor Vehicle,10200 129A ST,3,2026,85-7,2014
Shoplifting,12700 110TH AVE,3,2026,30-1,2015
Theft of Motor Vehicle,7900 128TH ST,3,2026,35-4,2016
Theft of Motor Vehicle,13500 96TH AVE,3,2026,62-8,2017
Theft from Motor Vehicle,132A ST / 108TH AVE,3,2026,13-3,2018
Theft from Motor Vehicle,10100 155TH ST,3,2026,26-11152,2019
Shoplifting,14600 104TH AVE,3,2026,26-11070,2020
Shoplifting,14600 104TH AVE,3,2026,26-11069,2021
Theft from Motor Vehicle,16100 77A AVE,3,2026,26-11094,2022
Theft from Motor Vehicle,16300 85TH AVE,3,2026,26-11110,2023
Break and Enter - Residence,10400 150TH ST,3,2026,26-11055,2024
Shoplifting,10300 152ND ST,3,2026,26-11917,2025
Theft from Motor Vehicle,15000 101ST AVE,3,2026,26-11153,2026
Theft from Motor Vehicle,10300 152ND ST,3,2026,26-11062,2027
Theft from Motor Vehicle,10100 143RD ST,3,2026,26-11227,2028
Shoplifting,13900 FRASER HWY,3,2026,63-6,2029
Shoplifting,18400 16TH AVE,3,2026,63-1,2030
Theft from Motor Vehicle,14900 58A AVE,3,2026,72-3,2031
Shoplifting,2300 160TH ST,3,2026,72-9,2032
Theft from Motor Vehicle,12300 71A AVE,3,2026,60-7,2033
Theft from Motor Vehicle,14200 72A AVE,3,2026,64-3,2034
Shoplifting,1600 152ND ST,3,2026,65-1,2035
Break and Enter - Business,9800 WHALLEY BLVD,3,2026,62-2,2036
Shoplifting,12800 16TH AVE,3,2026,85-2,2037
Shoplifting,1600 152ND ST,3,2026,74-2,2038
Shoplifting,7100 138TH ST,3,2026,69-9,2039
Shoplifting,13600 GEORGE JUNCTION,3,2026,77-5,2040
Shoplifting,7100 138TH ST,3,2026,77-7,2041
Theft of Motor Vehicle,15100 69TH AVE,3,2026,67-1,2042
Shoplifting,7500 KING GEORGE BLVD,3,2026,64-0,2043
Shoplifting,15800 26TH AVE,3,2026,73-0,2044
Break and Enter - Business,13400 73RD AVE,3,2026,78-7,2045
Theft from Motor Vehicle,10700 135A ST,3,2026,72-7,2046
Theft of Motor Vehicle,5700 128TH ST,3,2026,90-0,2047
Theft from Motor Vehicle,14300 72ND AVE,3,2026,74-1,2048
Shoplifting,7100 138TH ST,3,2026,85-8,2049
Shoplifting,10200 128TH ST,3,2026,78-3,2050
Theft from Motor Vehicle,161ST ST / 82ND AVE,3,2026,26-11618,2051
Shoplifting,13600 GEORGE JUNCTION,3,2026,79-1,2052
Shoplifting,5600 176TH ST,3,2026,26-11172,2053
Shoplifting,10100 KING GEORGE BLVD,3,2026,23-9,2054
Theft of Motor Vehicle,172ND ST / 21ST AVE,3,2026,79-8,2055
Break and Enter - Business,13200 105TH AVE,3,2026,57-8,2056
Shoplifting,15300 24TH AVE,3,2026,74-6,2057
Shoplifting,13600 GEORGE JUNCTION,3,2026,81-7,2058
Theft from Motor Vehicle,14600 96TH AVE,3,2026,26-11193,2059
Shoplifting,10100 KING GEORGE BLVD,3,2026,19-1,2060
Shoplifting,10500 KING GEORGE BLVD,3,2026,03-1,2061
Shoplifting,2400 160TH ST,3,2026,77-8,2062
Theft of Motor Vehicle,10900 OLSEN RD,3,2026,29-2,2063
Break and Enter - Business,17900 ROAN PL,3,2026,26-11198,2064
Theft of Motor Vehicle,13400 94A AVE,3,2026,03-4,2065
Break and Enter - Residence,11000 131A ST,3,2026,44-0,2066
Theft of Motor Vehicle,12500 91ST AVE,3,2026,81-3,2067
Shoplifting,10700 KING GEORGE BLVD,3,2026,82-3,2068
Break and Enter - Business,10900 OLSEN RD,3,2026,60-0,2069
Shoplifting,10300 152ND ST,3,2026,26-11208,2070
Theft of Motor Vehicle,15700 110TH AVE,3,2026,26-10481,2071
Theft from Motor Vehicle,7300 147A ST,3,2026,53-3,2072
Shoplifting,10100 KING GEORGE BLVD,3,2026,93-9,2073
Shoplifting,10700 KING GEORGE BLVD,3,2026,75-3,2074
Theft of Motor Vehicle,13600 16TH AVE,3,2026,59-5,2075
Shoplifting,10300 152ND ST,3,2026,26-11221,2076
Shoplifting,10300 152ND ST,3,2026,26-10573,2077
Break and Enter - Residence,2100 124TH ST,3,2026,47-4,2078
Shoplifting,2300 160TH ST,3,2026,00-6,2079
Theft from Motor Vehicle,13500 96TH AVE,3,2026,72-1,2080
Break and Enter - Business,16000 24TH AVE,3,2026,63-4,2081
Theft of Motor Vehicle,10300 152ND ST,3,2026,26-11154,2082
Shoplifting,15600 104TH AVE,3,2026,26-10495,2083
Theft of Motor Vehicle,12800 116TH AVE,3,2026,75-1,2084
Theft from Motor Vehicle,8800 URSUS CRES,3,2026,79-7,2085
Shoplifting,10300 KING GEORGE BLVD,3,2026,71-1,2086
Break and Enter - Residence,15000 32ND AVE,3,2026,66-6,2087
Shoplifting,9000 152ND ST,3,2026,26-11173,2088
Shoplifting,14600 104TH AVE,3,2026,26-10557,2089
Theft from Motor Vehicle,2100 124TH ST,3,2026,47-4,2090
Theft from Motor Vehicle,16000 10A AVE,3,2026,76-6,2091
Theft from Motor Vehicle,7100 150A ST,3,2026,95-7,2092
Shoplifting,12800 96TH AVE,3,2026,70-0,2093
Theft from Motor Vehicle,15200 SITKA DR,3,2026,26-11166,2094
Shoplifting,10300 152ND ST,3,2026,26-10567,2095
Theft from Motor Vehicle,15900 88A AVE,3,2026,26-10614,2096
Theft from Motor Vehicle,10000 156TH ST,3,2026,26-10009,2097
Break and Enter - Business,8900 HOLT RD,3,2026,94-9,2098
Shoplifting,13600 GEORGE JUNCTION,3,2026,75-1,2099
Shoplifting,15700 CROYDON DR,3,2026,76-7,2100
Theft from Motor Vehicle,8200 124TH ST,3,2026,67-8,2101
Shoplifting,9400 KING GEORGE BLVD,3,2026,77-6,2102
Shoplifting,10100 KING GEORGE BLVD,3,2026,74-1,2103
Theft of Motor Vehicle,6200 181A ST,3,2026,26-12011,2104
Theft of Motor Vehicle,161ST ST / 89A AVE,3,2026,26-12017,2105
Theft of Motor Vehicle,16800 80TH AVE,3,2026,26-12040,2106
Shoplifting,15600 104TH AVE,3,2026,26-12043,2107
Shoplifting,14600 104TH AVE,3,2026,26-12065,2108
Theft of Motor Vehicle,16000 FRASER HWY,3,2026,26-12016,2109
Theft of Motor Vehicle,8000 162A ST,3,2026,26-12007,2110
Break and Enter - Business,7700 152ND ST,3,2026,90-0,2111
Shoplifting,10100 KING GEORGE BLVD,3,2026,99-2,2112
Theft from Motor Vehicle,6600 126TH ST,3,2026,06-5,2113
Shoplifting,13600 GEORGE JUNCTION,3,2026,15-5,2114
Theft of Motor Vehicle,11800 98TH AVE,3,2026,23-5,2115
Theft from Motor Vehicle,13200 105TH AVE,3,2026,23-3,2116
Theft from Motor Vehicle,10100 KING GEORGE BLVD,3,2026,17-0,2117
Shoplifting,11800 TANNERY RD,3,2026,89-2,2118
Shoplifting,10500 KING GEORGE BLVD,3,2026,96-2,2119
Shoplifting,10700 KING GEORGE BLVD,3,2026,08-3,2120
Theft from Motor Vehicle,13500 96TH AVE,3,2026,98-8,2121
Break and Enter - Residence,18700 92ND AVE,3,2026,26-12107,2122
Theft from Motor Vehicle,5700 175TH ST,3,2026,26-12132,2123
Shoplifting,10300 152ND ST,3,2026,26-12154,2124
Theft from Motor Vehicle,6300 177B ST,3,2026,26-12179,2125
Theft of Motor Vehicle,13000 61A AVE,3,2026,22-9,2126
Theft from Motor Vehicle,11100 135A ST,3,2026,27-3,2127
Shoplifting,7300 KING GEORGE BLVD,3,2026,25-6,2128
Theft of Motor Vehicle,12200 78TH AVE,3,2026,24-5,2129
Theft of Motor Vehicle,15300 24TH AVE,3,2026,26-1,2130
Theft from Motor Vehicle,7000 134TH ST,3,2026,28-6,2131
Shoplifting,12700 110TH AVE,3,2026,30-7,2132
Shoplifting,8000 KING GEORGE BLVD,3,2026,45-5,2133
Shoplifting,10400 KING GEORGE BLVD,3,2026,21-6,2134
Shoplifting,13600 GEORGE JUNCTION,3,2026,44-8,2135
Theft from Motor Vehicle,15000 67TH AVE,3,2026,43-7,2136
Shoplifting,7400 KING GEORGE BLVD,3,2026,29-4,2137
Shoplifting,1700 152ND ST,3,2026,34-9,2138
Theft of Motor Vehicle,12400 63A AVE,3,2026,56-4,2139
Theft of Motor Vehicle,195TH ST / 72A AVE,3,2026,26-10482,2140
Theft from Motor Vehicle,19500 LANGLEY BPS,3,2026,26-11137,2141
Break and Enter - Residence,14800 107A AVE,3,2026,26-10259,2142
Shoplifting,18700 FRASER HWY,3,2026,26-10038,2143
Shoplifting,14600 104TH AVE,3,2026,26-10586,2144
Theft from Motor Vehicle,10000 155TH ST,3,2026,26-11140,2145
Shoplifting,9000 152ND ST,3,2026,26-10292,2146
Theft from Motor Vehicle,10000 152ND ST,3,2026,26-10075,2147
Shoplifting,10300 152ND ST,3,2026,26-10550,2148
Shoplifting,14600 104TH AVE,3,2026,26-11143,2149
Shoplifting,10300 152ND ST,3,2026,26-10274,2150
Theft from Motor Vehicle,16800 81B AVE,3,2026,26-10003,2151
Break and Enter - Business,15900 FRASER HWY,3,2026,26-10496,2152
Theft from Motor Vehicle,17900 ROAN PL,3,2026,26-11198,2153
Shoplifting,7400 KING GEORGE BLVD,3,2026,87-7,2154
Shoplifting,9000 152ND ST,3,2026,26-10011,2155
Theft of Motor Vehicle,15900 110A AVE,3,2026,26-10485,2156
Theft of Motor Vehicle,7800 140TH ST,3,2026,34-9,2157
Theft from Motor Vehicle,9700 131A ST,3,2026,72-5,2158
Theft from Motor Vehicle,6100 176TH ST,3,2026,26-10073,2159
Shoplifting,8900 152ND ST,3,2026,26-10653,2160
Theft from Motor Vehicle,13900 FRASER HWY,3,2026,14-5,2161
Shoplifting,1600 152ND ST,3,2026,81-8,2162
Break and Enter - Residence,6300 173A ST,3,2026,26-10504,2163
Theft from Motor Vehicle,10000 143RD ST,3,2026,26-10130,2164
Theft from Motor Vehicle,13500 67A AVE,3,2026,41-2,2165
Shoplifting,10100 KING GEORGE BLVD,3,2026,23-4,2166
Shoplifting,15300 24TH AVE,3,2026,24-6,2167
Shoplifting,13400 102ND AVE,3,2026,33-9,2168
Shoplifting,7100 138TH ST,3,2026,34-7,2169
Shoplifting,7500 KING GEORGE BLVD,3,2026,27-3,2170
Shoplifting,1600 152ND ST,3,2026,26-4,2171
Theft from Motor Vehicle,11900 96A AVE,3,2026,32-2,2172
Theft from Motor Vehicle,105TH AVE / UNIVERSITY DR,3,2026,44-2,2173
Break and Enter - Business,13200 105TH AVE,3,2026,99-3,2174
Theft from Motor Vehicle,13400 105TH AVE,3,2026,54-0,2175
Shoplifting,7400 KING GEORGE BLVD,3,2026,33-2,2176
Theft from Motor Vehicle,11900 96A AVE,3,2026,21-8,2177
Theft from Motor Vehicle,11900 96A AVE,3,2026,18-3,2178
Break and Enter - Business,13500 GATEWAY DR,3,2026,15-8,2179
Shoplifting,10100 KING GEORGE BLVD,3,2026,09-7,2180
Break and Enter - Residence,11000 130A ST,3,2026,37-4,2181
Break and Enter - Business,12700 116TH AVE,3,2026,13-4,2182
Shoplifting,1600 152ND ST,3,2026,35-4,2183
Break and Enter - Business,16000 FRASER HWY,3,2026,26-10193,2184
Shoplifting,14600 104TH AVE,3,2026,26-10163,2185
Theft from Motor Vehicle,16600 61ST AVE,3,2026,26-10490,2186
Theft from Motor Vehicle,5400 184A ST,3,2026,26-10256,2187
Break and Enter - Business,19500 TELEGRAPH TR,3,2026,26-10111,2188
Shoplifting,14400 108TH AVE,3,2026,26-10153,2189
Theft from Motor Vehicle,10500 144TH ST,3,2026,26-10125,2190
Theft from Motor Vehicle,10100 143RD ST,3,2026,26-10146,2191
Break and Enter - Residence,19200 78TH AVE,3,2026,26-10151,2192
Theft from Motor Vehicle,17100 102A AVE,3,2026,26-10134,2193
Shoplifting,18700 FRASER HWY,3,2026,26-10201,2194
Theft from Motor Vehicle,14000 103A AVE,3,2026,26-10249,2195
Shoplifting,1600 152ND ST,3,2026,61-6,2196
Shoplifting,10100 KING GEORGE BLVD,3,2026,52-5,2197
Shoplifting,7100 138TH ST,3,2026,63-4,2198
Break and Enter - Residence,11000 131A ST,3,2026,67-8,2199
Theft from Motor Vehicle,10700 138TH ST,3,2026,57-8,2200
Shoplifting,10800 CITY PKWY,3,2026,87-2,2201
Shoplifting,14400 108TH AVE,3,2026,26-10465,2202
Theft from Motor Vehicle,13300 OLD YALE RD,3,2026,91-9,2203
Shoplifting,7500 KING GEORGE BLVD,3,2026,79-0,2204
Shoplifting,10300 152ND ST,3,2026,26-10526,2205
Break and Enter - Residence,9700 128A ST,3,2026,93-1,2206
Theft from Motor Vehicle,13600 104A AVE,3,2026,15-1,2207
Shoplifting,7500 KING GEORGE BLVD,3,2026,88-8,2208
Theft from Motor Vehicle,8300 152ND ST,3,2026,26-10570,2209
Theft from Motor Vehicle,13700 96TH AVE,3,2026,79-1,2210
Theft from Motor Vehicle,12600 23RD AVE,3,2026,00-0,2211
Theft from Motor Vehicle,6100 176TH ST,3,2026,26-11609,2212
Theft of Motor Vehicle,14000 79TH AVE,3,2026,69-6,2213
Shoplifting,2300 160TH ST,3,2026,58-3,2214
Theft from Motor Vehicle,7300 124TH ST,3,2026,83-3,2215
Shoplifting,7500 KING GEORGE BLVD,3,2026,01-6,2216
Theft from Motor Vehicle,10300 152ND ST,3,2026,26-11653,2217
Shoplifting,13900 FRASER HWY,3,2026,72-9,2218
Theft from Motor Vehicle,10400 WHALLEY BLVD,3,2026,57-5,2219
Shoplifting,2300 160TH ST,3,2026,88-7,2220
Shoplifting,7100 138TH ST,3,2026,11-8,2221
Theft from Motor Vehicle,14600 109A AVE,3,2026,26-11748,2222
Theft from Motor Vehicle,13300 CENTRAL AVE,3,2026,02-3,2223
Shoplifting,1600 152ND ST,3,2026,38-8,2224
Theft from Motor Vehicle,13500 113TH AVE,3,2026,03-5,2225
Shoplifting,2300 160TH ST,3,2026,16-2,2226
Theft of Motor Vehicle,19300 56TH AVE,3,2026,26-11597,2227
Shoplifting,1600 152ND ST,3,2026,80-8,2228
Shoplifting,10400 KING GEORGE BLVD,3,2026,29-2,2229
Theft from Motor Vehicle,12300 63A AVE,3,2026,88-8,2230
Shoplifting,10300 152ND ST,3,2026,26-10825,2231
Shoplifting,14600 104TH AVE,3,2026,26-10840,2232
Theft from Motor Vehicle,8400 171A ST,3,2026,26-10917,2233
Shoplifting,14600 104TH AVE,3,2026,26-10821,2234
Theft from Motor Vehicle,7900 160TH ST,3,2026,26-10908,2235
Theft of Motor Vehicle,14200 PARK DR,3,2026,26-10751,2236
Break and Enter - Residence,6100 167B ST,3,2026,26-10752,2237
Theft of Motor Vehicle,15000 86TH AVE,3,2026,26-10791,2238
Theft from Motor Vehicle,15100 81A AVE,3,2026,26-10929,2239
Theft of Motor Vehicle,16300 GLENWOOD CRES S,3,2026,26-10739,2240
Theft from Motor Vehicle,10800 164A ST,3,2026,26-11177,2241
Theft of Motor Vehicle,10300 152ND ST,3,2026,26-10728,2242
Shoplifting,14600 104TH AVE,3,2026,26-10800,2243
Shoplifting,10300 152ND ST,3,2026,26-10819,2244
Shoplifting,14600 104TH AVE,3,2026,26-10813,2245
Shoplifting,10300 152ND ST,3,2026,26-10824,2246
Shoplifting,10700 KING GEORGE BLVD,3,2026,06-2,2247
Shoplifting,13400 102ND AVE,3,2026,19-0,2248
Shoplifting,10700 KING GEORGE BLVD,3,2026,18-5,2249
Shoplifting,7300 KING GEORGE BLVD,3,2026,97-3,2250
Shoplifting,7500 KING GEORGE BLVD,3,2026,06-6,2251
Shoplifting,1600 152ND ST,3,2026,09-4,2252
Theft from Motor Vehicle,FRASER HWY / 98TH AVE,3,2026,17-3,2253
Shoplifting,13600 GEORGE JUNCTION,3,2026,15-2,2254
Shoplifting,1600 152ND ST,3,2026,16-3,2255
Theft from Motor Vehicle,12000 100TH AVE,3,2026,18-8,2256
Shoplifting,1600 152ND ST,3,2026,19-2,2257
Shoplifting,6900 KING GEORGE BLVD,3,2026,21-6,2258
Shoplifting,7500 KING GEORGE BLVD,3,2026,48-7,2259
Shoplifting,13600 GEORGE JUNCTION,3,2026,24-8,2260
Shoplifting,7100 138TH ST,3,2026,05-7,2261
Shoplifting,10400 KING GEORGE BLVD,3,2026,97-8,2262
Theft from Motor Vehicle,7500 KING GEORGE BLVD,3,2026,05-1,2263
Theft from Motor Vehicle,13700 GEORGE JUNCTION,3,2026,08-1,2264
Shoplifting,10100 KING GEORGE BLVD,3,2026,00-6,2265
Shoplifting,1600 152ND ST,3,2026,13-7,2266
Shoplifting,2400 160TH ST,3,2026,08-5,2267
Theft from Motor Vehicle,6500 KING GEORGE BLVD,3,2026,21-9,2268
Break and Enter - Business,18500 96TH AVE,3,2026,26-10905,2269
Shoplifting,18700 FRASER HWY,3,2026,26-10960,2270
Theft from Motor Vehicle,15800 89TH AVE,3,2026,26-10934,2271
Shoplifting,15900 FRASER HWY,3,2026,26-10906,2272
Theft of Motor Vehicle,14800 91A AVE,3,2026,26-10890,2273
Shoplifting,14600 104TH AVE,3,2026,26-10962,2274
Shoplifting,10300 152ND ST,3,2026,26-11645,2275
Theft from Motor Vehicle,13700 96TH AVE,3,2026,20-2,2276
Shoplifting,7100 138TH ST,3,2026,82-4,2277
Shoplifting,10100 KING GEORGE BLVD,3,2026,40-7,2278
Shoplifting,18600 FRASER HWY,3,2026,26-11591,2279
Shoplifting,7100 138TH ST,3,2026,13-6,2280
Shoplifting,7100 138TH ST,3,2026,80-0,2281
Shoplifting,7100 138TH ST,3,2026,56-3,2282
Theft from Motor Vehicle,2500 161A ST,3,2026,01-5,2283
Break and Enter - Residence,10900 132ND ST,3,2026,90-6,2284
Theft of Motor Vehicle,12300 81ST AVE,3,2026,89-2,2285
Theft from Motor Vehicle,13400 84TH AVE,3,2026,64-7,2286
Break and Enter - Business,15300 31ST AVE,3,2026,11-9,2287
Theft from Motor Vehicle,9600 137A ST,3,2026,01-3,2288
Theft from Motor Vehicle,16500 17A AVE,3,2026,47-5,2289
Break and Enter - Business,15000 32ND AVE,3,2026,79-9,2290
Theft from Motor Vehicle,13100 62B AVE,3,2026,24-7,2291
Shoplifting,13600 GEORGE JUNCTION,3,2026,17-3,2292
Theft from Motor Vehicle,14700 63RD AVE,3,2026,04-9,2293
Theft of Motor Vehicle,13400 87A AVE,3,2026,31-8,2294
Shoplifting,2300 160TH ST,3,2026,11-2,2295
Theft of Motor Vehicle,14700 69A AVE,3,2026,44-6,2296
Theft of Motor Vehicle,15600 82A AVE,3,2026,26-10455,2297
Break and Enter - Business,15900 FRASER HWY,3,2026,26-10352,2298
Shoplifting,10300 152ND ST,3,2026,26-10378,2299
Theft of Motor Vehicle,7400 194TH ST,3,2026,26-10389,2300
Break and Enter - Residence,15700 88TH AVE,3,2026,26-10344,2301
Theft from Motor Vehicle,18600 FRASER HWY,3,2026,26-11202,2302
Shoplifting,10300 152ND ST,3,2026,26-10424,2303
Shoplifting,8900 152ND ST,3,2026,26-10432,2304
Shoplifting,8900 152ND ST,3,2026,26-10410,2305
Theft from Motor Vehicle,15700 88TH AVE,3,2026,26-10487,2306
Theft from Motor Vehicle,14100 101ST AVE,3,2026,26-10531,2307
Theft from Motor Vehicle,7300 122ND ST,3,2026,13-3,2308
Shoplifting,19200 28TH AVE,3,2026,23-5,2309
Shoplifting,12800 16TH AVE,3,2026,24-8,2310
Shoplifting,10500 KING GEORGE BLVD,3,2026,07-2,2311
Shoplifting,10800 CITY PKWY,3,2026,11-7,2312
Theft from Motor Vehicle,13300 CENTRAL AVE,3,2026,12-6,2313
Shoplifting,10800 CITY PKWY,3,2026,14-6,2314
Shoplifting,7100 138TH ST,3,2026,15-8,2315
Shoplifting,7100 138TH ST,3,2026,16-9,2316
Shoplifting,10500 KING GEORGE BLVD,3,2026,17-2,2317
Theft from Motor Vehicle,15900 26TH AVE,3,2026,22-0,2318
Shoplifting,7100 138TH ST,3,2026,19-7,2319
Shoplifting,10100 KING GEORGE BLVD,3,2026,20-1,2320
Break and Enter - Business,9800 WHALLEY BLVD,3,2026,37-8,2321
Break and Enter - Business,10700 138TH ST,3,2026,13-5,2322
Theft from Motor Vehicle,9600 KING GEORGE BLVD,3,2026,13-9,2323
Shoplifting,10400 KING GEORGE BLVD,3,2026,33-8,2324
Break and Enter - Business,2000 152ND ST,3,2026,97-4,2325
Theft from Motor Vehicle,13400 78TH AVE,3,2026,34-5,2326
Shoplifting,15700 CROYDON DR,3,2026,40-0,2327
Theft from Motor Vehicle,12400 113TH AVE,3,2026,26-2,2328
Theft of Motor Vehicle,19000 28TH AVE,3,2026,90-5,2329
Shoplifting,14600 104TH AVE,3,2026,26-10690,2330
Theft from Motor Vehicle,19000 32ND AVE,3,2026,44-9,2331
Shoplifting,14600 104TH AVE,3,2026,26-11270,2332
Shoplifting,14600 104TH AVE,3,2026,26-10712,2333
Theft from Motor Vehicle,15400 83A AVE,3,2026,26-11808,2334
Theft from Motor Vehicle,16400 62ND AVE,3,2026,26-11317,2335
Theft from Motor Vehicle,10300 167TH ST,3,2026,26-10744,2336
Theft from Motor Vehicle,7700 156A ST,3,2026,26-12123,2337
Theft from Motor Vehicle,9600 188TH ST,3,2026,26-11323,2338
Shoplifting,10300 152ND ST,3,2026,26-10637,2339
Shoplifting,18700 FRASER HWY,3,2026,26-11809,2340
Break and Enter - Business,17700 65A AVE,3,2026,26-11343,2341
Shoplifting,10300 152ND ST,3,2026,26-10675,2342
Break and Enter - Residence,10400 150TH ST,3,2026,26-11705,2343
Shoplifting,9000 152ND ST,3,2026,26-11331,2344
Theft from Motor Vehicle,CURRIE DR / GROSVENOR RD,3,2026,26-10775,2345
Shoplifting,18700 FRASER HWY,3,2026,26-11799,2346
Theft from Motor Vehicle,16400 78TH AVE,3,2026,26-11300,2347
Theft from Motor Vehicle,14600 111A AVE,3,2026,26-10742,2348
Break and Enter - Business,13900 FRASER HWY,3,2026,41-9,2349
Theft from Motor Vehicle,14600 89A AVE,3,2026,62-5,2350
Shoplifting,14400 108TH AVE,3,2026,26-10602,2351
Shoplifting,12000 80TH AVE,3,2026,43-1,2352
Theft from Motor Vehicle,13200 14A AVE,3,2026,37-4,2353
Theft from Motor Vehicle,11000 159TH ST,3,2026,26-10620,2354
Theft of Motor Vehicle,8300 128TH ST,3,2026,36-9,2355
Shoplifting,7100 138TH ST,3,2026,48-2,2356
Theft of Motor Vehicle,7200 195A ST,3,2026,26-10608,2357
Theft of Motor Vehicle,2300 KING GEORGE BLVD,3,2026,71-4,2358
Theft from Motor Vehicle,900 MCNALLY CREEK DR,3,2026,28-1,2359
Break and Enter - Residence,13700 75A AVE,3,2026,93-0,2360
Shoplifting,15300 24TH AVE,3,2026,38-9,2361
Shoplifting,6900 KING GEORGE BLVD,3,2026,42-1,2362
Shoplifting,10700 KING GEORGE BLVD,3,2026,38-2,2363
Shoplifting,7100 138TH ST,3,2026,36-0,2364
Break and Enter - Residence,8100 136A ST,3,2026,51-6,2365
Shoplifting,6900 KING GEORGE BLVD,3,2026,46-3,2366
Shoplifting,10800 CITY PKWY,3,2026,48-5,2367
Shoplifting,10100 KING GEORGE BLVD,3,2026,38-3,2368
Theft from Motor Vehicle,7000 135TH ST,3,2026,40-2,2369
Theft from Motor Vehicle,12300 114TH AVE,3,2026,72-0,2370
Break and Enter - Business,14700 104TH AVE,3,2026,26-11478,2371
Shoplifting,10300 152ND ST,3,2026,26-11490,2372
Shoplifting,104TH AVE / 150TH ST,3,2026,26-11494,2373
Shoplifting,12000 80TH AVE,3,2026,78-4,2374
Shoplifting,15300 24TH AVE,3,2026,40-3,2375
Shoplifting,7100 138TH ST,3,2026,64-9,2376
Shoplifting,2300 160TH ST,3,2026,41-4,2377
Shoplifting,1600 152ND ST,3,2026,85-6,2378
Theft from Motor Vehicle,6200 132ND ST,3,2026,46-9,2379
Theft from Motor Vehicle,8400 123RD ST,3,2026,82-3,2380
Shoplifting,2300 160TH ST,3,2026,52-9,2381
Shoplifting,7500 KING GEORGE BLVD,3,2026,65-5,2382
Shoplifting,13900 FRASER HWY,3,2026,34-1,2383
Shoplifting,13900 GROSVENOR RD,3,2026,65-4,2384
Theft from Motor Vehicle,15900 36A AVE,3,2026,46-8,2385
Shoplifting,1700 152ND ST,3,2026,68-6,2386
Shoplifting,7100 138TH ST,3,2026,46-7,2387
Theft from Motor Vehicle,9400 KING GEORGE BLVD,3,2026,68-8,2388
Shoplifting,1700 152ND ST,3,2026,37-0,2389
Theft of Motor Vehicle,12000 88TH AVE,3,2026,61-3,2390
Shoplifting,7100 KING GEORGE BLVD,3,2026,50-5,2391
Shoplifting,12700 110TH AVE,3,2026,70-6,2392
Theft of Motor Vehicle,13700 72ND AVE,3,2026,32-9,2393
Shoplifting,10800 CITY PKWY,3,2026,81-0,2394
Shoplifting,10100 KING GEORGE BLVD,3,2026,45-0,2395
Break and Enter - Residence,14400 32B AVE,3,2026,31-4,2396
Theft from Motor Vehicle,86B AVE / 161ST ST,3,2026,26-11885,2397
Shoplifting,10300 152ND ST,3,2026,26-11919,2398
Shoplifting,14600 104TH AVE,3,2026,26-11959,2399
Theft from Motor Vehicle,8000 146TH ST,3,2026,26-11926,2400
Theft from Motor Vehicle,14800 67A AVE,3,2026,33-9,2401
Break and Enter - Residence,13400 105TH AVE,3,2026,29-0,2402
Shoplifting,10300 152ND ST,3,2026,26-12299,2403
Shoplifting,10300 152ND ST,3,2026,26-12287,2404
Shoplifting,10300 152ND ST,3,2026,26-12294,2405
Theft from Motor Vehicle,8300 164TH ST,3,2026,26-12313,2406
Shoplifting,13600 GEORGE JUNCTION,3,2026,67-4,2407
Shoplifting,15300 24TH AVE,3,2026,67-9,2408
Shoplifting,16100 24TH AVE,3,2026,76-2,2409
Shoplifting,12700 110TH AVE,3,2026,73-6,2410
Shoplifting,6900 KING GEORGE BLVD,3,2026,65-6,2411
Shoplifting,7100 138TH ST,3,2026,64-5,2412
Shoplifting,10100 KING GEORGE BLVD,3,2026,65-3,2413
Graffiti,7738 144 ST,3,2026,,2414
Graffiti,9434 122 ST,3,2026,,2415
Graffiti,16311 111A AVE,3,2026,,2416
Graffiti,19138 64 AVE,3,2026,,2417
Graffiti,17530 56A AVE,3,2026,,2418
Graffiti,9415 189 ST,3,2026,,2419
Graffiti,15008 SPENSER DR,3,2026,,2420
Graffiti,16275 10 AVE,3,2026,,2421
